[2026-03-02 14:55:49] =========================================
[2026-03-02 14:55:49] VPN 监控启动（半自动模式）
[2026-03-02 14:55:49] 检查间隔: 60秒
[2026-03-02 14:55:49] =========================================
[2026-03-02 14:55:52] ❌ VPN 未连接
[2026-03-02 14:55:52] 启动 FortiClient GUI...
[2026-03-02 14:55:52] FortiClient GUI 已在运行
[2026-03-02 14:55:52] 尝试触发 VPN 连接...
[2026-03-02 14:55:52] 触发 VPN 连接...
[2026-03-02 14:55:52] 使用 GUI 自动化点击连接按钮...
[2026-03-02 14:55:52] ========================================
[2026-03-02 14:55:52] 开始 VPN 自动连接
[2026-03-02 14:55:52] ========================================
[2026-03-02 14:55:52] 设置 DISPLAY=:1
[2026-03-02 14:55:52] FortiClient 已在运行
[2026-03-02 14:55:54] 截图已保存: /home/tsl/openclaw/vpn-auto/debug_screen.png
[2026-03-02 14:55:54] 尝试 1/3...
[2026-03-02 14:55:54] 图像文件不存在: /home/tsl/openclaw/vpn-auto/images/connect_button.png
[2026-03-02 14:55:54] 图像文件不存在: /home/tsl/openclaw/vpn-auto/images/connect_button_alt.png
[2026-03-02 14:55:54] 等待 2 秒后重试...
[2026-03-02 14:55:56] 尝试 2/3...
[2026-03-02 14:55:56] 图像文件不存在: /home/tsl/openclaw/vpn-auto/images/connect_button.png
[2026-03-02 14:55:56] 图像文件不存在: /home/tsl/openclaw/vpn-auto/images/connect_button_alt.png
[2026-03-02 14:55:56] 等待 2 秒后重试...
[2026-03-02 14:55:58] 尝试 3/3...
[2026-03-02 14:55:58] 图像文件不存在: /home/tsl/openclaw/vpn-auto/images/connect_button.png
[2026-03-02 14:55:58] 图像文件不存在: /home/tsl/openclaw/vpn-auto/images/connect_button_alt.png
[2026-03-02 14:55:58] ❌ 未能找到连接按钮
[2026-03-02 14:55:58] 提示：请运行 capture-button.py 来捕获连接按钮图像
[2026-03-02 14:55:58] ✅ GUI 自动化成功
[2026-03-02 14:55:58] 发送飞书通知: ⚠️ VPN 连接已断开

VPN 状态：未连接
时间：2026-03-02 14:55:58

已自动启动 FortiClient 并触发 VPN 连接。
请在手机上完成 Microsoft MFA 认证：
1. 打开 Microsoft Authenticator 应用
2. 批准登录请求
3. 或输入验证码

如果未收到 MFA 请求，请手动点击 FortiClient 中的连接按钮。

> openclaw@2026.2.6-3 openclaw /home/tsl/openclaw
> node scripts/run-node.mjs message send --channel feishu --target ou_b3afb7d2133e4d689be523fc48f3d2b3 --message '⚠️ VPN 连接已断开

VPN 状态：未连接
时间：2026-03-02 14:55:58

已自动启动 FortiClient 并触发 VPN 连接。
请在手机上完成 Microsoft MFA 认证：
1. 打开 Microsoft Authenticator 应用
2. 批准登录请求
3. 或输入验证码

如果未收到 MFA 请求，请手动点击 FortiClient 中的连接按钮。'

Config warnings:\n- plugins.entries.feishu: plugin feishu: duplicate plugin id detected; later plugin may be overridden (/home/tsl/openclaw/extensions/feishu/index.ts)
[plugins] feishu_doc: Registered feishu_doc, feishu_app_scopes
[plugins] feishu_wiki: Registered feishu_wiki tool
[plugins] feishu_drive: Registered feishu_drive tool
[plugins] feishu_bitable: Registered 6 bitable tools
Config warnings:\n- plugins.entries.feishu: plugin feishu: duplicate plugin id detected; later plugin may be overridden (/home/tsl/openclaw/extensions/feishu/index.ts)
│
◇  Config warnings ────────────────────────────────────────────────────────╮
│                                                                          │
│  - plugins.entries.feishu: plugin feishu: duplicate plugin id detected;  │
│    later plugin may be overridden                                        │
│    (/home/tsl/openclaw/extensions/feishu/index.ts)                       │
│                                                                          │
├──────────────────────────────────────────────────────────────────────────╯
Config warnings:\n- plugins.entries.feishu: plugin feishu: duplicate plugin id detected; later plugin may be overridden (/home/tsl/openclaw/extensions/feishu/index.ts)
[info]: [ 'client ready' ]
✅ Sent via Feishu. Message ID: om_x100b556706fcf48cb34f18856ef4494 (chat ou_b3afb7d2133e4d689be523fc48f3d2b3)
[2026-03-02 15:03:19] =========================================
[2026-03-02 15:03:19] VPN 监控启动（半自动模式）
[2026-03-02 15:03:19] 检查间隔: 60秒
[2026-03-02 15:03:19] =========================================
[2026-03-02 15:03:22] ❌ VPN 未连接
[2026-03-02 15:03:22] 启动 FortiClient GUI...
[2026-03-02 15:03:22] FortiClient GUI 已在运行
[2026-03-02 15:03:22] 尝试触发 VPN 连接...
[2026-03-02 15:03:22] 触发 VPN 连接...
[2026-03-02 15:03:22] 使用 GUI 自动化点击连接按钮...
[2026-03-02 15:03:22] ========================================
[2026-03-02 15:03:22] 开始 VPN 自动连接
[2026-03-02 15:03:22] ========================================
[2026-03-02 15:03:22] 设置 DISPLAY=:1
[2026-03-02 15:03:22] FortiClient 已在运行
[2026-03-02 15:03:25] 截图已保存: /home/tsl/openclaw/vpn-auto/debug_screen.png
[2026-03-02 15:03:25] 尝试 1/3...
[2026-03-02 15:03:25] 找到图像 /home/tsl/openclaw/vpn-auto/images/connect_button.png 在位置: (444, 299)
[2026-03-02 15:03:25] 点击坐标: (444, 299)
[2026-03-02 15:03:25] ✅ 成功点击连接按钮
[2026-03-02 15:03:27] 等待 2 秒后重试...
[2026-03-02 15:03:29] 尝试 2/3...
[2026-03-02 15:03:29] 找到图像 /home/tsl/openclaw/vpn-auto/images/connect_button.png 在位置: (444, 299)
[2026-03-02 15:03:29] 点击坐标: (444, 299)
[2026-03-02 15:03:29] ✅ 成功点击连接按钮
[2026-03-02 15:03:31] 等待 2 秒后重试...
[2026-03-02 15:03:33] 尝试 3/3...
[2026-03-02 15:03:34] 找到图像 /home/tsl/openclaw/vpn-auto/images/connect_button.png 在位置: (444, 299)
[2026-03-02 15:03:34] 点击坐标: (444, 299)
[2026-03-02 15:03:34] ✅ 成功点击连接按钮
[2026-03-02 15:03:36] ❌ 未能找到连接按钮
[2026-03-02 15:03:36] ✅ GUI 自动化成功
[2026-03-02 15:03:36] 发送飞书通知: ⚠️ VPN 连接已断开

VPN 状态：未连接
时间：2026-03-02 15:03:36

已自动启动 FortiClient 并触发 VPN 连接。
请在手机上完成 Microsoft MFA 认证：
1. 打开 Microsoft Authenticator 应用
2. 批准登录请求
3. 或输入验证码

如果未收到 MFA 请求，请手动点击 FortiClient 中的连接按钮。

> openclaw@2026.2.6-3 openclaw /home/tsl/openclaw
> node scripts/run-node.mjs message send --channel feishu --target ou_b3afb7d2133e4d689be523fc48f3d2b3 --message '⚠️ VPN 连接已断开

VPN 状态：未连接
时间：2026-03-02 15:03:36

已自动启动 FortiClient 并触发 VPN 连接。
请在手机上完成 Microsoft MFA 认证：
1. 打开 Microsoft Authenticator 应用
2. 批准登录请求
3. 或输入验证码

如果未收到 MFA 请求，请手动点击 FortiClient 中的连接按钮。'

Config warnings:\n- plugins.entries.feishu: plugin feishu: duplicate plugin id detected; later plugin may be overridden (/home/tsl/openclaw/extensions/feishu/index.ts)
[plugins] feishu_doc: Registered feishu_doc, feishu_app_scopes
[plugins] feishu_wiki: Registered feishu_wiki tool
[plugins] feishu_drive: Registered feishu_drive tool
[plugins] feishu_bitable: Registered 6 bitable tools
Config warnings:\n- plugins.entries.feishu: plugin feishu: duplicate plugin id detected; later plugin may be overridden (/home/tsl/openclaw/extensions/feishu/index.ts)
│
◇  Config warnings ────────────────────────────────────────────────────────╮
│                                                                          │
│  - plugins.entries.feishu: plugin feishu: duplicate plugin id detected;  │
│    later plugin may be overridden                                        │
│    (/home/tsl/openclaw/extensions/feishu/index.ts)                       │
│                                                                          │
├──────────────────────────────────────────────────────────────────────────╯
Config warnings:\n- plugins.entries.feishu: plugin feishu: duplicate plugin id detected; later plugin may be overridden (/home/tsl/openclaw/extensions/feishu/index.ts)
[info]: [ 'client ready' ]
✅ Sent via Feishu. Message ID: om_x100b55672a0418b4b2c6894f6991132 (chat ou_b3afb7d2133e4d689be523fc48f3d2b3)
[2026-03-02 15:21:58] =========================================
[2026-03-02 15:21:58] VPN 监控启动（半自动模式）
[2026-03-02 15:21:58] 检查间隔: 60秒
[2026-03-02 15:21:58] =========================================
[2026-03-02 15:22:01] ❌ VPN 未连接
[2026-03-02 15:22:01] 启动 FortiClient GUI...
[2026-03-02 15:22:01] FortiClient GUI 已在运行
[2026-03-02 15:22:01] 尝试触发 VPN 连接...
[2026-03-02 15:22:01] 触发 VPN 连接...
[2026-03-02 15:22:01] 使用 GUI 自动化点击连接按钮...
[2026-03-02 15:22:01] ========================================
[2026-03-02 15:22:01] 开始 VPN 自动连接
[2026-03-02 15:22:01] ========================================
[2026-03-02 15:22:01] 设置 DISPLAY=:1
[2026-03-02 15:22:01] FortiClient 已在运行
[2026-03-02 15:22:04] 截图已保存: /home/tsl/openclaw/vpn-auto/debug_screen.png
[2026-03-02 15:22:04] 尝试 1/3...
[2026-03-02 15:22:04] 图像识别失败: 
[2026-03-02 15:22:04] 等待 2 秒后重试...
[2026-03-02 15:22:06] 尝试 2/3...
[2026-03-02 15:22:06] 图像识别失败: 
[2026-03-02 15:22:06] 等待 2 秒后重试...
[2026-03-02 15:22:08] 尝试 3/3...
[2026-03-02 15:22:08] 图像识别失败: 
[2026-03-02 15:22:08] ❌ 未能找到连接按钮
[2026-03-02 15:22:08] ✅ GUI 自动化成功
[2026-03-02 15:22:08] 发送飞书通知: ⚠️ VPN 连接已断开

VPN 状态：未连接
时间：2026-03-02 15:22:08

已自动启动 FortiClient 并触发 VPN 连接。
请在手机上完成 Microsoft MFA 认证：
1. 打开 Microsoft Authenticator 应用
2. 批准登录请求
3. 或输入验证码

如果未收到 MFA 请求，请手动点击 FortiClient 中的连接按钮。

> openclaw@2026.2.6-3 openclaw /home/tsl/openclaw
> node scripts/run-node.mjs message send --channel feishu --target ou_b3afb7d2133e4d689be523fc48f3d2b3 --message '⚠️ VPN 连接已断开

VPN 状态：未连接
时间：2026-03-02 15:22:08

已自动启动 FortiClient 并触发 VPN 连接。
请在手机上完成 Microsoft MFA 认证：
1. 打开 Microsoft Authenticator 应用
2. 批准登录请求
3. 或输入验证码

如果未收到 MFA 请求，请手动点击 FortiClient 中的连接按钮。'

Config warnings:\n- plugins.entries.feishu: plugin feishu: duplicate plugin id detected; later plugin may be overridden (/home/tsl/openclaw/extensions/feishu/index.ts)
[plugins] feishu_doc: Registered feishu_doc, feishu_app_scopes
[plugins] feishu_wiki: Registered feishu_wiki tool
[plugins] feishu_drive: Registered feishu_drive tool
[plugins] feishu_bitable: Registered 6 bitable tools
Config warnings:\n- plugins.entries.feishu: plugin feishu: duplicate plugin id detected; later plugin may be overridden (/home/tsl/openclaw/extensions/feishu/index.ts)
│
◇  Config warnings ────────────────────────────────────────────────────────╮
│                                                                          │
│  - plugins.entries.feishu: plugin feishu: duplicate plugin id detected;  │
│    later plugin may be overridden                                        │
│    (/home/tsl/openclaw/extensions/feishu/index.ts)                       │
│                                                                          │
├──────────────────────────────────────────────────────────────────────────╯
Config warnings:\n- plugins.entries.feishu: plugin feishu: duplicate plugin id detected; later plugin may be overridden (/home/tsl/openclaw/extensions/feishu/index.ts)
[info]: [ 'client ready' ]
✅ Sent via Feishu. Message ID: om_x100b5567e4876cbcb316112ebb02821 (chat ou_b3afb7d2133e4d689be523fc48f3d2b3)
[2026-03-02 15:55:48] ✅ VPN 已连接
[2026-03-02 15:55:48] 发送飞书通知: ✅ VPN 连接已恢复

VPN 状态：已连接
时间：2026-03-02 15:55:48

可以正常访问外网了。

> openclaw@2026.2.6-3 openclaw /home/tsl/openclaw
> node scripts/run-node.mjs message send --channel feishu --target ou_b3afb7d2133e4d689be523fc48f3d2b3 --message '✅ VPN 连接已恢复

VPN 状态：已连接
时间：2026-03-02 15:55:48

可以正常访问外网了。'

Config warnings:\n- plugins.entries.feishu: plugin feishu: duplicate plugin id detected; later plugin may be overridden (/home/tsl/openclaw/extensions/feishu/index.ts)
[plugins] feishu_doc: Registered feishu_doc, feishu_app_scopes
[plugins] feishu_wiki: Registered feishu_wiki tool
[plugins] feishu_drive: Registered feishu_drive tool
[plugins] feishu_bitable: Registered 6 bitable tools
Config warnings:\n- plugins.entries.feishu: plugin feishu: duplicate plugin id detected; later plugin may be overridden (/home/tsl/openclaw/extensions/feishu/index.ts)
│
◇  Config warnings ────────────────────────────────────────────────────────╮
│                                                                          │
│  - plugins.entries.feishu: plugin feishu: duplicate plugin id detected;  │
│    later plugin may be overridden                                        │
│    (/home/tsl/openclaw/extensions/feishu/index.ts)                       │
│                                                                          │
├──────────────────────────────────────────────────────────────────────────╯
Config warnings:\n- plugins.entries.feishu: plugin feishu: duplicate plugin id detected; later plugin may be overridden (/home/tsl/openclaw/extensions/feishu/index.ts)
[info]: [ 'client ready' ]
✅ Sent via Feishu. Message ID: om_x100b55606659f4a4b32a388e350ccaa (chat ou_b3afb7d2133e4d689be523fc48f3d2b3)
[2026-03-02 16:10:59] ❌ VPN 未连接
[2026-03-02 16:10:59] 启动 FortiClient GUI...
[2026-03-02 16:10:59] FortiClient GUI 已在运行
[2026-03-02 16:10:59] 尝试触发 VPN 连接...
[2026-03-02 16:10:59] 触发 VPN 连接...
[2026-03-02 16:10:59] 使用 GUI 自动化点击连接按钮...
[2026-03-02 16:10:59] ========================================
[2026-03-02 16:10:59] 开始 VPN 自动连接
[2026-03-02 16:10:59] ========================================
[2026-03-02 16:10:59] 设置 DISPLAY=:1
[2026-03-02 16:10:59] FortiClient 已在运行
[2026-03-02 16:11:02] 截图已保存: /home/tsl/openclaw/vpn-auto/debug_screen.png
[2026-03-02 16:11:02] 尝试 1/5...
[2026-03-02 16:11:02] 找到图像 saml_button_small.png 在位置: (60, 17)
[2026-03-02 16:11:02] 点击坐标: (60, 17)
[2026-03-02 16:11:02] ✅ 成功点击连接按钮
[2026-03-02 16:11:02] ✅ VPN 连接已触发（SAML 登录）
[2026-03-02 16:11:02] 请在手机上完成 MFA 认证
[2026-03-02 16:11:02] ✅ GUI 自动化成功
[2026-03-02 16:11:02] 发送飞书通知: ⚠️ VPN 连接已断开

VPN 状态：未连接
时间：2026-03-02 16:11:02

已自动启动 FortiClient 并触发 VPN 连接。
请在手机上完成 Microsoft MFA 认证：
1. 打开 Microsoft Authenticator 应用
2. 批准登录请求
3. 或输入验证码

如果未收到 MFA 请求，请手动点击 FortiClient 中的连接按钮。

> openclaw@2026.2.6-3 openclaw /home/tsl/openclaw
> node scripts/run-node.mjs message send --channel feishu --target ou_b3afb7d2133e4d689be523fc48f3d2b3 --message '⚠️ VPN 连接已断开

VPN 状态：未连接
时间：2026-03-02 16:11:02

已自动启动 FortiClient 并触发 VPN 连接。
请在手机上完成 Microsoft MFA 认证：
1. 打开 Microsoft Authenticator 应用
2. 批准登录请求
3. 或输入验证码

如果未收到 MFA 请求，请手动点击 FortiClient 中的连接按钮。'

Config warnings:\n- plugins.entries.feishu: plugin feishu: duplicate plugin id detected; later plugin may be overridden (/home/tsl/openclaw/extensions/feishu/index.ts)
[plugins] feishu_doc: Registered feishu_doc, feishu_app_scopes
[plugins] feishu_wiki: Registered feishu_wiki tool
[plugins] feishu_drive: Registered feishu_drive tool
[plugins] feishu_bitable: Registered 6 bitable tools
Config warnings:\n- plugins.entries.feishu: plugin feishu: duplicate plugin id detected; later plugin may be overridden (/home/tsl/openclaw/extensions/feishu/index.ts)
│
◇  Config warnings ────────────────────────────────────────────────────────╮
│                                                                          │
│  - plugins.entries.feishu: plugin feishu: duplicate plugin id detected;  │
│    later plugin may be overridden                                        │
│    (/home/tsl/openclaw/extensions/feishu/index.ts)                       │
│                                                                          │
├──────────────────────────────────────────────────────────────────────────╯
Config warnings:\n- plugins.entries.feishu: plugin feishu: duplicate plugin id detected; later plugin may be overridden (/home/tsl/openclaw/extensions/feishu/index.ts)
[info]: [ 'client ready' ]
✅ Sent via Feishu. Message ID: om_x100b55602f603cb0b4b05d18553ca85 (chat ou_b3afb7d2133e4d689be523fc48f3d2b3)
[2026-03-02 16:32:05] ✅ VPN 已连接
[2026-03-02 16:32:05] 发送飞书通知: ✅ VPN 连接已恢复

VPN 状态：已连接
时间：2026-03-02 16:32:05

可以正常访问外网了。

> openclaw@2026.2.6-3 openclaw /home/tsl/openclaw
> node scripts/run-node.mjs message send --channel feishu --target ou_b3afb7d2133e4d689be523fc48f3d2b3 --message '✅ VPN 连接已恢复

VPN 状态：已连接
时间：2026-03-02 16:32:05

可以正常访问外网了。'

Config warnings:\n- plugins.entries.feishu: plugin feishu: duplicate plugin id detected; later plugin may be overridden (/home/tsl/openclaw/extensions/feishu/index.ts)
[plugins] feishu_doc: Registered feishu_doc, feishu_app_scopes
[plugins] feishu_wiki: Registered feishu_wiki tool
[plugins] feishu_drive: Registered feishu_drive tool
[plugins] feishu_bitable: Registered 6 bitable tools
Config warnings:\n- plugins.entries.feishu: plugin feishu: duplicate plugin id detected; later plugin may be overridden (/home/tsl/openclaw/extensions/feishu/index.ts)
│
◇  Config warnings ────────────────────────────────────────────────────────╮
│                                                                          │
│  - plugins.entries.feishu: plugin feishu: duplicate plugin id detected;  │
│    later plugin may be overridden                                        │
│    (/home/tsl/openclaw/extensions/feishu/index.ts)                       │
│                                                                          │
├──────────────────────────────────────────────────────────────────────────╯
Config warnings:\n- plugins.entries.feishu: plugin feishu: duplicate plugin id detected; later plugin may be overridden (/home/tsl/openclaw/extensions/feishu/index.ts)
[info]: [ 'client ready' ]
✅ Sent via Feishu. Message ID: om_x100b5560fe61288cb269e8775e404c2 (chat ou_b3afb7d2133e4d689be523fc48f3d2b3)
[2026-03-02 16:34:14] ❌ VPN 未连接
[2026-03-02 16:34:14] 启动 FortiClient GUI...
[2026-03-02 16:34:17] ✅ FortiClient GUI 已启动
[2026-03-02 16:34:17] 尝试触发 VPN 连接...
[2026-03-02 16:34:17] 触发 VPN 连接...
[2026-03-02 16:34:17] 使用 GUI 自动化点击连接按钮...
[2026-03-02 16:34:17] ========================================
[2026-03-02 16:34:17] 开始 VPN 自动连接
[2026-03-02 16:34:17] ========================================
[2026-03-02 16:34:17] 设置 DISPLAY=:1
[2026-03-02 16:34:17] FortiClient 已在运行
[2026-03-02 16:34:20] 截图已保存: /home/tsl/openclaw/vpn-auto/debug_screen.png
[2026-03-02 16:34:20] 尝试 1/5...
[2026-03-02 16:34:20] 找到图像 saml_button_small.png 在位置: (60, 17)
[2026-03-02 16:34:20] 点击坐标: (60, 17)
[2026-03-02 16:34:20] ✅ 成功点击连接按钮
[2026-03-02 16:34:20] ✅ VPN 连接已触发（SAML 登录）
[2026-03-02 16:34:20] 请在手机上完成 MFA 认证
[2026-03-02 16:34:20] ✅ GUI 自动化成功
[2026-03-02 16:34:20] 发送飞书通知: ⚠️ VPN 连接已断开

VPN 状态：未连接
时间：2026-03-02 16:34:20

已自动启动 FortiClient 并触发 VPN 连接。
请在手机上完成 Microsoft MFA 认证：
1. 打开 Microsoft Authenticator 应用
2. 批准登录请求
3. 或输入验证码

如果未收到 MFA 请求，请手动点击 FortiClient 中的连接按钮。

> openclaw@2026.2.6-3 openclaw /home/tsl/openclaw
> node scripts/run-node.mjs message send --channel feishu --target ou_b3afb7d2133e4d689be523fc48f3d2b3 --message '⚠️ VPN 连接已断开

VPN 状态：未连接
时间：2026-03-02 16:34:20

已自动启动 FortiClient 并触发 VPN 连接。
请在手机上完成 Microsoft MFA 认证：
1. 打开 Microsoft Authenticator 应用
2. 批准登录请求
3. 或输入验证码

如果未收到 MFA 请求，请手动点击 FortiClient 中的连接按钮。'

Config warnings:\n- plugins.entries.feishu: plugin feishu: duplicate plugin id detected; later plugin may be overridden (/home/tsl/openclaw/extensions/feishu/index.ts)
[plugins] feishu_doc: Registered feishu_doc, feishu_app_scopes
[plugins] feishu_wiki: Registered feishu_wiki tool
[plugins] feishu_drive: Registered feishu_drive tool
[plugins] feishu_bitable: Registered 6 bitable tools
Config warnings:\n- plugins.entries.feishu: plugin feishu: duplicate plugin id detected; later plugin may be overridden (/home/tsl/openclaw/extensions/feishu/index.ts)
│
◇  Config warnings ────────────────────────────────────────────────────────╮
│                                                                          │
│  - plugins.entries.feishu: plugin feishu: duplicate plugin id detected;  │
│    later plugin may be overridden                                        │
│    (/home/tsl/openclaw/extensions/feishu/index.ts)                       │
│                                                                          │
├──────────────────────────────────────────────────────────────────────────╯
Config warnings:\n- plugins.entries.feishu: plugin feishu: duplicate plugin id detected; later plugin may be overridden (/home/tsl/openclaw/extensions/feishu/index.ts)
[info]: [ 'client ready' ]
✅ Sent via Feishu. Message ID: om_x100b5560f7c2848cb2999be43ab9fb0 (chat ou_b3afb7d2133e4d689be523fc48f3d2b3)
[2026-03-02 16:39:37] ✅ VPN 已连接
[2026-03-02 16:39:37] 发送飞书通知: ✅ VPN 连接已恢复

VPN 状态：已连接
时间：2026-03-02 16:39:37

可以正常访问外网了。

> openclaw@2026.2.6-3 openclaw /home/tsl/openclaw
> node scripts/run-node.mjs message send --channel feishu --target ou_b3afb7d2133e4d689be523fc48f3d2b3 --message '✅ VPN 连接已恢复

VPN 状态：已连接
时间：2026-03-02 16:39:37

可以正常访问外网了。'

Config warnings:\n- plugins.entries.feishu: plugin feishu: duplicate plugin id detected; later plugin may be overridden (/home/tsl/openclaw/extensions/feishu/index.ts)
[plugins] feishu_doc: Registered feishu_doc, feishu_app_scopes
[plugins] feishu_wiki: Registered feishu_wiki tool
[plugins] feishu_drive: Registered feishu_drive tool
[plugins] feishu_bitable: Registered 6 bitable tools
Config warnings:\n- plugins.entries.feishu: plugin feishu: duplicate plugin id detected; later plugin may be overridden (/home/tsl/openclaw/extensions/feishu/index.ts)
│
◇  Config warnings ────────────────────────────────────────────────────────╮
│                                                                          │
│  - plugins.entries.feishu: plugin feishu: duplicate plugin id detected;  │
│    later plugin may be overridden                                        │
│    (/home/tsl/openclaw/extensions/feishu/index.ts)                       │
│                                                                          │
├──────────────────────────────────────────────────────────────────────────╯
Config warnings:\n- plugins.entries.feishu: plugin feishu: duplicate plugin id detected; later plugin may be overridden (/home/tsl/openclaw/extensions/feishu/index.ts)
[info]: [ 'client ready' ]
✅ Sent via Feishu. Message ID: om_x100b5560822a5ca0b3536f71a8d68d1 (chat ou_b3afb7d2133e4d689be523fc48f3d2b3)
[2026-03-02 16:40:45] ❌ VPN 未连接
[2026-03-02 16:40:45] 启动 FortiClient GUI...
[2026-03-02 16:40:48] ✅ FortiClient GUI 已启动
[2026-03-02 16:40:48] 尝试触发 VPN 连接...
[2026-03-02 16:40:48] 触发 VPN 连接...
[2026-03-02 16:40:48] 使用 GUI 自动化点击连接按钮...
[2026-03-02 16:40:49] ========================================
[2026-03-02 16:40:49] 开始 VPN 自动连接
[2026-03-02 16:40:49] ========================================
[2026-03-02 16:40:49] 设置 DISPLAY=:1
[2026-03-02 16:40:49] FortiClient 已在运行
[2026-03-02 16:40:51] 截图已保存: /home/tsl/openclaw/vpn-auto/debug_screen.png
[2026-03-02 16:40:51] 尝试 1/5...
[2026-03-02 16:40:51] 找到图像 saml_button_small.png 在位置: (60, 17)
[2026-03-02 16:40:51] 点击坐标: (60, 17)
[2026-03-02 16:40:51] ✅ 成功点击连接按钮
[2026-03-02 16:40:51] ✅ VPN 连接已触发（SAML 登录）
[2026-03-02 16:40:51] 请在手机上完成 MFA 认证
[2026-03-02 16:40:51] ✅ GUI 自动化成功
[2026-03-02 16:40:51] 发送飞书通知: ⚠️ VPN 连接已断开

VPN 状态：未连接
时间：2026-03-02 16:40:51

已自动启动 FortiClient 并触发 VPN 连接。
请在手机上完成 Microsoft MFA 认证：
1. 打开 Microsoft Authenticator 应用
2. 批准登录请求
3. 或输入验证码

如果未收到 MFA 请求，请手动点击 FortiClient 中的连接按钮。

> openclaw@2026.2.6-3 openclaw /home/tsl/openclaw
> node scripts/run-node.mjs message send --channel feishu --target ou_b3afb7d2133e4d689be523fc48f3d2b3 --message '⚠️ VPN 连接已断开

VPN 状态：未连接
时间：2026-03-02 16:40:51

已自动启动 FortiClient 并触发 VPN 连接。
请在手机上完成 Microsoft MFA 认证：
1. 打开 Microsoft Authenticator 应用
2. 批准登录请求
3. 或输入验证码

如果未收到 MFA 请求，请手动点击 FortiClient 中的连接按钮。'

Config warnings:\n- plugins.entries.feishu: plugin feishu: duplicate plugin id detected; later plugin may be overridden (/home/tsl/openclaw/extensions/feishu/index.ts)
[plugins] feishu_doc: Registered feishu_doc, feishu_app_scopes
[plugins] feishu_wiki: Registered feishu_wiki tool
[plugins] feishu_drive: Registered feishu_drive tool
[plugins] feishu_bitable: Registered 6 bitable tools
Config warnings:\n- plugins.entries.feishu: plugin feishu: duplicate plugin id detected; later plugin may be overridden (/home/tsl/openclaw/extensions/feishu/index.ts)
│
◇  Config warnings ────────────────────────────────────────────────────────╮
│                                                                          │
│  - plugins.entries.feishu: plugin feishu: duplicate plugin id detected;  │
│    later plugin may be overridden                                        │
│    (/home/tsl/openclaw/extensions/feishu/index.ts)                       │
│                                                                          │
├──────────────────────────────────────────────────────────────────────────╯
Config warnings:\n- plugins.entries.feishu: plugin feishu: duplicate plugin id detected; later plugin may be overridden (/home/tsl/openclaw/extensions/feishu/index.ts)
[info]: [ 'client ready' ]
✅ Sent via Feishu. Message ID: om_x100b55609f4f7088b27c4b578a87328 (chat ou_b3afb7d2133e4d689be523fc48f3d2b3)
[2026-03-02 16:44:02] ✅ VPN 已连接
[2026-03-02 16:44:02] 发送飞书通知: ✅ VPN 连接已恢复

VPN 状态：已连接
时间：2026-03-02 16:44:02

可以正常访问外网了。

> openclaw@2026.2.6-3 openclaw /home/tsl/openclaw
> node scripts/run-node.mjs message send --channel feishu --target ou_b3afb7d2133e4d689be523fc48f3d2b3 --message '✅ VPN 连接已恢复

VPN 状态：已连接
时间：2026-03-02 16:44:02

可以正常访问外网了。'

Config warnings:\n- plugins.entries.feishu: plugin feishu: duplicate plugin id detected; later plugin may be overridden (/home/tsl/openclaw/extensions/feishu/index.ts)
[plugins] feishu_doc: Registered feishu_doc, feishu_app_scopes
[plugins] feishu_wiki: Registered feishu_wiki tool
[plugins] feishu_drive: Registered feishu_drive tool
[plugins] feishu_bitable: Registered 6 bitable tools
Config warnings:\n- plugins.entries.feishu: plugin feishu: duplicate plugin id detected; later plugin may be overridden (/home/tsl/openclaw/extensions/feishu/index.ts)
│
◇  Config warnings ────────────────────────────────────────────────────────╮
│                                                                          │
│  - plugins.entries.feishu: plugin feishu: duplicate plugin id detected;  │
│    later plugin may be overridden                                        │
│    (/home/tsl/openclaw/extensions/feishu/index.ts)                       │
│                                                                          │
├──────────────────────────────────────────────────────────────────────────╯
Config warnings:\n- plugins.entries.feishu: plugin feishu: duplicate plugin id detected; later plugin may be overridden (/home/tsl/openclaw/extensions/feishu/index.ts)
[info]: [ 'client ready' ]
✅ Sent via Feishu. Message ID: om_x100b556093b5c4acb2efc864ad991d6 (chat ou_b3afb7d2133e4d689be523fc48f3d2b3)
[2026-03-02 16:45:10] ❌ VPN 未连接
[2026-03-02 16:45:10] 启动 FortiClient GUI...
[2026-03-02 16:45:13] ✅ FortiClient GUI 已启动
[2026-03-02 16:45:13] 尝试触发 VPN 连接...
[2026-03-02 16:45:13] 触发 VPN 连接...
[2026-03-02 16:45:13] 使用 GUI 自动化点击连接按钮...
[2026-03-02 16:45:14] ========================================
[2026-03-02 16:45:14] 开始 VPN 自动连接
[2026-03-02 16:45:14] ========================================
[2026-03-02 16:45:14] 设置 DISPLAY=:1
[2026-03-02 16:45:14] FortiClient 已在运行
[2026-03-02 16:45:16] 截图已保存: /home/tsl/openclaw/vpn-auto/debug_screen.png
[2026-03-02 16:45:16] 尝试 1/5...
[2026-03-02 16:45:16] 找到图像 saml_button_small.png 在位置: (60, 17)
[2026-03-02 16:45:17] 点击坐标: (60, 17)
[2026-03-02 16:45:17] ✅ 成功点击连接按钮
[2026-03-02 16:45:17] ✅ VPN 连接已触发（SAML 登录）
[2026-03-02 16:45:17] 请在手机上完成 MFA 认证
[2026-03-02 16:45:17] ✅ GUI 自动化成功
[2026-03-02 16:45:17] 发送飞书通知: ⚠️ VPN 连接已断开

VPN 状态：未连接
时间：2026-03-02 16:45:17

已自动启动 FortiClient 并触发 VPN 连接。
请在手机上完成 Microsoft MFA 认证：
1. 打开 Microsoft Authenticator 应用
2. 批准登录请求
3. 或输入验证码

如果未收到 MFA 请求，请手动点击 FortiClient 中的连接按钮。

> openclaw@2026.2.6-3 openclaw /home/tsl/openclaw
> node scripts/run-node.mjs message send --channel feishu --target ou_b3afb7d2133e4d689be523fc48f3d2b3 --message '⚠️ VPN 连接已断开

VPN 状态：未连接
时间：2026-03-02 16:45:17

已自动启动 FortiClient 并触发 VPN 连接。
请在手机上完成 Microsoft MFA 认证：
1. 打开 Microsoft Authenticator 应用
2. 批准登录请求
3. 或输入验证码

如果未收到 MFA 请求，请手动点击 FortiClient 中的连接按钮。'

Config warnings:\n- plugins.entries.feishu: plugin feishu: duplicate plugin id detected; later plugin may be overridden (/home/tsl/openclaw/extensions/feishu/index.ts)
[plugins] feishu_doc: Registered feishu_doc, feishu_app_scopes
[plugins] feishu_wiki: Registered feishu_wiki tool
[plugins] feishu_drive: Registered feishu_drive tool
[plugins] feishu_bitable: Registered 6 bitable tools
Config warnings:\n- plugins.entries.feishu: plugin feishu: duplicate plugin id detected; later plugin may be overridden (/home/tsl/openclaw/extensions/feishu/index.ts)
│
◇  Config warnings ────────────────────────────────────────────────────────╮
│                                                                          │
│  - plugins.entries.feishu: plugin feishu: duplicate plugin id detected;  │
│    later plugin may be overridden                                        │
│    (/home/tsl/openclaw/extensions/feishu/index.ts)                       │
│                                                                          │
├──────────────────────────────────────────────────────────────────────────╯
Config warnings:\n- plugins.entries.feishu: plugin feishu: duplicate plugin id detected; later plugin may be overridden (/home/tsl/openclaw/extensions/feishu/index.ts)
[info]: [ 'client ready' ]
✅ Sent via Feishu. Message ID: om_x100b5560acda3ca8b3fc54638116f62 (chat ou_b3afb7d2133e4d689be523fc48f3d2b3)
[2026-03-02 17:09:29] ✅ VPN 已连接
[2026-03-02 17:09:29] 发送飞书通知: ✅ VPN 连接已恢复

VPN 状态：已连接
时间：2026-03-02 17:09:29

可以正常访问外网了。

> openclaw@2026.2.6-3 openclaw /home/tsl/openclaw
> node scripts/run-node.mjs message send --channel feishu --target ou_b3afb7d2133e4d689be523fc48f3d2b3 --message '✅ VPN 连接已恢复

VPN 状态：已连接
时间：2026-03-02 17:09:29

可以正常访问外网了。'

Config warnings:\n- plugins.entries.feishu: plugin feishu: duplicate plugin id detected; later plugin may be overridden (/home/tsl/openclaw/extensions/feishu/index.ts)
[plugins] feishu_doc: Registered feishu_doc, feishu_app_scopes
[plugins] feishu_wiki: Registered feishu_wiki tool
[plugins] feishu_drive: Registered feishu_drive tool
[plugins] feishu_bitable: Registered 6 bitable tools
Config warnings:\n- plugins.entries.feishu: plugin feishu: duplicate plugin id detected; later plugin may be overridden (/home/tsl/openclaw/extensions/feishu/index.ts)
│
◇  Config warnings ────────────────────────────────────────────────────────╮
│                                                                          │
│  - plugins.entries.feishu: plugin feishu: duplicate plugin id detected;  │
│    later plugin may be overridden                                        │
│    (/home/tsl/openclaw/extensions/feishu/index.ts)                       │
│                                                                          │
├──────────────────────────────────────────────────────────────────────────╯
Config warnings:\n- plugins.entries.feishu: plugin feishu: duplicate plugin id detected; later plugin may be overridden (/home/tsl/openclaw/extensions/feishu/index.ts)
[info]: [ 'client ready' ]
✅ Sent via Feishu. Message ID: om_x100b5561722ac0a0b205e524828cf05 (chat ou_b3afb7d2133e4d689be523fc48f3d2b3)
[2026-03-02 17:16:38] ❌ VPN 未连接
[2026-03-02 17:16:38] 启动 FortiClient GUI...
[2026-03-02 17:16:41] ✅ FortiClient GUI 已启动
[2026-03-02 17:16:41] 尝试触发 VPN 连接...
[2026-03-02 17:16:41] 触发 VPN 连接...
[2026-03-02 17:16:41] 使用 GUI 自动化点击连接按钮...
[2026-03-02 17:16:41] ========================================
[2026-03-02 17:16:41] 开始 VPN 自动连接
[2026-03-02 17:16:41] ========================================
[2026-03-02 17:16:41] 设置 DISPLAY=:1
[2026-03-02 17:16:41] FortiClient 已在运行
[2026-03-02 17:16:44] 截图已保存: /home/tsl/openclaw/vpn-auto/debug_screen.png
[2026-03-02 17:16:44] 尝试 1/5...
[2026-03-02 17:16:44] 找到图像 saml_button_small.png 在位置: (60, 17)
[2026-03-02 17:16:44] 点击坐标: (60, 17)
[2026-03-02 17:16:44] ✅ 成功点击连接按钮
[2026-03-02 17:16:44] ✅ VPN 连接已触发（SAML 登录）
[2026-03-02 17:16:44] 请在手机上完成 MFA 认证
[2026-03-02 17:16:44] ✅ GUI 自动化成功
[2026-03-02 17:16:44] 发送飞书通知: ⚠️ VPN 连接已断开

VPN 状态：未连接
时间：2026-03-02 17:16:44

已自动启动 FortiClient 并触发 VPN 连接。
请在手机上完成 Microsoft MFA 认证：
1. 打开 Microsoft Authenticator 应用
2. 批准登录请求
3. 或输入验证码

如果未收到 MFA 请求，请手动点击 FortiClient 中的连接按钮。

> openclaw@2026.2.6-3 openclaw /home/tsl/openclaw
> node scripts/run-node.mjs message send --channel feishu --target ou_b3afb7d2133e4d689be523fc48f3d2b3 --message '⚠️ VPN 连接已断开

VPN 状态：未连接
时间：2026-03-02 17:16:44

已自动启动 FortiClient 并触发 VPN 连接。
请在手机上完成 Microsoft MFA 认证：
1. 打开 Microsoft Authenticator 应用
2. 批准登录请求
3. 或输入验证码

如果未收到 MFA 请求，请手动点击 FortiClient 中的连接按钮。'

Config warnings:\n- plugins.entries.feishu: plugin feishu: duplicate plugin id detected; later plugin may be overridden (/home/tsl/openclaw/extensions/feishu/index.ts)
[plugins] feishu_doc: Registered feishu_doc, feishu_app_scopes
[plugins] feishu_wiki: Registered feishu_wiki tool
[plugins] feishu_drive: Registered feishu_drive tool
[plugins] feishu_bitable: Registered 6 bitable tools
Config warnings:\n- plugins.entries.feishu: plugin feishu: duplicate plugin id detected; later plugin may be overridden (/home/tsl/openclaw/extensions/feishu/index.ts)
│
◇  Config warnings ────────────────────────────────────────────────────────╮
│                                                                          │
│  - plugins.entries.feishu: plugin feishu: duplicate plugin id detected;  │
│    later plugin may be overridden                                        │
│    (/home/tsl/openclaw/extensions/feishu/index.ts)                       │
│                                                                          │
├──────────────────────────────────────────────────────────────────────────╯
Config warnings:\n- plugins.entries.feishu: plugin feishu: duplicate plugin id detected; later plugin may be overridden (/home/tsl/openclaw/extensions/feishu/index.ts)
[info]: [ 'client ready' ]
✅ Sent via Feishu. Message ID: om_x100b556116df7894b333392123ace73 (chat ou_b3afb7d2133e4d689be523fc48f3d2b3)
[2026-03-02 18:42:09] ✅ VPN 已连接
[2026-03-02 18:42:09] 发送飞书通知: ✅ VPN 连接已恢复

VPN 状态：已连接
时间：2026-03-02 18:42:09

可以正常访问外网了。

> openclaw@2026.2.6-3 openclaw /home/tsl/openclaw
> node scripts/run-node.mjs message send --channel feishu --target ou_b3afb7d2133e4d689be523fc48f3d2b3 --message '✅ VPN 连接已恢复

VPN 状态：已连接
时间：2026-03-02 18:42:09

可以正常访问外网了。'

Config warnings:\n- plugins.entries.feishu: plugin feishu: duplicate plugin id detected; later plugin may be overridden (/home/tsl/openclaw/extensions/feishu/index.ts)
[plugins] feishu_doc: Registered feishu_doc, feishu_app_scopes
[plugins] feishu_wiki: Registered feishu_wiki tool
[plugins] feishu_drive: Registered feishu_drive tool
[plugins] feishu_bitable: Registered 6 bitable tools
Config warnings:\n- plugins.entries.feishu: plugin feishu: duplicate plugin id detected; later plugin may be overridden (/home/tsl/openclaw/extensions/feishu/index.ts)
│
◇  Config warnings ────────────────────────────────────────────────────────╮
│                                                                          │
│  - plugins.entries.feishu: plugin feishu: duplicate plugin id detected;  │
│    later plugin may be overridden                                        │
│    (/home/tsl/openclaw/extensions/feishu/index.ts)                       │
│                                                                          │
├──────────────────────────────────────────────────────────────────────────╯
Config warnings:\n- plugins.entries.feishu: plugin feishu: duplicate plugin id detected; later plugin may be overridden (/home/tsl/openclaw/extensions/feishu/index.ts)
[info]: [ 'client ready' ]
✅ Sent via Feishu. Message ID: om_x100b5562d6aaa0b4b348f4e173a7871 (chat ou_b3afb7d2133e4d689be523fc48f3d2b3)
[2026-03-03 02:41:45] ❌ VPN 未连接
[2026-03-03 02:41:45] 启动 FortiClient GUI...
[2026-03-03 02:41:48] ✅ FortiClient GUI 已启动
[2026-03-03 02:41:48] 尝试触发 VPN 连接...
[2026-03-03 02:41:48] 触发 VPN 连接...
[2026-03-03 02:41:48] 使用 GUI 自动化点击连接按钮...
[2026-03-03 02:41:48] ========================================
[2026-03-03 02:41:48] 开始 VPN 自动连接
[2026-03-03 02:41:48] ========================================
[2026-03-03 02:41:48] 设置 DISPLAY=:1
[2026-03-03 02:41:48] FortiClient 已在运行
[2026-03-03 02:41:51] 截图已保存: /home/tsl/openclaw/vpn-auto/debug_screen.png
[2026-03-03 02:41:51] 尝试 1/5...
[2026-03-03 02:41:51] 找到图像 saml_button_small.png 在位置: (60, 17)
[2026-03-03 02:41:51] 点击坐标: (60, 17)
[2026-03-03 02:41:51] ✅ 成功点击连接按钮
[2026-03-03 02:41:51] ✅ VPN 连接已触发（SAML 登录）
[2026-03-03 02:41:51] 请在手机上完成 MFA 认证
[2026-03-03 02:41:51] ✅ GUI 自动化成功
[2026-03-03 02:41:51] 发送飞书通知: ⚠️ VPN 连接已断开

VPN 状态：未连接
时间：2026-03-03 02:41:51

已自动启动 FortiClient 并触发 VPN 连接。
请在手机上完成 Microsoft MFA 认证：
1. 打开 Microsoft Authenticator 应用
2. 批准登录请求
3. 或输入验证码

如果未收到 MFA 请求，请手动点击 FortiClient 中的连接按钮。

> openclaw@2026.2.6-3 openclaw /home/tsl/openclaw
> node scripts/run-node.mjs message send --channel feishu --target ou_b3afb7d2133e4d689be523fc48f3d2b3 --message '⚠️ VPN 连接已断开

VPN 状态：未连接
时间：2026-03-03 02:41:51

已自动启动 FortiClient 并触发 VPN 连接。
请在手机上完成 Microsoft MFA 认证：
1. 打开 Microsoft Authenticator 应用
2. 批准登录请求
3. 或输入验证码

如果未收到 MFA 请求，请手动点击 FortiClient 中的连接按钮。'

Config warnings:\n- plugins.entries.feishu: plugin feishu: duplicate plugin id detected; later plugin may be overridden (/home/tsl/openclaw/extensions/feishu/index.ts)
[plugins] feishu_doc: Registered feishu_doc, feishu_app_scopes
[plugins] feishu_wiki: Registered feishu_wiki tool
[plugins] feishu_drive: Registered feishu_drive tool
[plugins] feishu_bitable: Registered 6 bitable tools
Config warnings:\n- plugins.entries.feishu: plugin feishu: duplicate plugin id detected; later plugin may be overridden (/home/tsl/openclaw/extensions/feishu/index.ts)
│
◇  Config warnings ────────────────────────────────────────────────────────╮
│                                                                          │
│  - plugins.entries.feishu: plugin feishu: duplicate plugin id detected;  │
│    later plugin may be overridden                                        │
│    (/home/tsl/openclaw/extensions/feishu/index.ts)                       │
│                                                                          │
├──────────────────────────────────────────────────────────────────────────╯
Config warnings:\n- plugins.entries.feishu: plugin feishu: duplicate plugin id detected; later plugin may be overridden (/home/tsl/openclaw/extensions/feishu/index.ts)
[info]: [ 'client ready' ]
✅ Sent via Feishu. Message ID: om_x100b5569d1f218a0b2008c42007cbfa (chat ou_b3afb7d2133e4d689be523fc48f3d2b3)
[2026-03-03 11:13:48] ✅ VPN 已连接
[2026-03-03 11:13:48] 发送飞书通知: ✅ VPN 连接已恢复

VPN 状态：已连接
时间：2026-03-03 11:13:48

可以正常访问外网了。

> openclaw@2026.2.6-3 openclaw /home/tsl/openclaw
> node scripts/run-node.mjs message send --channel feishu --target ou_b3afb7d2133e4d689be523fc48f3d2b3 --message '✅ VPN 连接已恢复

VPN 状态：已连接
时间：2026-03-03 11:13:48

可以正常访问外网了。'

Config warnings:\n- plugins.entries.feishu: plugin feishu: duplicate plugin id detected; later plugin may be overridden (/home/tsl/openclaw/extensions/feishu/index.ts)
[plugins] feishu_doc: Registered feishu_doc, feishu_app_scopes
[plugins] feishu_wiki: Registered feishu_wiki tool
[plugins] feishu_drive: Registered feishu_drive tool
[plugins] feishu_bitable: Registered 6 bitable tools
Config warnings:\n- plugins.entries.feishu: plugin feishu: duplicate plugin id detected; later plugin may be overridden (/home/tsl/openclaw/extensions/feishu/index.ts)
│
◇  Config warnings ────────────────────────────────────────────────────────╮
│                                                                          │
│  - plugins.entries.feishu: plugin feishu: duplicate plugin id detected;  │
│    later plugin may be overridden                                        │
│    (/home/tsl/openclaw/extensions/feishu/index.ts)                       │
│                                                                          │
├──────────────────────────────────────────────────────────────────────────╯
Config warnings:\n- plugins.entries.feishu: plugin feishu: duplicate plugin id detected; later plugin may be overridden (/home/tsl/openclaw/extensions/feishu/index.ts)
[info]: [ 'client ready' ]
✅ Sent via Feishu. Message ID: om_x100b555151f1f8a4b38e23dfb58e8d7 (chat ou_b3afb7d2133e4d689be523fc48f3d2b3)
[2026-03-03 11:19:59] ❌ VPN 未连接
[2026-03-03 11:19:59] 启动 FortiClient GUI...
[2026-03-03 11:20:02] ✅ FortiClient GUI 已启动
[2026-03-03 11:20:02] 尝试触发 VPN 连接...
[2026-03-03 11:20:02] 触发 VPN 连接...
[2026-03-03 11:20:02] 使用 GUI 自动化点击连接按钮...
[2026-03-03 11:20:02] ========================================
[2026-03-03 11:20:02] 开始 VPN 自动连接
[2026-03-03 11:20:02] ========================================
[2026-03-03 11:20:02] 设置 DISPLAY=:1
[2026-03-03 11:20:02] FortiClient 已在运行
[2026-03-03 11:20:05] 截图已保存: /home/tsl/openclaw/vpn-auto/debug_screen.png
[2026-03-03 11:20:05] 尝试 1/5...
[2026-03-03 11:20:05] 找到图像 saml_button_small.png 在位置: (60, 17)
[2026-03-03 11:20:05] 点击坐标: (60, 17)
[2026-03-03 11:20:05] ✅ 成功点击连接按钮
[2026-03-03 11:20:05] ✅ VPN 连接已触发（SAML 登录）
[2026-03-03 11:20:05] 请在手机上完成 MFA 认证
[2026-03-03 11:20:05] ✅ GUI 自动化成功
[2026-03-03 11:20:05] 发送飞书通知: ⚠️ VPN 连接已断开

VPN 状态：未连接
时间：2026-03-03 11:20:05

已自动启动 FortiClient 并触发 VPN 连接。
请在手机上完成 Microsoft MFA 认证：
1. 打开 Microsoft Authenticator 应用
2. 批准登录请求
3. 或输入验证码

如果未收到 MFA 请求，请手动点击 FortiClient 中的连接按钮。

> openclaw@2026.2.6-3 openclaw /home/tsl/openclaw
> node scripts/run-node.mjs message send --channel feishu --target ou_b3afb7d2133e4d689be523fc48f3d2b3 --message '⚠️ VPN 连接已断开

VPN 状态：未连接
时间：2026-03-03 11:20:05

已自动启动 FortiClient 并触发 VPN 连接。
请在手机上完成 Microsoft MFA 认证：
1. 打开 Microsoft Authenticator 应用
2. 批准登录请求
3. 或输入验证码

如果未收到 MFA 请求，请手动点击 FortiClient 中的连接按钮。'

Config warnings:\n- plugins.entries.feishu: plugin feishu: duplicate plugin id detected; later plugin may be overridden (/home/tsl/openclaw/extensions/feishu/index.ts)
[plugins] feishu_doc: Registered feishu_doc, feishu_app_scopes
[plugins] feishu_wiki: Registered feishu_wiki tool
[plugins] feishu_drive: Registered feishu_drive tool
[plugins] feishu_bitable: Registered 6 bitable tools
Config warnings:\n- plugins.entries.feishu: plugin feishu: duplicate plugin id detected; later plugin may be overridden (/home/tsl/openclaw/extensions/feishu/index.ts)
│
◇  Config warnings ────────────────────────────────────────────────────────╮
│                                                                          │
│  - plugins.entries.feishu: plugin feishu: duplicate plugin id detected;  │
│    later plugin may be overridden                                        │
│    (/home/tsl/openclaw/extensions/feishu/index.ts)                       │
│                                                                          │
├──────────────────────────────────────────────────────────────────────────╯
Config warnings:\n- plugins.entries.feishu: plugin feishu: duplicate plugin id detected; later plugin may be overridden (/home/tsl/openclaw/extensions/feishu/index.ts)
[info]: [ 'client ready' ]
✅ Sent via Feishu. Message ID: om_x100b5551786d70a0b333fe5197ffe05 (chat ou_b3afb7d2133e4d689be523fc48f3d2b3)
[2026-03-03 11:21:23] =========================================
[2026-03-03 11:21:23] VPN 监控启动（半自动模式）
[2026-03-03 11:21:23] 检查间隔: 60秒
[2026-03-03 11:21:23] =========================================
[2026-03-03 11:21:24] ❌ VPN 未连接
[2026-03-03 11:21:24] 启动 FortiClient GUI...
[2026-03-03 11:21:27] ❌ FortiClient GUI 启动失败
[2026-03-03 11:21:27] 发送飞书通知: ⚠️ VPN 连接已断开

VPN 状态：未连接
时间：2026-03-03 11:21:27

已自动启动 FortiClient 并触发 VPN 连接。
请在手机上完成 Microsoft MFA 认证：
1. 打开 Microsoft Authenticator 应用
2. 批准登录请求
3. 或输入验证码

如果未收到 MFA 请求，请手动点击 FortiClient 中的连接按钮。

> openclaw@2026.2.6-3 openclaw /home/tsl/openclaw
> node scripts/run-node.mjs message send --channel feishu --target ou_b3afb7d2133e4d689be523fc48f3d2b3 --message '⚠️ VPN 连接已断开

VPN 状态：未连接
时间：2026-03-03 11:21:27

已自动启动 FortiClient 并触发 VPN 连接。
请在手机上完成 Microsoft MFA 认证：
1. 打开 Microsoft Authenticator 应用
2. 批准登录请求
3. 或输入验证码

如果未收到 MFA 请求，请手动点击 FortiClient 中的连接按钮。'

Config warnings:\n- plugins.entries.feishu: plugin feishu: duplicate plugin id detected; later plugin may be overridden (/home/tsl/openclaw/extensions/feishu/index.ts)
 ELIFECYCLE  Command failed.
Terminated
[plugins] feishu_doc: Registered feishu_doc, feishu_app_scopes
[plugins] feishu_wiki: Registered feishu_wiki tool
[plugins] feishu_drive: Registered feishu_drive tool
[plugins] feishu_bitable: Registered 6 bitable tools
Config warnings:\n- plugins.entries.feishu: plugin feishu: duplicate plugin id detected; later plugin may be overridden (/home/tsl/openclaw/extensions/feishu/index.ts)
│
◇  Config warnings ────────────────────────────────────────────────────────╮
│                                                                          │
│  - plugins.entries.feishu: plugin feishu: duplicate plugin id detected;  │
│    later plugin may be overridden                                        │
│    (/home/tsl/openclaw/extensions/feishu/index.ts)                       │
│                                                                          │
├──────────────────────────────────────────────────────────────────────────╯
Config warnings:\n- plugins.entries.feishu: plugin feishu: duplicate plugin id detected; later plugin may be overridden (/home/tsl/openclaw/extensions/feishu/index.ts)
[info]: [ 'client ready' ]
✅ Sent via Feishu. Message ID: om_x100b555172b7d0acb3f2bac79f40cf9 (chat ou_b3afb7d2133e4d689be523fc48f3d2b3)
[2026-03-03 11:24:50] ✅ VPN 已连接
[2026-03-03 11:24:50] 发送飞书通知: ✅ VPN 连接已恢复

VPN 状态：已连接
时间：2026-03-03 11:24:50

可以正常访问外网了。

> openclaw@2026.2.6-3 openclaw /home/tsl/openclaw
> node scripts/run-node.mjs message send --channel feishu --target ou_b3afb7d2133e4d689be523fc48f3d2b3 --message '✅ VPN 连接已恢复

VPN 状态：已连接
时间：2026-03-03 11:24:50

可以正常访问外网了。'

Config warnings:\n- plugins.entries.feishu: plugin feishu: duplicate plugin id detected; later plugin may be overridden (/home/tsl/openclaw/extensions/feishu/index.ts)
[plugins] feishu_doc: Registered feishu_doc, feishu_app_scopes
[plugins] feishu_wiki: Registered feishu_wiki tool
[plugins] feishu_drive: Registered feishu_drive tool
[plugins] feishu_bitable: Registered 6 bitable tools
Config warnings:\n- plugins.entries.feishu: plugin feishu: duplicate plugin id detected; later plugin may be overridden (/home/tsl/openclaw/extensions/feishu/index.ts)
│
◇  Config warnings ────────────────────────────────────────────────────────╮
│                                                                          │
│  - plugins.entries.feishu: plugin feishu: duplicate plugin id detected;  │
│    later plugin may be overridden                                        │
│    (/home/tsl/openclaw/extensions/feishu/index.ts)                       │
│                                                                          │
├──────────────────────────────────────────────────────────────────────────╯
Config warnings:\n- plugins.entries.feishu: plugin feishu: duplicate plugin id detected; later plugin may be overridden (/home/tsl/openclaw/extensions/feishu/index.ts)
[info]: [ 'client ready' ]
✅ Sent via Feishu. Message ID: om_x100b555106b580a8b330fa1fc75e0fa (chat ou_b3afb7d2133e4d689be523fc48f3d2b3)
[2026-03-03 12:53:03] ❌ VPN 未连接
[2026-03-03 12:53:03] 启动 FortiClient GUI...
[2026-03-03 12:53:03] FortiClient GUI 已在运行
[2026-03-03 12:53:03] 尝试触发 VPN 连接...
[2026-03-03 12:53:03] 触发 VPN 连接...
[2026-03-03 12:53:03] 使用 GUI 自动化点击连接按钮...
[2026-03-03 12:53:04] ========================================
[2026-03-03 12:53:04] 开始 VPN 自动连接
[2026-03-03 12:53:04] ========================================
[2026-03-03 12:53:04] 设置 DISPLAY=:1
[2026-03-03 12:53:04] FortiClient 已在运行
[2026-03-03 12:53:06] 截图已保存: /home/tsl/openclaw/vpn-auto/debug_screen.png
[2026-03-03 12:53:06] 尝试 1/5...
[2026-03-03 12:53:06] 找到图像 saml_button_small.png 在位置: (60, 17)
[2026-03-03 12:53:06] 点击坐标: (60, 17)
[2026-03-03 12:53:06] ✅ 成功点击连接按钮
[2026-03-03 12:53:06] ✅ VPN 连接已触发（SAML 登录）
[2026-03-03 12:53:06] 请在手机上完成 MFA 认证
[2026-03-03 12:53:06] ✅ GUI 自动化成功
[2026-03-03 12:53:06] 发送飞书通知: ⚠️ VPN 连接已断开

VPN 状态：未连接
时间：2026-03-03 12:53:06

已自动启动 FortiClient 并触发 VPN 连接。
请在手机上完成 Microsoft MFA 认证：
1. 打开 Microsoft Authenticator 应用
2. 批准登录请求
3. 或输入验证码

如果未收到 MFA 请求，请手动点击 FortiClient 中的连接按钮。

> openclaw@2026.2.6-3 openclaw /home/tsl/openclaw
> node scripts/run-node.mjs message send --channel feishu --target ou_b3afb7d2133e4d689be523fc48f3d2b3 --message '⚠️ VPN 连接已断开

VPN 状态：未连接
时间：2026-03-03 12:53:06

已自动启动 FortiClient 并触发 VPN 连接。
请在手机上完成 Microsoft MFA 认证：
1. 打开 Microsoft Authenticator 应用
2. 批准登录请求
3. 或输入验证码

如果未收到 MFA 请求，请手动点击 FortiClient 中的连接按钮。'

Config warnings:\n- plugins.entries.feishu: plugin feishu: duplicate plugin id detected; later plugin may be overridden (/home/tsl/openclaw/extensions/feishu/index.ts)
 ELIFECYCLE  Command failed.
Terminated
[plugins] feishu_doc: Registered feishu_doc, feishu_app_scopes
[plugins] feishu_wiki: Registered feishu_wiki tool
[plugins] feishu_drive: Registered feishu_drive tool
[plugins] feishu_bitable: Registered 6 bitable tools
Config warnings:\n- plugins.entries.feishu: plugin feishu: duplicate plugin id detected; later plugin may be overridden (/home/tsl/openclaw/extensions/feishu/index.ts)
│
◇  Config warnings ────────────────────────────────────────────────────────╮
│                                                                          │
│  - plugins.entries.feishu: plugin feishu: duplicate plugin id detected;  │
│    later plugin may be overridden                                        │
│    (/home/tsl/openclaw/extensions/feishu/index.ts)                       │
│                                                                          │
├──────────────────────────────────────────────────────────────────────────╯
Config warnings:\n- plugins.entries.feishu: plugin feishu: duplicate plugin id detected; later plugin may be overridden (/home/tsl/openclaw/extensions/feishu/index.ts)
[info]: [ 'client ready' ]
✅ Sent via Feishu. Message ID: om_x100b5552ddbb90a4b36835223fb738d (chat ou_b3afb7d2133e4d689be523fc48f3d2b3)
[2026-03-03 12:57:20] ✅ VPN 已连接
[2026-03-03 12:57:20] 发送飞书通知: ✅ VPN 连接已恢复

VPN 状态：已连接
时间：2026-03-03 12:57:20

可以正常访问外网了。

> openclaw@2026.2.6-3 openclaw /home/tsl/openclaw
> node scripts/run-node.mjs message send --channel feishu --target ou_b3afb7d2133e4d689be523fc48f3d2b3 --message '✅ VPN 连接已恢复

VPN 状态：已连接
时间：2026-03-03 12:57:20

可以正常访问外网了。'

Config warnings:\n- plugins.entries.feishu: plugin feishu: duplicate plugin id detected; later plugin may be overridden (/home/tsl/openclaw/extensions/feishu/index.ts)
[plugins] feishu_doc: Registered feishu_doc, feishu_app_scopes
[plugins] feishu_wiki: Registered feishu_wiki tool
[plugins] feishu_drive: Registered feishu_drive tool
[plugins] feishu_bitable: Registered 6 bitable tools
Config warnings:\n- plugins.entries.feishu: plugin feishu: duplicate plugin id detected; later plugin may be overridden (/home/tsl/openclaw/extensions/feishu/index.ts)
│
◇  Config warnings ────────────────────────────────────────────────────────╮
│                                                                          │
│  - plugins.entries.feishu: plugin feishu: duplicate plugin id detected;  │
│    later plugin may be overridden                                        │
│    (/home/tsl/openclaw/extensions/feishu/index.ts)                       │
│                                                                          │
├──────────────────────────────────────────────────────────────────────────╯
Config warnings:\n- plugins.entries.feishu: plugin feishu: duplicate plugin id detected; later plugin may be overridden (/home/tsl/openclaw/extensions/feishu/index.ts)
[info]: [ 'client ready' ]
✅ Sent via Feishu. Message ID: om_x100b5552edafb8b4b4908d056b1c7c3 (chat ou_b3afb7d2133e4d689be523fc48f3d2b3)
[2026-03-03 13:30:31] ❌ VPN 未连接
[2026-03-03 13:30:31] 启动 FortiClient GUI...
[2026-03-03 13:30:31] FortiClient GUI 已在运行
[2026-03-03 13:30:31] 尝试触发 VPN 连接...
[2026-03-03 13:30:31] 触发 VPN 连接...
[2026-03-03 13:30:31] 使用 GUI 自动化点击连接按钮...
[2026-03-03 13:30:31] ========================================
[2026-03-03 13:30:31] 开始 VPN 自动连接
[2026-03-03 13:30:31] ========================================
[2026-03-03 13:30:31] 设置 DISPLAY=:1
[2026-03-03 13:30:31] FortiClient 已在运行
[2026-03-03 13:30:34] 截图已保存: /home/tsl/openclaw/vpn-auto/debug_screen.png
[2026-03-03 13:30:34] 尝试 1/5...
[2026-03-03 13:30:34] 找到图像 saml_button_small.png 在位置: (60, 17)
[2026-03-03 13:30:34] 点击坐标: (60, 17)
[2026-03-03 13:30:34] ✅ 成功点击连接按钮
[2026-03-03 13:30:34] ✅ VPN 连接已触发（SAML 登录）
[2026-03-03 13:30:34] 请在手机上完成 MFA 认证
[2026-03-03 13:30:34] ✅ GUI 自动化成功
[2026-03-03 13:30:34] 发送飞书通知: ⚠️ VPN 连接已断开

VPN 状态：未连接
时间：2026-03-03 13:30:34

已自动启动 FortiClient 并触发 VPN 连接。
请在手机上完成 Microsoft MFA 认证：
1. 打开 Microsoft Authenticator 应用
2. 批准登录请求
3. 或输入验证码

如果未收到 MFA 请求，请手动点击 FortiClient 中的连接按钮。

> openclaw@2026.2.6-3 openclaw /home/tsl/openclaw
> node scripts/run-node.mjs message send --channel feishu --target ou_b3afb7d2133e4d689be523fc48f3d2b3 --message '⚠️ VPN 连接已断开

VPN 状态：未连接
时间：2026-03-03 13:30:34

已自动启动 FortiClient 并触发 VPN 连接。
请在手机上完成 Microsoft MFA 认证：
1. 打开 Microsoft Authenticator 应用
2. 批准登录请求
3. 或输入验证码

如果未收到 MFA 请求，请手动点击 FortiClient 中的连接按钮。'

Config warnings:\n- plugins.entries.feishu: plugin feishu: duplicate plugin id detected; later plugin may be overridden (/home/tsl/openclaw/extensions/feishu/index.ts)
[plugins] feishu_doc: Registered feishu_doc, feishu_app_scopes
[plugins] feishu_wiki: Registered feishu_wiki tool
[plugins] feishu_drive: Registered feishu_drive tool
[plugins] feishu_bitable: Registered 6 bitable tools
Config warnings:\n- plugins.entries.feishu: plugin feishu: duplicate plugin id detected; later plugin may be overridden (/home/tsl/openclaw/extensions/feishu/index.ts)
│
◇  Config warnings ────────────────────────────────────────────────────────╮
│                                                                          │
│  - plugins.entries.feishu: plugin feishu: duplicate plugin id detected;  │
│    later plugin may be overridden                                        │
│    (/home/tsl/openclaw/extensions/feishu/index.ts)                       │
│                                                                          │
├──────────────────────────────────────────────────────────────────────────╯
Config warnings:\n- plugins.entries.feishu: plugin feishu: duplicate plugin id detected; later plugin may be overridden (/home/tsl/openclaw/extensions/feishu/index.ts)
[info]: [ 'client ready' ]
 ELIFECYCLE  Command failed.
Terminated
✅ Sent via Feishu. Message ID: om_x100b5553513d58a8b4adf28df5ac663 (chat ou_b3afb7d2133e4d689be523fc48f3d2b3)
[2026-03-03 13:41:07] ✅ VPN 已连接
[2026-03-03 13:41:07] 发送飞书通知: ✅ VPN 连接已恢复

VPN 状态：已连接
时间：2026-03-03 13:41:07

可以正常访问外网了。

> openclaw@2026.2.6-3 openclaw /home/tsl/openclaw
> node scripts/run-node.mjs message send --channel feishu --target ou_b3afb7d2133e4d689be523fc48f3d2b3 --message '✅ VPN 连接已恢复

VPN 状态：已连接
时间：2026-03-03 13:41:07

可以正常访问外网了。'

Config warnings:\n- plugins.entries.feishu: plugin feishu: duplicate plugin id detected; later plugin may be overridden (/home/tsl/openclaw/extensions/feishu/index.ts)
[plugins] feishu_doc: Registered feishu_doc, feishu_app_scopes
[plugins] feishu_wiki: Registered feishu_wiki tool
[plugins] feishu_drive: Registered feishu_drive tool
[plugins] feishu_bitable: Registered 6 bitable tools
Config warnings:\n- plugins.entries.feishu: plugin feishu: duplicate plugin id detected; later plugin may be overridden (/home/tsl/openclaw/extensions/feishu/index.ts)
│
◇  Config warnings ────────────────────────────────────────────────────────╮
│                                                                          │
│  - plugins.entries.feishu: plugin feishu: duplicate plugin id detected;  │
│    later plugin may be overridden                                        │
│    (/home/tsl/openclaw/extensions/feishu/index.ts)                       │
│                                                                          │
├──────────────────────────────────────────────────────────────────────────╯
Config warnings:\n- plugins.entries.feishu: plugin feishu: duplicate plugin id detected; later plugin may be overridden (/home/tsl/openclaw/extensions/feishu/index.ts)
[info]: [ 'client ready' ]
✅ Sent via Feishu. Message ID: om_x100b555309b088acb38e8ddb9a71e0f (chat ou_b3afb7d2133e4d689be523fc48f3d2b3)
[2026-03-03 13:53:15] ❌ VPN 未连接
[2026-03-03 13:53:15] 启动 FortiClient GUI...
[2026-03-03 13:53:18] ✅ FortiClient GUI 已启动
[2026-03-03 13:53:18] 尝试触发 VPN 连接...
[2026-03-03 13:53:18] 触发 VPN 连接...
[2026-03-03 13:53:18] 使用 GUI 自动化点击连接按钮...
[2026-03-03 13:53:19] ========================================
[2026-03-03 13:53:19] 开始 VPN 自动连接
[2026-03-03 13:53:19] ========================================
[2026-03-03 13:53:19] 设置 DISPLAY=:1
[2026-03-03 13:53:19] FortiClient 已在运行
[2026-03-03 13:53:21] 截图已保存: /home/tsl/openclaw/vpn-auto/debug_screen.png
[2026-03-03 13:53:21] 尝试 1/5...
[2026-03-03 13:53:21] 找到图像 saml_button_small.png 在位置: (60, 17)
[2026-03-03 13:53:21] 点击坐标: (60, 17)
[2026-03-03 13:53:21] ✅ 成功点击连接按钮
[2026-03-03 13:53:21] ✅ VPN 连接已触发（SAML 登录）
[2026-03-03 13:53:21] 请在手机上完成 MFA 认证
[2026-03-03 13:53:21] ✅ GUI 自动化成功
[2026-03-03 13:53:21] 发送飞书通知: ⚠️ VPN 连接已断开

VPN 状态：未连接
时间：2026-03-03 13:53:21

已自动启动 FortiClient 并触发 VPN 连接。
请在手机上完成 Microsoft MFA 认证：
1. 打开 Microsoft Authenticator 应用
2. 批准登录请求
3. 或输入验证码

如果未收到 MFA 请求，请手动点击 FortiClient 中的连接按钮。

> openclaw@2026.2.6-3 openclaw /home/tsl/openclaw
> node scripts/run-node.mjs message send --channel feishu --target ou_b3afb7d2133e4d689be523fc48f3d2b3 --message '⚠️ VPN 连接已断开

VPN 状态：未连接
时间：2026-03-03 13:53:21

已自动启动 FortiClient 并触发 VPN 连接。
请在手机上完成 Microsoft MFA 认证：
1. 打开 Microsoft Authenticator 应用
2. 批准登录请求
3. 或输入验证码

如果未收到 MFA 请求，请手动点击 FortiClient 中的连接按钮。'

 ELIFECYCLE  Command failed.
Terminated
Config warnings:\n- plugins.entries.feishu: plugin feishu: duplicate plugin id detected; later plugin may be overridden (/home/tsl/openclaw/extensions/feishu/index.ts)
[plugins] feishu_doc: Registered feishu_doc, feishu_app_scopes
[plugins] feishu_wiki: Registered feishu_wiki tool
[plugins] feishu_drive: Registered feishu_drive tool
[plugins] feishu_bitable: Registered 6 bitable tools
Config warnings:\n- plugins.entries.feishu: plugin feishu: duplicate plugin id detected; later plugin may be overridden (/home/tsl/openclaw/extensions/feishu/index.ts)
│
◇  Config warnings ────────────────────────────────────────────────────────╮
│                                                                          │
│  - plugins.entries.feishu: plugin feishu: duplicate plugin id detected;  │
│    later plugin may be overridden                                        │
│    (/home/tsl/openclaw/extensions/feishu/index.ts)                       │
│                                                                          │
├──────────────────────────────────────────────────────────────────────────╯
Config warnings:\n- plugins.entries.feishu: plugin feishu: duplicate plugin id detected; later plugin may be overridden (/home/tsl/openclaw/extensions/feishu/index.ts)
[info]: [ 'client ready' ]
✅ Sent via Feishu. Message ID: om_x100b55533ba95ca8b31db115b76bef7 (chat ou_b3afb7d2133e4d689be523fc48f3d2b3)
[2026-03-03 14:24:55] ✅ VPN 已连接
[2026-03-03 14:24:55] 发送飞书通知: ✅ VPN 连接已恢复

VPN 状态：已连接
时间：2026-03-03 14:24:55

可以正常访问外网了。

> openclaw@2026.2.6-3 openclaw /home/tsl/openclaw
> node scripts/run-node.mjs message send --channel feishu --target ou_b3afb7d2133e4d689be523fc48f3d2b3 --message '✅ VPN 连接已恢复

VPN 状态：已连接
时间：2026-03-03 14:24:55

可以正常访问外网了。'

Config warnings:\n- plugins.entries.feishu: plugin feishu: duplicate plugin id detected; later plugin may be overridden (/home/tsl/openclaw/extensions/feishu/index.ts)
[plugins] feishu_doc: Registered feishu_doc, feishu_app_scopes
[plugins] feishu_wiki: Registered feishu_wiki tool
[plugins] feishu_drive: Registered feishu_drive tool
[plugins] feishu_bitable: Registered 6 bitable tools
Config warnings:\n- plugins.entries.feishu: plugin feishu: duplicate plugin id detected; later plugin may be overridden (/home/tsl/openclaw/extensions/feishu/index.ts)
│
◇  Config warnings ────────────────────────────────────────────────────────╮
│                                                                          │
│  - plugins.entries.feishu: plugin feishu: duplicate plugin id detected;  │
│    later plugin may be overridden                                        │
│    (/home/tsl/openclaw/extensions/feishu/index.ts)                       │
│                                                                          │
├──────────────────────────────────────────────────────────────────────────╯
Config warnings:\n- plugins.entries.feishu: plugin feishu: duplicate plugin id detected; later plugin may be overridden (/home/tsl/openclaw/extensions/feishu/index.ts)
[info]: [ 'client ready' ]
✅ Sent via Feishu. Message ID: om_x100b5553a50bd8bcb4b4a58f1fb680f (chat ou_b3afb7d2133e4d689be523fc48f3d2b3)
[2026-03-03 14:38:04] ❌ VPN 未连接
[2026-03-03 14:38:04] 启动 FortiClient GUI...
[2026-03-03 14:38:07] ✅ FortiClient GUI 已启动
[2026-03-03 14:38:07] 尝试触发 VPN 连接...
[2026-03-03 14:38:07] 触发 VPN 连接...
[2026-03-03 14:38:07] 使用 GUI 自动化点击连接按钮...
[2026-03-03 14:38:07] ========================================
[2026-03-03 14:38:07] 开始 VPN 自动连接
[2026-03-03 14:38:07] ========================================
[2026-03-03 14:38:07] 设置 DISPLAY=:1
[2026-03-03 14:38:07] FortiClient 已在运行
[2026-03-03 14:38:10] 截图已保存: /home/tsl/openclaw/vpn-auto/debug_screen.png
[2026-03-03 14:38:10] 尝试 1/5...
[2026-03-03 14:38:10] 找到图像 saml_button_small.png 在位置: (60, 17)
[2026-03-03 14:38:10] 点击坐标: (60, 17)
[2026-03-03 14:38:10] ✅ 成功点击连接按钮
[2026-03-03 14:38:10] ✅ VPN 连接已触发（SAML 登录）
[2026-03-03 14:38:10] 请在手机上完成 MFA 认证
[2026-03-03 14:38:10] ✅ GUI 自动化成功
[2026-03-03 14:38:10] 发送飞书通知: ⚠️ VPN 连接已断开

VPN 状态：未连接
时间：2026-03-03 14:38:10

已自动启动 FortiClient 并触发 VPN 连接。
请在手机上完成 Microsoft MFA 认证：
1. 打开 Microsoft Authenticator 应用
2. 批准登录请求
3. 或输入验证码

如果未收到 MFA 请求，请手动点击 FortiClient 中的连接按钮。

> openclaw@2026.2.6-3 openclaw /home/tsl/openclaw
> node scripts/run-node.mjs message send --channel feishu --target ou_b3afb7d2133e4d689be523fc48f3d2b3 --message '⚠️ VPN 连接已断开

VPN 状态：未连接
时间：2026-03-03 14:38:10

已自动启动 FortiClient 并触发 VPN 连接。
请在手机上完成 Microsoft MFA 认证：
1. 打开 Microsoft Authenticator 应用
2. 批准登录请求
3. 或输入验证码

如果未收到 MFA 请求，请手动点击 FortiClient 中的连接按钮。'

Config warnings:\n- plugins.entries.feishu: plugin feishu: duplicate plugin id detected; later plugin may be overridden (/home/tsl/openclaw/extensions/feishu/index.ts)
[plugins] feishu_doc: Registered feishu_doc, feishu_app_scopes
[plugins] feishu_wiki: Registered feishu_wiki tool
[plugins] feishu_drive: Registered feishu_drive tool
[plugins] feishu_bitable: Registered 6 bitable tools
Config warnings:\n- plugins.entries.feishu: plugin feishu: duplicate plugin id detected; later plugin may be overridden (/home/tsl/openclaw/extensions/feishu/index.ts)
│
◇  Config warnings ────────────────────────────────────────────────────────╮
│                                                                          │
│  - plugins.entries.feishu: plugin feishu: duplicate plugin id detected;  │
│    later plugin may be overridden                                        │
│    (/home/tsl/openclaw/extensions/feishu/index.ts)                       │
│                                                                          │
├──────────────────────────────────────────────────────────────────────────╯
Config warnings:\n- plugins.entries.feishu: plugin feishu: duplicate plugin id detected; later plugin may be overridden (/home/tsl/openclaw/extensions/feishu/index.ts)
[info]: [ 'client ready' ]
✅ Sent via Feishu. Message ID: om_x100b555c53a20cacb106c377a3b662a (chat ou_b3afb7d2133e4d689be523fc48f3d2b3)
[2026-03-03 14:42:24] ✅ VPN 已连接
[2026-03-03 14:42:24] 发送飞书通知: ✅ VPN 连接已恢复

VPN 状态：已连接
时间：2026-03-03 14:42:24

可以正常访问外网了。

> openclaw@2026.2.6-3 openclaw /home/tsl/openclaw
> node scripts/run-node.mjs message send --channel feishu --target ou_b3afb7d2133e4d689be523fc48f3d2b3 --message '✅ VPN 连接已恢复

VPN 状态：已连接
时间：2026-03-03 14:42:24

可以正常访问外网了。'

Config warnings:\n- plugins.entries.feishu: plugin feishu: duplicate plugin id detected; later plugin may be overridden (/home/tsl/openclaw/extensions/feishu/index.ts)
[plugins] feishu_doc: Registered feishu_doc, feishu_app_scopes
[plugins] feishu_wiki: Registered feishu_wiki tool
[plugins] feishu_drive: Registered feishu_drive tool
[plugins] feishu_bitable: Registered 6 bitable tools
Config warnings:\n- plugins.entries.feishu: plugin feishu: duplicate plugin id detected; later plugin may be overridden (/home/tsl/openclaw/extensions/feishu/index.ts)
│
◇  Config warnings ────────────────────────────────────────────────────────╮
│                                                                          │
│  - plugins.entries.feishu: plugin feishu: duplicate plugin id detected;  │
│    later plugin may be overridden                                        │
│    (/home/tsl/openclaw/extensions/feishu/index.ts)                       │
│                                                                          │
├──────────────────────────────────────────────────────────────────────────╯
Config warnings:\n- plugins.entries.feishu: plugin feishu: duplicate plugin id detected; later plugin may be overridden (/home/tsl/openclaw/extensions/feishu/index.ts)
[info]: [ 'client ready' ]
✅ Sent via Feishu. Message ID: om_x100b555c639324a0b32fc5967a2ae61 (chat ou_b3afb7d2133e4d689be523fc48f3d2b3)
[2026-03-03 14:48:33] ❌ VPN 未连接
[2026-03-03 14:48:33] 启动 FortiClient GUI...
[2026-03-03 14:48:36] ✅ FortiClient GUI 已启动
[2026-03-03 14:48:36] 尝试触发 VPN 连接...
[2026-03-03 14:48:36] 触发 VPN 连接...
[2026-03-03 14:48:36] 使用 GUI 自动化点击连接按钮...
[2026-03-03 14:48:36] ========================================
[2026-03-03 14:48:36] 开始 VPN 自动连接
[2026-03-03 14:48:36] ========================================
[2026-03-03 14:48:36] 设置 DISPLAY=:1
[2026-03-03 14:48:36] FortiClient 已在运行
[2026-03-03 14:48:39] 截图已保存: /home/tsl/openclaw/vpn-auto/debug_screen.png
[2026-03-03 14:48:39] 尝试 1/5...
[2026-03-03 14:48:39] 找到图像 saml_button_small.png 在位置: (60, 17)
[2026-03-03 14:48:39] 点击坐标: (60, 17)
[2026-03-03 14:48:39] ✅ 成功点击连接按钮
[2026-03-03 14:48:39] ✅ VPN 连接已触发（SAML 登录）
[2026-03-03 14:48:39] 请在手机上完成 MFA 认证
[2026-03-03 14:48:39] ✅ GUI 自动化成功
[2026-03-03 14:48:39] 发送飞书通知: ⚠️ VPN 连接已断开

VPN 状态：未连接
时间：2026-03-03 14:48:39

已自动启动 FortiClient 并触发 VPN 连接。
请在手机上完成 Microsoft MFA 认证：
1. 打开 Microsoft Authenticator 应用
2. 批准登录请求
3. 或输入验证码

如果未收到 MFA 请求，请手动点击 FortiClient 中的连接按钮。

> openclaw@2026.2.6-3 openclaw /home/tsl/openclaw
> node scripts/run-node.mjs message send --channel feishu --target ou_b3afb7d2133e4d689be523fc48f3d2b3 --message '⚠️ VPN 连接已断开

VPN 状态：未连接
时间：2026-03-03 14:48:39

已自动启动 FortiClient 并触发 VPN 连接。
请在手机上完成 Microsoft MFA 认证：
1. 打开 Microsoft Authenticator 应用
2. 批准登录请求
3. 或输入验证码

如果未收到 MFA 请求，请手动点击 FortiClient 中的连接按钮。'

Config warnings:\n- plugins.entries.feishu: plugin feishu: duplicate plugin id detected; later plugin may be overridden (/home/tsl/openclaw/extensions/feishu/index.ts)
[plugins] feishu_doc: Registered feishu_doc, feishu_app_scopes
[plugins] feishu_wiki: Registered feishu_wiki tool
[plugins] feishu_drive: Registered feishu_drive tool
[plugins] feishu_bitable: Registered 6 bitable tools
Config warnings:\n- plugins.entries.feishu: plugin feishu: duplicate plugin id detected; later plugin may be overridden (/home/tsl/openclaw/extensions/feishu/index.ts)
│
◇  Config warnings ────────────────────────────────────────────────────────╮
│                                                                          │
│  - plugins.entries.feishu: plugin feishu: duplicate plugin id detected;  │
│    later plugin may be overridden                                        │
│    (/home/tsl/openclaw/extensions/feishu/index.ts)                       │
│                                                                          │
├──────────────────────────────────────────────────────────────────────────╯
Config warnings:\n- plugins.entries.feishu: plugin feishu: duplicate plugin id detected; later plugin may be overridden (/home/tsl/openclaw/extensions/feishu/index.ts)
[info]: [ 'client ready' ]
✅ Sent via Feishu. Message ID: om_x100b555c0a0e90a8b38fb71be1bb42d (chat ou_b3afb7d2133e4d689be523fc48f3d2b3)
[2026-03-03 14:50:47] ✅ VPN 已连接
[2026-03-03 14:50:47] 发送飞书通知: ✅ VPN 连接已恢复

VPN 状态：已连接
时间：2026-03-03 14:50:47

可以正常访问外网了。

> openclaw@2026.2.6-3 openclaw /home/tsl/openclaw
> node scripts/run-node.mjs message send --channel feishu --target ou_b3afb7d2133e4d689be523fc48f3d2b3 --message '✅ VPN 连接已恢复

VPN 状态：已连接
时间：2026-03-03 14:50:47

可以正常访问外网了。'

Config warnings:\n- plugins.entries.feishu: plugin feishu: duplicate plugin id detected; later plugin may be overridden (/home/tsl/openclaw/extensions/feishu/index.ts)
[plugins] feishu_doc: Registered feishu_doc, feishu_app_scopes
[plugins] feishu_wiki: Registered feishu_wiki tool
[plugins] feishu_drive: Registered feishu_drive tool
[plugins] feishu_bitable: Registered 6 bitable tools
Config warnings:\n- plugins.entries.feishu: plugin feishu: duplicate plugin id detected; later plugin may be overridden (/home/tsl/openclaw/extensions/feishu/index.ts)
│
◇  Config warnings ────────────────────────────────────────────────────────╮
│                                                                          │
│  - plugins.entries.feishu: plugin feishu: duplicate plugin id detected;  │
│    later plugin may be overridden                                        │
│    (/home/tsl/openclaw/extensions/feishu/index.ts)                       │
│                                                                          │
├──────────────────────────────────────────────────────────────────────────╯
Config warnings:\n- plugins.entries.feishu: plugin feishu: duplicate plugin id detected; later plugin may be overridden (/home/tsl/openclaw/extensions/feishu/index.ts)
[info]: [ 'client ready' ]
✅ Sent via Feishu. Message ID: om_x100b555c02064ca4b10033be8c5f863 (chat ou_b3afb7d2133e4d689be523fc48f3d2b3)
[2026-03-03 14:53:56] ❌ VPN 未连接
[2026-03-03 14:53:56] 启动 FortiClient GUI...
[2026-03-03 14:53:59] ✅ FortiClient GUI 已启动
[2026-03-03 14:53:59] 尝试触发 VPN 连接...
[2026-03-03 14:53:59] 触发 VPN 连接...
[2026-03-03 14:53:59] 使用 GUI 自动化点击连接按钮...
[2026-03-03 14:53:59] ========================================
[2026-03-03 14:53:59] 开始 VPN 自动连接
[2026-03-03 14:53:59] ========================================
[2026-03-03 14:53:59] 设置 DISPLAY=:1
[2026-03-03 14:53:59] FortiClient 已在运行
[2026-03-03 14:54:02] 截图已保存: /home/tsl/openclaw/vpn-auto/debug_screen.png
[2026-03-03 14:54:02] 尝试 1/5...
[2026-03-03 14:54:02] 找到图像 saml_button_small.png 在位置: (60, 17)
[2026-03-03 14:54:02] 点击坐标: (60, 17)
[2026-03-03 14:54:02] ✅ 成功点击连接按钮
[2026-03-03 14:54:02] ✅ VPN 连接已触发（SAML 登录）
[2026-03-03 14:54:02] 请在手机上完成 MFA 认证
[2026-03-03 14:54:02] ✅ GUI 自动化成功
[2026-03-03 14:54:02] 发送飞书通知: ⚠️ VPN 连接已断开

VPN 状态：未连接
时间：2026-03-03 14:54:02

已自动启动 FortiClient 并触发 VPN 连接。
请在手机上完成 Microsoft MFA 认证：
1. 打开 Microsoft Authenticator 应用
2. 批准登录请求
3. 或输入验证码

如果未收到 MFA 请求，请手动点击 FortiClient 中的连接按钮。

> openclaw@2026.2.6-3 openclaw /home/tsl/openclaw
> node scripts/run-node.mjs message send --channel feishu --target ou_b3afb7d2133e4d689be523fc48f3d2b3 --message '⚠️ VPN 连接已断开

VPN 状态：未连接
时间：2026-03-03 14:54:02

已自动启动 FortiClient 并触发 VPN 连接。
请在手机上完成 Microsoft MFA 认证：
1. 打开 Microsoft Authenticator 应用
2. 批准登录请求
3. 或输入验证码

如果未收到 MFA 请求，请手动点击 FortiClient 中的连接按钮。'

Config warnings:\n- plugins.entries.feishu: plugin feishu: duplicate plugin id detected; later plugin may be overridden (/home/tsl/openclaw/extensions/feishu/index.ts)
[plugins] feishu_doc: Registered feishu_doc, feishu_app_scopes
[plugins] feishu_wiki: Registered feishu_wiki tool
[plugins] feishu_drive: Registered feishu_drive tool
[plugins] feishu_bitable: Registered 6 bitable tools
Config warnings:\n- plugins.entries.feishu: plugin feishu: duplicate plugin id detected; later plugin may be overridden (/home/tsl/openclaw/extensions/feishu/index.ts)
│
◇  Config warnings ────────────────────────────────────────────────────────╮
│                                                                          │
│  - plugins.entries.feishu: plugin feishu: duplicate plugin id detected;  │
│    later plugin may be overridden                                        │
│    (/home/tsl/openclaw/extensions/feishu/index.ts)                       │
│                                                                          │
├──────────────────────────────────────────────────────────────────────────╯
Config warnings:\n- plugins.entries.feishu: plugin feishu: duplicate plugin id detected; later plugin may be overridden (/home/tsl/openclaw/extensions/feishu/index.ts)
[info]: [ 'client ready' ]
✅ Sent via Feishu. Message ID: om_x100b555c16217900b495e55507857d3 (chat ou_b3afb7d2133e4d689be523fc48f3d2b3)
[2026-03-03 14:59:19] ✅ VPN 已连接
[2026-03-03 14:59:19] 发送飞书通知: ✅ VPN 连接已恢复

VPN 状态：已连接
时间：2026-03-03 14:59:19

可以正常访问外网了。

> openclaw@2026.2.6-3 openclaw /home/tsl/openclaw
> node scripts/run-node.mjs message send --channel feishu --target ou_b3afb7d2133e4d689be523fc48f3d2b3 --message '✅ VPN 连接已恢复

VPN 状态：已连接
时间：2026-03-03 14:59:19

可以正常访问外网了。'

Config warnings:\n- plugins.entries.feishu: plugin feishu: duplicate plugin id detected; later plugin may be overridden (/home/tsl/openclaw/extensions/feishu/index.ts)
[plugins] feishu_doc: Registered feishu_doc, feishu_app_scopes
[plugins] feishu_wiki: Registered feishu_wiki tool
[plugins] feishu_drive: Registered feishu_drive tool
[plugins] feishu_bitable: Registered 6 bitable tools
Config warnings:\n- plugins.entries.feishu: plugin feishu: duplicate plugin id detected; later plugin may be overridden (/home/tsl/openclaw/extensions/feishu/index.ts)
│
◇  Config warnings ────────────────────────────────────────────────────────╮
│                                                                          │
│  - plugins.entries.feishu: plugin feishu: duplicate plugin id detected;  │
│    later plugin may be overridden                                        │
│    (/home/tsl/openclaw/extensions/feishu/index.ts)                       │
│                                                                          │
├──────────────────────────────────────────────────────────────────────────╯
Config warnings:\n- plugins.entries.feishu: plugin feishu: duplicate plugin id detected; later plugin may be overridden (/home/tsl/openclaw/extensions/feishu/index.ts)
[info]: [ 'client ready' ]
✅ Sent via Feishu. Message ID: om_x100b555c220c44acb35a193540f9d7f (chat ou_b3afb7d2133e4d689be523fc48f3d2b3)
[2026-03-03 22:58:54] ❌ VPN 未连接
[2026-03-03 22:58:54] 启动 FortiClient GUI...
[2026-03-03 22:58:57] ✅ FortiClient GUI 已启动
[2026-03-03 22:58:57] 尝试触发 VPN 连接...
[2026-03-03 22:58:57] 触发 VPN 连接...
[2026-03-03 22:58:57] 使用 GUI 自动化点击连接按钮...
[2026-03-03 22:58:57] ========================================
[2026-03-03 22:58:57] 开始 VPN 自动连接
[2026-03-03 22:58:57] ========================================
[2026-03-03 22:58:57] 设置 DISPLAY=:1
[2026-03-03 22:58:57] FortiClient 已在运行
[2026-03-03 22:59:00] 截图已保存: /home/tsl/openclaw/vpn-auto/debug_screen.png
[2026-03-03 22:59:00] 尝试 1/5...
[2026-03-03 22:59:00] 找到图像 saml_button_small.png 在位置: (60, 17)
[2026-03-03 22:59:00] 点击坐标: (60, 17)
[2026-03-03 22:59:00] ✅ 成功点击连接按钮
[2026-03-03 22:59:00] ✅ VPN 连接已触发（SAML 登录）
[2026-03-03 22:59:00] 请在手机上完成 MFA 认证
[2026-03-03 22:59:00] ✅ GUI 自动化成功
[2026-03-03 22:59:00] 发送飞书通知: ⚠️ VPN 连接已断开

VPN 状态：未连接
时间：2026-03-03 22:59:00

已自动启动 FortiClient 并触发 VPN 连接。
请在手机上完成 Microsoft MFA 认证：
1. 打开 Microsoft Authenticator 应用
2. 批准登录请求
3. 或输入验证码

如果未收到 MFA 请求，请手动点击 FortiClient 中的连接按钮。
Terminated
[2026-03-03 23:04:13] ✅ VPN 已连接
[2026-03-03 23:04:13] 发送飞书通知: ✅ VPN 连接已恢复

VPN 状态：已连接
时间：2026-03-03 23:04:13

可以正常访问外网了。

> openclaw@2026.2.6-3 openclaw /home/tsl/openclaw
> node scripts/run-node.mjs message send --channel feishu --target ou_b3afb7d2133e4d689be523fc48f3d2b3 --message '✅ VPN 连接已恢复

VPN 状态：已连接
时间：2026-03-03 23:04:13

可以正常访问外网了。'

Config warnings:\n- plugins.entries.feishu: plugin feishu: duplicate plugin id detected; later plugin may be overridden (/home/tsl/openclaw/extensions/feishu/index.ts)
[plugins] feishu_doc: Registered feishu_doc, feishu_app_scopes
[plugins] feishu_wiki: Registered feishu_wiki tool
[plugins] feishu_drive: Registered feishu_drive tool
[plugins] feishu_bitable: Registered 6 bitable tools
Config warnings:\n- plugins.entries.feishu: plugin feishu: duplicate plugin id detected; later plugin may be overridden (/home/tsl/openclaw/extensions/feishu/index.ts)
│
◇  Config warnings ────────────────────────────────────────────────────────╮
│                                                                          │
│  - plugins.entries.feishu: plugin feishu: duplicate plugin id detected;  │
│    later plugin may be overridden                                        │
│    (/home/tsl/openclaw/extensions/feishu/index.ts)                       │
│                                                                          │
├──────────────────────────────────────────────────────────────────────────╯
Config warnings:\n- plugins.entries.feishu: plugin feishu: duplicate plugin id detected; later plugin may be overridden (/home/tsl/openclaw/extensions/feishu/index.ts)
[info]: [ 'client ready' ]
✅ Sent via Feishu. Message ID: om_x100b555bc9e450a0b3755a68c64feb4 (chat ou_b3afb7d2133e4d689be523fc48f3d2b3)
[2026-03-04 07:04:52] ❌ VPN 未连接
[2026-03-04 07:04:52] 启动 FortiClient GUI...
[2026-03-04 07:04:55] ✅ FortiClient GUI 已启动
[2026-03-04 07:04:55] 尝试触发 VPN 连接...
[2026-03-04 07:04:55] 触发 VPN 连接...
[2026-03-04 07:04:55] 使用 GUI 自动化点击连接按钮...
[2026-03-04 07:04:56] ========================================
[2026-03-04 07:04:56] 开始 VPN 自动连接
[2026-03-04 07:04:56] ========================================
[2026-03-04 07:04:56] 设置 DISPLAY=:1
[2026-03-04 07:04:56] FortiClient 已在运行
[2026-03-04 07:04:58] 截图已保存: /home/tsl/openclaw/vpn-auto/debug_screen.png
[2026-03-04 07:04:58] 尝试 1/5...
[2026-03-04 07:04:58] 找到图像 saml_button_small.png 在位置: (60, 17)
[2026-03-04 07:04:59] 点击坐标: (60, 17)
[2026-03-04 07:04:59] ✅ 成功点击连接按钮
[2026-03-04 07:04:59] ✅ VPN 连接已触发（SAML 登录）
[2026-03-04 07:04:59] 请在手机上完成 MFA 认证
[2026-03-04 07:04:59] ✅ GUI 自动化成功
[2026-03-04 07:04:59] 发送飞书通知: ⚠️ VPN 连接已断开

VPN 状态：未连接
时间：2026-03-04 07:04:59

已自动启动 FortiClient 并触发 VPN 连接。
请在手机上完成 Microsoft MFA 认证：
1. 打开 Microsoft Authenticator 应用
2. 批准登录请求
3. 或输入验证码

如果未收到 MFA 请求，请手动点击 FortiClient 中的连接按钮。

> openclaw@2026.2.6-3 openclaw /home/tsl/openclaw
> node scripts/run-node.mjs message send --channel feishu --target ou_b3afb7d2133e4d689be523fc48f3d2b3 --message '⚠️ VPN 连接已断开

VPN 状态：未连接
时间：2026-03-04 07:04:59

已自动启动 FortiClient 并触发 VPN 连接。
请在手机上完成 Microsoft MFA 认证：
1. 打开 Microsoft Authenticator 应用
2. 批准登录请求
3. 或输入验证码

如果未收到 MFA 请求，请手动点击 FortiClient 中的连接按钮。'

 ELIFECYCLE  Command failed.
Terminated
Config warnings:\n- plugins.entries.feishu: plugin feishu: duplicate plugin id detected; later plugin may be overridden (/home/tsl/openclaw/extensions/feishu/index.ts)
[plugins] feishu_doc: Registered feishu_doc, feishu_app_scopes
[plugins] feishu_wiki: Registered feishu_wiki tool
[plugins] feishu_drive: Registered feishu_drive tool
[plugins] feishu_bitable: Registered 6 bitable tools
Config warnings:\n- plugins.entries.feishu: plugin feishu: duplicate plugin id detected; later plugin may be overridden (/home/tsl/openclaw/extensions/feishu/index.ts)
│
◇  Config warnings ────────────────────────────────────────────────────────╮
│                                                                          │
│  - plugins.entries.feishu: plugin feishu: duplicate plugin id detected;  │
│    later plugin may be overridden                                        │
│    (/home/tsl/openclaw/extensions/feishu/index.ts)                       │
│                                                                          │
├──────────────────────────────────────────────────────────────────────────╯
Config warnings:\n- plugins.entries.feishu: plugin feishu: duplicate plugin id detected; later plugin may be overridden (/home/tsl/openclaw/extensions/feishu/index.ts)
[info]: [ 'client ready' ]
✅ Sent via Feishu. Message ID: om_x100b5542df3bc0a4b2414f984268662 (chat ou_b3afb7d2133e4d689be523fc48f3d2b3)
[2026-03-04 07:10:16] ✅ VPN 已连接
[2026-03-04 07:10:16] 发送飞书通知: ✅ VPN 连接已恢复

VPN 状态：已连接
时间：2026-03-04 07:10:16

可以正常访问外网了。

> openclaw@2026.2.6-3 openclaw /home/tsl/openclaw
> node scripts/run-node.mjs message send --channel feishu --target ou_b3afb7d2133e4d689be523fc48f3d2b3 --message '✅ VPN 连接已恢复

VPN 状态：已连接
时间：2026-03-04 07:10:16

可以正常访问外网了。'

Config warnings:\n- plugins.entries.feishu: plugin feishu: duplicate plugin id detected; later plugin may be overridden (/home/tsl/openclaw/extensions/feishu/index.ts)
[plugins] feishu_doc: Registered feishu_doc, feishu_app_scopes
[plugins] feishu_wiki: Registered feishu_wiki tool
[plugins] feishu_drive: Registered feishu_drive tool
[plugins] feishu_bitable: Registered 6 bitable tools
Config warnings:\n- plugins.entries.feishu: plugin feishu: duplicate plugin id detected; later plugin may be overridden (/home/tsl/openclaw/extensions/feishu/index.ts)
│
◇  Config warnings ────────────────────────────────────────────────────────╮
│                                                                          │
│  - plugins.entries.feishu: plugin feishu: duplicate plugin id detected;  │
│    later plugin may be overridden                                        │
│    (/home/tsl/openclaw/extensions/feishu/index.ts)                       │
│                                                                          │
├──────────────────────────────────────────────────────────────────────────╯
Config warnings:\n- plugins.entries.feishu: plugin feishu: duplicate plugin id detected; later plugin may be overridden (/home/tsl/openclaw/extensions/feishu/index.ts)
[info]: [ 'client ready' ]
✅ Sent via Feishu. Message ID: om_x100b5542eb1dc0a0b354862fac0cbea (chat ou_b3afb7d2133e4d689be523fc48f3d2b3)
[2026-03-04 14:52:53] ❌ VPN 未连接
[2026-03-04 14:52:53] 启动 FortiClient GUI...
[2026-03-04 14:52:56] ✅ FortiClient GUI 已启动
[2026-03-04 14:52:56] 尝试触发 VPN 连接...
[2026-03-04 14:52:56] 触发 VPN 连接...
[2026-03-04 14:52:56] 使用 GUI 自动化点击连接按钮...
[2026-03-04 14:52:57] ========================================
[2026-03-04 14:52:57] 开始 VPN 自动连接
[2026-03-04 14:52:57] ========================================
[2026-03-04 14:52:57] 设置 DISPLAY=:1
[2026-03-04 14:52:57] FortiClient 已在运行
[2026-03-04 14:52:59] 截图已保存: /home/tsl/openclaw/vpn-auto/debug_screen.png
[2026-03-04 14:52:59] 尝试 1/5...
[2026-03-04 14:52:59] 找到图像 saml_button_small.png 在位置: (60, 17)
[2026-03-04 14:52:59] 点击坐标: (60, 17)
[2026-03-04 14:52:59] ✅ 成功点击连接按钮
[2026-03-04 14:52:59] ✅ VPN 连接已触发（SAML 登录）
[2026-03-04 14:52:59] 请在手机上完成 MFA 认证
[2026-03-04 14:52:59] ✅ GUI 自动化成功
[2026-03-04 14:52:59] 发送飞书通知: ⚠️ VPN 连接已断开

VPN 状态：未连接
时间：2026-03-04 14:52:59

已自动启动 FortiClient 并触发 VPN 连接。
请在手机上完成 Microsoft MFA 认证：
1. 打开 Microsoft Authenticator 应用
2. 批准登录请求
3. 或输入验证码

如果未收到 MFA 请求，请手动点击 FortiClient 中的连接按钮。

> openclaw@2026.2.6-3 openclaw /home/tsl/openclaw
> node scripts/run-node.mjs message send --channel feishu --target ou_b3afb7d2133e4d689be523fc48f3d2b3 --message '⚠️ VPN 连接已断开

VPN 状态：未连接
时间：2026-03-04 14:52:59

已自动启动 FortiClient 并触发 VPN 连接。
请在手机上完成 Microsoft MFA 认证：
1. 打开 Microsoft Authenticator 应用
2. 批准登录请求
3. 或输入验证码

如果未收到 MFA 请求，请手动点击 FortiClient 中的连接按钮。'

Config warnings:\n- plugins.entries.feishu: plugin feishu: duplicate plugin id detected; later plugin may be overridden (/home/tsl/openclaw/extensions/feishu/index.ts)
[plugins] feishu_doc: Registered feishu_doc, feishu_app_scopes
[plugins] feishu_wiki: Registered feishu_wiki tool
[plugins] feishu_drive: Registered feishu_drive tool
[plugins] feishu_bitable: Registered 6 bitable tools
Config warnings:\n- plugins.entries.feishu: plugin feishu: duplicate plugin id detected; later plugin may be overridden (/home/tsl/openclaw/extensions/feishu/index.ts)
│
◇  Config warnings ────────────────────────────────────────────────────────╮
│                                                                          │
│  - plugins.entries.feishu: plugin feishu: duplicate plugin id detected;  │
│    later plugin may be overridden                                        │
│    (/home/tsl/openclaw/extensions/feishu/index.ts)                       │
│                                                                          │
├──────────────────────────────────────────────────────────────────────────╯
Config warnings:\n- plugins.entries.feishu: plugin feishu: duplicate plugin id detected; later plugin may be overridden (/home/tsl/openclaw/extensions/feishu/index.ts)
[info]: [ 'client ready' ]
✅ Sent via Feishu. Message ID: om_x100b554923cbdcbcb103e60fdeb2f83 (chat ou_b3afb7d2133e4d689be523fc48f3d2b3)
[2026-03-04 14:56:10] ✅ VPN 已连接
[2026-03-04 14:56:10] 发送飞书通知: ✅ VPN 连接已恢复

VPN 状态：已连接
时间：2026-03-04 14:56:10

可以正常访问外网了。

> openclaw@2026.2.6-3 openclaw /home/tsl/openclaw
> node scripts/run-node.mjs message send --channel feishu --target ou_b3afb7d2133e4d689be523fc48f3d2b3 --message '✅ VPN 连接已恢复

VPN 状态：已连接
时间：2026-03-04 14:56:10

可以正常访问外网了。'

Config warnings:\n- plugins.entries.feishu: plugin feishu: duplicate plugin id detected; later plugin may be overridden (/home/tsl/openclaw/extensions/feishu/index.ts)
[plugins] feishu_doc: Registered feishu_doc, feishu_app_scopes
[plugins] feishu_wiki: Registered feishu_wiki tool
[plugins] feishu_drive: Registered feishu_drive tool
[plugins] feishu_bitable: Registered 6 bitable tools
Config warnings:\n- plugins.entries.feishu: plugin feishu: duplicate plugin id detected; later plugin may be overridden (/home/tsl/openclaw/extensions/feishu/index.ts)
│
◇  Config warnings ────────────────────────────────────────────────────────╮
│                                                                          │
│  - plugins.entries.feishu: plugin feishu: duplicate plugin id detected;  │
│    later plugin may be overridden                                        │
│    (/home/tsl/openclaw/extensions/feishu/index.ts)                       │
│                                                                          │
├──────────────────────────────────────────────────────────────────────────╯
Config warnings:\n- plugins.entries.feishu: plugin feishu: duplicate plugin id detected; later plugin may be overridden (/home/tsl/openclaw/extensions/feishu/index.ts)
[info]: [ 'client ready' ]
✅ Sent via Feishu. Message ID: om_x100b554937c930b0b398e9defbc910b (chat ou_b3afb7d2133e4d689be523fc48f3d2b3)
[2026-03-04 17:36:30] ❌ VPN 未连接
[2026-03-04 17:36:30] 启动 FortiClient GUI...
[2026-03-04 17:36:33] ✅ FortiClient GUI 已启动
[2026-03-04 17:36:33] 尝试触发 VPN 连接...
[2026-03-04 17:36:33] 触发 VPN 连接...
[2026-03-04 17:36:33] 使用 GUI 自动化点击连接按钮...
[2026-03-04 17:36:33] ========================================
[2026-03-04 17:36:33] 开始 VPN 自动连接
[2026-03-04 17:36:33] ========================================
[2026-03-04 17:36:33] 设置 DISPLAY=:1
[2026-03-04 17:36:33] FortiClient 已在运行
[2026-03-04 17:36:36] 截图已保存: /home/tsl/openclaw/vpn-auto/debug_screen.png
[2026-03-04 17:36:36] 尝试 1/5...
[2026-03-04 17:36:36] 找到图像 saml_button_small.png 在位置: (60, 17)
[2026-03-04 17:36:36] 点击坐标: (60, 17)
[2026-03-04 17:36:36] ✅ 成功点击连接按钮
[2026-03-04 17:36:36] ✅ VPN 连接已触发（SAML 登录）
[2026-03-04 17:36:36] 请在手机上完成 MFA 认证
[2026-03-04 17:36:36] ✅ GUI 自动化成功
[2026-03-04 17:36:36] 发送飞书通知: ⚠️ VPN 连接已断开

VPN 状态：未连接
时间：2026-03-04 17:36:36

已自动启动 FortiClient 并触发 VPN 连接。
请在手机上完成 Microsoft MFA 认证：
1. 打开 Microsoft Authenticator 应用
2. 批准登录请求
3. 或输入验证码

如果未收到 MFA 请求，请手动点击 FortiClient 中的连接按钮。

> openclaw@2026.2.6-3 openclaw /home/tsl/openclaw
> node scripts/run-node.mjs message send --channel feishu --target ou_b3afb7d2133e4d689be523fc48f3d2b3 --message '⚠️ VPN 连接已断开

VPN 状态：未连接
时间：2026-03-04 17:36:36

已自动启动 FortiClient 并触发 VPN 连接。
请在手机上完成 Microsoft MFA 认证：
1. 打开 Microsoft Authenticator 应用
2. 批准登录请求
3. 或输入验证码

如果未收到 MFA 请求，请手动点击 FortiClient 中的连接按钮。'

 ELIFECYCLE  Command failed.
Terminated
Config warnings:\n- plugins.entries.feishu: plugin feishu: duplicate plugin id detected; later plugin may be overridden (/home/tsl/openclaw/extensions/feishu/index.ts)
[plugins] feishu_doc: Registered feishu_doc, feishu_app_scopes
[plugins] feishu_wiki: Registered feishu_wiki tool
[plugins] feishu_drive: Registered feishu_drive tool
[plugins] feishu_bitable: Registered 6 bitable tools
Config warnings:\n- plugins.entries.feishu: plugin feishu: duplicate plugin id detected; later plugin may be overridden (/home/tsl/openclaw/extensions/feishu/index.ts)
│
◇  Config warnings ────────────────────────────────────────────────────────╮
│                                                                          │
│  - plugins.entries.feishu: plugin feishu: duplicate plugin id detected;  │
│    later plugin may be overridden                                        │
│    (/home/tsl/openclaw/extensions/feishu/index.ts)                       │
│                                                                          │
├──────────────────────────────────────────────────────────────────────────╯
Config warnings:\n- plugins.entries.feishu: plugin feishu: duplicate plugin id detected; later plugin may be overridden (/home/tsl/openclaw/extensions/feishu/index.ts)
[info]: [ 'client ready' ]
✅ Sent via Feishu. Message ID: om_x100b554b9c4124acb2619af9d877b34 (chat ou_b3afb7d2133e4d689be523fc48f3d2b3)
[2026-03-04 17:41:53] ✅ VPN 已连接
[2026-03-04 17:41:53] 发送飞书通知: ✅ VPN 连接已恢复

VPN 状态：已连接
时间：2026-03-04 17:41:53

可以正常访问外网了。

> openclaw@2026.2.6-3 openclaw /home/tsl/openclaw
> node scripts/run-node.mjs message send --channel feishu --target ou_b3afb7d2133e4d689be523fc48f3d2b3 --message '✅ VPN 连接已恢复

VPN 状态：已连接
时间：2026-03-04 17:41:53

可以正常访问外网了。'

Config warnings:\n- plugins.entries.feishu: plugin feishu: duplicate plugin id detected; later plugin may be overridden (/home/tsl/openclaw/extensions/feishu/index.ts)
[plugins] feishu_doc: Registered feishu_doc, feishu_app_scopes
[plugins] feishu_wiki: Registered feishu_wiki tool
[plugins] feishu_drive: Registered feishu_drive tool
[plugins] feishu_bitable: Registered 6 bitable tools
Config warnings:\n- plugins.entries.feishu: plugin feishu: duplicate plugin id detected; later plugin may be overridden (/home/tsl/openclaw/extensions/feishu/index.ts)
│
◇  Config warnings ────────────────────────────────────────────────────────╮
│                                                                          │
│  - plugins.entries.feishu: plugin feishu: duplicate plugin id detected;  │
│    later plugin may be overridden                                        │
│    (/home/tsl/openclaw/extensions/feishu/index.ts)                       │
│                                                                          │
├──────────────────────────────────────────────────────────────────────────╯
Config warnings:\n- plugins.entries.feishu: plugin feishu: duplicate plugin id detected; later plugin may be overridden (/home/tsl/openclaw/extensions/feishu/index.ts)
[info]: [ 'client ready' ]
✅ Sent via Feishu. Message ID: om_x100b554ba8aba0a8b31d4cf4193fc01 (chat ou_b3afb7d2133e4d689be523fc48f3d2b3)
[2026-03-05 01:41:33] ❌ VPN 未连接
[2026-03-05 01:41:33] 启动 FortiClient GUI...
[2026-03-05 01:41:36] ✅ FortiClient GUI 已启动
[2026-03-05 01:41:36] 尝试触发 VPN 连接...
[2026-03-05 01:41:36] 触发 VPN 连接...
[2026-03-05 01:41:36] 使用 GUI 自动化点击连接按钮...
[2026-03-05 01:41:36] ========================================
[2026-03-05 01:41:36] 开始 VPN 自动连接
[2026-03-05 01:41:36] ========================================
[2026-03-05 01:41:36] 设置 DISPLAY=:1
[2026-03-05 01:41:36] FortiClient 已在运行
[2026-03-05 01:41:39] 截图已保存: /home/tsl/openclaw/vpn-auto/debug_screen.png
[2026-03-05 01:41:39] 尝试 1/5...
[2026-03-05 01:41:39] 找到图像 saml_button_small.png 在位置: (60, 17)
[2026-03-05 01:41:39] 点击坐标: (60, 17)
[2026-03-05 01:41:39] ✅ 成功点击连接按钮
[2026-03-05 01:41:39] ✅ VPN 连接已触发（SAML 登录）
[2026-03-05 01:41:39] 请在手机上完成 MFA 认证
[2026-03-05 01:41:39] ✅ GUI 自动化成功
[2026-03-05 01:41:39] 发送飞书通知: ⚠️ VPN 连接已断开

VPN 状态：未连接
时间：2026-03-05 01:41:39

已自动启动 FortiClient 并触发 VPN 连接。
请在手机上完成 Microsoft MFA 认证：
1. 打开 Microsoft Authenticator 应用
2. 批准登录请求
3. 或输入验证码

如果未收到 MFA 请求，请手动点击 FortiClient 中的连接按钮。

> openclaw@2026.2.6-3 openclaw /home/tsl/openclaw
> node scripts/run-node.mjs message send --channel feishu --target ou_b3afb7d2133e4d689be523fc48f3d2b3 --message '⚠️ VPN 连接已断开

VPN 状态：未连接
时间：2026-03-05 01:41:39

已自动启动 FortiClient 并触发 VPN 连接。
请在手机上完成 Microsoft MFA 认证：
1. 打开 Microsoft Authenticator 应用
2. 批准登录请求
3. 或输入验证码

如果未收到 MFA 请求，请手动点击 FortiClient 中的连接按钮。'

Config warnings:\n- plugins.entries.feishu: plugin feishu: duplicate plugin id detected; later plugin may be overridden (/home/tsl/openclaw/extensions/feishu/index.ts)
[plugins] feishu_doc: Registered feishu_doc, feishu_app_scopes
[plugins] feishu_wiki: Registered feishu_wiki tool
[plugins] feishu_drive: Registered feishu_drive tool
[plugins] feishu_bitable: Registered 6 bitable tools
Config warnings:\n- plugins.entries.feishu: plugin feishu: duplicate plugin id detected; later plugin may be overridden (/home/tsl/openclaw/extensions/feishu/index.ts)
│
◇  Config warnings ────────────────────────────────────────────────────────╮
│                                                                          │
│  - plugins.entries.feishu: plugin feishu: duplicate plugin id detected;  │
│    later plugin may be overridden                                        │
│    (/home/tsl/openclaw/extensions/feishu/index.ts)                       │
│                                                                          │
├──────────────────────────────────────────────────────────────────────────╯
Config warnings:\n- plugins.entries.feishu: plugin feishu: duplicate plugin id detected; later plugin may be overridden (/home/tsl/openclaw/extensions/feishu/index.ts)
[info]: [ 'client ready' ]
✅ Sent via Feishu. Message ID: om_x100b55b2a3b360a8b3cd1b3085b9102 (chat ou_b3afb7d2133e4d689be523fc48f3d2b3)
[2026-03-05 01:46:56] ✅ VPN 已连接
[2026-03-05 01:46:56] 发送飞书通知: ✅ VPN 连接已恢复

VPN 状态：已连接
时间：2026-03-05 01:46:56

可以正常访问外网了。

> openclaw@2026.2.6-3 openclaw /home/tsl/openclaw
> node scripts/run-node.mjs message send --channel feishu --target ou_b3afb7d2133e4d689be523fc48f3d2b3 --message '✅ VPN 连接已恢复

VPN 状态：已连接
时间：2026-03-05 01:46:56

可以正常访问外网了。'

Config warnings:\n- plugins.entries.feishu: plugin feishu: duplicate plugin id detected; later plugin may be overridden (/home/tsl/openclaw/extensions/feishu/index.ts)
[plugins] feishu_doc: Registered feishu_doc, feishu_app_scopes
[plugins] feishu_wiki: Registered feishu_wiki tool
[plugins] feishu_drive: Registered feishu_drive tool
[plugins] feishu_bitable: Registered 6 bitable tools
Config warnings:\n- plugins.entries.feishu: plugin feishu: duplicate plugin id detected; later plugin may be overridden (/home/tsl/openclaw/extensions/feishu/index.ts)
│
◇  Config warnings ────────────────────────────────────────────────────────╮
│                                                                          │
│  - plugins.entries.feishu: plugin feishu: duplicate plugin id detected;  │
│    later plugin may be overridden                                        │
│    (/home/tsl/openclaw/extensions/feishu/index.ts)                       │
│                                                                          │
├──────────────────────────────────────────────────────────────────────────╯
Config warnings:\n- plugins.entries.feishu: plugin feishu: duplicate plugin id detected; later plugin may be overridden (/home/tsl/openclaw/extensions/feishu/index.ts)
[info]: [ 'client ready' ]
✅ Sent via Feishu. Message ID: om_x100b55b34f9aa0a0b3f3ca2c66f7880 (chat ou_b3afb7d2133e4d689be523fc48f3d2b3)
[2026-03-05 02:31:07] ❌ VPN 未连接
[2026-03-05 02:31:07] 启动 FortiClient GUI...
[2026-03-05 02:31:10] ✅ FortiClient GUI 已启动
[2026-03-05 02:31:10] 尝试触发 VPN 连接...
[2026-03-05 02:31:10] 触发 VPN 连接...
[2026-03-05 02:31:10] 使用 GUI 自动化点击连接按钮...
[2026-03-05 02:31:11] ========================================
[2026-03-05 02:31:11] 开始 VPN 自动连接
[2026-03-05 02:31:11] ========================================
[2026-03-05 02:31:11] 设置 DISPLAY=:1
[2026-03-05 02:31:11] FortiClient 已在运行
[2026-03-05 02:31:13] 截图已保存: /home/tsl/openclaw/vpn-auto/debug_screen.png
[2026-03-05 02:31:13] 尝试 1/5...
[2026-03-05 02:31:14] 找到图像 saml_button_small.png 在位置: (60, 17)
[2026-03-05 02:31:14] 点击坐标: (60, 17)
[2026-03-05 02:31:14] ✅ 成功点击连接按钮
[2026-03-05 02:31:14] ✅ VPN 连接已触发（SAML 登录）
[2026-03-05 02:31:14] 请在手机上完成 MFA 认证
[2026-03-05 02:31:14] ✅ GUI 自动化成功
[2026-03-05 02:31:14] 发送飞书通知: ⚠️ VPN 连接已断开

VPN 状态：未连接
时间：2026-03-05 02:31:14

已自动启动 FortiClient 并触发 VPN 连接。
请在手机上完成 Microsoft MFA 认证：
1. 打开 Microsoft Authenticator 应用
2. 批准登录请求
3. 或输入验证码

如果未收到 MFA 请求，请手动点击 FortiClient 中的连接按钮。

> openclaw@2026.2.6-3 openclaw /home/tsl/openclaw
> node scripts/run-node.mjs message send --channel feishu --target ou_b3afb7d2133e4d689be523fc48f3d2b3 --message '⚠️ VPN 连接已断开

VPN 状态：未连接
时间：2026-03-05 02:31:14

已自动启动 FortiClient 并触发 VPN 连接。
请在手机上完成 Microsoft MFA 认证：
1. 打开 Microsoft Authenticator 应用
2. 批准登录请求
3. 或输入验证码

如果未收到 MFA 请求，请手动点击 FortiClient 中的连接按钮。'

 ELIFECYCLE  Command failed.
Terminated
Config warnings:\n- plugins.entries.feishu: plugin feishu: duplicate plugin id detected; later plugin may be overridden (/home/tsl/openclaw/extensions/feishu/index.ts)
[plugins] feishu_doc: Registered feishu_doc, feishu_app_scopes
[plugins] feishu_wiki: Registered feishu_wiki tool
[plugins] feishu_drive: Registered feishu_drive tool
[plugins] feishu_bitable: Registered 6 bitable tools
Config warnings:\n- plugins.entries.feishu: plugin feishu: duplicate plugin id detected; later plugin may be overridden (/home/tsl/openclaw/extensions/feishu/index.ts)
│
◇  Config warnings ────────────────────────────────────────────────────────╮
│                                                                          │
│  - plugins.entries.feishu: plugin feishu: duplicate plugin id detected;  │
│    later plugin may be overridden                                        │
│    (/home/tsl/openclaw/extensions/feishu/index.ts)                       │
│                                                                          │
├──────────────────────────────────────────────────────────────────────────╯
Config warnings:\n- plugins.entries.feishu: plugin feishu: duplicate plugin id detected; later plugin may be overridden (/home/tsl/openclaw/extensions/feishu/index.ts)
[info]: [ 'client ready' ]
✅ Sent via Feishu. Message ID: om_x100b55b3e9a8c0a0b3316a76844e635 (chat ou_b3afb7d2133e4d689be523fc48f3d2b3)
[2026-03-05 02:34:24] ✅ VPN 已连接
[2026-03-05 02:34:24] 发送飞书通知: ✅ VPN 连接已恢复

VPN 状态：已连接
时间：2026-03-05 02:34:24

可以正常访问外网了。

> openclaw@2026.2.6-3 openclaw /home/tsl/openclaw
> node scripts/run-node.mjs message send --channel feishu --target ou_b3afb7d2133e4d689be523fc48f3d2b3 --message '✅ VPN 连接已恢复

VPN 状态：已连接
时间：2026-03-05 02:34:24

可以正常访问外网了。'

Config warnings:\n- plugins.entries.feishu: plugin feishu: duplicate plugin id detected; later plugin may be overridden (/home/tsl/openclaw/extensions/feishu/index.ts)
[plugins] feishu_doc: Registered feishu_doc, feishu_app_scopes
[plugins] feishu_wiki: Registered feishu_wiki tool
[plugins] feishu_drive: Registered feishu_drive tool
[plugins] feishu_bitable: Registered 6 bitable tools
Config warnings:\n- plugins.entries.feishu: plugin feishu: duplicate plugin id detected; later plugin may be overridden (/home/tsl/openclaw/extensions/feishu/index.ts)
│
◇  Config warnings ────────────────────────────────────────────────────────╮
│                                                                          │
│  - plugins.entries.feishu: plugin feishu: duplicate plugin id detected;  │
│    later plugin may be overridden                                        │
│    (/home/tsl/openclaw/extensions/feishu/index.ts)                       │
│                                                                          │
├──────────────────────────────────────────────────────────────────────────╯
Config warnings:\n- plugins.entries.feishu: plugin feishu: duplicate plugin id detected; later plugin may be overridden (/home/tsl/openclaw/extensions/feishu/index.ts)
[info]: [ 'client ready' ]
✅ Sent via Feishu. Message ID: om_x100b55b3fd9604a0b27bd69e3998231 (chat ou_b3afb7d2133e4d689be523fc48f3d2b3)
[2026-03-05 02:36:33] ❌ VPN 未连接
[2026-03-05 02:36:33] 启动 FortiClient GUI...
[2026-03-05 02:36:36] ✅ FortiClient GUI 已启动
[2026-03-05 02:36:36] 尝试触发 VPN 连接...
[2026-03-05 02:36:36] 触发 VPN 连接...
[2026-03-05 02:36:36] 使用 GUI 自动化点击连接按钮...
[2026-03-05 02:36:36] ========================================
[2026-03-05 02:36:36] 开始 VPN 自动连接
[2026-03-05 02:36:36] ========================================
[2026-03-05 02:36:36] 设置 DISPLAY=:1
[2026-03-05 02:36:36] FortiClient 已在运行
[2026-03-05 02:36:39] 截图已保存: /home/tsl/openclaw/vpn-auto/debug_screen.png
[2026-03-05 02:36:39] 尝试 1/5...
[2026-03-05 02:36:39] 找到图像 saml_button_small.png 在位置: (60, 17)
[2026-03-05 02:36:39] 点击坐标: (60, 17)
[2026-03-05 02:36:39] ✅ 成功点击连接按钮
[2026-03-05 02:36:39] ✅ VPN 连接已触发（SAML 登录）
[2026-03-05 02:36:39] 请在手机上完成 MFA 认证
[2026-03-05 02:36:39] ✅ GUI 自动化成功
[2026-03-05 02:36:39] 发送飞书通知: ⚠️ VPN 连接已断开

VPN 状态：未连接
时间：2026-03-05 02:36:39

已自动启动 FortiClient 并触发 VPN 连接。
请在手机上完成 Microsoft MFA 认证：
1. 打开 Microsoft Authenticator 应用
2. 批准登录请求
3. 或输入验证码

如果未收到 MFA 请求，请手动点击 FortiClient 中的连接按钮。

> openclaw@2026.2.6-3 openclaw /home/tsl/openclaw
> node scripts/run-node.mjs message send --channel feishu --target ou_b3afb7d2133e4d689be523fc48f3d2b3 --message '⚠️ VPN 连接已断开

VPN 状态：未连接
时间：2026-03-05 02:36:39

已自动启动 FortiClient 并触发 VPN 连接。
请在手机上完成 Microsoft MFA 认证：
1. 打开 Microsoft Authenticator 应用
2. 批准登录请求
3. 或输入验证码

如果未收到 MFA 请求，请手动点击 FortiClient 中的连接按钮。'

Config warnings:\n- plugins.entries.feishu: plugin feishu: duplicate plugin id detected; later plugin may be overridden (/home/tsl/openclaw/extensions/feishu/index.ts)
[plugins] feishu_doc: Registered feishu_doc, feishu_app_scopes
[plugins] feishu_wiki: Registered feishu_wiki tool
[plugins] feishu_drive: Registered feishu_drive tool
[plugins] feishu_bitable: Registered 6 bitable tools
Config warnings:\n- plugins.entries.feishu: plugin feishu: duplicate plugin id detected; later plugin may be overridden (/home/tsl/openclaw/extensions/feishu/index.ts)
│
◇  Config warnings ────────────────────────────────────────────────────────╮
│                                                                          │
│  - plugins.entries.feishu: plugin feishu: duplicate plugin id detected;  │
│    later plugin may be overridden                                        │
│    (/home/tsl/openclaw/extensions/feishu/index.ts)                       │
│                                                                          │
├──────────────────────────────────────────────────────────────────────────╯
Config warnings:\n- plugins.entries.feishu: plugin feishu: duplicate plugin id detected; later plugin may be overridden (/home/tsl/openclaw/extensions/feishu/index.ts)
[info]: [ 'client ready' ]
✅ Sent via Feishu. Message ID: om_x100b55b3f577f0a8b2e13d5e57c15d3 (chat ou_b3afb7d2133e4d689be523fc48f3d2b3)
[2026-03-05 02:38:47] ✅ VPN 已连接
[2026-03-05 02:38:47] 发送飞书通知: ✅ VPN 连接已恢复

VPN 状态：已连接
时间：2026-03-05 02:38:47

可以正常访问外网了。

> openclaw@2026.2.6-3 openclaw /home/tsl/openclaw
> node scripts/run-node.mjs message send --channel feishu --target ou_b3afb7d2133e4d689be523fc48f3d2b3 --message '✅ VPN 连接已恢复

VPN 状态：已连接
时间：2026-03-05 02:38:47

可以正常访问外网了。'

Config warnings:\n- plugins.entries.feishu: plugin feishu: duplicate plugin id detected; later plugin may be overridden (/home/tsl/openclaw/extensions/feishu/index.ts)
[plugins] feishu_doc: Registered feishu_doc, feishu_app_scopes
[plugins] feishu_wiki: Registered feishu_wiki tool
[plugins] feishu_drive: Registered feishu_drive tool
[plugins] feishu_bitable: Registered 6 bitable tools
Config warnings:\n- plugins.entries.feishu: plugin feishu: duplicate plugin id detected; later plugin may be overridden (/home/tsl/openclaw/extensions/feishu/index.ts)
│
◇  Config warnings ────────────────────────────────────────────────────────╮
│                                                                          │
│  - plugins.entries.feishu: plugin feishu: duplicate plugin id detected;  │
│    later plugin may be overridden                                        │
│    (/home/tsl/openclaw/extensions/feishu/index.ts)                       │
│                                                                          │
├──────────────────────────────────────────────────────────────────────────╯
Config warnings:\n- plugins.entries.feishu: plugin feishu: duplicate plugin id detected; later plugin may be overridden (/home/tsl/openclaw/extensions/feishu/index.ts)
[info]: [ 'client ready' ]
✅ Sent via Feishu. Message ID: om_x100b55b38d0d44a0b2dc0b9213e59b1 (chat ou_b3afb7d2133e4d689be523fc48f3d2b3)
[2026-03-05 03:31:58] ❌ VPN 未连接
[2026-03-05 03:31:58] 启动 FortiClient GUI...
[2026-03-05 03:32:01] ✅ FortiClient GUI 已启动
[2026-03-05 03:32:01] 尝试触发 VPN 连接...
[2026-03-05 03:32:01] 触发 VPN 连接...
[2026-03-05 03:32:01] 使用 GUI 自动化点击连接按钮...
[2026-03-05 03:32:02] ========================================
[2026-03-05 03:32:02] 开始 VPN 自动连接
[2026-03-05 03:32:02] ========================================
[2026-03-05 03:32:02] 设置 DISPLAY=:1
[2026-03-05 03:32:02] FortiClient 已在运行
[2026-03-05 03:32:04] 截图已保存: /home/tsl/openclaw/vpn-auto/debug_screen.png
[2026-03-05 03:32:04] 尝试 1/5...
[2026-03-05 03:32:04] 找到图像 saml_button_small.png 在位置: (60, 17)
[2026-03-05 03:32:05] 点击坐标: (60, 17)
[2026-03-05 03:32:05] ✅ 成功点击连接按钮
[2026-03-05 03:32:05] ✅ VPN 连接已触发（SAML 登录）
[2026-03-05 03:32:05] 请在手机上完成 MFA 认证
[2026-03-05 03:32:05] ✅ GUI 自动化成功
[2026-03-05 03:32:05] 发送飞书通知: ⚠️ VPN 连接已断开

VPN 状态：未连接
时间：2026-03-05 03:32:05

已自动启动 FortiClient 并触发 VPN 连接。
请在手机上完成 Microsoft MFA 认证：
1. 打开 Microsoft Authenticator 应用
2. 批准登录请求
3. 或输入验证码

如果未收到 MFA 请求，请手动点击 FortiClient 中的连接按钮。

> openclaw@2026.2.6-3 openclaw /home/tsl/openclaw
> node scripts/run-node.mjs message send --channel feishu --target ou_b3afb7d2133e4d689be523fc48f3d2b3 --message '⚠️ VPN 连接已断开

VPN 状态：未连接
时间：2026-03-05 03:32:05

已自动启动 FortiClient 并触发 VPN 连接。
请在手机上完成 Microsoft MFA 认证：
1. 打开 Microsoft Authenticator 应用
2. 批准登录请求
3. 或输入验证码

如果未收到 MFA 请求，请手动点击 FortiClient 中的连接按钮。'

Config warnings:\n- plugins.entries.feishu: plugin feishu: duplicate plugin id detected; later plugin may be overridden (/home/tsl/openclaw/extensions/feishu/index.ts)
[plugins] feishu_doc: Registered feishu_doc, feishu_app_scopes
[plugins] feishu_wiki: Registered feishu_wiki tool
[plugins] feishu_drive: Registered feishu_drive tool
[plugins] feishu_bitable: Registered 6 bitable tools
Config warnings:\n- plugins.entries.feishu: plugin feishu: duplicate plugin id detected; later plugin may be overridden (/home/tsl/openclaw/extensions/feishu/index.ts)
│
◇  Config warnings ────────────────────────────────────────────────────────╮
│                                                                          │
│  - plugins.entries.feishu: plugin feishu: duplicate plugin id detected;  │
│    later plugin may be overridden                                        │
│    (/home/tsl/openclaw/extensions/feishu/index.ts)                       │
│                                                                          │
├──────────────────────────────────────────────────────────────────────────╯
Config warnings:\n- plugins.entries.feishu: plugin feishu: duplicate plugin id detected; later plugin may be overridden (/home/tsl/openclaw/extensions/feishu/index.ts)
[info]: [ 'client ready' ]
✅ Sent via Feishu. Message ID: om_x100b55bcc559fca8b2d202bfec214fe (chat ou_b3afb7d2133e4d689be523fc48f3d2b3)
[2026-03-05 03:34:12] ✅ VPN 已连接
[2026-03-05 03:34:12] 发送飞书通知: ✅ VPN 连接已恢复

VPN 状态：已连接
时间：2026-03-05 03:34:12

可以正常访问外网了。

> openclaw@2026.2.6-3 openclaw /home/tsl/openclaw
> node scripts/run-node.mjs message send --channel feishu --target ou_b3afb7d2133e4d689be523fc48f3d2b3 --message '✅ VPN 连接已恢复

VPN 状态：已连接
时间：2026-03-05 03:34:12

可以正常访问外网了。'

Config warnings:\n- plugins.entries.feishu: plugin feishu: duplicate plugin id detected; later plugin may be overridden (/home/tsl/openclaw/extensions/feishu/index.ts)
[plugins] feishu_doc: Registered feishu_doc, feishu_app_scopes
[plugins] feishu_wiki: Registered feishu_wiki tool
[plugins] feishu_drive: Registered feishu_drive tool
[plugins] feishu_bitable: Registered 6 bitable tools
Config warnings:\n- plugins.entries.feishu: plugin feishu: duplicate plugin id detected; later plugin may be overridden (/home/tsl/openclaw/extensions/feishu/index.ts)
│
◇  Config warnings ────────────────────────────────────────────────────────╮
│                                                                          │
│  - plugins.entries.feishu: plugin feishu: duplicate plugin id detected;  │
│    later plugin may be overridden                                        │
│    (/home/tsl/openclaw/extensions/feishu/index.ts)                       │
│                                                                          │
├──────────────────────────────────────────────────────────────────────────╯
Config warnings:\n- plugins.entries.feishu: plugin feishu: duplicate plugin id detected; later plugin may be overridden (/home/tsl/openclaw/extensions/feishu/index.ts)
[info]: [ 'client ready' ]
✅ Sent via Feishu. Message ID: om_x100b55bcdd5f7ca0b2c9bf429b9e8d9 (chat ou_b3afb7d2133e4d689be523fc48f3d2b3)
[2026-03-05 03:36:20] ❌ VPN 未连接
[2026-03-05 03:36:20] 启动 FortiClient GUI...
[2026-03-05 03:36:23] ✅ FortiClient GUI 已启动
[2026-03-05 03:36:23] 尝试触发 VPN 连接...
[2026-03-05 03:36:23] 触发 VPN 连接...
[2026-03-05 03:36:23] 使用 GUI 自动化点击连接按钮...
[2026-03-05 03:36:23] ========================================
[2026-03-05 03:36:23] 开始 VPN 自动连接
[2026-03-05 03:36:23] ========================================
[2026-03-05 03:36:23] 设置 DISPLAY=:1
[2026-03-05 03:36:23] FortiClient 已在运行
[2026-03-05 03:36:26] 截图已保存: /home/tsl/openclaw/vpn-auto/debug_screen.png
[2026-03-05 03:36:26] 尝试 1/5...
[2026-03-05 03:36:26] 找到图像 saml_button_small.png 在位置: (60, 17)
[2026-03-05 03:36:26] 点击坐标: (60, 17)
[2026-03-05 03:36:26] ✅ 成功点击连接按钮
[2026-03-05 03:36:26] ✅ VPN 连接已触发（SAML 登录）
[2026-03-05 03:36:26] 请在手机上完成 MFA 认证
[2026-03-05 03:36:26] ✅ GUI 自动化成功
[2026-03-05 03:36:26] 发送飞书通知: ⚠️ VPN 连接已断开

VPN 状态：未连接
时间：2026-03-05 03:36:26

已自动启动 FortiClient 并触发 VPN 连接。
请在手机上完成 Microsoft MFA 认证：
1. 打开 Microsoft Authenticator 应用
2. 批准登录请求
3. 或输入验证码

如果未收到 MFA 请求，请手动点击 FortiClient 中的连接按钮。

> openclaw@2026.2.6-3 openclaw /home/tsl/openclaw
> node scripts/run-node.mjs message send --channel feishu --target ou_b3afb7d2133e4d689be523fc48f3d2b3 --message '⚠️ VPN 连接已断开

VPN 状态：未连接
时间：2026-03-05 03:36:26

已自动启动 FortiClient 并触发 VPN 连接。
请在手机上完成 Microsoft MFA 认证：
1. 打开 Microsoft Authenticator 应用
2. 批准登录请求
3. 或输入验证码

如果未收到 MFA 请求，请手动点击 FortiClient 中的连接按钮。'

Config warnings:\n- plugins.entries.feishu: plugin feishu: duplicate plugin id detected; later plugin may be overridden (/home/tsl/openclaw/extensions/feishu/index.ts)
[plugins] feishu_doc: Registered feishu_doc, feishu_app_scopes
[plugins] feishu_wiki: Registered feishu_wiki tool
[plugins] feishu_drive: Registered feishu_drive tool
[plugins] feishu_bitable: Registered 6 bitable tools
Config warnings:\n- plugins.entries.feishu: plugin feishu: duplicate plugin id detected; later plugin may be overridden (/home/tsl/openclaw/extensions/feishu/index.ts)
│
◇  Config warnings ────────────────────────────────────────────────────────╮
│                                                                          │
│  - plugins.entries.feishu: plugin feishu: duplicate plugin id detected;  │
│    later plugin may be overridden                                        │
│    (/home/tsl/openclaw/extensions/feishu/index.ts)                       │
│                                                                          │
├──────────────────────────────────────────────────────────────────────────╯
Config warnings:\n- plugins.entries.feishu: plugin feishu: duplicate plugin id detected; later plugin may be overridden (/home/tsl/openclaw/extensions/feishu/index.ts)
[info]: [ 'client ready' ]
✅ Sent via Feishu. Message ID: om_x100b55bcd53e98a0b32fa546f9f9625 (chat ou_b3afb7d2133e4d689be523fc48f3d2b3)
[2026-03-05 03:44:53] ✅ VPN 已连接
[2026-03-05 03:44:53] 发送飞书通知: ✅ VPN 连接已恢复

VPN 状态：已连接
时间：2026-03-05 03:44:53

可以正常访问外网了。

> openclaw@2026.2.6-3 openclaw /home/tsl/openclaw
> node scripts/run-node.mjs message send --channel feishu --target ou_b3afb7d2133e4d689be523fc48f3d2b3 --message '✅ VPN 连接已恢复

VPN 状态：已连接
时间：2026-03-05 03:44:53

可以正常访问外网了。'

Config warnings:\n- plugins.entries.feishu: plugin feishu: duplicate plugin id detected; later plugin may be overridden (/home/tsl/openclaw/extensions/feishu/index.ts)
[plugins] feishu_doc: Registered feishu_doc, feishu_app_scopes
[plugins] feishu_wiki: Registered feishu_wiki tool
[plugins] feishu_drive: Registered feishu_drive tool
[plugins] feishu_bitable: Registered 6 bitable tools
Config warnings:\n- plugins.entries.feishu: plugin feishu: duplicate plugin id detected; later plugin may be overridden (/home/tsl/openclaw/extensions/feishu/index.ts)
│
◇  Config warnings ────────────────────────────────────────────────────────╮
│                                                                          │
│  - plugins.entries.feishu: plugin feishu: duplicate plugin id detected;  │
│    later plugin may be overridden                                        │
│    (/home/tsl/openclaw/extensions/feishu/index.ts)                       │
│                                                                          │
├──────────────────────────────────────────────────────────────────────────╯
Config warnings:\n- plugins.entries.feishu: plugin feishu: duplicate plugin id detected; later plugin may be overridden (/home/tsl/openclaw/extensions/feishu/index.ts)
[info]: [ 'client ready' ]
✅ Sent via Feishu. Message ID: om_x100b55bcf56db8a0b39bf6c9795660c (chat ou_b3afb7d2133e4d689be523fc48f3d2b3)
[2026-03-05 04:32:04] ❌ VPN 未连接
[2026-03-05 04:32:04] 启动 FortiClient GUI...
[2026-03-05 04:32:07] ✅ FortiClient GUI 已启动
[2026-03-05 04:32:07] 尝试触发 VPN 连接...
[2026-03-05 04:32:07] 触发 VPN 连接...
[2026-03-05 04:32:07] 使用 GUI 自动化点击连接按钮...
[2026-03-05 04:32:07] ========================================
[2026-03-05 04:32:07] 开始 VPN 自动连接
[2026-03-05 04:32:07] ========================================
[2026-03-05 04:32:07] 设置 DISPLAY=:1
[2026-03-05 04:32:07] FortiClient 已在运行
[2026-03-05 04:32:10] 截图已保存: /home/tsl/openclaw/vpn-auto/debug_screen.png
[2026-03-05 04:32:10] 尝试 1/5...
[2026-03-05 04:32:10] 找到图像 saml_button_small.png 在位置: (60, 17)
[2026-03-05 04:32:10] 点击坐标: (60, 17)
[2026-03-05 04:32:10] ✅ 成功点击连接按钮
[2026-03-05 04:32:10] ✅ VPN 连接已触发（SAML 登录）
[2026-03-05 04:32:10] 请在手机上完成 MFA 认证
[2026-03-05 04:32:10] ✅ GUI 自动化成功
[2026-03-05 04:32:10] 发送飞书通知: ⚠️ VPN 连接已断开

VPN 状态：未连接
时间：2026-03-05 04:32:10

已自动启动 FortiClient 并触发 VPN 连接。
请在手机上完成 Microsoft MFA 认证：
1. 打开 Microsoft Authenticator 应用
2. 批准登录请求
3. 或输入验证码

如果未收到 MFA 请求，请手动点击 FortiClient 中的连接按钮。

> openclaw@2026.2.6-3 openclaw /home/tsl/openclaw
> node scripts/run-node.mjs message send --channel feishu --target ou_b3afb7d2133e4d689be523fc48f3d2b3 --message '⚠️ VPN 连接已断开

VPN 状态：未连接
时间：2026-03-05 04:32:10

已自动启动 FortiClient 并触发 VPN 连接。
请在手机上完成 Microsoft MFA 认证：
1. 打开 Microsoft Authenticator 应用
2. 批准登录请求
3. 或输入验证码

如果未收到 MFA 请求，请手动点击 FortiClient 中的连接按钮。'

 ELIFECYCLE  Command failed.
Terminated
Config warnings:\n- plugins.entries.feishu: plugin feishu: duplicate plugin id detected; later plugin may be overridden (/home/tsl/openclaw/extensions/feishu/index.ts)
[plugins] feishu_doc: Registered feishu_doc, feishu_app_scopes
[plugins] feishu_wiki: Registered feishu_wiki tool
[plugins] feishu_drive: Registered feishu_drive tool
[plugins] feishu_bitable: Registered 6 bitable tools
Config warnings:\n- plugins.entries.feishu: plugin feishu: duplicate plugin id detected; later plugin may be overridden (/home/tsl/openclaw/extensions/feishu/index.ts)
│
◇  Config warnings ────────────────────────────────────────────────────────╮
│                                                                          │
│  - plugins.entries.feishu: plugin feishu: duplicate plugin id detected;  │
│    later plugin may be overridden                                        │
│    (/home/tsl/openclaw/extensions/feishu/index.ts)                       │
│                                                                          │
├──────────────────────────────────────────────────────────────────────────╯
Config warnings:\n- plugins.entries.feishu: plugin feishu: duplicate plugin id detected; later plugin may be overridden (/home/tsl/openclaw/extensions/feishu/index.ts)
[info]: [ 'client ready' ]
✅ Sent via Feishu. Message ID: om_x100b55bd2223a0a0b299ab6c617f852 (chat ou_b3afb7d2133e4d689be523fc48f3d2b3)
[2026-03-05 04:36:24] ✅ VPN 已连接
[2026-03-05 04:36:24] 发送飞书通知: ✅ VPN 连接已恢复

VPN 状态：已连接
时间：2026-03-05 04:36:24

可以正常访问外网了。

> openclaw@2026.2.6-3 openclaw /home/tsl/openclaw
> node scripts/run-node.mjs message send --channel feishu --target ou_b3afb7d2133e4d689be523fc48f3d2b3 --message '✅ VPN 连接已恢复

VPN 状态：已连接
时间：2026-03-05 04:36:24

可以正常访问外网了。'

Config warnings:\n- plugins.entries.feishu: plugin feishu: duplicate plugin id detected; later plugin may be overridden (/home/tsl/openclaw/extensions/feishu/index.ts)
[plugins] feishu_doc: Registered feishu_doc, feishu_app_scopes
[plugins] feishu_wiki: Registered feishu_wiki tool
[plugins] feishu_drive: Registered feishu_drive tool
[plugins] feishu_bitable: Registered 6 bitable tools
Config warnings:\n- plugins.entries.feishu: plugin feishu: duplicate plugin id detected; later plugin may be overridden (/home/tsl/openclaw/extensions/feishu/index.ts)
│
◇  Config warnings ────────────────────────────────────────────────────────╮
│                                                                          │
│  - plugins.entries.feishu: plugin feishu: duplicate plugin id detected;  │
│    later plugin may be overridden                                        │
│    (/home/tsl/openclaw/extensions/feishu/index.ts)                       │
│                                                                          │
├──────────────────────────────────────────────────────────────────────────╯
Config warnings:\n- plugins.entries.feishu: plugin feishu: duplicate plugin id detected; later plugin may be overridden (/home/tsl/openclaw/extensions/feishu/index.ts)
[info]: [ 'client ready' ]
✅ Sent via Feishu. Message ID: om_x100b55bd32265ca4b20fd25b94f104d (chat ou_b3afb7d2133e4d689be523fc48f3d2b3)
[2026-03-05 05:01:35] ❌ VPN 未连接
[2026-03-05 05:01:35] 启动 FortiClient GUI...
[2026-03-05 05:01:38] ✅ FortiClient GUI 已启动
[2026-03-05 05:01:38] 尝试触发 VPN 连接...
[2026-03-05 05:01:38] 触发 VPN 连接...
[2026-03-05 05:01:38] 使用 GUI 自动化点击连接按钮...
[2026-03-05 05:01:39] ========================================
[2026-03-05 05:01:39] 开始 VPN 自动连接
[2026-03-05 05:01:39] ========================================
[2026-03-05 05:01:39] 设置 DISPLAY=:1
[2026-03-05 05:01:39] FortiClient 已在运行
[2026-03-05 05:01:41] 截图已保存: /home/tsl/openclaw/vpn-auto/debug_screen.png
[2026-03-05 05:01:41] 尝试 1/5...
[2026-03-05 05:01:41] 找到图像 saml_button_small.png 在位置: (60, 17)
[2026-03-05 05:01:41] 点击坐标: (60, 17)
[2026-03-05 05:01:41] ✅ 成功点击连接按钮
[2026-03-05 05:01:41] ✅ VPN 连接已触发（SAML 登录）
[2026-03-05 05:01:41] 请在手机上完成 MFA 认证
[2026-03-05 05:01:42] ✅ GUI 自动化成功
[2026-03-05 05:01:42] 发送飞书通知: ⚠️ VPN 连接已断开

VPN 状态：未连接
时间：2026-03-05 05:01:42

已自动启动 FortiClient 并触发 VPN 连接。
请在手机上完成 Microsoft MFA 认证：
1. 打开 Microsoft Authenticator 应用
2. 批准登录请求
3. 或输入验证码

如果未收到 MFA 请求，请手动点击 FortiClient 中的连接按钮。

> openclaw@2026.2.6-3 openclaw /home/tsl/openclaw
> node scripts/run-node.mjs message send --channel feishu --target ou_b3afb7d2133e4d689be523fc48f3d2b3 --message '⚠️ VPN 连接已断开

VPN 状态：未连接
时间：2026-03-05 05:01:42

已自动启动 FortiClient 并触发 VPN 连接。
请在手机上完成 Microsoft MFA 认证：
1. 打开 Microsoft Authenticator 应用
2. 批准登录请求
3. 或输入验证码

如果未收到 MFA 请求，请手动点击 FortiClient 中的连接按钮。'

Config warnings:\n- plugins.entries.feishu: plugin feishu: duplicate plugin id detected; later plugin may be overridden (/home/tsl/openclaw/extensions/feishu/index.ts)
[plugins] feishu_doc: Registered feishu_doc, feishu_app_scopes
[plugins] feishu_wiki: Registered feishu_wiki tool
[plugins] feishu_drive: Registered feishu_drive tool
[plugins] feishu_bitable: Registered 6 bitable tools
Config warnings:\n- plugins.entries.feishu: plugin feishu: duplicate plugin id detected; later plugin may be overridden (/home/tsl/openclaw/extensions/feishu/index.ts)
│
◇  Config warnings ────────────────────────────────────────────────────────╮
│                                                                          │
│  - plugins.entries.feishu: plugin feishu: duplicate plugin id detected;  │
│    later plugin may be overridden                                        │
│    (/home/tsl/openclaw/extensions/feishu/index.ts)                       │
│                                                                          │
├──────────────────────────────────────────────────────────────────────────╯
Config warnings:\n- plugins.entries.feishu: plugin feishu: duplicate plugin id detected; later plugin may be overridden (/home/tsl/openclaw/extensions/feishu/index.ts)
[info]: [ 'client ready' ]
✅ Sent via Feishu. Message ID: om_x100b55bd956838a8b2e6217cc09d6d4 (chat ou_b3afb7d2133e4d689be523fc48f3d2b3)
[2026-03-05 05:12:14] ✅ VPN 已连接
[2026-03-05 05:12:14] 发送飞书通知: ✅ VPN 连接已恢复

VPN 状态：已连接
时间：2026-03-05 05:12:14

可以正常访问外网了。

> openclaw@2026.2.6-3 openclaw /home/tsl/openclaw
> node scripts/run-node.mjs message send --channel feishu --target ou_b3afb7d2133e4d689be523fc48f3d2b3 --message '✅ VPN 连接已恢复

VPN 状态：已连接
时间：2026-03-05 05:12:14

可以正常访问外网了。'

Config warnings:\n- plugins.entries.feishu: plugin feishu: duplicate plugin id detected; later plugin may be overridden (/home/tsl/openclaw/extensions/feishu/index.ts)
[plugins] feishu_doc: Registered feishu_doc, feishu_app_scopes
[plugins] feishu_wiki: Registered feishu_wiki tool
[plugins] feishu_drive: Registered feishu_drive tool
[plugins] feishu_bitable: Registered 6 bitable tools
Config warnings:\n- plugins.entries.feishu: plugin feishu: duplicate plugin id detected; later plugin may be overridden (/home/tsl/openclaw/extensions/feishu/index.ts)
│
◇  Config warnings ────────────────────────────────────────────────────────╮
│                                                                          │
│  - plugins.entries.feishu: plugin feishu: duplicate plugin id detected;  │
│    later plugin may be overridden                                        │
│    (/home/tsl/openclaw/extensions/feishu/index.ts)                       │
│                                                                          │
├──────────────────────────────────────────────────────────────────────────╯
Config warnings:\n- plugins.entries.feishu: plugin feishu: duplicate plugin id detected; later plugin may be overridden (/home/tsl/openclaw/extensions/feishu/index.ts)
[info]: [ 'client ready' ]
✅ Sent via Feishu. Message ID: om_x100b55be4df8b8a4b496c7aeecd2bc1 (chat ou_b3afb7d2133e4d689be523fc48f3d2b3)
[2026-03-05 05:31:24] ❌ VPN 未连接
[2026-03-05 05:31:24] 启动 FortiClient GUI...
[2026-03-05 05:31:27] ✅ FortiClient GUI 已启动
[2026-03-05 05:31:27] 尝试触发 VPN 连接...
[2026-03-05 05:31:27] 触发 VPN 连接...
[2026-03-05 05:31:27] 使用 GUI 自动化点击连接按钮...
[2026-03-05 05:31:27] ========================================
[2026-03-05 05:31:27] 开始 VPN 自动连接
[2026-03-05 05:31:27] ========================================
[2026-03-05 05:31:27] 设置 DISPLAY=:1
[2026-03-05 05:31:27] FortiClient 已在运行
[2026-03-05 05:31:30] 截图已保存: /home/tsl/openclaw/vpn-auto/debug_screen.png
[2026-03-05 05:31:30] 尝试 1/5...
[2026-03-05 05:31:30] 找到图像 saml_button_small.png 在位置: (60, 17)
[2026-03-05 05:31:30] 点击坐标: (60, 17)
[2026-03-05 05:31:30] ✅ 成功点击连接按钮
[2026-03-05 05:31:30] ✅ VPN 连接已触发（SAML 登录）
[2026-03-05 05:31:30] 请在手机上完成 MFA 认证
[2026-03-05 05:31:30] ✅ GUI 自动化成功
[2026-03-05 05:31:30] 发送飞书通知: ⚠️ VPN 连接已断开

VPN 状态：未连接
时间：2026-03-05 05:31:30

已自动启动 FortiClient 并触发 VPN 连接。
请在手机上完成 Microsoft MFA 认证：
1. 打开 Microsoft Authenticator 应用
2. 批准登录请求
3. 或输入验证码

如果未收到 MFA 请求，请手动点击 FortiClient 中的连接按钮。

> openclaw@2026.2.6-3 openclaw /home/tsl/openclaw
> node scripts/run-node.mjs message send --channel feishu --target ou_b3afb7d2133e4d689be523fc48f3d2b3 --message '⚠️ VPN 连接已断开

VPN 状态：未连接
时间：2026-03-05 05:31:30

已自动启动 FortiClient 并触发 VPN 连接。
请在手机上完成 Microsoft MFA 认证：
1. 打开 Microsoft Authenticator 应用
2. 批准登录请求
3. 或输入验证码

如果未收到 MFA 请求，请手动点击 FortiClient 中的连接按钮。'

Config warnings:\n- plugins.entries.feishu: plugin feishu: duplicate plugin id detected; later plugin may be overridden (/home/tsl/openclaw/extensions/feishu/index.ts)
[plugins] feishu_doc: Registered feishu_doc, feishu_app_scopes
[plugins] feishu_wiki: Registered feishu_wiki tool
[plugins] feishu_drive: Registered feishu_drive tool
[plugins] feishu_bitable: Registered 6 bitable tools
Config warnings:\n- plugins.entries.feishu: plugin feishu: duplicate plugin id detected; later plugin may be overridden (/home/tsl/openclaw/extensions/feishu/index.ts)
│
◇  Config warnings ────────────────────────────────────────────────────────╮
│                                                                          │
│  - plugins.entries.feishu: plugin feishu: duplicate plugin id detected;  │
│    later plugin may be overridden                                        │
│    (/home/tsl/openclaw/extensions/feishu/index.ts)                       │
│                                                                          │
├──────────────────────────────────────────────────────────────────────────╯
Config warnings:\n- plugins.entries.feishu: plugin feishu: duplicate plugin id detected; later plugin may be overridden (/home/tsl/openclaw/extensions/feishu/index.ts)
[info]: [ 'client ready' ]
✅ Sent via Feishu. Message ID: om_x100b55be05a584a4b32058900f4a575 (chat ou_b3afb7d2133e4d689be523fc48f3d2b3)
[2026-03-05 05:42:02] ✅ VPN 已连接
[2026-03-05 05:42:02] 发送飞书通知: ✅ VPN 连接已恢复

VPN 状态：已连接
时间：2026-03-05 05:42:02

可以正常访问外网了。

> openclaw@2026.2.6-3 openclaw /home/tsl/openclaw
> node scripts/run-node.mjs message send --channel feishu --target ou_b3afb7d2133e4d689be523fc48f3d2b3 --message '✅ VPN 连接已恢复

VPN 状态：已连接
时间：2026-03-05 05:42:02

可以正常访问外网了。'

Config warnings:\n- plugins.entries.feishu: plugin feishu: duplicate plugin id detected; later plugin may be overridden (/home/tsl/openclaw/extensions/feishu/index.ts)
[plugins] feishu_doc: Registered feishu_doc, feishu_app_scopes
[plugins] feishu_wiki: Registered feishu_wiki tool
[plugins] feishu_drive: Registered feishu_drive tool
[plugins] feishu_bitable: Registered 6 bitable tools
Config warnings:\n- plugins.entries.feishu: plugin feishu: duplicate plugin id detected; later plugin may be overridden (/home/tsl/openclaw/extensions/feishu/index.ts)
│
◇  Config warnings ────────────────────────────────────────────────────────╮
│                                                                          │
│  - plugins.entries.feishu: plugin feishu: duplicate plugin id detected;  │
│    later plugin may be overridden                                        │
│    (/home/tsl/openclaw/extensions/feishu/index.ts)                       │
│                                                                          │
├──────────────────────────────────────────────────────────────────────────╯
Config warnings:\n- plugins.entries.feishu: plugin feishu: duplicate plugin id detected; later plugin may be overridden (/home/tsl/openclaw/extensions/feishu/index.ts)
[info]: [ 'client ready' ]
✅ Sent via Feishu. Message ID: om_x100b55be3c3afca0b387e0a31786f1a (chat ou_b3afb7d2133e4d689be523fc48f3d2b3)
[2026-03-05 06:31:13] ❌ VPN 未连接
[2026-03-05 06:31:13] 启动 FortiClient GUI...
[2026-03-05 06:31:16] ✅ FortiClient GUI 已启动
[2026-03-05 06:31:16] 尝试触发 VPN 连接...
[2026-03-05 06:31:16] 触发 VPN 连接...
[2026-03-05 06:31:16] 使用 GUI 自动化点击连接按钮...
[2026-03-05 06:31:17] ========================================
[2026-03-05 06:31:17] 开始 VPN 自动连接
[2026-03-05 06:31:17] ========================================
[2026-03-05 06:31:17] 设置 DISPLAY=:1
[2026-03-05 06:31:17] FortiClient 已在运行
[2026-03-05 06:31:19] 截图已保存: /home/tsl/openclaw/vpn-auto/debug_screen.png
[2026-03-05 06:31:19] 尝试 1/5...
[2026-03-05 06:31:20] 找到图像 saml_button_small.png 在位置: (60, 17)
[2026-03-05 06:31:20] 点击坐标: (60, 17)
[2026-03-05 06:31:20] ✅ 成功点击连接按钮
[2026-03-05 06:31:20] ✅ VPN 连接已触发（SAML 登录）
[2026-03-05 06:31:20] 请在手机上完成 MFA 认证
[2026-03-05 06:31:20] ✅ GUI 自动化成功
[2026-03-05 06:31:20] 发送飞书通知: ⚠️ VPN 连接已断开

VPN 状态：未连接
时间：2026-03-05 06:31:20

已自动启动 FortiClient 并触发 VPN 连接。
请在手机上完成 Microsoft MFA 认证：
1. 打开 Microsoft Authenticator 应用
2. 批准登录请求
3. 或输入验证码

如果未收到 MFA 请求，请手动点击 FortiClient 中的连接按钮。

> openclaw@2026.2.6-3 openclaw /home/tsl/openclaw
> node scripts/run-node.mjs message send --channel feishu --target ou_b3afb7d2133e4d689be523fc48f3d2b3 --message '⚠️ VPN 连接已断开

VPN 状态：未连接
时间：2026-03-05 06:31:20

已自动启动 FortiClient 并触发 VPN 连接。
请在手机上完成 Microsoft MFA 认证：
1. 打开 Microsoft Authenticator 应用
2. 批准登录请求
3. 或输入验证码

如果未收到 MFA 请求，请手动点击 FortiClient 中的连接按钮。'

Config warnings:\n- plugins.entries.feishu: plugin feishu: duplicate plugin id detected; later plugin may be overridden (/home/tsl/openclaw/extensions/feishu/index.ts)
 ELIFECYCLE  Command failed.
Terminated
[plugins] feishu_doc: Registered feishu_doc, feishu_app_scopes
[plugins] feishu_wiki: Registered feishu_wiki tool
[plugins] feishu_drive: Registered feishu_drive tool
[plugins] feishu_bitable: Registered 6 bitable tools
Config warnings:\n- plugins.entries.feishu: plugin feishu: duplicate plugin id detected; later plugin may be overridden (/home/tsl/openclaw/extensions/feishu/index.ts)
│
◇  Config warnings ────────────────────────────────────────────────────────╮
│                                                                          │
│  - plugins.entries.feishu: plugin feishu: duplicate plugin id detected;  │
│    later plugin may be overridden                                        │
│    (/home/tsl/openclaw/extensions/feishu/index.ts)                       │
│                                                                          │
├──────────────────────────────────────────────────────────────────────────╯
Config warnings:\n- plugins.entries.feishu: plugin feishu: duplicate plugin id detected; later plugin may be overridden (/home/tsl/openclaw/extensions/feishu/index.ts)
[info]: [ 'client ready' ]
✅ Sent via Feishu. Message ID: om_x100b55bf650850a0b33b79dd5e25e54 (chat ou_b3afb7d2133e4d689be523fc48f3d2b3)
[2026-03-05 06:40:49] ✅ VPN 已连接
[2026-03-05 06:40:49] 发送飞书通知: ✅ VPN 连接已恢复

VPN 状态：已连接
时间：2026-03-05 06:40:49

可以正常访问外网了。

> openclaw@2026.2.6-3 openclaw /home/tsl/openclaw
> node scripts/run-node.mjs message send --channel feishu --target ou_b3afb7d2133e4d689be523fc48f3d2b3 --message '✅ VPN 连接已恢复

VPN 状态：已连接
时间：2026-03-05 06:40:49

可以正常访问外网了。'

Config warnings:\n- plugins.entries.feishu: plugin feishu: duplicate plugin id detected; later plugin may be overridden (/home/tsl/openclaw/extensions/feishu/index.ts)
[plugins] feishu_doc: Registered feishu_doc, feishu_app_scopes
[plugins] feishu_wiki: Registered feishu_wiki tool
[plugins] feishu_drive: Registered feishu_drive tool
[plugins] feishu_bitable: Registered 6 bitable tools
Config warnings:\n- plugins.entries.feishu: plugin feishu: duplicate plugin id detected; later plugin may be overridden (/home/tsl/openclaw/extensions/feishu/index.ts)
│
◇  Config warnings ────────────────────────────────────────────────────────╮
│                                                                          │
│  - plugins.entries.feishu: plugin feishu: duplicate plugin id detected;  │
│    later plugin may be overridden                                        │
│    (/home/tsl/openclaw/extensions/feishu/index.ts)                       │
│                                                                          │
├──────────────────────────────────────────────────────────────────────────╯
Config warnings:\n- plugins.entries.feishu: plugin feishu: duplicate plugin id detected; later plugin may be overridden (/home/tsl/openclaw/extensions/feishu/index.ts)
[info]: [ 'client ready' ]
✅ Sent via Feishu. Message ID: om_x100b55bf01af28a0b2dee3ae781bce2 (chat ou_b3afb7d2133e4d689be523fc48f3d2b3)
[2026-03-05 07:01:59] ❌ VPN 未连接
[2026-03-05 07:01:59] 启动 FortiClient GUI...
[2026-03-05 07:02:02] ✅ FortiClient GUI 已启动
[2026-03-05 07:02:02] 尝试触发 VPN 连接...
[2026-03-05 07:02:02] 触发 VPN 连接...
[2026-03-05 07:02:02] 使用 GUI 自动化点击连接按钮...
[2026-03-05 07:02:02] ========================================
[2026-03-05 07:02:02] 开始 VPN 自动连接
[2026-03-05 07:02:02] ========================================
[2026-03-05 07:02:02] 设置 DISPLAY=:1
[2026-03-05 07:02:02] FortiClient 已在运行
[2026-03-05 07:02:05] 截图已保存: /home/tsl/openclaw/vpn-auto/debug_screen.png
[2026-03-05 07:02:05] 尝试 1/5...
[2026-03-05 07:02:05] 找到图像 saml_button_small.png 在位置: (60, 17)
[2026-03-05 07:02:05] 点击坐标: (60, 17)
[2026-03-05 07:02:05] ✅ 成功点击连接按钮
[2026-03-05 07:02:05] ✅ VPN 连接已触发（SAML 登录）
[2026-03-05 07:02:05] 请在手机上完成 MFA 认证
[2026-03-05 07:02:05] ✅ GUI 自动化成功
[2026-03-05 07:02:05] 发送飞书通知: ⚠️ VPN 连接已断开

VPN 状态：未连接
时间：2026-03-05 07:02:05

已自动启动 FortiClient 并触发 VPN 连接。
请在手机上完成 Microsoft MFA 认证：
1. 打开 Microsoft Authenticator 应用
2. 批准登录请求
3. 或输入验证码

如果未收到 MFA 请求，请手动点击 FortiClient 中的连接按钮。

> openclaw@2026.2.6-3 openclaw /home/tsl/openclaw
> node scripts/run-node.mjs message send --channel feishu --target ou_b3afb7d2133e4d689be523fc48f3d2b3 --message '⚠️ VPN 连接已断开

VPN 状态：未连接
时间：2026-03-05 07:02:05

已自动启动 FortiClient 并触发 VPN 连接。
请在手机上完成 Microsoft MFA 认证：
1. 打开 Microsoft Authenticator 应用
2. 批准登录请求
3. 或输入验证码

如果未收到 MFA 请求，请手动点击 FortiClient 中的连接按钮。'

Config warnings:\n- plugins.entries.feishu: plugin feishu: duplicate plugin id detected; later plugin may be overridden (/home/tsl/openclaw/extensions/feishu/index.ts)
[plugins] feishu_doc: Registered feishu_doc, feishu_app_scopes
[plugins] feishu_wiki: Registered feishu_wiki tool
[plugins] feishu_drive: Registered feishu_drive tool
[plugins] feishu_bitable: Registered 6 bitable tools
Config warnings:\n- plugins.entries.feishu: plugin feishu: duplicate plugin id detected; later plugin may be overridden (/home/tsl/openclaw/extensions/feishu/index.ts)
│
◇  Config warnings ────────────────────────────────────────────────────────╮
│                                                                          │
│  - plugins.entries.feishu: plugin feishu: duplicate plugin id detected;  │
│    later plugin may be overridden                                        │
│    (/home/tsl/openclaw/extensions/feishu/index.ts)                       │
│                                                                          │
├──────────────────────────────────────────────────────────────────────────╯
Config warnings:\n- plugins.entries.feishu: plugin feishu: duplicate plugin id detected; later plugin may be overridden (/home/tsl/openclaw/extensions/feishu/index.ts)
[info]: [ 'client ready' ]
✅ Sent via Feishu. Message ID: om_x100b55bfd1d468a0b4b903a27eee4a8 (chat ou_b3afb7d2133e4d689be523fc48f3d2b3)
[2026-03-05 07:04:13] ✅ VPN 已连接
[2026-03-05 07:04:13] 发送飞书通知: ✅ VPN 连接已恢复

VPN 状态：已连接
时间：2026-03-05 07:04:13

可以正常访问外网了。

> openclaw@2026.2.6-3 openclaw /home/tsl/openclaw
> node scripts/run-node.mjs message send --channel feishu --target ou_b3afb7d2133e4d689be523fc48f3d2b3 --message '✅ VPN 连接已恢复

VPN 状态：已连接
时间：2026-03-05 07:04:13

可以正常访问外网了。'

Config warnings:\n- plugins.entries.feishu: plugin feishu: duplicate plugin id detected; later plugin may be overridden (/home/tsl/openclaw/extensions/feishu/index.ts)
[plugins] feishu_doc: Registered feishu_doc, feishu_app_scopes
[plugins] feishu_wiki: Registered feishu_wiki tool
[plugins] feishu_drive: Registered feishu_drive tool
[plugins] feishu_bitable: Registered 6 bitable tools
Config warnings:\n- plugins.entries.feishu: plugin feishu: duplicate plugin id detected; later plugin may be overridden (/home/tsl/openclaw/extensions/feishu/index.ts)
│
◇  Config warnings ────────────────────────────────────────────────────────╮
│                                                                          │
│  - plugins.entries.feishu: plugin feishu: duplicate plugin id detected;  │
│    later plugin may be overridden                                        │
│    (/home/tsl/openclaw/extensions/feishu/index.ts)                       │
│                                                                          │
├──────────────────────────────────────────────────────────────────────────╯
Config warnings:\n- plugins.entries.feishu: plugin feishu: duplicate plugin id detected; later plugin may be overridden (/home/tsl/openclaw/extensions/feishu/index.ts)
[info]: [ 'client ready' ]
✅ Sent via Feishu. Message ID: om_x100b55bfe9d360a4b326b53423c5390 (chat ou_b3afb7d2133e4d689be523fc48f3d2b3)
[2026-03-05 07:06:21] ❌ VPN 未连接
[2026-03-05 07:06:21] 启动 FortiClient GUI...
[2026-03-05 07:06:24] ✅ FortiClient GUI 已启动
[2026-03-05 07:06:24] 尝试触发 VPN 连接...
[2026-03-05 07:06:24] 触发 VPN 连接...
[2026-03-05 07:06:24] 使用 GUI 自动化点击连接按钮...
[2026-03-05 07:06:24] ========================================
[2026-03-05 07:06:24] 开始 VPN 自动连接
[2026-03-05 07:06:24] ========================================
[2026-03-05 07:06:24] 设置 DISPLAY=:1
[2026-03-05 07:06:24] FortiClient 已在运行
[2026-03-05 07:06:27] 截图已保存: /home/tsl/openclaw/vpn-auto/debug_screen.png
[2026-03-05 07:06:27] 尝试 1/5...
[2026-03-05 07:06:27] 找到图像 saml_button_small.png 在位置: (60, 17)
[2026-03-05 07:06:27] 点击坐标: (60, 17)
[2026-03-05 07:06:27] ✅ 成功点击连接按钮
[2026-03-05 07:06:27] ✅ VPN 连接已触发（SAML 登录）
[2026-03-05 07:06:27] 请在手机上完成 MFA 认证
[2026-03-05 07:06:27] ✅ GUI 自动化成功
[2026-03-05 07:06:27] 发送飞书通知: ⚠️ VPN 连接已断开

VPN 状态：未连接
时间：2026-03-05 07:06:27

已自动启动 FortiClient 并触发 VPN 连接。
请在手机上完成 Microsoft MFA 认证：
1. 打开 Microsoft Authenticator 应用
2. 批准登录请求
3. 或输入验证码

如果未收到 MFA 请求，请手动点击 FortiClient 中的连接按钮。

> openclaw@2026.2.6-3 openclaw /home/tsl/openclaw
> node scripts/run-node.mjs message send --channel feishu --target ou_b3afb7d2133e4d689be523fc48f3d2b3 --message '⚠️ VPN 连接已断开

VPN 状态：未连接
时间：2026-03-05 07:06:27

已自动启动 FortiClient 并触发 VPN 连接。
请在手机上完成 Microsoft MFA 认证：
1. 打开 Microsoft Authenticator 应用
2. 批准登录请求
3. 或输入验证码

如果未收到 MFA 请求，请手动点击 FortiClient 中的连接按钮。'

Config warnings:\n- plugins.entries.feishu: plugin feishu: duplicate plugin id detected; later plugin may be overridden (/home/tsl/openclaw/extensions/feishu/index.ts)
[plugins] feishu_doc: Registered feishu_doc, feishu_app_scopes
[plugins] feishu_wiki: Registered feishu_wiki tool
[plugins] feishu_drive: Registered feishu_drive tool
[plugins] feishu_bitable: Registered 6 bitable tools
Config warnings:\n- plugins.entries.feishu: plugin feishu: duplicate plugin id detected; later plugin may be overridden (/home/tsl/openclaw/extensions/feishu/index.ts)
│
◇  Config warnings ────────────────────────────────────────────────────────╮
│                                                                          │
│  - plugins.entries.feishu: plugin feishu: duplicate plugin id detected;  │
│    later plugin may be overridden                                        │
│    (/home/tsl/openclaw/extensions/feishu/index.ts)                       │
│                                                                          │
├──────────────────────────────────────────────────────────────────────────╯
Config warnings:\n- plugins.entries.feishu: plugin feishu: duplicate plugin id detected; later plugin may be overridden (/home/tsl/openclaw/extensions/feishu/index.ts)
[info]: [ 'client ready' ]
✅ Sent via Feishu. Message ID: om_x100b55bfe14c54a0b32ffe1e91e212b (chat ou_b3afb7d2133e4d689be523fc48f3d2b3)
[2026-03-05 07:11:44] ✅ VPN 已连接
[2026-03-05 07:11:44] 发送飞书通知: ✅ VPN 连接已恢复

VPN 状态：已连接
时间：2026-03-05 07:11:44

可以正常访问外网了。

> openclaw@2026.2.6-3 openclaw /home/tsl/openclaw
> node scripts/run-node.mjs message send --channel feishu --target ou_b3afb7d2133e4d689be523fc48f3d2b3 --message '✅ VPN 连接已恢复

VPN 状态：已连接
时间：2026-03-05 07:11:44

可以正常访问外网了。'

Config warnings:\n- plugins.entries.feishu: plugin feishu: duplicate plugin id detected; later plugin may be overridden (/home/tsl/openclaw/extensions/feishu/index.ts)
[plugins] feishu_doc: Registered feishu_doc, feishu_app_scopes
[plugins] feishu_wiki: Registered feishu_wiki tool
[plugins] feishu_drive: Registered feishu_drive tool
[plugins] feishu_bitable: Registered 6 bitable tools
Config warnings:\n- plugins.entries.feishu: plugin feishu: duplicate plugin id detected; later plugin may be overridden (/home/tsl/openclaw/extensions/feishu/index.ts)
│
◇  Config warnings ────────────────────────────────────────────────────────╮
│                                                                          │
│  - plugins.entries.feishu: plugin feishu: duplicate plugin id detected;  │
│    later plugin may be overridden                                        │
│    (/home/tsl/openclaw/extensions/feishu/index.ts)                       │
│                                                                          │
├──────────────────────────────────────────────────────────────────────────╯
Config warnings:\n- plugins.entries.feishu: plugin feishu: duplicate plugin id detected; later plugin may be overridden (/home/tsl/openclaw/extensions/feishu/index.ts)
[info]: [ 'client ready' ]
✅ Sent via Feishu. Message ID: om_x100b55bf8d93e4a0b24bb71995eed66 (chat ou_b3afb7d2133e4d689be523fc48f3d2b3)
[2026-03-05 10:56:07] ❌ VPN 未连接
[2026-03-05 10:56:07] 启动 FortiClient GUI...
[2026-03-05 10:56:10] ✅ FortiClient GUI 已启动
[2026-03-05 10:56:10] 尝试触发 VPN 连接...
[2026-03-05 10:56:10] 触发 VPN 连接...
[2026-03-05 10:56:10] 使用 GUI 自动化点击连接按钮...
[2026-03-05 10:56:10] ========================================
[2026-03-05 10:56:10] 开始 VPN 自动连接
[2026-03-05 10:56:10] ========================================
[2026-03-05 10:56:10] 设置 DISPLAY=:1
[2026-03-05 10:56:10] FortiClient 已在运行
[2026-03-05 10:56:13] 截图已保存: /home/tsl/openclaw/vpn-auto/debug_screen.png
[2026-03-05 10:56:13] 尝试 1/5...
[2026-03-05 10:56:13] 找到图像 saml_button_small.png 在位置: (60, 17)
[2026-03-05 10:56:13] 点击坐标: (60, 17)
[2026-03-05 10:56:13] ✅ 成功点击连接按钮
[2026-03-05 10:56:13] ✅ VPN 连接已触发（SAML 登录）
[2026-03-05 10:56:13] 请在手机上完成 MFA 认证
[2026-03-05 10:56:13] ✅ GUI 自动化成功
[2026-03-05 10:56:13] 发送飞书通知: ⚠️ VPN 连接已断开

VPN 状态：未连接
时间：2026-03-05 10:56:13

已自动启动 FortiClient 并触发 VPN 连接。
请在手机上完成 Microsoft MFA 认证：
1. 打开 Microsoft Authenticator 应用
2. 批准登录请求
3. 或输入验证码

如果未收到 MFA 请求，请手动点击 FortiClient 中的连接按钮。

> openclaw@2026.2.6-3 openclaw /home/tsl/openclaw
> node scripts/run-node.mjs message send --channel feishu --target ou_b3afb7d2133e4d689be523fc48f3d2b3 --message '⚠️ VPN 连接已断开

VPN 状态：未连接
时间：2026-03-05 10:56:13

已自动启动 FortiClient 并触发 VPN 连接。
请在手机上完成 Microsoft MFA 认证：
1. 打开 Microsoft Authenticator 应用
2. 批准登录请求
3. 或输入验证码

如果未收到 MFA 请求，请手动点击 FortiClient 中的连接按钮。'

Config warnings:\n- plugins.entries.feishu: plugin feishu: duplicate plugin id detected; later plugin may be overridden (/home/tsl/openclaw/extensions/feishu/index.ts)
[plugins] feishu_doc: Registered feishu_doc, feishu_app_scopes
[plugins] feishu_wiki: Registered feishu_wiki tool
[plugins] feishu_drive: Registered feishu_drive tool
[plugins] feishu_bitable: Registered 6 bitable tools
Config warnings:\n- plugins.entries.feishu: plugin feishu: duplicate plugin id detected; later plugin may be overridden (/home/tsl/openclaw/extensions/feishu/index.ts)
│
◇  Config warnings ────────────────────────────────────────────────────────╮
│                                                                          │
│  - plugins.entries.feishu: plugin feishu: duplicate plugin id detected;  │
│    later plugin may be overridden                                        │
│    (/home/tsl/openclaw/extensions/feishu/index.ts)                       │
│                                                                          │
├──────────────────────────────────────────────────────────────────────────╯
Config warnings:\n- plugins.entries.feishu: plugin feishu: duplicate plugin id detected; later plugin may be overridden (/home/tsl/openclaw/extensions/feishu/index.ts)
[info]: [ 'client ready' ]
✅ Sent via Feishu. Message ID: om_x100b55bb43ee58acb1090d80b0e526d (chat ou_b3afb7d2133e4d689be523fc48f3d2b3)
[2026-03-05 11:08:52] ✅ VPN 已连接
[2026-03-05 11:08:52] 发送飞书通知: ✅ VPN 连接已恢复

VPN 状态：已连接
时间：2026-03-05 11:08:52

可以正常访问外网了。

> openclaw@2026.2.6-3 openclaw /home/tsl/openclaw
> node scripts/run-node.mjs message send --channel feishu --target ou_b3afb7d2133e4d689be523fc48f3d2b3 --message '✅ VPN 连接已恢复

VPN 状态：已连接
时间：2026-03-05 11:08:52

可以正常访问外网了。'

Config warnings:\n- plugins.entries.feishu: plugin feishu: duplicate plugin id detected; later plugin may be overridden (/home/tsl/openclaw/extensions/feishu/index.ts)
[plugins] feishu_doc: Registered feishu_doc, feishu_app_scopes
[plugins] feishu_wiki: Registered feishu_wiki tool
[plugins] feishu_drive: Registered feishu_drive tool
[plugins] feishu_bitable: Registered 6 bitable tools
Config warnings:\n- plugins.entries.feishu: plugin feishu: duplicate plugin id detected; later plugin may be overridden (/home/tsl/openclaw/extensions/feishu/index.ts)
│
◇  Config warnings ────────────────────────────────────────────────────────╮
│                                                                          │
│  - plugins.entries.feishu: plugin feishu: duplicate plugin id detected;  │
│    later plugin may be overridden                                        │
│    (/home/tsl/openclaw/extensions/feishu/index.ts)                       │
│                                                                          │
├──────────────────────────────────────────────────────────────────────────╯
Config warnings:\n- plugins.entries.feishu: plugin feishu: duplicate plugin id detected; later plugin may be overridden (/home/tsl/openclaw/extensions/feishu/index.ts)
[info]: [ 'client ready' ]
✅ Sent via Feishu. Message ID: om_x100b55bb725560acb2808e3bdc12ee7 (chat ou_b3afb7d2133e4d689be523fc48f3d2b3)
[2026-03-05 11:17:01] ❌ VPN 未连接
[2026-03-05 11:17:01] 启动 FortiClient GUI...
[2026-03-05 11:17:04] ✅ FortiClient GUI 已启动
[2026-03-05 11:17:04] 尝试触发 VPN 连接...
[2026-03-05 11:17:04] 触发 VPN 连接...
[2026-03-05 11:17:04] 使用 GUI 自动化点击连接按钮...
[2026-03-05 11:17:04] ========================================
[2026-03-05 11:17:04] 开始 VPN 自动连接
[2026-03-05 11:17:04] ========================================
[2026-03-05 11:17:04] 设置 DISPLAY=:1
[2026-03-05 11:17:04] FortiClient 已在运行
[2026-03-05 11:17:07] 截图已保存: /home/tsl/openclaw/vpn-auto/debug_screen.png
[2026-03-05 11:17:07] 尝试 1/5...
[2026-03-05 11:17:07] 找到图像 saml_button_small.png 在位置: (60, 17)
[2026-03-05 11:17:07] 点击坐标: (60, 17)
[2026-03-05 11:17:07] ✅ 成功点击连接按钮
[2026-03-05 11:17:07] ✅ VPN 连接已触发（SAML 登录）
[2026-03-05 11:17:07] 请在手机上完成 MFA 认证
[2026-03-05 11:17:07] ✅ GUI 自动化成功
[2026-03-05 11:17:07] 发送飞书通知: ⚠️ VPN 连接已断开

VPN 状态：未连接
时间：2026-03-05 11:17:07

已自动启动 FortiClient 并触发 VPN 连接。
请在手机上完成 Microsoft MFA 认证：
1. 打开 Microsoft Authenticator 应用
2. 批准登录请求
3. 或输入验证码

如果未收到 MFA 请求，请手动点击 FortiClient 中的连接按钮。

> openclaw@2026.2.6-3 openclaw /home/tsl/openclaw
> node scripts/run-node.mjs message send --channel feishu --target ou_b3afb7d2133e4d689be523fc48f3d2b3 --message '⚠️ VPN 连接已断开

VPN 状态：未连接
时间：2026-03-05 11:17:07

已自动启动 FortiClient 并触发 VPN 连接。
请在手机上完成 Microsoft MFA 认证：
1. 打开 Microsoft Authenticator 应用
2. 批准登录请求
3. 或输入验证码

如果未收到 MFA 请求，请手动点击 FortiClient 中的连接按钮。'

Config warnings:\n- plugins.entries.feishu: plugin feishu: duplicate plugin id detected; later plugin may be overridden (/home/tsl/openclaw/extensions/feishu/index.ts)
[plugins] feishu_doc: Registered feishu_doc, feishu_app_scopes
[plugins] feishu_wiki: Registered feishu_wiki tool
[plugins] feishu_drive: Registered feishu_drive tool
[plugins] feishu_bitable: Registered 6 bitable tools
Config warnings:\n- plugins.entries.feishu: plugin feishu: duplicate plugin id detected; later plugin may be overridden (/home/tsl/openclaw/extensions/feishu/index.ts)
│
◇  Config warnings ────────────────────────────────────────────────────────╮
│                                                                          │
│  - plugins.entries.feishu: plugin feishu: duplicate plugin id detected;  │
│    later plugin may be overridden                                        │
│    (/home/tsl/openclaw/extensions/feishu/index.ts)                       │
│                                                                          │
├──────────────────────────────────────────────────────────────────────────╯
Config warnings:\n- plugins.entries.feishu: plugin feishu: duplicate plugin id detected; later plugin may be overridden (/home/tsl/openclaw/extensions/feishu/index.ts)
[info]: [ 'client ready' ]
✅ Sent via Feishu. Message ID: om_x100b55bb15b2b098b27c4630744eeca (chat ou_b3afb7d2133e4d689be523fc48f3d2b3)
[2026-03-05 11:19:15] ✅ VPN 已连接
[2026-03-05 11:19:15] 发送飞书通知: ✅ VPN 连接已恢复

VPN 状态：已连接
时间：2026-03-05 11:19:15

可以正常访问外网了。

> openclaw@2026.2.6-3 openclaw /home/tsl/openclaw
> node scripts/run-node.mjs message send --channel feishu --target ou_b3afb7d2133e4d689be523fc48f3d2b3 --message '✅ VPN 连接已恢复

VPN 状态：已连接
时间：2026-03-05 11:19:15

可以正常访问外网了。'

Config warnings:\n- plugins.entries.feishu: plugin feishu: duplicate plugin id detected; later plugin may be overridden (/home/tsl/openclaw/extensions/feishu/index.ts)
[plugins] feishu_doc: Registered feishu_doc, feishu_app_scopes
[plugins] feishu_wiki: Registered feishu_wiki tool
[plugins] feishu_drive: Registered feishu_drive tool
[plugins] feishu_bitable: Registered 6 bitable tools
Config warnings:\n- plugins.entries.feishu: plugin feishu: duplicate plugin id detected; later plugin may be overridden (/home/tsl/openclaw/extensions/feishu/index.ts)
│
◇  Config warnings ────────────────────────────────────────────────────────╮
│                                                                          │
│  - plugins.entries.feishu: plugin feishu: duplicate plugin id detected;  │
│    later plugin may be overridden                                        │
│    (/home/tsl/openclaw/extensions/feishu/index.ts)                       │
│                                                                          │
├──────────────────────────────────────────────────────────────────────────╯
Config warnings:\n- plugins.entries.feishu: plugin feishu: duplicate plugin id detected; later plugin may be overridden (/home/tsl/openclaw/extensions/feishu/index.ts)
[info]: [ 'client ready' ]
✅ Sent via Feishu. Message ID: om_x100b55bb2d4650a4b3c425577650767 (chat ou_b3afb7d2133e4d689be523fc48f3d2b3)
[2026-03-05 11:37:25] ❌ VPN 未连接
[2026-03-05 11:37:25] 启动 FortiClient GUI...
[2026-03-05 11:37:28] ✅ FortiClient GUI 已启动
[2026-03-05 11:37:28] 尝试触发 VPN 连接...
[2026-03-05 11:37:28] 触发 VPN 连接...
[2026-03-05 11:37:28] 使用 GUI 自动化点击连接按钮...
[2026-03-05 11:37:28] ========================================
[2026-03-05 11:37:28] 开始 VPN 自动连接
[2026-03-05 11:37:28] ========================================
[2026-03-05 11:37:28] 设置 DISPLAY=:1
[2026-03-05 11:37:28] FortiClient 已在运行
[2026-03-05 11:37:31] 截图已保存: /home/tsl/openclaw/vpn-auto/debug_screen.png
[2026-03-05 11:37:31] 尝试 1/5...
[2026-03-05 11:37:31] 找到图像 saml_button_small.png 在位置: (60, 17)
[2026-03-05 11:37:31] 点击坐标: (60, 17)
[2026-03-05 11:37:31] ✅ 成功点击连接按钮
[2026-03-05 11:37:31] ✅ VPN 连接已触发（SAML 登录）
[2026-03-05 11:37:31] 请在手机上完成 MFA 认证
[2026-03-05 11:37:31] ✅ GUI 自动化成功
[2026-03-05 11:37:31] 发送飞书通知: ⚠️ VPN 连接已断开

VPN 状态：未连接
时间：2026-03-05 11:37:31

已自动启动 FortiClient 并触发 VPN 连接。
请在手机上完成 Microsoft MFA 认证：
1. 打开 Microsoft Authenticator 应用
2. 批准登录请求
3. 或输入验证码

如果未收到 MFA 请求，请手动点击 FortiClient 中的连接按钮。

> openclaw@2026.2.6-3 openclaw /home/tsl/openclaw
> node scripts/run-node.mjs message send --channel feishu --target ou_b3afb7d2133e4d689be523fc48f3d2b3 --message '⚠️ VPN 连接已断开

VPN 状态：未连接
时间：2026-03-05 11:37:31

已自动启动 FortiClient 并触发 VPN 连接。
请在手机上完成 Microsoft MFA 认证：
1. 打开 Microsoft Authenticator 应用
2. 批准登录请求
3. 或输入验证码

如果未收到 MFA 请求，请手动点击 FortiClient 中的连接按钮。'

Config warnings:\n- plugins.entries.feishu: plugin feishu: duplicate plugin id detected; later plugin may be overridden (/home/tsl/openclaw/extensions/feishu/index.ts)
[plugins] feishu_doc: Registered feishu_doc, feishu_app_scopes
[plugins] feishu_wiki: Registered feishu_wiki tool
[plugins] feishu_drive: Registered feishu_drive tool
[plugins] feishu_bitable: Registered 6 bitable tools
Config warnings:\n- plugins.entries.feishu: plugin feishu: duplicate plugin id detected; later plugin may be overridden (/home/tsl/openclaw/extensions/feishu/index.ts)
│
◇  Config warnings ────────────────────────────────────────────────────────╮
│                                                                          │
│  - plugins.entries.feishu: plugin feishu: duplicate plugin id detected;  │
│    later plugin may be overridden                                        │
│    (/home/tsl/openclaw/extensions/feishu/index.ts)                       │
│                                                                          │
├──────────────────────────────────────────────────────────────────────────╯
Config warnings:\n- plugins.entries.feishu: plugin feishu: duplicate plugin id detected; later plugin may be overridden (/home/tsl/openclaw/extensions/feishu/index.ts)
[info]: [ 'client ready' ]
✅ Sent via Feishu. Message ID: om_x100b55bbe931250cb2eaca4d29ba601 (chat ou_b3afb7d2133e4d689be523fc48f3d2b3)
[2026-03-05 11:40:42] ✅ VPN 已连接
[2026-03-05 11:40:42] 发送飞书通知: ✅ VPN 连接已恢复

VPN 状态：已连接
时间：2026-03-05 11:40:42

可以正常访问外网了。

> openclaw@2026.2.6-3 openclaw /home/tsl/openclaw
> node scripts/run-node.mjs message send --channel feishu --target ou_b3afb7d2133e4d689be523fc48f3d2b3 --message '✅ VPN 连接已恢复

VPN 状态：已连接
时间：2026-03-05 11:40:42

可以正常访问外网了。'

Config warnings:\n- plugins.entries.feishu: plugin feishu: duplicate plugin id detected; later plugin may be overridden (/home/tsl/openclaw/extensions/feishu/index.ts)
[plugins] feishu_doc: Registered feishu_doc, feishu_app_scopes
[plugins] feishu_wiki: Registered feishu_wiki tool
[plugins] feishu_drive: Registered feishu_drive tool
[plugins] feishu_bitable: Registered 6 bitable tools
Config warnings:\n- plugins.entries.feishu: plugin feishu: duplicate plugin id detected; later plugin may be overridden (/home/tsl/openclaw/extensions/feishu/index.ts)
│
◇  Config warnings ────────────────────────────────────────────────────────╮
│                                                                          │
│  - plugins.entries.feishu: plugin feishu: duplicate plugin id detected;  │
│    later plugin may be overridden                                        │
│    (/home/tsl/openclaw/extensions/feishu/index.ts)                       │
│                                                                          │
├──────────────────────────────────────────────────────────────────────────╯
Config warnings:\n- plugins.entries.feishu: plugin feishu: duplicate plugin id detected; later plugin may be overridden (/home/tsl/openclaw/extensions/feishu/index.ts)
[info]: [ 'client ready' ]
✅ Sent via Feishu. Message ID: om_x100b55bbfd3d00a8b101ee774e2b230 (chat ou_b3afb7d2133e4d689be523fc48f3d2b3)
[2026-03-05 19:40:14] ❌ VPN 未连接
[2026-03-05 19:40:14] 启动 FortiClient GUI...
[2026-03-05 19:40:17] ✅ FortiClient GUI 已启动
[2026-03-05 19:40:17] 尝试触发 VPN 连接...
[2026-03-05 19:40:17] 触发 VPN 连接...
[2026-03-05 19:40:17] 使用 GUI 自动化点击连接按钮...
[2026-03-05 19:40:17] ========================================
[2026-03-05 19:40:17] 开始 VPN 自动连接
[2026-03-05 19:40:17] ========================================
[2026-03-05 19:40:17] 设置 DISPLAY=:1
[2026-03-05 19:40:17] FortiClient 已在运行
[2026-03-05 19:40:20] 截图已保存: /home/tsl/openclaw/vpn-auto/debug_screen.png
[2026-03-05 19:40:20] 尝试 1/5...
[2026-03-05 19:40:20] 找到图像 saml_button_small.png 在位置: (60, 17)
[2026-03-05 19:40:20] 点击坐标: (60, 17)
[2026-03-05 19:40:20] ✅ 成功点击连接按钮
[2026-03-05 19:40:20] ✅ VPN 连接已触发（SAML 登录）
[2026-03-05 19:40:20] 请在手机上完成 MFA 认证
[2026-03-05 19:40:20] ✅ GUI 自动化成功
[2026-03-05 19:40:20] 发送飞书通知: ⚠️ VPN 连接已断开

VPN 状态：未连接
时间：2026-03-05 19:40:20

已自动启动 FortiClient 并触发 VPN 连接。
请在手机上完成 Microsoft MFA 认证：
1. 打开 Microsoft Authenticator 应用
2. 批准登录请求
3. 或输入验证码

如果未收到 MFA 请求，请手动点击 FortiClient 中的连接按钮。

> openclaw@2026.2.6-3 openclaw /home/tsl/openclaw
> node scripts/run-node.mjs message send --channel feishu --target ou_b3afb7d2133e4d689be523fc48f3d2b3 --message '⚠️ VPN 连接已断开

VPN 状态：未连接
时间：2026-03-05 19:40:20

已自动启动 FortiClient 并触发 VPN 连接。
请在手机上完成 Microsoft MFA 认证：
1. 打开 Microsoft Authenticator 应用
2. 批准登录请求
3. 或输入验证码

如果未收到 MFA 请求，请手动点击 FortiClient 中的连接按钮。'

Config warnings:\n- plugins.entries.feishu: plugin feishu: duplicate plugin id detected; later plugin may be overridden (/home/tsl/openclaw/extensions/feishu/index.ts)
[plugins] feishu_doc: Registered feishu_doc, feishu_app_scopes
[plugins] feishu_wiki: Registered feishu_wiki tool
[plugins] feishu_drive: Registered feishu_drive tool
[plugins] feishu_bitable: Registered 6 bitable tools
Config warnings:\n- plugins.entries.feishu: plugin feishu: duplicate plugin id detected; later plugin may be overridden (/home/tsl/openclaw/extensions/feishu/index.ts)
│
◇  Config warnings ────────────────────────────────────────────────────────╮
│                                                                          │
│  - plugins.entries.feishu: plugin feishu: duplicate plugin id detected;  │
│    later plugin may be overridden                                        │
│    (/home/tsl/openclaw/extensions/feishu/index.ts)                       │
│                                                                          │
├──────────────────────────────────────────────────────────────────────────╯
Config warnings:\n- plugins.entries.feishu: plugin feishu: duplicate plugin id detected; later plugin may be overridden (/home/tsl/openclaw/extensions/feishu/index.ts)
[info]: [ 'client ready' ]
✅ Sent via Feishu. Message ID: om_x100b55a2f44194a4b2729634d684953 (chat ou_b3afb7d2133e4d689be523fc48f3d2b3)
[2026-03-05 19:43:31] ✅ VPN 已连接
[2026-03-05 19:43:31] 发送飞书通知: ✅ VPN 连接已恢复

VPN 状态：已连接
时间：2026-03-05 19:43:31

可以正常访问外网了。

> openclaw@2026.2.6-3 openclaw /home/tsl/openclaw
> node scripts/run-node.mjs message send --channel feishu --target ou_b3afb7d2133e4d689be523fc48f3d2b3 --message '✅ VPN 连接已恢复

VPN 状态：已连接
时间：2026-03-05 19:43:31

可以正常访问外网了。'

Config warnings:\n- plugins.entries.feishu: plugin feishu: duplicate plugin id detected; later plugin may be overridden (/home/tsl/openclaw/extensions/feishu/index.ts)
[plugins] feishu_doc: Registered feishu_doc, feishu_app_scopes
[plugins] feishu_wiki: Registered feishu_wiki tool
[plugins] feishu_drive: Registered feishu_drive tool
[plugins] feishu_bitable: Registered 6 bitable tools
Config warnings:\n- plugins.entries.feishu: plugin feishu: duplicate plugin id detected; later plugin may be overridden (/home/tsl/openclaw/extensions/feishu/index.ts)
│
◇  Config warnings ────────────────────────────────────────────────────────╮
│                                                                          │
│  - plugins.entries.feishu: plugin feishu: duplicate plugin id detected;  │
│    later plugin may be overridden                                        │
│    (/home/tsl/openclaw/extensions/feishu/index.ts)                       │
│                                                                          │
├──────────────────────────────────────────────────────────────────────────╯
Config warnings:\n- plugins.entries.feishu: plugin feishu: duplicate plugin id detected; later plugin may be overridden (/home/tsl/openclaw/extensions/feishu/index.ts)
[info]: [ 'client ready' ]
✅ Sent via Feishu. Message ID: om_x100b55a2884ea4a0b27b53792517d1b (chat ou_b3afb7d2133e4d689be523fc48f3d2b3)
[2026-03-06 03:44:01] ❌ VPN 未连接
[2026-03-06 03:44:01] 启动 FortiClient GUI...
[2026-03-06 03:44:04] ✅ FortiClient GUI 已启动
[2026-03-06 03:44:04] 尝试触发 VPN 连接...
[2026-03-06 03:44:04] 触发 VPN 连接...
[2026-03-06 03:44:04] 使用 GUI 自动化点击连接按钮...
[2026-03-06 03:44:05] ========================================
[2026-03-06 03:44:05] 开始 VPN 自动连接
[2026-03-06 03:44:05] ========================================
[2026-03-06 03:44:05] 设置 DISPLAY=:1
[2026-03-06 03:44:05] FortiClient 已在运行
[2026-03-06 03:44:07] 截图已保存: /home/tsl/openclaw/vpn-auto/debug_screen.png
[2026-03-06 03:44:07] 尝试 1/5...
[2026-03-06 03:44:07] 找到图像 saml_button_small.png 在位置: (60, 17)
[2026-03-06 03:44:08] 点击坐标: (60, 17)
[2026-03-06 03:44:08] ✅ 成功点击连接按钮
[2026-03-06 03:44:08] ✅ VPN 连接已触发（SAML 登录）
[2026-03-06 03:44:08] 请在手机上完成 MFA 认证
[2026-03-06 03:44:08] ✅ GUI 自动化成功
[2026-03-06 03:44:08] 发送飞书通知: ⚠️ VPN 连接已断开

VPN 状态：未连接
时间：2026-03-06 03:44:08

已自动启动 FortiClient 并触发 VPN 连接。
请在手机上完成 Microsoft MFA 认证：
1. 打开 Microsoft Authenticator 应用
2. 批准登录请求
3. 或输入验证码

如果未收到 MFA 请求，请手动点击 FortiClient 中的连接按钮。

> openclaw@2026.2.6-3 openclaw /home/tsl/openclaw
> node scripts/run-node.mjs message send --channel feishu --target ou_b3afb7d2133e4d689be523fc48f3d2b3 --message '⚠️ VPN 连接已断开

VPN 状态：未连接
时间：2026-03-06 03:44:08

已自动启动 FortiClient 并触发 VPN 连接。
请在手机上完成 Microsoft MFA 认证：
1. 打开 Microsoft Authenticator 应用
2. 批准登录请求
3. 或输入验证码

如果未收到 MFA 请求，请手动点击 FortiClient 中的连接按钮。'

Config warnings:\n- plugins.entries.feishu: plugin feishu: duplicate plugin id detected; later plugin may be overridden (/home/tsl/openclaw/extensions/feishu/index.ts)
[plugins] feishu_doc: Registered feishu_doc, feishu_app_scopes
[plugins] feishu_wiki: Registered feishu_wiki tool
[plugins] feishu_drive: Registered feishu_drive tool
[plugins] feishu_bitable: Registered 6 bitable tools
Config warnings:\n- plugins.entries.feishu: plugin feishu: duplicate plugin id detected; later plugin may be overridden (/home/tsl/openclaw/extensions/feishu/index.ts)
│
◇  Config warnings ────────────────────────────────────────────────────────╮
│                                                                          │
│  - plugins.entries.feishu: plugin feishu: duplicate plugin id detected;  │
│    later plugin may be overridden                                        │
│    (/home/tsl/openclaw/extensions/feishu/index.ts)                       │
│                                                                          │
├──────────────────────────────────────────────────────────────────────────╯
Config warnings:\n- plugins.entries.feishu: plugin feishu: duplicate plugin id detected; later plugin may be overridden (/home/tsl/openclaw/extensions/feishu/index.ts)
[info]: [ 'client ready' ]
✅ Sent via Feishu. Message ID: om_x100b55a99e0e58a4b2d25514ad900de (chat ou_b3afb7d2133e4d689be523fc48f3d2b3)
[2026-03-06 03:49:24] ✅ VPN 已连接
[2026-03-06 03:49:24] 发送飞书通知: ✅ VPN 连接已恢复

VPN 状态：已连接
时间：2026-03-06 03:49:24

可以正常访问外网了。

> openclaw@2026.2.6-3 openclaw /home/tsl/openclaw
> node scripts/run-node.mjs message send --channel feishu --target ou_b3afb7d2133e4d689be523fc48f3d2b3 --message '✅ VPN 连接已恢复

VPN 状态：已连接
时间：2026-03-06 03:49:24

可以正常访问外网了。'

Config warnings:\n- plugins.entries.feishu: plugin feishu: duplicate plugin id detected; later plugin may be overridden (/home/tsl/openclaw/extensions/feishu/index.ts)
[plugins] feishu_doc: Registered feishu_doc, feishu_app_scopes
[plugins] feishu_wiki: Registered feishu_wiki tool
[plugins] feishu_drive: Registered feishu_drive tool
[plugins] feishu_bitable: Registered 6 bitable tools
Config warnings:\n- plugins.entries.feishu: plugin feishu: duplicate plugin id detected; later plugin may be overridden (/home/tsl/openclaw/extensions/feishu/index.ts)
│
◇  Config warnings ────────────────────────────────────────────────────────╮
│                                                                          │
│  - plugins.entries.feishu: plugin feishu: duplicate plugin id detected;  │
│    later plugin may be overridden                                        │
│    (/home/tsl/openclaw/extensions/feishu/index.ts)                       │
│                                                                          │
├──────────────────────────────────────────────────────────────────────────╯
Config warnings:\n- plugins.entries.feishu: plugin feishu: duplicate plugin id detected; later plugin may be overridden (/home/tsl/openclaw/extensions/feishu/index.ts)
[info]: [ 'client ready' ]
✅ Sent via Feishu. Message ID: om_x100b55a9aa5970a4b2750ad8eaa62a7 (chat ou_b3afb7d2133e4d689be523fc48f3d2b3)
[2026-03-06 11:48:55] ❌ VPN 未连接
[2026-03-06 11:48:55] 启动 FortiClient GUI...
[2026-03-06 11:48:58] ✅ FortiClient GUI 已启动
[2026-03-06 11:48:58] 尝试触发 VPN 连接...
[2026-03-06 11:48:58] 触发 VPN 连接...
[2026-03-06 11:48:58] 使用 GUI 自动化点击连接按钮...
[2026-03-06 11:48:59] ========================================
[2026-03-06 11:48:59] 开始 VPN 自动连接
[2026-03-06 11:48:59] ========================================
[2026-03-06 11:48:59] 设置 DISPLAY=:1
[2026-03-06 11:48:59] FortiClient 已在运行
[2026-03-06 11:49:01] 截图已保存: /home/tsl/openclaw/vpn-auto/debug_screen.png
[2026-03-06 11:49:01] 尝试 1/5...
[2026-03-06 11:49:01] 找到图像 saml_button_small.png 在位置: (60, 17)
[2026-03-06 11:49:01] 点击失败: PyAutoGUI fail-safe triggered from mouse moving to a corner of the screen. To disable this fail-safe, set pyautogui.FAILSAFE to False. DISABLING FAIL-SAFE IS NOT RECOMMENDED.
[2026-03-06 11:49:01] 图像识别失败: 
[2026-03-06 11:49:02] 图像识别失败: 
[2026-03-06 11:49:02] 等待 2 秒后重试...
[2026-03-06 11:49:04] 尝试 2/5...
[2026-03-06 11:49:04] 找到图像 saml_button_small.png 在位置: (60, 17)
[2026-03-06 11:49:04] 点击失败: PyAutoGUI fail-safe triggered from mouse moving to a corner of the screen. To disable this fail-safe, set pyautogui.FAILSAFE to False. DISABLING FAIL-SAFE IS NOT RECOMMENDED.
[2026-03-06 11:49:04] 图像识别失败: 
[2026-03-06 11:49:04] 图像识别失败: 
[2026-03-06 11:49:04] 等待 2 秒后重试...
[2026-03-06 11:49:06] 尝试 3/5...
[2026-03-06 11:49:06] 找到图像 saml_button_small.png 在位置: (60, 17)
[2026-03-06 11:49:06] 点击失败: PyAutoGUI fail-safe triggered from mouse moving to a corner of the screen. To disable this fail-safe, set pyautogui.FAILSAFE to False. DISABLING FAIL-SAFE IS NOT RECOMMENDED.
[2026-03-06 11:49:06] 图像识别失败: 
[2026-03-06 11:49:06] 图像识别失败: 
[2026-03-06 11:49:06] 等待 2 秒后重试...
[2026-03-06 11:49:08] 尝试 4/5...
[2026-03-06 11:49:08] 找到图像 saml_button_small.png 在位置: (60, 17)
[2026-03-06 11:49:08] 点击失败: PyAutoGUI fail-safe triggered from mouse moving to a corner of the screen. To disable this fail-safe, set pyautogui.FAILSAFE to False. DISABLING FAIL-SAFE IS NOT RECOMMENDED.
[2026-03-06 11:49:08] 图像识别失败: 
[2026-03-06 11:49:08] 图像识别失败: 
[2026-03-06 11:49:08] 等待 2 秒后重试...
[2026-03-06 11:49:10] 尝试 5/5...
[2026-03-06 11:49:10] 找到图像 saml_button_small.png 在位置: (60, 17)
[2026-03-06 11:49:10] 点击失败: PyAutoGUI fail-safe triggered from mouse moving to a corner of the screen. To disable this fail-safe, set pyautogui.FAILSAFE to False. DISABLING FAIL-SAFE IS NOT RECOMMENDED.
[2026-03-06 11:49:10] 图像识别失败: 
[2026-03-06 11:49:10] 图像识别失败: 
[2026-03-06 11:49:10] ❌ 未能找到连接按钮
[2026-03-06 11:49:10] ✅ GUI 自动化成功
[2026-03-06 11:49:10] 发送飞书通知: ⚠️ VPN 连接已断开

VPN 状态：未连接
时间：2026-03-06 11:49:10

已自动启动 FortiClient 并触发 VPN 连接。
请在手机上完成 Microsoft MFA 认证：
1. 打开 Microsoft Authenticator 应用
2. 批准登录请求
3. 或输入验证码

如果未收到 MFA 请求，请手动点击 FortiClient 中的连接按钮。

> openclaw@2026.2.6-3 openclaw /home/tsl/openclaw
> node scripts/run-node.mjs message send --channel feishu --target ou_b3afb7d2133e4d689be523fc48f3d2b3 --message '⚠️ VPN 连接已断开

VPN 状态：未连接
时间：2026-03-06 11:49:10

已自动启动 FortiClient 并触发 VPN 连接。
请在手机上完成 Microsoft MFA 认证：
1. 打开 Microsoft Authenticator 应用
2. 批准登录请求
3. 或输入验证码

如果未收到 MFA 请求，请手动点击 FortiClient 中的连接按钮。'

Config warnings:\n- plugins.entries.feishu: plugin feishu: duplicate plugin id detected; later plugin may be overridden (/home/tsl/openclaw/extensions/feishu/index.ts)
[plugins] feishu_doc: Registered feishu_doc, feishu_app_scopes
[plugins] feishu_wiki: Registered feishu_wiki tool
[plugins] feishu_drive: Registered feishu_drive tool
[plugins] feishu_bitable: Registered 6 bitable tools
Config warnings:\n- plugins.entries.feishu: plugin feishu: duplicate plugin id detected; later plugin may be overridden (/home/tsl/openclaw/extensions/feishu/index.ts)
│
◇  Config warnings ────────────────────────────────────────────────────────╮
│                                                                          │
│  - plugins.entries.feishu: plugin feishu: duplicate plugin id detected;  │
│    later plugin may be overridden                                        │
│    (/home/tsl/openclaw/extensions/feishu/index.ts)                       │
│                                                                          │
├──────────────────────────────────────────────────────────────────────────╯
Config warnings:\n- plugins.entries.feishu: plugin feishu: duplicate plugin id detected; later plugin may be overridden (/home/tsl/openclaw/extensions/feishu/index.ts)
[info]: [ 'client ready' ]
✅ Sent via Feishu. Message ID: om_x100b5590a57f40a0b270e5415ccbe65 (chat ou_b3afb7d2133e4d689be523fc48f3d2b3)
[2026-03-06 11:54:27] ✅ VPN 已连接
[2026-03-06 11:54:27] 发送飞书通知: ✅ VPN 连接已恢复

VPN 状态：已连接
时间：2026-03-06 11:54:27

可以正常访问外网了。

> openclaw@2026.2.6-3 openclaw /home/tsl/openclaw
> node scripts/run-node.mjs message send --channel feishu --target ou_b3afb7d2133e4d689be523fc48f3d2b3 --message '✅ VPN 连接已恢复

VPN 状态：已连接
时间：2026-03-06 11:54:27

可以正常访问外网了。'

Config warnings:\n- plugins.entries.feishu: plugin feishu: duplicate plugin id detected; later plugin may be overridden (/home/tsl/openclaw/extensions/feishu/index.ts)
[plugins] feishu_doc: Registered feishu_doc, feishu_app_scopes
[plugins] feishu_wiki: Registered feishu_wiki tool
[plugins] feishu_drive: Registered feishu_drive tool
[plugins] feishu_bitable: Registered 6 bitable tools
Config warnings:\n- plugins.entries.feishu: plugin feishu: duplicate plugin id detected; later plugin may be overridden (/home/tsl/openclaw/extensions/feishu/index.ts)
│
◇  Config warnings ────────────────────────────────────────────────────────╮
│                                                                          │
│  - plugins.entries.feishu: plugin feishu: duplicate plugin id detected;  │
│    later plugin may be overridden                                        │
│    (/home/tsl/openclaw/extensions/feishu/index.ts)                       │
│                                                                          │
├──────────────────────────────────────────────────────────────────────────╯
Config warnings:\n- plugins.entries.feishu: plugin feishu: duplicate plugin id detected; later plugin may be overridden (/home/tsl/openclaw/extensions/feishu/index.ts)
[info]: [ 'client ready' ]
✅ Sent via Feishu. Message ID: om_x100b5590b147b0bcb35317467e0a7b8 (chat ou_b3afb7d2133e4d689be523fc48f3d2b3)
[2026-03-06 19:54:57] ❌ VPN 未连接
[2026-03-06 19:54:57] 启动 FortiClient GUI...
[2026-03-06 19:55:00] ✅ FortiClient GUI 已启动
[2026-03-06 19:55:00] 尝试触发 VPN 连接...
[2026-03-06 19:55:00] 触发 VPN 连接...
[2026-03-06 19:55:00] 使用 GUI 自动化点击连接按钮...
[2026-03-06 19:55:01] ========================================
[2026-03-06 19:55:01] 开始 VPN 自动连接
[2026-03-06 19:55:01] ========================================
[2026-03-06 19:55:01] 设置 DISPLAY=:1
[2026-03-06 19:55:01] FortiClient 已在运行
[2026-03-06 19:55:03] 截图已保存: /home/tsl/openclaw/vpn-auto/debug_screen.png
[2026-03-06 19:55:03] 尝试 1/5...
[2026-03-06 19:55:03] 找到图像 saml_button_small.png 在位置: (60, 17)
[2026-03-06 19:55:04] 点击坐标: (60, 17)
[2026-03-06 19:55:04] ✅ 成功点击连接按钮
[2026-03-06 19:55:04] ✅ VPN 连接已触发（SAML 登录）
[2026-03-06 19:55:04] 请在手机上完成 MFA 认证
[2026-03-06 19:55:04] ✅ GUI 自动化成功
[2026-03-06 19:55:04] 发送飞书通知: ⚠️ VPN 连接已断开

VPN 状态：未连接
时间：2026-03-06 19:55:04

已自动启动 FortiClient 并触发 VPN 连接。
请在手机上完成 Microsoft MFA 认证：
1. 打开 Microsoft Authenticator 应用
2. 批准登录请求
3. 或输入验证码

如果未收到 MFA 请求，请手动点击 FortiClient 中的连接按钮。

> openclaw@2026.2.6-3 openclaw /home/tsl/openclaw
> node scripts/run-node.mjs message send --channel feishu --target ou_b3afb7d2133e4d689be523fc48f3d2b3 --message '⚠️ VPN 连接已断开

VPN 状态：未连接
时间：2026-03-06 19:55:04

已自动启动 FortiClient 并触发 VPN 连接。
请在手机上完成 Microsoft MFA 认证：
1. 打开 Microsoft Authenticator 应用
2. 批准登录请求
3. 或输入验证码

如果未收到 MFA 请求，请手动点击 FortiClient 中的连接按钮。'

Config warnings:\n- plugins.entries.feishu: plugin feishu: duplicate plugin id detected; later plugin may be overridden (/home/tsl/openclaw/extensions/feishu/index.ts)
 ELIFECYCLE  Command failed.
Terminated
[plugins] feishu_doc: Registered feishu_doc, feishu_app_scopes
[plugins] feishu_wiki: Registered feishu_wiki tool
[plugins] feishu_drive: Registered feishu_drive tool
[plugins] feishu_bitable: Registered 6 bitable tools
Config warnings:\n- plugins.entries.feishu: plugin feishu: duplicate plugin id detected; later plugin may be overridden (/home/tsl/openclaw/extensions/feishu/index.ts)
│
◇  Config warnings ────────────────────────────────────────────────────────╮
│                                                                          │
│  - plugins.entries.feishu: plugin feishu: duplicate plugin id detected;  │
│    later plugin may be overridden                                        │
│    (/home/tsl/openclaw/extensions/feishu/index.ts)                       │
│                                                                          │
├──────────────────────────────────────────────────────────────────────────╯
Config warnings:\n- plugins.entries.feishu: plugin feishu: duplicate plugin id detected; later plugin may be overridden (/home/tsl/openclaw/extensions/feishu/index.ts)
[info]: [ 'client ready' ]
✅ Sent via Feishu. Message ID: om_x100b5598470ba0a0b3c66fe0b2ada59 (chat ou_b3afb7d2133e4d689be523fc48f3d2b3)
[2026-03-06 20:00:20] ✅ VPN 已连接
[2026-03-06 20:00:20] 发送飞书通知: ✅ VPN 连接已恢复

VPN 状态：已连接
时间：2026-03-06 20:00:20

可以正常访问外网了。

> openclaw@2026.2.6-3 openclaw /home/tsl/openclaw
> node scripts/run-node.mjs message send --channel feishu --target ou_b3afb7d2133e4d689be523fc48f3d2b3 --message '✅ VPN 连接已恢复

VPN 状态：已连接
时间：2026-03-06 20:00:20

可以正常访问外网了。'

Config warnings:\n- plugins.entries.feishu: plugin feishu: duplicate plugin id detected; later plugin may be overridden (/home/tsl/openclaw/extensions/feishu/index.ts)
[plugins] feishu_doc: Registered feishu_doc, feishu_app_scopes
[plugins] feishu_wiki: Registered feishu_wiki tool
[plugins] feishu_drive: Registered feishu_drive tool
[plugins] feishu_bitable: Registered 6 bitable tools
Config warnings:\n- plugins.entries.feishu: plugin feishu: duplicate plugin id detected; later plugin may be overridden (/home/tsl/openclaw/extensions/feishu/index.ts)
│
◇  Config warnings ────────────────────────────────────────────────────────╮
│                                                                          │
│  - plugins.entries.feishu: plugin feishu: duplicate plugin id detected;  │
│    later plugin may be overridden                                        │
│    (/home/tsl/openclaw/extensions/feishu/index.ts)                       │
│                                                                          │
├──────────────────────────────────────────────────────────────────────────╯
Config warnings:\n- plugins.entries.feishu: plugin feishu: duplicate plugin id detected; later plugin may be overridden (/home/tsl/openclaw/extensions/feishu/index.ts)
[info]: [ 'client ready' ]
✅ Sent via Feishu. Message ID: om_x100b5598535214a0b36b53eabc79bd4 (chat ou_b3afb7d2133e4d689be523fc48f3d2b3)
[2026-03-07 03:59:51] ❌ VPN 未连接
[2026-03-07 03:59:51] 启动 FortiClient GUI...
[2026-03-07 03:59:54] ✅ FortiClient GUI 已启动
[2026-03-07 03:59:54] 尝试触发 VPN 连接...
[2026-03-07 03:59:54] 触发 VPN 连接...
[2026-03-07 03:59:54] 使用 GUI 自动化点击连接按钮...
[2026-03-07 03:59:54] ========================================
[2026-03-07 03:59:54] 开始 VPN 自动连接
[2026-03-07 03:59:54] ========================================
[2026-03-07 03:59:54] 设置 DISPLAY=:1
[2026-03-07 03:59:54] FortiClient 已在运行
[2026-03-07 03:59:57] 截图已保存: /home/tsl/openclaw/vpn-auto/debug_screen.png
[2026-03-07 03:59:57] 尝试 1/5...
[2026-03-07 03:59:57] 找到图像 saml_button_small.png 在位置: (60, 17)
[2026-03-07 03:59:57] 点击坐标: (60, 17)
[2026-03-07 03:59:57] ✅ 成功点击连接按钮
[2026-03-07 03:59:57] ✅ VPN 连接已触发（SAML 登录）
[2026-03-07 03:59:57] 请在手机上完成 MFA 认证
[2026-03-07 03:59:57] ✅ GUI 自动化成功
[2026-03-07 03:59:57] 发送飞书通知: ⚠️ VPN 连接已断开

VPN 状态：未连接
时间：2026-03-07 03:59:57

已自动启动 FortiClient 并触发 VPN 连接。
请在手机上完成 Microsoft MFA 认证：
1. 打开 Microsoft Authenticator 应用
2. 批准登录请求
3. 或输入验证码

如果未收到 MFA 请求，请手动点击 FortiClient 中的连接按钮。

> openclaw@2026.2.6-3 openclaw /home/tsl/openclaw
> node scripts/run-node.mjs message send --channel feishu --target ou_b3afb7d2133e4d689be523fc48f3d2b3 --message '⚠️ VPN 连接已断开

VPN 状态：未连接
时间：2026-03-07 03:59:57

已自动启动 FortiClient 并触发 VPN 连接。
请在手机上完成 Microsoft MFA 认证：
1. 打开 Microsoft Authenticator 应用
2. 批准登录请求
3. 或输入验证码

如果未收到 MFA 请求，请手动点击 FortiClient 中的连接按钮。'

Config warnings:\n- plugins.entries.feishu: plugin feishu: duplicate plugin id detected; later plugin may be overridden (/home/tsl/openclaw/extensions/feishu/index.ts)
[plugins] feishu_doc: Registered feishu_doc, feishu_app_scopes
[plugins] feishu_wiki: Registered feishu_wiki tool
[plugins] feishu_drive: Registered feishu_drive tool
[plugins] feishu_bitable: Registered 6 bitable tools
Config warnings:\n- plugins.entries.feishu: plugin feishu: duplicate plugin id detected; later plugin may be overridden (/home/tsl/openclaw/extensions/feishu/index.ts)
│
◇  Config warnings ────────────────────────────────────────────────────────╮
│                                                                          │
│  - plugins.entries.feishu: plugin feishu: duplicate plugin id detected;  │
│    later plugin may be overridden                                        │
│    (/home/tsl/openclaw/extensions/feishu/index.ts)                       │
│                                                                          │
├──────────────────────────────────────────────────────────────────────────╯
Config warnings:\n- plugins.entries.feishu: plugin feishu: duplicate plugin id detected; later plugin may be overridden (/home/tsl/openclaw/extensions/feishu/index.ts)
[info]: [ 'client ready' ]
✅ Sent via Feishu. Message ID: om_x100b55876ad4a8a0b494349b8661b46 (chat ou_b3afb7d2133e4d689be523fc48f3d2b3)
[2026-03-07 04:03:08] ✅ VPN 已连接
[2026-03-07 04:03:08] 发送飞书通知: ✅ VPN 连接已恢复

VPN 状态：已连接
时间：2026-03-07 04:03:08

可以正常访问外网了。

> openclaw@2026.2.6-3 openclaw /home/tsl/openclaw
> node scripts/run-node.mjs message send --channel feishu --target ou_b3afb7d2133e4d689be523fc48f3d2b3 --message '✅ VPN 连接已恢复

VPN 状态：已连接
时间：2026-03-07 04:03:08

可以正常访问外网了。'

Config warnings:\n- plugins.entries.feishu: plugin feishu: duplicate plugin id detected; later plugin may be overridden (/home/tsl/openclaw/extensions/feishu/index.ts)
[plugins] feishu_doc: Registered feishu_doc, feishu_app_scopes
[plugins] feishu_wiki: Registered feishu_wiki tool
[plugins] feishu_drive: Registered feishu_drive tool
[plugins] feishu_bitable: Registered 6 bitable tools
Config warnings:\n- plugins.entries.feishu: plugin feishu: duplicate plugin id detected; later plugin may be overridden (/home/tsl/openclaw/extensions/feishu/index.ts)
│
◇  Config warnings ────────────────────────────────────────────────────────╮
│                                                                          │
│  - plugins.entries.feishu: plugin feishu: duplicate plugin id detected;  │
│    later plugin may be overridden                                        │
│    (/home/tsl/openclaw/extensions/feishu/index.ts)                       │
│                                                                          │
├──────────────────────────────────────────────────────────────────────────╯
Config warnings:\n- plugins.entries.feishu: plugin feishu: duplicate plugin id detected; later plugin may be overridden (/home/tsl/openclaw/extensions/feishu/index.ts)
[info]: [ 'client ready' ]
✅ Sent via Feishu. Message ID: om_x100b55877ec064b0b211d752c76c649 (chat ou_b3afb7d2133e4d689be523fc48f3d2b3)
[2026-03-07 12:02:38] ❌ VPN 未连接
[2026-03-07 12:02:38] 启动 FortiClient GUI...
[2026-03-07 12:02:41] ✅ FortiClient GUI 已启动
[2026-03-07 12:02:41] 尝试触发 VPN 连接...
[2026-03-07 12:02:41] 触发 VPN 连接...
[2026-03-07 12:02:41] 使用 GUI 自动化点击连接按钮...
[2026-03-07 12:02:41] ========================================
[2026-03-07 12:02:41] 开始 VPN 自动连接
[2026-03-07 12:02:41] ========================================
[2026-03-07 12:02:41] 设置 DISPLAY=:1
[2026-03-07 12:02:41] FortiClient 已在运行
[2026-03-07 12:02:44] 截图已保存: /home/tsl/openclaw/vpn-auto/debug_screen.png
[2026-03-07 12:02:44] 尝试 1/5...
[2026-03-07 12:02:44] 找到图像 saml_button_small.png 在位置: (60, 17)
[2026-03-07 12:02:44] 点击坐标: (60, 17)
[2026-03-07 12:02:44] ✅ 成功点击连接按钮
[2026-03-07 12:02:44] ✅ VPN 连接已触发（SAML 登录）
[2026-03-07 12:02:44] 请在手机上完成 MFA 认证
[2026-03-07 12:02:44] ✅ GUI 自动化成功
[2026-03-07 12:02:44] 发送飞书通知: ⚠️ VPN 连接已断开

VPN 状态：未连接
时间：2026-03-07 12:02:44

已自动启动 FortiClient 并触发 VPN 连接。
请在手机上完成 Microsoft MFA 认证：
1. 打开 Microsoft Authenticator 应用
2. 批准登录请求
3. 或输入验证码

如果未收到 MFA 请求，请手动点击 FortiClient 中的连接按钮。

> openclaw@2026.2.6-3 openclaw /home/tsl/openclaw
> node scripts/run-node.mjs message send --channel feishu --target ou_b3afb7d2133e4d689be523fc48f3d2b3 --message '⚠️ VPN 连接已断开

VPN 状态：未连接
时间：2026-03-07 12:02:44

已自动启动 FortiClient 并触发 VPN 连接。
请在手机上完成 Microsoft MFA 认证：
1. 打开 Microsoft Authenticator 应用
2. 批准登录请求
3. 或输入验证码

如果未收到 MFA 请求，请手动点击 FortiClient 中的连接按钮。'

Config warnings:\n- plugins.entries.feishu: plugin feishu: duplicate plugin id detected; later plugin may be overridden (/home/tsl/openclaw/extensions/feishu/index.ts)
[plugins] feishu_doc: Registered feishu_doc, feishu_app_scopes
[plugins] feishu_wiki: Registered feishu_wiki tool
[plugins] feishu_drive: Registered feishu_drive tool
[plugins] feishu_bitable: Registered 6 bitable tools
Config warnings:\n- plugins.entries.feishu: plugin feishu: duplicate plugin id detected; later plugin may be overridden (/home/tsl/openclaw/extensions/feishu/index.ts)
│
◇  Config warnings ────────────────────────────────────────────────────────╮
│                                                                          │
│  - plugins.entries.feishu: plugin feishu: duplicate plugin id detected;  │
│    later plugin may be overridden                                        │
│    (/home/tsl/openclaw/extensions/feishu/index.ts)                       │
│                                                                          │
├──────────────────────────────────────────────────────────────────────────╯
Config warnings:\n- plugins.entries.feishu: plugin feishu: duplicate plugin id detected; later plugin may be overridden (/home/tsl/openclaw/extensions/feishu/index.ts)
[info]: [ 'client ready' ]
✅ Sent via Feishu. Message ID: om_x100b558e7840e4a8b32ba06b9e49b4e (chat ou_b3afb7d2133e4d689be523fc48f3d2b3)
[2026-03-07 12:05:55] ✅ VPN 已连接
[2026-03-07 12:05:55] 发送飞书通知: ✅ VPN 连接已恢复

VPN 状态：已连接
时间：2026-03-07 12:05:55

可以正常访问外网了。

> openclaw@2026.2.6-3 openclaw /home/tsl/openclaw
> node scripts/run-node.mjs message send --channel feishu --target ou_b3afb7d2133e4d689be523fc48f3d2b3 --message '✅ VPN 连接已恢复

VPN 状态：已连接
时间：2026-03-07 12:05:55

可以正常访问外网了。'

Config warnings:\n- plugins.entries.feishu: plugin feishu: duplicate plugin id detected; later plugin may be overridden (/home/tsl/openclaw/extensions/feishu/index.ts)
[plugins] feishu_doc: Registered feishu_doc, feishu_app_scopes
[plugins] feishu_wiki: Registered feishu_wiki tool
[plugins] feishu_drive: Registered feishu_drive tool
[plugins] feishu_bitable: Registered 6 bitable tools
Config warnings:\n- plugins.entries.feishu: plugin feishu: duplicate plugin id detected; later plugin may be overridden (/home/tsl/openclaw/extensions/feishu/index.ts)
│
◇  Config warnings ────────────────────────────────────────────────────────╮
│                                                                          │
│  - plugins.entries.feishu: plugin feishu: duplicate plugin id detected;  │
│    later plugin may be overridden                                        │
│    (/home/tsl/openclaw/extensions/feishu/index.ts)                       │
│                                                                          │
├──────────────────────────────────────────────────────────────────────────╯
Config warnings:\n- plugins.entries.feishu: plugin feishu: duplicate plugin id detected; later plugin may be overridden (/home/tsl/openclaw/extensions/feishu/index.ts)
[info]: [ 'client ready' ]
✅ Sent via Feishu. Message ID: om_x100b558e0c4f48a8b2884e6c9f54ae5 (chat ou_b3afb7d2133e4d689be523fc48f3d2b3)
[2026-03-07 20:05:25] ❌ VPN 未连接
[2026-03-07 20:05:25] 启动 FortiClient GUI...
[2026-03-07 20:05:28] ✅ FortiClient GUI 已启动
[2026-03-07 20:05:28] 尝试触发 VPN 连接...
[2026-03-07 20:05:28] 触发 VPN 连接...
[2026-03-07 20:05:28] 使用 GUI 自动化点击连接按钮...
[2026-03-07 20:05:28] ========================================
[2026-03-07 20:05:28] 开始 VPN 自动连接
[2026-03-07 20:05:28] ========================================
[2026-03-07 20:05:28] 设置 DISPLAY=:1
[2026-03-07 20:05:28] FortiClient 已在运行
[2026-03-07 20:05:31] 截图已保存: /home/tsl/openclaw/vpn-auto/debug_screen.png
[2026-03-07 20:05:31] 尝试 1/5...
[2026-03-07 20:05:31] 找到图像 saml_button_small.png 在位置: (60, 17)
[2026-03-07 20:05:31] 点击坐标: (60, 17)
[2026-03-07 20:05:31] ✅ 成功点击连接按钮
[2026-03-07 20:05:31] ✅ VPN 连接已触发（SAML 登录）
[2026-03-07 20:05:31] 请在手机上完成 MFA 认证
[2026-03-07 20:05:31] ✅ GUI 自动化成功
[2026-03-07 20:05:31] 发送飞书通知: ⚠️ VPN 连接已断开

VPN 状态：未连接
时间：2026-03-07 20:05:31

已自动启动 FortiClient 并触发 VPN 连接。
请在手机上完成 Microsoft MFA 认证：
1. 打开 Microsoft Authenticator 应用
2. 批准登录请求
3. 或输入验证码

如果未收到 MFA 请求，请手动点击 FortiClient 中的连接按钮。

> openclaw@2026.2.6-3 openclaw /home/tsl/openclaw
> node scripts/run-node.mjs message send --channel feishu --target ou_b3afb7d2133e4d689be523fc48f3d2b3 --message '⚠️ VPN 连接已断开

VPN 状态：未连接
时间：2026-03-07 20:05:31

已自动启动 FortiClient 并触发 VPN 连接。
请在手机上完成 Microsoft MFA 认证：
1. 打开 Microsoft Authenticator 应用
2. 批准登录请求
3. 或输入验证码

如果未收到 MFA 请求，请手动点击 FortiClient 中的连接按钮。'

Config warnings:\n- plugins.entries.feishu: plugin feishu: duplicate plugin id detected; later plugin may be overridden (/home/tsl/openclaw/extensions/feishu/index.ts)
[plugins] feishu_doc: Registered feishu_doc, feishu_app_scopes
[plugins] feishu_wiki: Registered feishu_wiki tool
[plugins] feishu_drive: Registered feishu_drive tool
[plugins] feishu_bitable: Registered 6 bitable tools
Config warnings:\n- plugins.entries.feishu: plugin feishu: duplicate plugin id detected; later plugin may be overridden (/home/tsl/openclaw/extensions/feishu/index.ts)
│
◇  Config warnings ────────────────────────────────────────────────────────╮
│                                                                          │
│  - plugins.entries.feishu: plugin feishu: duplicate plugin id detected;  │
│    later plugin may be overridden                                        │
│    (/home/tsl/openclaw/extensions/feishu/index.ts)                       │
│                                                                          │
├──────────────────────────────────────────────────────────────────────────╯
Config warnings:\n- plugins.entries.feishu: plugin feishu: duplicate plugin id detected; later plugin may be overridden (/home/tsl/openclaw/extensions/feishu/index.ts)
[info]: [ 'client ready' ]
✅ Sent via Feishu. Message ID: om_x100b55f506338ca4b31128f3a5cc7e3 (chat ou_b3afb7d2133e4d689be523fc48f3d2b3)
[2026-03-07 20:10:48] ✅ VPN 已连接
[2026-03-07 20:10:48] 发送飞书通知: ✅ VPN 连接已恢复

VPN 状态：已连接
时间：2026-03-07 20:10:48

可以正常访问外网了。

> openclaw@2026.2.6-3 openclaw /home/tsl/openclaw
> node scripts/run-node.mjs message send --channel feishu --target ou_b3afb7d2133e4d689be523fc48f3d2b3 --message '✅ VPN 连接已恢复

VPN 状态：已连接
时间：2026-03-07 20:10:48

可以正常访问外网了。'

Config warnings:\n- plugins.entries.feishu: plugin feishu: duplicate plugin id detected; later plugin may be overridden (/home/tsl/openclaw/extensions/feishu/index.ts)
[plugins] feishu_doc: Registered feishu_doc, feishu_app_scopes
[plugins] feishu_wiki: Registered feishu_wiki tool
[plugins] feishu_drive: Registered feishu_drive tool
[plugins] feishu_bitable: Registered 6 bitable tools
Config warnings:\n- plugins.entries.feishu: plugin feishu: duplicate plugin id detected; later plugin may be overridden (/home/tsl/openclaw/extensions/feishu/index.ts)
│
◇  Config warnings ────────────────────────────────────────────────────────╮
│                                                                          │
│  - plugins.entries.feishu: plugin feishu: duplicate plugin id detected;  │
│    later plugin may be overridden                                        │
│    (/home/tsl/openclaw/extensions/feishu/index.ts)                       │
│                                                                          │
├──────────────────────────────────────────────────────────────────────────╯
Config warnings:\n- plugins.entries.feishu: plugin feishu: duplicate plugin id detected; later plugin may be overridden (/home/tsl/openclaw/extensions/feishu/index.ts)
[info]: [ 'client ready' ]
✅ Sent via Feishu. Message ID: om_x100b55f51217c4a4b3c763b98ca2665 (chat ou_b3afb7d2133e4d689be523fc48f3d2b3)
[2026-03-08 04:11:19] ❌ VPN 未连接
[2026-03-08 04:11:19] 启动 FortiClient GUI...
[2026-03-08 04:11:22] ✅ FortiClient GUI 已启动
[2026-03-08 04:11:22] 尝试触发 VPN 连接...
[2026-03-08 04:11:22] 触发 VPN 连接...
[2026-03-08 04:11:22] 使用 GUI 自动化点击连接按钮...
[2026-03-08 04:11:22] ========================================
[2026-03-08 04:11:22] 开始 VPN 自动连接
[2026-03-08 04:11:22] ========================================
[2026-03-08 04:11:22] 设置 DISPLAY=:1
[2026-03-08 04:11:22] FortiClient 已在运行
[2026-03-08 04:11:25] 截图已保存: /home/tsl/openclaw/vpn-auto/debug_screen.png
[2026-03-08 04:11:25] 尝试 1/5...
[2026-03-08 04:11:25] 找到图像 saml_button_small.png 在位置: (60, 17)
[2026-03-08 04:11:25] 点击坐标: (60, 17)
[2026-03-08 04:11:25] ✅ 成功点击连接按钮
[2026-03-08 04:11:25] ✅ VPN 连接已触发（SAML 登录）
[2026-03-08 04:11:25] 请在手机上完成 MFA 认证
[2026-03-08 04:11:25] ✅ GUI 自动化成功
[2026-03-08 04:11:25] 发送飞书通知: ⚠️ VPN 连接已断开

VPN 状态：未连接
时间：2026-03-08 04:11:25

已自动启动 FortiClient 并触发 VPN 连接。
请在手机上完成 Microsoft MFA 认证：
1. 打开 Microsoft Authenticator 应用
2. 批准登录请求
3. 或输入验证码

如果未收到 MFA 请求，请手动点击 FortiClient 中的连接按钮。

> openclaw@2026.2.6-3 openclaw /home/tsl/openclaw
> node scripts/run-node.mjs message send --channel feishu --target ou_b3afb7d2133e4d689be523fc48f3d2b3 --message '⚠️ VPN 连接已断开

VPN 状态：未连接
时间：2026-03-08 04:11:25

已自动启动 FortiClient 并触发 VPN 连接。
请在手机上完成 Microsoft MFA 认证：
1. 打开 Microsoft Authenticator 应用
2. 批准登录请求
3. 或输入验证码

如果未收到 MFA 请求，请手动点击 FortiClient 中的连接按钮。'

Config warnings:\n- plugins.entries.feishu: plugin feishu: duplicate plugin id detected; later plugin may be overridden (/home/tsl/openclaw/extensions/feishu/index.ts)
 ELIFECYCLE  Command failed.
Terminated
[plugins] feishu_doc: Registered feishu_doc, feishu_app_scopes
[plugins] feishu_wiki: Registered feishu_wiki tool
[plugins] feishu_drive: Registered feishu_drive tool
[plugins] feishu_bitable: Registered 6 bitable tools
Config warnings:\n- plugins.entries.feishu: plugin feishu: duplicate plugin id detected; later plugin may be overridden (/home/tsl/openclaw/extensions/feishu/index.ts)
│
◇  Config warnings ────────────────────────────────────────────────────────╮
│                                                                          │
│  - plugins.entries.feishu: plugin feishu: duplicate plugin id detected;  │
│    later plugin may be overridden                                        │
│    (/home/tsl/openclaw/extensions/feishu/index.ts)                       │
│                                                                          │
├──────────────────────────────────────────────────────────────────────────╯
Config warnings:\n- plugins.entries.feishu: plugin feishu: duplicate plugin id detected; later plugin may be overridden (/home/tsl/openclaw/extensions/feishu/index.ts)
[info]: [ 'client ready' ]
✅ Sent via Feishu. Message ID: om_x100b55fc29d178a4b3bea8eafd7e5bb (chat ou_b3afb7d2133e4d689be523fc48f3d2b3)
[2026-03-08 04:16:42] ✅ VPN 已连接
[2026-03-08 04:16:42] 发送飞书通知: ✅ VPN 连接已恢复

VPN 状态：已连接
时间：2026-03-08 04:16:42

可以正常访问外网了。

> openclaw@2026.2.6-3 openclaw /home/tsl/openclaw
> node scripts/run-node.mjs message send --channel feishu --target ou_b3afb7d2133e4d689be523fc48f3d2b3 --message '✅ VPN 连接已恢复

VPN 状态：已连接
时间：2026-03-08 04:16:42

可以正常访问外网了。'

Config warnings:\n- plugins.entries.feishu: plugin feishu: duplicate plugin id detected; later plugin may be overridden (/home/tsl/openclaw/extensions/feishu/index.ts)
[plugins] feishu_doc: Registered feishu_doc, feishu_app_scopes
[plugins] feishu_wiki: Registered feishu_wiki tool
[plugins] feishu_drive: Registered feishu_drive tool
[plugins] feishu_bitable: Registered 6 bitable tools
Config warnings:\n- plugins.entries.feishu: plugin feishu: duplicate plugin id detected; later plugin may be overridden (/home/tsl/openclaw/extensions/feishu/index.ts)
│
◇  Config warnings ────────────────────────────────────────────────────────╮
│                                                                          │
│  - plugins.entries.feishu: plugin feishu: duplicate plugin id detected;  │
│    later plugin may be overridden                                        │
│    (/home/tsl/openclaw/extensions/feishu/index.ts)                       │
│                                                                          │
├──────────────────────────────────────────────────────────────────────────╯
Config warnings:\n- plugins.entries.feishu: plugin feishu: duplicate plugin id detected; later plugin may be overridden (/home/tsl/openclaw/extensions/feishu/index.ts)
[info]: [ 'client ready' ]
✅ Sent via Feishu. Message ID: om_x100b55fc343f58a4b3d4b4a3de9874a (chat ou_b3afb7d2133e4d689be523fc48f3d2b3)
[2026-03-08 12:16:12] ❌ VPN 未连接
[2026-03-08 12:16:12] 启动 FortiClient GUI...
[2026-03-08 12:16:15] ✅ FortiClient GUI 已启动
[2026-03-08 12:16:15] 尝试触发 VPN 连接...
[2026-03-08 12:16:15] 触发 VPN 连接...
[2026-03-08 12:16:15] 使用 GUI 自动化点击连接按钮...
[2026-03-08 12:16:15] ========================================
[2026-03-08 12:16:15] 开始 VPN 自动连接
[2026-03-08 12:16:15] ========================================
[2026-03-08 12:16:15] 设置 DISPLAY=:1
[2026-03-08 12:16:15] FortiClient 已在运行
[2026-03-08 12:16:18] 截图已保存: /home/tsl/openclaw/vpn-auto/debug_screen.png
[2026-03-08 12:16:18] 尝试 1/5...
[2026-03-08 12:16:18] 找到图像 saml_button_small.png 在位置: (60, 17)
[2026-03-08 12:16:18] 点击坐标: (60, 17)
[2026-03-08 12:16:18] ✅ 成功点击连接按钮
[2026-03-08 12:16:18] ✅ VPN 连接已触发（SAML 登录）
[2026-03-08 12:16:18] 请在手机上完成 MFA 认证
[2026-03-08 12:16:18] ✅ GUI 自动化成功
[2026-03-08 12:16:18] 发送飞书通知: ⚠️ VPN 连接已断开

VPN 状态：未连接
时间：2026-03-08 12:16:18

已自动启动 FortiClient 并触发 VPN 连接。
请在手机上完成 Microsoft MFA 认证：
1. 打开 Microsoft Authenticator 应用
2. 批准登录请求
3. 或输入验证码

如果未收到 MFA 请求，请手动点击 FortiClient 中的连接按钮。

> openclaw@2026.2.6-3 openclaw /home/tsl/openclaw
> node scripts/run-node.mjs message send --channel feishu --target ou_b3afb7d2133e4d689be523fc48f3d2b3 --message '⚠️ VPN 连接已断开

VPN 状态：未连接
时间：2026-03-08 12:16:18

已自动启动 FortiClient 并触发 VPN 连接。
请在手机上完成 Microsoft MFA 认证：
1. 打开 Microsoft Authenticator 应用
2. 批准登录请求
3. 或输入验证码

如果未收到 MFA 请求，请手动点击 FortiClient 中的连接按钮。'

Config warnings:\n- plugins.entries.feishu: plugin feishu: duplicate plugin id detected; later plugin may be overridden (/home/tsl/openclaw/extensions/feishu/index.ts)
[plugins] feishu_doc: Registered feishu_doc, feishu_app_scopes
[plugins] feishu_wiki: Registered feishu_wiki tool
[plugins] feishu_drive: Registered feishu_drive tool
[plugins] feishu_bitable: Registered 6 bitable tools
Config warnings:\n- plugins.entries.feishu: plugin feishu: duplicate plugin id detected; later plugin may be overridden (/home/tsl/openclaw/extensions/feishu/index.ts)
│
◇  Config warnings ────────────────────────────────────────────────────────╮
│                                                                          │
│  - plugins.entries.feishu: plugin feishu: duplicate plugin id detected;  │
│    later plugin may be overridden                                        │
│    (/home/tsl/openclaw/extensions/feishu/index.ts)                       │
│                                                                          │
├──────────────────────────────────────────────────────────────────────────╯
Config warnings:\n- plugins.entries.feishu: plugin feishu: duplicate plugin id detected; later plugin may be overridden (/home/tsl/openclaw/extensions/feishu/index.ts)
[info]: [ 'client ready' ]
✅ Sent via Feishu. Message ID: om_x100b55fbcfbc08a8b2ef22c106f1e04 (chat ou_b3afb7d2133e4d689be523fc48f3d2b3)
[2026-03-08 12:18:26] ✅ VPN 已连接
[2026-03-08 12:18:26] 发送飞书通知: ✅ VPN 连接已恢复

VPN 状态：已连接
时间：2026-03-08 12:18:26

可以正常访问外网了。

> openclaw@2026.2.6-3 openclaw /home/tsl/openclaw
> node scripts/run-node.mjs message send --channel feishu --target ou_b3afb7d2133e4d689be523fc48f3d2b3 --message '✅ VPN 连接已恢复

VPN 状态：已连接
时间：2026-03-08 12:18:26

可以正常访问外网了。'

Config warnings:\n- plugins.entries.feishu: plugin feishu: duplicate plugin id detected; later plugin may be overridden (/home/tsl/openclaw/extensions/feishu/index.ts)
[plugins] feishu_doc: Registered feishu_doc, feishu_app_scopes
[plugins] feishu_wiki: Registered feishu_wiki tool
[plugins] feishu_drive: Registered feishu_drive tool
[plugins] feishu_bitable: Registered 6 bitable tools
Config warnings:\n- plugins.entries.feishu: plugin feishu: duplicate plugin id detected; later plugin may be overridden (/home/tsl/openclaw/extensions/feishu/index.ts)
│
◇  Config warnings ────────────────────────────────────────────────────────╮
│                                                                          │
│  - plugins.entries.feishu: plugin feishu: duplicate plugin id detected;  │
│    later plugin may be overridden                                        │
│    (/home/tsl/openclaw/extensions/feishu/index.ts)                       │
│                                                                          │
├──────────────────────────────────────────────────────────────────────────╯
Config warnings:\n- plugins.entries.feishu: plugin feishu: duplicate plugin id detected; later plugin may be overridden (/home/tsl/openclaw/extensions/feishu/index.ts)
[info]: [ 'client ready' ]
✅ Sent via Feishu. Message ID: om_x100b55fbc7b97930b20b20f63c0719a (chat ou_b3afb7d2133e4d689be523fc48f3d2b3)
[2026-03-08 20:18:56] ❌ VPN 未连接
[2026-03-08 20:18:56] 启动 FortiClient GUI...
[2026-03-08 20:18:59] ✅ FortiClient GUI 已启动
[2026-03-08 20:18:59] 尝试触发 VPN 连接...
[2026-03-08 20:18:59] 触发 VPN 连接...
[2026-03-08 20:18:59] 使用 GUI 自动化点击连接按钮...
[2026-03-08 20:18:59] ========================================
[2026-03-08 20:18:59] 开始 VPN 自动连接
[2026-03-08 20:18:59] ========================================
[2026-03-08 20:18:59] 设置 DISPLAY=:1
[2026-03-08 20:18:59] FortiClient 已在运行
[2026-03-08 20:19:02] 截图已保存: /home/tsl/openclaw/vpn-auto/debug_screen.png
[2026-03-08 20:19:02] 尝试 1/5...
[2026-03-08 20:19:02] 找到图像 saml_button_small.png 在位置: (60, 17)
[2026-03-08 20:19:02] 点击坐标: (60, 17)
[2026-03-08 20:19:02] ✅ 成功点击连接按钮
[2026-03-08 20:19:02] ✅ VPN 连接已触发（SAML 登录）
[2026-03-08 20:19:02] 请在手机上完成 MFA 认证
[2026-03-08 20:19:02] ✅ GUI 自动化成功
[2026-03-08 20:19:02] 发送飞书通知: ⚠️ VPN 连接已断开

VPN 状态：未连接
时间：2026-03-08 20:19:02

已自动启动 FortiClient 并触发 VPN 连接。
请在手机上完成 Microsoft MFA 认证：
1. 打开 Microsoft Authenticator 应用
2. 批准登录请求
3. 或输入验证码

如果未收到 MFA 请求，请手动点击 FortiClient 中的连接按钮。

> openclaw@2026.2.6-3 openclaw /home/tsl/openclaw
> node scripts/run-node.mjs message send --channel feishu --target ou_b3afb7d2133e4d689be523fc48f3d2b3 --message '⚠️ VPN 连接已断开

VPN 状态：未连接
时间：2026-03-08 20:19:02

已自动启动 FortiClient 并触发 VPN 连接。
请在手机上完成 Microsoft MFA 认证：
1. 打开 Microsoft Authenticator 应用
2. 批准登录请求
3. 或输入验证码

如果未收到 MFA 请求，请手动点击 FortiClient 中的连接按钮。'

Config warnings:\n- plugins.entries.feishu: plugin feishu: duplicate plugin id detected; later plugin may be overridden (/home/tsl/openclaw/extensions/feishu/index.ts)
[plugins] feishu_doc: Registered feishu_doc, feishu_app_scopes
[plugins] feishu_wiki: Registered feishu_wiki tool
[plugins] feishu_drive: Registered feishu_drive tool
[plugins] feishu_bitable: Registered 6 bitable tools
Config warnings:\n- plugins.entries.feishu: plugin feishu: duplicate plugin id detected; later plugin may be overridden (/home/tsl/openclaw/extensions/feishu/index.ts)
│
◇  Config warnings ────────────────────────────────────────────────────────╮
│                                                                          │
│  - plugins.entries.feishu: plugin feishu: duplicate plugin id detected;  │
│    later plugin may be overridden                                        │
│    (/home/tsl/openclaw/extensions/feishu/index.ts)                       │
│                                                                          │
├──────────────────────────────────────────────────────────────────────────╯
Config warnings:\n- plugins.entries.feishu: plugin feishu: duplicate plugin id detected; later plugin may be overridden (/home/tsl/openclaw/extensions/feishu/index.ts)
[info]: [ 'client ready' ]
✅ Sent via Feishu. Message ID: om_x100b55e2dd7c7ca4b3fe5805cbb898f (chat ou_b3afb7d2133e4d689be523fc48f3d2b3)
[2026-03-08 20:21:10] ✅ VPN 已连接
[2026-03-08 20:21:10] 发送飞书通知: ✅ VPN 连接已恢复

VPN 状态：已连接
时间：2026-03-08 20:21:10

可以正常访问外网了。

> openclaw@2026.2.6-3 openclaw /home/tsl/openclaw
> node scripts/run-node.mjs message send --channel feishu --target ou_b3afb7d2133e4d689be523fc48f3d2b3 --message '✅ VPN 连接已恢复

VPN 状态：已连接
时间：2026-03-08 20:21:10

可以正常访问外网了。'

Config warnings:\n- plugins.entries.feishu: plugin feishu: duplicate plugin id detected; later plugin may be overridden (/home/tsl/openclaw/extensions/feishu/index.ts)
[plugins] feishu_doc: Registered feishu_doc, feishu_app_scopes
[plugins] feishu_wiki: Registered feishu_wiki tool
[plugins] feishu_drive: Registered feishu_drive tool
[plugins] feishu_bitable: Registered 6 bitable tools
Config warnings:\n- plugins.entries.feishu: plugin feishu: duplicate plugin id detected; later plugin may be overridden (/home/tsl/openclaw/extensions/feishu/index.ts)
│
◇  Config warnings ────────────────────────────────────────────────────────╮
│                                                                          │
│  - plugins.entries.feishu: plugin feishu: duplicate plugin id detected;  │
│    later plugin may be overridden                                        │
│    (/home/tsl/openclaw/extensions/feishu/index.ts)                       │
│                                                                          │
├──────────────────────────────────────────────────────────────────────────╯
Config warnings:\n- plugins.entries.feishu: plugin feishu: duplicate plugin id detected; later plugin may be overridden (/home/tsl/openclaw/extensions/feishu/index.ts)
[info]: [ 'client ready' ]
✅ Sent via Feishu. Message ID: om_x100b55e2d57980a4b3d3ba71d99a9bd (chat ou_b3afb7d2133e4d689be523fc48f3d2b3)
[2026-03-09 04:21:40] ❌ VPN 未连接
[2026-03-09 04:21:40] 启动 FortiClient GUI...
[2026-03-09 04:21:43] ✅ FortiClient GUI 已启动
[2026-03-09 04:21:43] 尝试触发 VPN 连接...
[2026-03-09 04:21:43] 触发 VPN 连接...
[2026-03-09 04:21:43] 使用 GUI 自动化点击连接按钮...
[2026-03-09 04:21:43] ========================================
[2026-03-09 04:21:43] 开始 VPN 自动连接
[2026-03-09 04:21:43] ========================================
[2026-03-09 04:21:43] 设置 DISPLAY=:1
[2026-03-09 04:21:44] FortiClient 已在运行
[2026-03-09 04:21:46] 截图已保存: /home/tsl/openclaw/vpn-auto/debug_screen.png
[2026-03-09 04:21:46] 尝试 1/5...
[2026-03-09 04:21:46] 找到图像 saml_button_small.png 在位置: (60, 17)
[2026-03-09 04:21:46] 点击坐标: (60, 17)
[2026-03-09 04:21:46] ✅ 成功点击连接按钮
[2026-03-09 04:21:46] ✅ VPN 连接已触发（SAML 登录）
[2026-03-09 04:21:46] 请在手机上完成 MFA 认证
[2026-03-09 04:21:46] ✅ GUI 自动化成功
[2026-03-09 04:21:46] 发送飞书通知: ⚠️ VPN 连接已断开

VPN 状态：未连接
时间：2026-03-09 04:21:46

已自动启动 FortiClient 并触发 VPN 连接。
请在手机上完成 Microsoft MFA 认证：
1. 打开 Microsoft Authenticator 应用
2. 批准登录请求
3. 或输入验证码

如果未收到 MFA 请求，请手动点击 FortiClient 中的连接按钮。

> openclaw@2026.2.6-3 openclaw /home/tsl/openclaw
> node scripts/run-node.mjs message send --channel feishu --target ou_b3afb7d2133e4d689be523fc48f3d2b3 --message '⚠️ VPN 连接已断开

VPN 状态：未连接
时间：2026-03-09 04:21:46

已自动启动 FortiClient 并触发 VPN 连接。
请在手机上完成 Microsoft MFA 认证：
1. 打开 Microsoft Authenticator 应用
2. 批准登录请求
3. 或输入验证码

如果未收到 MFA 请求，请手动点击 FortiClient 中的连接按钮。'

Config warnings:\n- plugins.entries.feishu: plugin feishu: duplicate plugin id detected; later plugin may be overridden (/home/tsl/openclaw/extensions/feishu/index.ts)
[plugins] feishu_doc: Registered feishu_doc, feishu_app_scopes
[plugins] feishu_wiki: Registered feishu_wiki tool
[plugins] feishu_drive: Registered feishu_drive tool
[plugins] feishu_bitable: Registered 6 bitable tools
Config warnings:\n- plugins.entries.feishu: plugin feishu: duplicate plugin id detected; later plugin may be overridden (/home/tsl/openclaw/extensions/feishu/index.ts)
│
◇  Config warnings ────────────────────────────────────────────────────────╮
│                                                                          │
│  - plugins.entries.feishu: plugin feishu: duplicate plugin id detected;  │
│    later plugin may be overridden                                        │
│    (/home/tsl/openclaw/extensions/feishu/index.ts)                       │
│                                                                          │
├──────────────────────────────────────────────────────────────────────────╯
Config warnings:\n- plugins.entries.feishu: plugin feishu: duplicate plugin id detected; later plugin may be overridden (/home/tsl/openclaw/extensions/feishu/index.ts)
[info]: [ 'client ready' ]
✅ Sent via Feishu. Message ID: om_x100b55e9eb3c48a0b36d67b1443d86a (chat ou_b3afb7d2133e4d689be523fc48f3d2b3)
[2026-03-09 04:24:59] ✅ VPN 已连接
[2026-03-09 04:24:59] 发送飞书通知: ✅ VPN 连接已恢复

VPN 状态：已连接
时间：2026-03-09 04:24:59

可以正常访问外网了。

> openclaw@2026.2.6-3 openclaw /home/tsl/openclaw
> node scripts/run-node.mjs message send --channel feishu --target ou_b3afb7d2133e4d689be523fc48f3d2b3 --message '✅ VPN 连接已恢复

VPN 状态：已连接
时间：2026-03-09 04:24:59

可以正常访问外网了。'

Config warnings:\n- plugins.entries.feishu: plugin feishu: duplicate plugin id detected; later plugin may be overridden (/home/tsl/openclaw/extensions/feishu/index.ts)
[plugins] feishu_doc: Registered feishu_doc, feishu_app_scopes
[plugins] feishu_wiki: Registered feishu_wiki tool
[plugins] feishu_drive: Registered feishu_drive tool
[plugins] feishu_bitable: Registered 6 bitable tools
Config warnings:\n- plugins.entries.feishu: plugin feishu: duplicate plugin id detected; later plugin may be overridden (/home/tsl/openclaw/extensions/feishu/index.ts)
│
◇  Config warnings ────────────────────────────────────────────────────────╮
│                                                                          │
│  - plugins.entries.feishu: plugin feishu: duplicate plugin id detected;  │
│    later plugin may be overridden                                        │
│    (/home/tsl/openclaw/extensions/feishu/index.ts)                       │
│                                                                          │
├──────────────────────────────────────────────────────────────────────────╯
Config warnings:\n- plugins.entries.feishu: plugin feishu: duplicate plugin id detected; later plugin may be overridden (/home/tsl/openclaw/extensions/feishu/index.ts)
[info]: [ 'client ready' ]
✅ Sent via Feishu. Message ID: om_x100b55e9fcc554a4b28cb7f6c3230a1 (chat ou_b3afb7d2133e4d689be523fc48f3d2b3)
[2026-03-09 12:24:30] ❌ VPN 未连接
[2026-03-09 12:24:30] 启动 FortiClient GUI...
[2026-03-09 12:24:33] ✅ FortiClient GUI 已启动
[2026-03-09 12:24:33] 尝试触发 VPN 连接...
[2026-03-09 12:24:33] 触发 VPN 连接...
[2026-03-09 12:24:33] 使用 GUI 自动化点击连接按钮...
[2026-03-09 12:24:33] ========================================
[2026-03-09 12:24:33] 开始 VPN 自动连接
[2026-03-09 12:24:33] ========================================
[2026-03-09 12:24:33] 设置 DISPLAY=:1
[2026-03-09 12:24:33] FortiClient 已在运行
[2026-03-09 12:24:36] 截图已保存: /home/tsl/openclaw/vpn-auto/debug_screen.png
[2026-03-09 12:24:36] 尝试 1/5...
[2026-03-09 12:24:36] 找到图像 saml_button_small.png 在位置: (60, 17)
[2026-03-09 12:24:36] 点击坐标: (60, 17)
[2026-03-09 12:24:36] ✅ 成功点击连接按钮
[2026-03-09 12:24:36] ✅ VPN 连接已触发（SAML 登录）
[2026-03-09 12:24:36] 请在手机上完成 MFA 认证
[2026-03-09 12:24:36] ✅ GUI 自动化成功
[2026-03-09 12:24:36] 发送飞书通知: ⚠️ VPN 连接已断开

VPN 状态：未连接
时间：2026-03-09 12:24:36

已自动启动 FortiClient 并触发 VPN 连接。
请在手机上完成 Microsoft MFA 认证：
1. 打开 Microsoft Authenticator 应用
2. 批准登录请求
3. 或输入验证码

如果未收到 MFA 请求，请手动点击 FortiClient 中的连接按钮。

> openclaw@2026.2.6-3 openclaw /home/tsl/openclaw
> node scripts/run-node.mjs message send --channel feishu --target ou_b3afb7d2133e4d689be523fc48f3d2b3 --message '⚠️ VPN 连接已断开

VPN 状态：未连接
时间：2026-03-09 12:24:36

已自动启动 FortiClient 并触发 VPN 连接。
请在手机上完成 Microsoft MFA 认证：
1. 打开 Microsoft Authenticator 应用
2. 批准登录请求
3. 或输入验证码

如果未收到 MFA 请求，请手动点击 FortiClient 中的连接按钮。'

Config warnings:\n- plugins.entries.feishu: plugin feishu: duplicate plugin id detected; later plugin may be overridden (/home/tsl/openclaw/extensions/feishu/index.ts)
[plugins] feishu_doc: Registered feishu_doc, feishu_app_scopes
[plugins] feishu_wiki: Registered feishu_wiki tool
[plugins] feishu_drive: Registered feishu_drive tool
[plugins] feishu_bitable: Registered 6 bitable tools
Config warnings:\n- plugins.entries.feishu: plugin feishu: duplicate plugin id detected; later plugin may be overridden (/home/tsl/openclaw/extensions/feishu/index.ts)
│
◇  Config warnings ────────────────────────────────────────────────────────╮
│                                                                          │
│  - plugins.entries.feishu: plugin feishu: duplicate plugin id detected;  │
│    later plugin may be overridden                                        │
│    (/home/tsl/openclaw/extensions/feishu/index.ts)                       │
│                                                                          │
├──────────────────────────────────────────────────────────────────────────╯
Config warnings:\n- plugins.entries.feishu: plugin feishu: duplicate plugin id detected; later plugin may be overridden (/home/tsl/openclaw/extensions/feishu/index.ts)
[info]: [ 'client ready' ]
✅ Sent via Feishu. Message ID: om_x100b55d0f65db900b4b32f2ceceb7b6 (chat ou_b3afb7d2133e4d689be523fc48f3d2b3)
[2026-03-09 12:35:08] ✅ VPN 已连接
[2026-03-09 12:35:08] 发送飞书通知: ✅ VPN 连接已恢复

VPN 状态：已连接
时间：2026-03-09 12:35:08

可以正常访问外网了。

> openclaw@2026.2.6-3 openclaw /home/tsl/openclaw
> node scripts/run-node.mjs message send --channel feishu --target ou_b3afb7d2133e4d689be523fc48f3d2b3 --message '✅ VPN 连接已恢复

VPN 状态：已连接
时间：2026-03-09 12:35:08

可以正常访问外网了。'

Config warnings:\n- plugins.entries.feishu: plugin feishu: duplicate plugin id detected; later plugin may be overridden (/home/tsl/openclaw/extensions/feishu/index.ts)
[plugins] feishu_doc: Registered feishu_doc, feishu_app_scopes
[plugins] feishu_wiki: Registered feishu_wiki tool
[plugins] feishu_drive: Registered feishu_drive tool
[plugins] feishu_bitable: Registered 6 bitable tools
Config warnings:\n- plugins.entries.feishu: plugin feishu: duplicate plugin id detected; later plugin may be overridden (/home/tsl/openclaw/extensions/feishu/index.ts)
│
◇  Config warnings ────────────────────────────────────────────────────────╮
│                                                                          │
│  - plugins.entries.feishu: plugin feishu: duplicate plugin id detected;  │
│    later plugin may be overridden                                        │
│    (/home/tsl/openclaw/extensions/feishu/index.ts)                       │
│                                                                          │
├──────────────────────────────────────────────────────────────────────────╯
Config warnings:\n- plugins.entries.feishu: plugin feishu: duplicate plugin id detected; later plugin may be overridden (/home/tsl/openclaw/extensions/feishu/index.ts)
[info]: [ 'client ready' ]
✅ Sent via Feishu. Message ID: om_x100b55d0aed13ca0b21047dad726d9b (chat ou_b3afb7d2133e4d689be523fc48f3d2b3)
[2026-03-09 20:34:39] ❌ VPN 未连接
[2026-03-09 20:34:39] 启动 FortiClient GUI...
[2026-03-09 20:34:42] ✅ FortiClient GUI 已启动
[2026-03-09 20:34:42] 尝试触发 VPN 连接...
[2026-03-09 20:34:42] 触发 VPN 连接...
[2026-03-09 20:34:42] 使用 GUI 自动化点击连接按钮...
[2026-03-09 20:34:42] ========================================
[2026-03-09 20:34:42] 开始 VPN 自动连接
[2026-03-09 20:34:42] ========================================
[2026-03-09 20:34:42] 设置 DISPLAY=:1
[2026-03-09 20:34:42] FortiClient 已在运行
[2026-03-09 20:34:45] 截图已保存: /home/tsl/openclaw/vpn-auto/debug_screen.png
[2026-03-09 20:34:45] 尝试 1/5...
[2026-03-09 20:34:45] 找到图像 saml_button_small.png 在位置: (60, 17)
[2026-03-09 20:34:45] 点击坐标: (60, 17)
[2026-03-09 20:34:45] ✅ 成功点击连接按钮
[2026-03-09 20:34:45] ✅ VPN 连接已触发（SAML 登录）
[2026-03-09 20:34:45] 请在手机上完成 MFA 认证
[2026-03-09 20:34:45] ✅ GUI 自动化成功
[2026-03-09 20:34:45] 发送飞书通知: ⚠️ VPN 连接已断开

VPN 状态：未连接
时间：2026-03-09 20:34:45

已自动启动 FortiClient 并触发 VPN 连接。
请在手机上完成 Microsoft MFA 认证：
1. 打开 Microsoft Authenticator 应用
2. 批准登录请求
3. 或输入验证码

如果未收到 MFA 请求，请手动点击 FortiClient 中的连接按钮。

> openclaw@2026.2.6-3 openclaw /home/tsl/openclaw
> node scripts/run-node.mjs message send --channel feishu --target ou_b3afb7d2133e4d689be523fc48f3d2b3 --message '⚠️ VPN 连接已断开

VPN 状态：未连接
时间：2026-03-09 20:34:45

已自动启动 FortiClient 并触发 VPN 连接。
请在手机上完成 Microsoft MFA 认证：
1. 打开 Microsoft Authenticator 应用
2. 批准登录请求
3. 或输入验证码

如果未收到 MFA 请求，请手动点击 FortiClient 中的连接按钮。'

Config warnings:\n- plugins.entries.feishu: plugin feishu: duplicate plugin id detected; later plugin may be overridden (/home/tsl/openclaw/extensions/feishu/index.ts)
[plugins] feishu_doc: Registered feishu_doc, feishu_app_scopes
[plugins] feishu_wiki: Registered feishu_wiki tool
[plugins] feishu_drive: Registered feishu_drive tool
[plugins] feishu_bitable: Registered 6 bitable tools
Config warnings:\n- plugins.entries.feishu: plugin feishu: duplicate plugin id detected; later plugin may be overridden (/home/tsl/openclaw/extensions/feishu/index.ts)
│
◇  Config warnings ────────────────────────────────────────────────────────╮
│                                                                          │
│  - plugins.entries.feishu: plugin feishu: duplicate plugin id detected;  │
│    later plugin may be overridden                                        │
│    (/home/tsl/openclaw/extensions/feishu/index.ts)                       │
│                                                                          │
├──────────────────────────────────────────────────────────────────────────╯
Config warnings:\n- plugins.entries.feishu: plugin feishu: duplicate plugin id detected; later plugin may be overridden (/home/tsl/openclaw/extensions/feishu/index.ts)
[info]: [ 'client ready' ]
✅ Sent via Feishu. Message ID: om_x100b55dfa850c4a8b3f46380d9e8e65 (chat ou_b3afb7d2133e4d689be523fc48f3d2b3)
[2026-03-09 20:40:02] ✅ VPN 已连接
[2026-03-09 20:40:02] 发送飞书通知: ✅ VPN 连接已恢复

VPN 状态：已连接
时间：2026-03-09 20:40:02

可以正常访问外网了。

> openclaw@2026.2.6-3 openclaw /home/tsl/openclaw
> node scripts/run-node.mjs message send --channel feishu --target ou_b3afb7d2133e4d689be523fc48f3d2b3 --message '✅ VPN 连接已恢复

VPN 状态：已连接
时间：2026-03-09 20:40:02

可以正常访问外网了。'

Config warnings:\n- plugins.entries.feishu: plugin feishu: duplicate plugin id detected; later plugin may be overridden (/home/tsl/openclaw/extensions/feishu/index.ts)
[plugins] feishu_doc: Registered feishu_doc, feishu_app_scopes
[plugins] feishu_wiki: Registered feishu_wiki tool
[plugins] feishu_drive: Registered feishu_drive tool
[plugins] feishu_bitable: Registered 6 bitable tools
Config warnings:\n- plugins.entries.feishu: plugin feishu: duplicate plugin id detected; later plugin may be overridden (/home/tsl/openclaw/extensions/feishu/index.ts)
│
◇  Config warnings ────────────────────────────────────────────────────────╮
│                                                                          │
│  - plugins.entries.feishu: plugin feishu: duplicate plugin id detected;  │
│    later plugin may be overridden                                        │
│    (/home/tsl/openclaw/extensions/feishu/index.ts)                       │
│                                                                          │
├──────────────────────────────────────────────────────────────────────────╯
Config warnings:\n- plugins.entries.feishu: plugin feishu: duplicate plugin id detected; later plugin may be overridden (/home/tsl/openclaw/extensions/feishu/index.ts)
[info]: [ 'client ready' ]
✅ Sent via Feishu. Message ID: om_x100b55dfb4b520b4b38e302db88d25b (chat ou_b3afb7d2133e4d689be523fc48f3d2b3)
[2026-03-10 04:40:33] ❌ VPN 未连接
[2026-03-10 04:40:33] 启动 FortiClient GUI...
[2026-03-10 04:40:36] ✅ FortiClient GUI 已启动
[2026-03-10 04:40:36] 尝试触发 VPN 连接...
[2026-03-10 04:40:36] 触发 VPN 连接...
[2026-03-10 04:40:36] 使用 GUI 自动化点击连接按钮...
[2026-03-10 04:40:36] ========================================
[2026-03-10 04:40:36] 开始 VPN 自动连接
[2026-03-10 04:40:36] ========================================
[2026-03-10 04:40:36] 设置 DISPLAY=:1
[2026-03-10 04:40:36] FortiClient 已在运行
[2026-03-10 04:40:39] 截图已保存: /home/tsl/openclaw/vpn-auto/debug_screen.png
[2026-03-10 04:40:39] 尝试 1/5...
[2026-03-10 04:40:39] 找到图像 saml_button_small.png 在位置: (60, 17)
[2026-03-10 04:40:39] 点击坐标: (60, 17)
[2026-03-10 04:40:39] ✅ 成功点击连接按钮
[2026-03-10 04:40:39] ✅ VPN 连接已触发（SAML 登录）
[2026-03-10 04:40:39] 请在手机上完成 MFA 认证
[2026-03-10 04:40:39] ✅ GUI 自动化成功
[2026-03-10 04:40:39] 发送飞书通知: ⚠️ VPN 连接已断开

VPN 状态：未连接
时间：2026-03-10 04:40:39

已自动启动 FortiClient 并触发 VPN 连接。
请在手机上完成 Microsoft MFA 认证：
1. 打开 Microsoft Authenticator 应用
2. 批准登录请求
3. 或输入验证码

如果未收到 MFA 请求，请手动点击 FortiClient 中的连接按钮。

> openclaw@2026.2.6-3 openclaw /home/tsl/openclaw
> node scripts/run-node.mjs message send --channel feishu --target ou_b3afb7d2133e4d689be523fc48f3d2b3 --message '⚠️ VPN 连接已断开

VPN 状态：未连接
时间：2026-03-10 04:40:39

已自动启动 FortiClient 并触发 VPN 连接。
请在手机上完成 Microsoft MFA 认证：
1. 打开 Microsoft Authenticator 应用
2. 批准登录请求
3. 或输入验证码

如果未收到 MFA 请求，请手动点击 FortiClient 中的连接按钮。'

 ELIFECYCLE  Command failed.
Terminated
Config warnings:\n- plugins.entries.feishu: plugin feishu: duplicate plugin id detected; later plugin may be overridden (/home/tsl/openclaw/extensions/feishu/index.ts)
[plugins] feishu_doc: Registered feishu_doc, feishu_app_scopes
[plugins] feishu_wiki: Registered feishu_wiki tool
[plugins] feishu_drive: Registered feishu_drive tool
[plugins] feishu_bitable: Registered 6 bitable tools
Config warnings:\n- plugins.entries.feishu: plugin feishu: duplicate plugin id detected; later plugin may be overridden (/home/tsl/openclaw/extensions/feishu/index.ts)
│
◇  Config warnings ────────────────────────────────────────────────────────╮
│                                                                          │
│  - plugins.entries.feishu: plugin feishu: duplicate plugin id detected;  │
│    later plugin may be overridden                                        │
│    (/home/tsl/openclaw/extensions/feishu/index.ts)                       │
│                                                                          │
├──────────────────────────────────────────────────────────────────────────╯
Config warnings:\n- plugins.entries.feishu: plugin feishu: duplicate plugin id detected; later plugin may be overridden (/home/tsl/openclaw/extensions/feishu/index.ts)
[info]: [ 'client ready' ]
✅ Sent via Feishu. Message ID: om_x100b55c74a7298a0b29a498da64112a (chat ou_b3afb7d2133e4d689be523fc48f3d2b3)
[2026-03-10 04:45:56] ✅ VPN 已连接
[2026-03-10 04:45:56] 发送飞书通知: ✅ VPN 连接已恢复

VPN 状态：已连接
时间：2026-03-10 04:45:56

可以正常访问外网了。

> openclaw@2026.2.6-3 openclaw /home/tsl/openclaw
> node scripts/run-node.mjs message send --channel feishu --target ou_b3afb7d2133e4d689be523fc48f3d2b3 --message '✅ VPN 连接已恢复

VPN 状态：已连接
时间：2026-03-10 04:45:56

可以正常访问外网了。'

Config warnings:\n- plugins.entries.feishu: plugin feishu: duplicate plugin id detected; later plugin may be overridden (/home/tsl/openclaw/extensions/feishu/index.ts)
[plugins] feishu_doc: Registered feishu_doc, feishu_app_scopes
[plugins] feishu_wiki: Registered feishu_wiki tool
[plugins] feishu_drive: Registered feishu_drive tool
[plugins] feishu_bitable: Registered 6 bitable tools
Config warnings:\n- plugins.entries.feishu: plugin feishu: duplicate plugin id detected; later plugin may be overridden (/home/tsl/openclaw/extensions/feishu/index.ts)
│
◇  Config warnings ────────────────────────────────────────────────────────╮
│                                                                          │
│  - plugins.entries.feishu: plugin feishu: duplicate plugin id detected;  │
│    later plugin may be overridden                                        │
│    (/home/tsl/openclaw/extensions/feishu/index.ts)                       │
│                                                                          │
├──────────────────────────────────────────────────────────────────────────╯
Config warnings:\n- plugins.entries.feishu: plugin feishu: duplicate plugin id detected; later plugin may be overridden (/home/tsl/openclaw/extensions/feishu/index.ts)
[info]: [ 'client ready' ]
✅ Sent via Feishu. Message ID: om_x100b55c756581130b2846d529d478d5 (chat ou_b3afb7d2133e4d689be523fc48f3d2b3)
[2026-03-10 12:45:26] ❌ VPN 未连接
[2026-03-10 12:45:26] 启动 FortiClient GUI...
[2026-03-10 12:45:29] ✅ FortiClient GUI 已启动
[2026-03-10 12:45:29] 尝试触发 VPN 连接...
[2026-03-10 12:45:29] 触发 VPN 连接...
[2026-03-10 12:45:29] 使用 GUI 自动化点击连接按钮...
[2026-03-10 12:45:30] ========================================
[2026-03-10 12:45:30] 开始 VPN 自动连接
[2026-03-10 12:45:30] ========================================
[2026-03-10 12:45:30] 设置 DISPLAY=:1
[2026-03-10 12:45:30] FortiClient 已在运行
[2026-03-10 12:45:32] 截图已保存: /home/tsl/openclaw/vpn-auto/debug_screen.png
[2026-03-10 12:45:32] 尝试 1/5...
[2026-03-10 12:45:32] 找到图像 saml_button_small.png 在位置: (60, 17)
[2026-03-10 12:45:33] 点击坐标: (60, 17)
[2026-03-10 12:45:33] ✅ 成功点击连接按钮
[2026-03-10 12:45:33] ✅ VPN 连接已触发（SAML 登录）
[2026-03-10 12:45:33] 请在手机上完成 MFA 认证
[2026-03-10 12:45:33] ✅ GUI 自动化成功
[2026-03-10 12:45:33] 发送飞书通知: ⚠️ VPN 连接已断开

VPN 状态：未连接
时间：2026-03-10 12:45:33

已自动启动 FortiClient 并触发 VPN 连接。
请在手机上完成 Microsoft MFA 认证：
1. 打开 Microsoft Authenticator 应用
2. 批准登录请求
3. 或输入验证码

如果未收到 MFA 请求，请手动点击 FortiClient 中的连接按钮。

> openclaw@2026.2.6-3 openclaw /home/tsl/openclaw
> node scripts/run-node.mjs message send --channel feishu --target ou_b3afb7d2133e4d689be523fc48f3d2b3 --message '⚠️ VPN 连接已断开

VPN 状态：未连接
时间：2026-03-10 12:45:33

已自动启动 FortiClient 并触发 VPN 连接。
请在手机上完成 Microsoft MFA 认证：
1. 打开 Microsoft Authenticator 应用
2. 批准登录请求
3. 或输入验证码

如果未收到 MFA 请求，请手动点击 FortiClient 中的连接按钮。'

Config warnings:\n- plugins.entries.feishu: plugin feishu: duplicate plugin id detected; later plugin may be overridden (/home/tsl/openclaw/extensions/feishu/index.ts)
[plugins] feishu_doc: Registered feishu_doc, feishu_app_scopes
[plugins] feishu_wiki: Registered feishu_wiki tool
[plugins] feishu_drive: Registered feishu_drive tool
[plugins] feishu_bitable: Registered 6 bitable tools
Config warnings:\n- plugins.entries.feishu: plugin feishu: duplicate plugin id detected; later plugin may be overridden (/home/tsl/openclaw/extensions/feishu/index.ts)
│
◇  Config warnings ────────────────────────────────────────────────────────╮
│                                                                          │
│  - plugins.entries.feishu: plugin feishu: duplicate plugin id detected;  │
│    later plugin may be overridden                                        │
│    (/home/tsl/openclaw/extensions/feishu/index.ts)                       │
│                                                                          │
├──────────────────────────────────────────────────────────────────────────╯
Config warnings:\n- plugins.entries.feishu: plugin feishu: duplicate plugin id detected; later plugin may be overridden (/home/tsl/openclaw/extensions/feishu/index.ts)
[info]: [ 'client ready' ]
✅ Sent via Feishu. Message ID: om_x100b55ce51deb0acb2d6cdb6d527067 (chat ou_b3afb7d2133e4d689be523fc48f3d2b3)
[2026-03-10 12:50:49] ✅ VPN 已连接
[2026-03-10 12:50:49] 发送飞书通知: ✅ VPN 连接已恢复

VPN 状态：已连接
时间：2026-03-10 12:50:49

可以正常访问外网了。

> openclaw@2026.2.6-3 openclaw /home/tsl/openclaw
> node scripts/run-node.mjs message send --channel feishu --target ou_b3afb7d2133e4d689be523fc48f3d2b3 --message '✅ VPN 连接已恢复

VPN 状态：已连接
时间：2026-03-10 12:50:49

可以正常访问外网了。'

Config warnings:\n- plugins.entries.feishu: plugin feishu: duplicate plugin id detected; later plugin may be overridden (/home/tsl/openclaw/extensions/feishu/index.ts)
[plugins] feishu_doc: Registered feishu_doc, feishu_app_scopes
[plugins] feishu_wiki: Registered feishu_wiki tool
[plugins] feishu_drive: Registered feishu_drive tool
[plugins] feishu_bitable: Registered 6 bitable tools
Config warnings:\n- plugins.entries.feishu: plugin feishu: duplicate plugin id detected; later plugin may be overridden (/home/tsl/openclaw/extensions/feishu/index.ts)
│
◇  Config warnings ────────────────────────────────────────────────────────╮
│                                                                          │
│  - plugins.entries.feishu: plugin feishu: duplicate plugin id detected;  │
│    later plugin may be overridden                                        │
│    (/home/tsl/openclaw/extensions/feishu/index.ts)                       │
│                                                                          │
├──────────────────────────────────────────────────────────────────────────╯
Config warnings:\n- plugins.entries.feishu: plugin feishu: duplicate plugin id detected; later plugin may be overridden (/home/tsl/openclaw/extensions/feishu/index.ts)
[info]: [ 'client ready' ]
✅ Sent via Feishu. Message ID: om_x100b55ce7c24c8a8b4a1b539ec590e3 (chat ou_b3afb7d2133e4d689be523fc48f3d2b3)
[2026-03-10 20:51:19] ❌ VPN 未连接
[2026-03-10 20:51:19] 启动 FortiClient GUI...
[2026-03-10 20:51:22] ✅ FortiClient GUI 已启动
[2026-03-10 20:51:22] 尝试触发 VPN 连接...
[2026-03-10 20:51:22] 触发 VPN 连接...
[2026-03-10 20:51:22] 使用 GUI 自动化点击连接按钮...
[2026-03-10 20:51:23] ========================================
[2026-03-10 20:51:23] 开始 VPN 自动连接
[2026-03-10 20:51:23] ========================================
[2026-03-10 20:51:23] 设置 DISPLAY=:1
[2026-03-10 20:51:23] FortiClient 已在运行
[2026-03-10 20:51:25] 截图已保存: /home/tsl/openclaw/vpn-auto/debug_screen.png
[2026-03-10 20:51:25] 尝试 1/5...
[2026-03-10 20:51:25] 找到图像 saml_button_small.png 在位置: (60, 17)
[2026-03-10 20:51:26] 点击坐标: (60, 17)
[2026-03-10 20:51:26] ✅ 成功点击连接按钮
[2026-03-10 20:51:26] ✅ VPN 连接已触发（SAML 登录）
[2026-03-10 20:51:26] 请在手机上完成 MFA 认证
[2026-03-10 20:51:26] ✅ GUI 自动化成功
[2026-03-10 20:51:26] 发送飞书通知: ⚠️ VPN 连接已断开

VPN 状态：未连接
时间：2026-03-10 20:51:26

已自动启动 FortiClient 并触发 VPN 连接。
请在手机上完成 Microsoft MFA 认证：
1. 打开 Microsoft Authenticator 应用
2. 批准登录请求
3. 或输入验证码

如果未收到 MFA 请求，请手动点击 FortiClient 中的连接按钮。

> openclaw@2026.2.6-3 openclaw /home/tsl/openclaw
> node scripts/run-node.mjs message send --channel feishu --target ou_b3afb7d2133e4d689be523fc48f3d2b3 --message '⚠️ VPN 连接已断开

VPN 状态：未连接
时间：2026-03-10 20:51:26

已自动启动 FortiClient 并触发 VPN 连接。
请在手机上完成 Microsoft MFA 认证：
1. 打开 Microsoft Authenticator 应用
2. 批准登录请求
3. 或输入验证码

如果未收到 MFA 请求，请手动点击 FortiClient 中的连接按钮。'

Config warnings:\n- plugins.entries.feishu: plugin feishu: duplicate plugin id detected; later plugin may be overridden (/home/tsl/openclaw/extensions/feishu/index.ts)
[plugins] feishu_doc: Registered feishu_doc, feishu_app_scopes
[plugins] feishu_wiki: Registered feishu_wiki tool
[plugins] feishu_drive: Registered feishu_drive tool
[plugins] feishu_bitable: Registered 6 bitable tools
Config warnings:\n- plugins.entries.feishu: plugin feishu: duplicate plugin id detected; later plugin may be overridden (/home/tsl/openclaw/extensions/feishu/index.ts)
│
◇  Config warnings ────────────────────────────────────────────────────────╮
│                                                                          │
│  - plugins.entries.feishu: plugin feishu: duplicate plugin id detected;  │
│    later plugin may be overridden                                        │
│    (/home/tsl/openclaw/extensions/feishu/index.ts)                       │
│                                                                          │
├──────────────────────────────────────────────────────────────────────────╯
Config warnings:\n- plugins.entries.feishu: plugin feishu: duplicate plugin id detected; later plugin may be overridden (/home/tsl/openclaw/extensions/feishu/index.ts)
[info]: [ 'client ready' ]
✅ Sent via Feishu. Message ID: om_x100b543573ea58b4b39b268500f1b0b (chat ou_b3afb7d2133e4d689be523fc48f3d2b3)
[2026-03-10 20:53:33] ✅ VPN 已连接
[2026-03-10 20:53:33] 发送飞书通知: ✅ VPN 连接已恢复

VPN 状态：已连接
时间：2026-03-10 20:53:33

可以正常访问外网了。

> openclaw@2026.2.6-3 openclaw /home/tsl/openclaw
> node scripts/run-node.mjs message send --channel feishu --target ou_b3afb7d2133e4d689be523fc48f3d2b3 --message '✅ VPN 连接已恢复

VPN 状态：已连接
时间：2026-03-10 20:53:33

可以正常访问外网了。'

Config warnings:\n- plugins.entries.feishu: plugin feishu: duplicate plugin id detected; later plugin may be overridden (/home/tsl/openclaw/extensions/feishu/index.ts)
[plugins] feishu_doc: Registered feishu_doc, feishu_app_scopes
[plugins] feishu_wiki: Registered feishu_wiki tool
[plugins] feishu_drive: Registered feishu_drive tool
[plugins] feishu_bitable: Registered 6 bitable tools
Config warnings:\n- plugins.entries.feishu: plugin feishu: duplicate plugin id detected; later plugin may be overridden (/home/tsl/openclaw/extensions/feishu/index.ts)
│
◇  Config warnings ────────────────────────────────────────────────────────╮
│                                                                          │
│  - plugins.entries.feishu: plugin feishu: duplicate plugin id detected;  │
│    later plugin may be overridden                                        │
│    (/home/tsl/openclaw/extensions/feishu/index.ts)                       │
│                                                                          │
├──────────────────────────────────────────────────────────────────────────╯
Config warnings:\n- plugins.entries.feishu: plugin feishu: duplicate plugin id detected; later plugin may be overridden (/home/tsl/openclaw/extensions/feishu/index.ts)
[info]: [ 'client ready' ]
✅ Sent via Feishu. Message ID: om_x100b54350bf9a8b0b3256c74f61fea0 (chat ou_b3afb7d2133e4d689be523fc48f3d2b3)
[2026-03-11 04:54:05] ❌ VPN 未连接
[2026-03-11 04:54:05] 启动 FortiClient GUI...
[2026-03-11 04:54:08] ✅ FortiClient GUI 已启动
[2026-03-11 04:54:08] 尝试触发 VPN 连接...
[2026-03-11 04:54:08] 触发 VPN 连接...
[2026-03-11 04:54:08] 使用 GUI 自动化点击连接按钮...
[2026-03-11 04:54:08] ========================================
[2026-03-11 04:54:08] 开始 VPN 自动连接
[2026-03-11 04:54:08] ========================================
[2026-03-11 04:54:08] 设置 DISPLAY=:1
[2026-03-11 04:54:08] FortiClient 已在运行
[2026-03-11 04:54:11] 截图已保存: /home/tsl/openclaw/vpn-auto/debug_screen.png
[2026-03-11 04:54:11] 尝试 1/5...
[2026-03-11 04:54:11] 找到图像 saml_button_small.png 在位置: (60, 17)
[2026-03-11 04:54:11] 点击坐标: (60, 17)
[2026-03-11 04:54:11] ✅ 成功点击连接按钮
[2026-03-11 04:54:11] ✅ VPN 连接已触发（SAML 登录）
[2026-03-11 04:54:11] 请在手机上完成 MFA 认证
[2026-03-11 04:54:11] ✅ GUI 自动化成功
[2026-03-11 04:54:11] 发送飞书通知: ⚠️ VPN 连接已断开

VPN 状态：未连接
时间：2026-03-11 04:54:11

已自动启动 FortiClient 并触发 VPN 连接。
请在手机上完成 Microsoft MFA 认证：
1. 打开 Microsoft Authenticator 应用
2. 批准登录请求
3. 或输入验证码

如果未收到 MFA 请求，请手动点击 FortiClient 中的连接按钮。

> openclaw@2026.2.6-3 openclaw /home/tsl/openclaw
> node scripts/run-node.mjs message send --channel feishu --target ou_b3afb7d2133e4d689be523fc48f3d2b3 --message '⚠️ VPN 连接已断开

VPN 状态：未连接
时间：2026-03-11 04:54:11

已自动启动 FortiClient 并触发 VPN 连接。
请在手机上完成 Microsoft MFA 认证：
1. 打开 Microsoft Authenticator 应用
2. 批准登录请求
3. 或输入验证码

如果未收到 MFA 请求，请手动点击 FortiClient 中的连接按钮。'

Config warnings:\n- plugins.entries.feishu: plugin feishu: duplicate plugin id detected; later plugin may be overridden (/home/tsl/openclaw/extensions/feishu/index.ts)
[plugins] feishu_doc: Registered feishu_doc, feishu_app_scopes
[plugins] feishu_wiki: Registered feishu_wiki tool
[plugins] feishu_drive: Registered feishu_drive tool
[plugins] feishu_bitable: Registered 6 bitable tools
Config warnings:\n- plugins.entries.feishu: plugin feishu: duplicate plugin id detected; later plugin may be overridden (/home/tsl/openclaw/extensions/feishu/index.ts)
│
◇  Config warnings ────────────────────────────────────────────────────────╮
│                                                                          │
│  - plugins.entries.feishu: plugin feishu: duplicate plugin id detected;  │
│    later plugin may be overridden                                        │
│    (/home/tsl/openclaw/extensions/feishu/index.ts)                       │
│                                                                          │
├──────────────────────────────────────────────────────────────────────────╯
Config warnings:\n- plugins.entries.feishu: plugin feishu: duplicate plugin id detected; later plugin may be overridden (/home/tsl/openclaw/extensions/feishu/index.ts)
[info]: [ 'client ready' ]
✅ Sent via Feishu. Message ID: om_x100b543c01b590a0b219a68f8ee81e9 (chat ou_b3afb7d2133e4d689be523fc48f3d2b3)
[2026-03-11 04:56:18] ✅ VPN 已连接
[2026-03-11 04:56:18] 发送飞书通知: ✅ VPN 连接已恢复

VPN 状态：已连接
时间：2026-03-11 04:56:18

可以正常访问外网了。

> openclaw@2026.2.6-3 openclaw /home/tsl/openclaw
> node scripts/run-node.mjs message send --channel feishu --target ou_b3afb7d2133e4d689be523fc48f3d2b3 --message '✅ VPN 连接已恢复

VPN 状态：已连接
时间：2026-03-11 04:56:18

可以正常访问外网了。'

Config warnings:\n- plugins.entries.feishu: plugin feishu: duplicate plugin id detected; later plugin may be overridden (/home/tsl/openclaw/extensions/feishu/index.ts)
[plugins] feishu_doc: Registered feishu_doc, feishu_app_scopes
[plugins] feishu_wiki: Registered feishu_wiki tool
[plugins] feishu_drive: Registered feishu_drive tool
[plugins] feishu_bitable: Registered 6 bitable tools
Config warnings:\n- plugins.entries.feishu: plugin feishu: duplicate plugin id detected; later plugin may be overridden (/home/tsl/openclaw/extensions/feishu/index.ts)
│
◇  Config warnings ────────────────────────────────────────────────────────╮
│                                                                          │
│  - plugins.entries.feishu: plugin feishu: duplicate plugin id detected;  │
│    later plugin may be overridden                                        │
│    (/home/tsl/openclaw/extensions/feishu/index.ts)                       │
│                                                                          │
├──────────────────────────────────────────────────────────────────────────╯
Config warnings:\n- plugins.entries.feishu: plugin feishu: duplicate plugin id detected; later plugin may be overridden (/home/tsl/openclaw/extensions/feishu/index.ts)
[info]: [ 'client ready' ]
✅ Sent via Feishu. Message ID: om_x100b543c19b12ca0b2878113996fd05 (chat ou_b3afb7d2133e4d689be523fc48f3d2b3)
[2026-03-11 12:56:50] ❌ VPN 未连接
[2026-03-11 12:56:50] 启动 FortiClient GUI...
[2026-03-11 12:56:53] ✅ FortiClient GUI 已启动
[2026-03-11 12:56:53] 尝试触发 VPN 连接...
[2026-03-11 12:56:53] 触发 VPN 连接...
[2026-03-11 12:56:53] 使用 GUI 自动化点击连接按钮...
[2026-03-11 12:56:53] ========================================
[2026-03-11 12:56:53] 开始 VPN 自动连接
[2026-03-11 12:56:53] ========================================
[2026-03-11 12:56:53] 设置 DISPLAY=:1
[2026-03-11 12:56:53] FortiClient 已在运行
[2026-03-11 12:56:56] 截图已保存: /home/tsl/openclaw/vpn-auto/debug_screen.png
[2026-03-11 12:56:56] 尝试 1/5...
[2026-03-11 12:56:56] 找到图像 saml_button_small.png 在位置: (60, 17)
[2026-03-11 12:56:56] 点击坐标: (60, 17)
[2026-03-11 12:56:56] ✅ 成功点击连接按钮
[2026-03-11 12:56:56] ✅ VPN 连接已触发（SAML 登录）
[2026-03-11 12:56:56] 请在手机上完成 MFA 认证
[2026-03-11 12:56:56] ✅ GUI 自动化成功
[2026-03-11 12:56:56] 发送飞书通知: ⚠️ VPN 连接已断开

VPN 状态：未连接
时间：2026-03-11 12:56:56

已自动启动 FortiClient 并触发 VPN 连接。
请在手机上完成 Microsoft MFA 认证：
1. 打开 Microsoft Authenticator 应用
2. 批准登录请求
3. 或输入验证码

如果未收到 MFA 请求，请手动点击 FortiClient 中的连接按钮。

> openclaw@2026.2.6-3 openclaw /home/tsl/openclaw
> node scripts/run-node.mjs message send --channel feishu --target ou_b3afb7d2133e4d689be523fc48f3d2b3 --message '⚠️ VPN 连接已断开

VPN 状态：未连接
时间：2026-03-11 12:56:56

已自动启动 FortiClient 并触发 VPN 连接。
请在手机上完成 Microsoft MFA 认证：
1. 打开 Microsoft Authenticator 应用
2. 批准登录请求
3. 或输入验证码

如果未收到 MFA 请求，请手动点击 FortiClient 中的连接按钮。'

[openclaw] Building TypeScript (dist is stale).
ℹ tsdown v0.20.3 powered by rolldown v1.0.0-rc.3
ℹ config file: /home/tsl/openclaw/tsdown.config.ts 
ℹ entry: src/index.ts
ℹ target: node22.12.0
ℹ tsconfig: tsconfig.json
ℹ entry: src/entry.ts
ℹ target: node22.12.0
ℹ tsconfig: tsconfig.json
ℹ entry: src/infra/warning-filter.ts
ℹ target: node22.12.0
ℹ tsconfig: tsconfig.json
ℹ entry: src/plugin-sdk/index.ts
ℹ target: node22.12.0
ℹ tsconfig: tsconfig.json
ℹ entry: src/extensionAPI.ts
ℹ target: node22.12.0
ℹ tsconfig: tsconfig.json
ℹ Build start
ℹ dist/warning-filter.js  1.74 kB │ gzip: 0.65 kB
ℹ 1 files, total: 1.74 kB
✔ Build complete in 116ms
ℹ dist/plugin-sdk/index.js                        821.97 kB │ gzip: 179.69 kB
ℹ dist/plugin-sdk/pi-model-discovery-Dw3A6oXH.js    1.12 kB │ gzip:   0.52 kB
ℹ 2 files, total: 823.10 kB
✔ Build complete in 761ms
ℹ Granting execute permission to dist/entry.js
ℹ dist/extensionAPI.js                   2418.69 kB
ℹ dist/pi-embedded-helpers-B4NOAspL.js    300.32 kB │ gzip: 66.46 kB
ℹ dist/config-BRsnrzXY.js                 200.29 kB │ gzip: 39.85 kB
ℹ dist/manager-C0h8rvv7.js                118.65 kB │ gzip: 24.63 kB
ℹ dist/model-selection-Cd0yo-9k.js         91.51 kB │ gzip: 20.38 kB
ℹ dist/deliver-DFH1an3I.js                 83.15 kB │ gzip: 20.83 kB
ℹ dist/chrome-CY_eTdv6.js                  62.07 kB │ gzip: 15.74 kB
ℹ dist/pw-ai-DiVBx055.js                   54.74 kB │ gzip: 12.63 kB
ℹ dist/image-B_AVTnwP.js                   38.52 kB │ gzip: 10.06 kB
ℹ dist/exec-C4A4g_rd.js                    36.17 kB │ gzip: 10.65 kB
ℹ dist/qmd-manager-CMWVcx4T.js             23.33 kB │ gzip:  6.67 kB
ℹ dist/agent-scope-CM0eqaaC.js             22.80 kB │ gzip:  5.44 kB
ℹ dist/login-qr-BqNc-90l.js                16.05 kB │ gzip:  5.23 kB
ℹ dist/paths-rb94mUrR.js                    8.32 kB │ gzip:  2.25 kB
ℹ dist/sqlite-CJOl_xf8.js                   8.28 kB │ gzip:  2.71 kB
ℹ dist/github-copilot-token-wCk9Fg_E.js     3.97 kB │ gzip:  1.55 kB
ℹ dist/redact-BIMJ3ntQ.js                   3.51 kB │ gzip:  1.40 kB
ℹ dist/paths-DaZSp3nJ.js                    2.36 kB │ gzip:  0.78 kB
ℹ dist/command-format-CFzL448l.js           1.93 kB │ gzip:  0.74 kB
ℹ dist/pi-model-discovery-EhM2JAQo.js       0.84 kB │ gzip:  0.37 kB
ℹ dist/transcript-events-JLH5W4He.js        0.59 kB │ gzip:  0.29 kB
ℹ dist/rolldown-runtime-Cbj13DAv.js         0.42 kB │ gzip:  0.28 kB
ℹ 22 files, total: 3496.50 kB
✔ Build complete in 789ms
ℹ Granting execute permission to dist/index.js
ℹ dist/entry.js                              47.98 kB │ gzip:  13.24 kB
ℹ dist/loader-6k-wSkEC.js                  2316.05 kB
ℹ dist/gateway-cli-Bh8D1C4A.js              659.05 kB │ gzip: 154.50 kB
ℹ dist/config-guard-D-VWxiNi.js             227.31 kB │ gzip:  49.38 kB
ℹ dist/config-CcVh_vMU.js                   177.69 kB │ gzip:  34.60 kB
ℹ dist/status-C0CRXODZ.js                   119.66 kB │ gzip:  30.89 kB
ℹ dist/manager-YTo-bo5Y.js                  118.64 kB │ gzip:  24.62 kB
ℹ dist/onboard-skills-CSp2cYBM.js           117.38 kB │ gzip:  25.25 kB
ℹ dist/sandbox-B1sTUkpF.js                  108.23 kB │ gzip:  24.05 kB
ℹ dist/doctor-D0RamozM.js                   101.30 kB │ gzip:  25.69 kB
ℹ dist/auth-profiles-C07O95mq.js            100.73 kB │ gzip:  22.40 kB
ℹ dist/models-cli-CTKZkJ7m.js                97.99 kB │ gzip:  22.12 kB
ℹ dist/deliver-Cv-tgjrW.js                   84.53 kB │ gzip:  21.11 kB
ℹ dist/tui-DZmnOXtv.js                       83.58 kB │ gzip:  19.90 kB
ℹ dist/routes-D3YRCahh.js                    79.09 kB │ gzip:  15.67 kB
ℹ dist/audit-B-b-JxwZ.js                     74.55 kB │ gzip:  18.24 kB
ℹ dist/client-ugwFfEL7.js                    73.42 kB │ gzip:  13.69 kB
ℹ dist/errors-BG3c6ZRr.js                    62.00 kB │ gzip:  15.75 kB
ℹ dist/channels-cli-BkTpLrfY.js              55.51 kB │ gzip:  14.02 kB
ℹ dist/pw-ai-r46-UCv1.js                     54.74 kB │ gzip:  12.64 kB
ℹ dist/health-format-DeOZQr7O.js             53.71 kB │ gzip:  13.03 kB
ℹ dist/nodes-cli-CWQIUKvv.js                 51.76 kB │ gzip:  11.19 kB
ℹ dist/node-cli-hxUgJigo.js                  48.70 kB │ gzip:  12.30 kB
ℹ dist/pi-embedded-helpers-DRRTfU17.js       45.43 kB │ gzip:  11.93 kB
ℹ dist/update-runner-Bwm9nkfr.js             42.52 kB │ gzip:   9.39 kB
ℹ dist/github-copilot-auth-CPrsxDD0.js       40.90 kB │ gzip:   7.87 kB
ℹ dist/update-cli-ECR96v2_.js                38.77 kB │ gzip:  10.84 kB
ℹ dist/hooks-cli-BSmqn0xG.js                 35.47 kB │ gzip:   8.11 kB
ℹ dist/tui-formatters-BvEvULLm.js            30.54 kB │ gzip:   6.96 kB
ℹ dist/configure-Cg1Z0ftX.js                 29.85 kB │ gzip:   7.80 kB
ℹ dist/daemon-cli-CbGISE_p.js                29.73 kB │ gzip:   7.08 kB
ℹ dist/exec-approvals-BFwlLJhq.js            29.48 kB │ gzip:   6.89 kB
ℹ dist/agent-B2wlOyBa.js                     28.99 kB │ gzip:   7.28 kB
ℹ dist/acp-cli-WGUH6t43.js                   28.73 kB │ gzip:   7.81 kB
ℹ dist/server-context-CKPYjMMF.js            27.80 kB │ gzip:   7.23 kB
ℹ dist/skills-Bk3KVbnS.js                    26.75 kB │ gzip:   6.92 kB
ℹ dist/session-cost-usage-CjMi32nY.js        25.86 kB │ gzip:   6.05 kB
ℹ dist/cron-cli-BrRJCxGh.js                  23.40 kB │ gzip:   5.81 kB
ℹ dist/qmd-manager-DH4qlPfb.js               23.39 kB │ gzip:   6.70 kB
ℹ dist/service-Dske8Qko.js                   23.22 kB │ gzip:   5.55 kB
ℹ dist/onboard-channels-BCGuYrhz.js          22.92 kB │ gzip:   5.85 kB
ℹ dist/image-CRzdK2_4.js                     22.26 kB │ gzip:   6.53 kB
ℹ dist/sandbox-cli-BFa1_Ek8.js               21.65 kB │ gzip:   5.53 kB
ℹ dist/manifest-registry-xsRp0Pze.js         20.28 kB │ gzip:   5.10 kB
ℹ dist/service-audit-DZ6NpcnN.js             18.65 kB │ gzip:   4.84 kB
ℹ dist/daemon-runtime-DjoupqsQ.js            18.23 kB │ gzip:   5.09 kB
ℹ dist/plugins-Biw0T1QS.js                   17.93 kB │ gzip:   3.93 kB
ℹ dist/completion-cli-Dy49kz7l.js            16.66 kB │ gzip:   4.43 kB
ℹ dist/plugin-auto-enable-DlLTqHD2.js        16.60 kB │ gzip:   4.30 kB
ℹ dist/tool-display-zPRg7PTT.js              16.39 kB │ gzip:   3.81 kB
ℹ dist/security-cli-CtlTCrvh.js              16.17 kB │ gzip:   4.61 kB
ℹ dist/login-qr-C3Rwq1bR.js                  16.16 kB │ gzip:   5.26 kB
ℹ dist/plugins-cli-CYCJu0YY.js               16.13 kB │ gzip:   4.42 kB
ℹ dist/hooks-status-BFG9s9X4.js              16.06 kB │ gzip:   4.23 kB
ℹ dist/gmail-setup-utils-DmiMAEIG.js         15.37 kB │ gzip:   4.46 kB
ℹ dist/webhooks-cli-Qicxhui1.js              14.46 kB │ gzip:   3.95 kB
ℹ dist/systemd-Ck_Nhe7b.js                   14.34 kB │ gzip:   4.12 kB
ℹ dist/installs-yYLLxaN7.js                  14.05 kB │ gzip:   3.50 kB
ℹ dist/exec-approvals-cli-Dj2xbB7b.js        13.75 kB │ gzip:   3.42 kB
ℹ dist/agent-scope-CSKN0lv4.js               13.48 kB │ gzip:   3.58 kB
ℹ dist/pairing-store-DwiHDjgb.js             12.00 kB │ gzip:   3.14 kB
ℹ dist/skills-cli-BUYyxUUT.js                11.83 kB │ gzip:   2.93 kB
ℹ dist/ws-log-C3o22vc7.js                    11.82 kB │ gzip:   2.86 kB
ℹ dist/call-DR2ZLrpS.js                      11.40 kB │ gzip:   3.43 kB
ℹ dist/register.subclis-qdylhh01.js          10.61 kB │ gzip:   2.90 kB
ℹ dist/accounts-BBa0tXwh.js                   8.84 kB │ gzip:   2.57 kB
ℹ dist/commands-DVzJoUOW.js                   8.81 kB │ gzip:   2.43 kB
ℹ dist/update-Nq0yTqxk.js                     8.71 kB │ gzip:   2.19 kB
ℹ dist/table-CerhH9E2.js                      8.47 kB │ gzip:   2.75 kB
ℹ dist/logs-cli-Cz9p5JL5.js                   8.22 kB │ gzip:   2.76 kB
ℹ dist/program-4f7hJ_yO.js                    8.14 kB │ gzip:   3.25 kB
ℹ dist/tailscale-9MusRvOi.js                  8.09 kB │ gzip:   2.48 kB
ℹ dist/directory-cli-DNTHhqlq.js              7.79 kB │ gzip:   1.86 kB
ℹ dist/session-key-BRdRr5Ah.js                7.70 kB │ gzip:   1.88 kB
ℹ dist/server-node-events-CKT1Nhsm.js         7.68 kB │ gzip:   2.20 kB
ℹ dist/dns-cli-Bc9JThbs.js                    7.68 kB │ gzip:   2.85 kB
ℹ dist/skill-scanner-COatt01v.js              7.68 kB │ gzip:   2.56 kB
ℹ dist/skills-status-BLqxN4r-.js              7.28 kB │ gzip:   2.27 kB
ℹ dist/run-main-pgS-lEY7.js                   7.25 kB │ gzip:   2.83 kB
ℹ dist/exec-B8JKbXKW.js                       7.15 kB │ gzip:   2.38 kB
ℹ dist/utils-iyydkbnu.js                      7.00 kB │ gzip:   2.55 kB
ℹ dist/devices-cli-DnKXzDyH.js                6.97 kB │ gzip:   2.07 kB
ℹ dist/sqlite-BjhYBODp.js                     6.67 kB │ gzip:   2.25 kB
ℹ dist/auth-DTa0F2x9.js                       6.36 kB │ gzip:   1.80 kB
ℹ dist/shared-DvsW5l22.js                     5.81 kB │ gzip:   2.07 kB
ℹ dist/docs-cli-pjjRnxVE.js                   5.47 kB │ gzip:   1.97 kB
ℹ dist/pairing-cli-cfS280so.js                5.09 kB │ gzip:   1.87 kB
ℹ dist/widearea-dns-BYrQA0kE.js               5.04 kB │ gzip:   1.93 kB
ℹ dist/nodes-screen-DtXuFQdk.js               4.96 kB │ gzip:   1.32 kB
ℹ dist/auth-health-C90NCYAQ.js                4.93 kB │ gzip:   1.51 kB
ℹ dist/message-channel-CQ6DgRUw.js            4.29 kB │ gzip:   1.27 kB
ℹ dist/progress-Bcjniu7m.js                   4.14 kB │ gzip:   1.37 kB
ℹ dist/github-copilot-token-SLWintYd.js       3.96 kB │ gzip:   1.54 kB
ℹ dist/wsl-DD2Y_w9B.js                        3.93 kB │ gzip:   1.59 kB
ℹ dist/rpc-B6lrM6Da.js                        3.84 kB │ gzip:   1.64 kB
ℹ dist/system-cli-DajN1nur.js                 3.79 kB │ gzip:   1.15 kB
ℹ dist/redact-B8YiFlwn.js                     3.62 kB │ gzip:   1.43 kB
ℹ dist/shared-CyXSjVqR.js                     3.20 kB │ gzip:   1.15 kB
ℹ dist/systemd-linger-ZzQSRx53.js             3.19 kB │ gzip:   1.01 kB
ℹ dist/ports-CYvwRROk.js                      3.14 kB │ gzip:   1.11 kB
ℹ dist/archive-ccN9aDgq.js                    3.00 kB │ gzip:   1.16 kB
ℹ dist/cli-C0qivG51.js                        2.97 kB │ gzip:   1.27 kB
ℹ dist/constants-D1op9uGI.js                  2.88 kB │ gzip:   0.79 kB
ℹ dist/path-env-h3xp5PqO.js                   2.83 kB │ gzip:   1.10 kB
ℹ dist/openclaw-root-9ILYSmJ9.js              2.80 kB │ gzip:   0.80 kB
ℹ dist/tui-cli-Ca4UKAo5.js                    2.70 kB │ gzip:   1.26 kB
ℹ dist/clack-prompter-B9yLhyOm.js             2.60 kB │ gzip:   0.84 kB
ℹ dist/paths-Cn1z_xve.js                      2.57 kB │ gzip:   0.79 kB
ℹ dist/note-_C44YfAQ.js                       2.45 kB │ gzip:   0.89 kB
ℹ dist/control-service-EOCMOl_F.js            2.42 kB │ gzip:   0.94 kB
ℹ dist/format-duration-DgTEOMRq.js            2.42 kB │ gzip:   0.91 kB
ℹ dist/format-relative-C6kUHuOj.js            2.13 kB │ gzip:   0.86 kB
ℹ dist/node-service-jk0qQXlk.js               2.09 kB │ gzip:   0.62 kB
ℹ dist/channel-selection-DMx1s14f.js          2.06 kB │ gzip:   0.73 kB
ℹ dist/brew-CcZV0dSS.js                       1.65 kB │ gzip:   0.58 kB
ℹ dist/command-format-ayFsmwwz.js             1.58 kB │ gzip:   0.64 kB
ℹ dist/usage-format-BAirWUSO.js               1.50 kB │ gzip:   0.58 kB
ℹ dist/parse-log-line-BansDQPa.js             1.23 kB │ gzip:   0.52 kB
ℹ dist/tailnet-Byp3obcc.js                    1.21 kB │ gzip:   0.55 kB
ℹ dist/channel-options-Cy50KQ43.js            1.18 kB │ gzip:   0.56 kB
ℹ dist/gateway-rpc-DoSxAAVM.js                1.17 kB │ gzip:   0.63 kB
ℹ dist/command-options-FnwJPTtL.js            1.13 kB │ gzip:   0.51 kB
ℹ dist/systemd-hints-Dg2ngQkt.js              1.11 kB │ gzip:   0.55 kB
ℹ dist/is-main-PYGa3tDA.js                    1.00 kB │ gzip:   0.40 kB
ℹ dist/cli-utils-B8g_-5XH.js                  0.98 kB │ gzip:   0.47 kB
ℹ dist/status-yG9nAkcv.js                     0.96 kB │ gzip:   0.43 kB
ℹ dist/pi-model-discovery-DzEIEgHL.js         0.84 kB │ gzip:   0.37 kB
ℹ dist/status-BbTBC4KO.js                     0.82 kB │ gzip:   0.35 kB
ℹ dist/deps-BJb8qSyS.js                       0.81 kB │ gzip:   0.32 kB
ℹ dist/helpers-Cu2lpAMT.js                    0.79 kB │ gzip:   0.39 kB
ℹ dist/format-C3B4xLIp.js                     0.76 kB │ gzip:   0.40 kB
ℹ dist/parse-gTOGQPH6.js                      0.70 kB │ gzip:   0.36 kB
ℹ dist/help-format-C6fHtnxd.js                0.66 kB │ gzip:   0.28 kB
ℹ dist/transcript-events-Bv_eRVym.js          0.59 kB │ gzip:   0.29 kB
ℹ dist/channels-status-issues-s0547Khf.js     0.55 kB │ gzip:   0.30 kB
ℹ dist/links-fWsDyfm8.js                      0.49 kB │ gzip:   0.30 kB
ℹ dist/logging-CHk_Rj6I.js                    0.49 kB │ gzip:   0.29 kB
ℹ dist/ws-D091yo4M.js                         0.47 kB │ gzip:   0.24 kB
ℹ dist/parse-timeout-CbVKLZ4B.js              0.46 kB │ gzip:   0.26 kB
ℹ dist/prompt-style-CFsleyxV.js               0.44 kB │ gzip:   0.23 kB
ℹ dist/rolldown-runtime-Cbj13DAv.js           0.42 kB │ gzip:   0.28 kB
ℹ dist/helpers-C5Z7UeFM.js                    0.41 kB │ gzip:   0.26 kB
ℹ dist/pairing-labels-Be4dMThh.js             0.26 kB │ gzip:   0.18 kB
ℹ dist/prompts-CudpZgTI.js                    0.24 kB │ gzip:   0.17 kB
ℹ dist/logging-pqyrk15z.js                    0.01 kB │ gzip:   0.03 kB
ℹ 145 files, total: 6119.31 kB
✔ Build complete in 934ms
ℹ dist/index.js                             235.49 kB │ gzip:  52.42 kB
ℹ dist/reply-CNk-W7wX.js                   2316.20 kB
ℹ dist/gateway-cli-CyXa1C-P.js              659.10 kB │ gzip: 154.54 kB
ℹ dist/config-bYm48BxK.js                   177.73 kB │ gzip:  34.61 kB
ℹ dist/onboarding-CzSlnpec.js               122.72 kB │ gzip:  31.83 kB
ℹ dist/manager-BZJJsEsW.js                  118.73 kB │ gzip:  24.65 kB
ℹ dist/onboard-skills-BP9CYAqx.js           117.39 kB │ gzip:  25.16 kB
ℹ dist/sandbox-BaFTQxIr.js                  108.31 kB │ gzip:  24.21 kB
ℹ dist/doctor-BJMTeFyd.js                   101.40 kB │ gzip:  25.73 kB
ℹ dist/model-selection-D90LTtqR.js          100.82 kB │ gzip:  22.10 kB
ℹ dist/models-cli-BK3G1e3R.js                98.11 kB │ gzip:  22.20 kB
ℹ dist/deliver-Bx7BK5PE.js                   84.54 kB │ gzip:  21.11 kB
ℹ dist/tui-DfSbCfFi.js                       83.63 kB │ gzip:  19.92 kB
ℹ dist/routes-BifdWXU9.js                    79.10 kB │ gzip:  15.64 kB
ℹ dist/audit-Bh5pa0OO.js                     74.56 kB │ gzip:  18.25 kB
ℹ dist/net-uM9SCmy-.js                       73.42 kB │ gzip:  13.66 kB
ℹ dist/chrome-D8Bw26P4.js                    63.21 kB │ gzip:  16.15 kB
ℹ dist/channels-cli-sNvHlBPu.js              55.58 kB │ gzip:  14.05 kB
ℹ dist/pw-ai-DGxsk0vE.js                     54.80 kB │ gzip:  12.66 kB
ℹ dist/health-format-DGpkQ1AN.js             53.76 kB │ gzip:  13.06 kB
ℹ dist/nodes-cli-Ds3Oyxwx.js                 51.86 kB │ gzip:  11.24 kB
ℹ dist/node-cli-26UgmtLv.js                  48.81 kB │ gzip:  12.36 kB
ℹ dist/pi-embedded-helpers-BW0wAP00.js       45.45 kB │ gzip:  11.97 kB
ℹ dist/update-runner-zFFKV2TO.js             42.52 kB │ gzip:   9.38 kB
ℹ dist/github-copilot-auth-eSmBRgS8.js       40.92 kB │ gzip:   7.88 kB
ℹ dist/update-cli-G8HZIqJL.js                38.85 kB │ gzip:  10.89 kB
ℹ dist/hooks-cli-Cv3meZgt.js                 35.58 kB │ gzip:   8.17 kB
ℹ dist/tui-formatters-D8doTDj9.js            30.55 kB │ gzip:   6.97 kB
ℹ dist/configure-B2UJK126.js                 29.91 kB │ gzip:   7.83 kB
ℹ dist/daemon-cli-B7DVo0ki.js                29.79 kB │ gzip:   7.11 kB
ℹ dist/exec-approvals-BACItfG5.js            29.48 kB │ gzip:   6.88 kB
ℹ dist/agent-BqIkLlFP.js                     29.00 kB │ gzip:   7.28 kB
ℹ dist/acp-cli-cC4HTdVs.js                   28.83 kB │ gzip:   7.87 kB
ℹ dist/subsystem-B4kzjhsh.js                 28.12 kB │ gzip:   8.09 kB
ℹ dist/server-context-gYz2bz18.js            27.81 kB │ gzip:   7.25 kB
ℹ dist/skills-C6W7scFn.js                    26.80 kB │ gzip:   6.94 kB
ℹ dist/completion-cli-Do4Bz0lH.js            26.79 kB │ gzip:   6.87 kB
ℹ dist/session-cost-usage-Cm_oiDyT.js        25.86 kB │ gzip:   6.05 kB
ℹ dist/cron-cli-Ck-ThD3g.js                  23.50 kB │ gzip:   5.86 kB
ℹ dist/qmd-manager-B2XoWJsx.js               23.44 kB │ gzip:   6.72 kB
ℹ dist/service-BCexhvtE.js                   23.23 kB │ gzip:   5.57 kB
ℹ dist/onboard-channels-Tvtu9LaK.js          22.93 kB │ gzip:   5.87 kB
ℹ dist/image-DxAkd-H7.js                     22.27 kB │ gzip:   6.53 kB
ℹ dist/sandbox-cli-8818HCbN.js               21.75 kB │ gzip:   5.59 kB
ℹ dist/manifest-registry-3t0Q3zjC.js         20.28 kB │ gzip:   5.10 kB
ℹ dist/service-audit--4K01Rhq.js             18.65 kB │ gzip:   4.85 kB
ℹ dist/daemon-runtime-fj2htSdQ.js            18.24 kB │ gzip:   5.12 kB
ℹ dist/plugins-DQnOyLTX.js                   17.98 kB │ gzip:   3.96 kB
ℹ dist/plugin-auto-enable-l4OmS0M9.js        16.61 kB │ gzip:   4.32 kB
ℹ dist/tool-display-ZFn2Us5Z.js              16.39 kB │ gzip:   3.82 kB
ℹ dist/security-cli-wya6qkUk.js              16.28 kB │ gzip:   4.68 kB
ℹ dist/plugins-cli-CWWM3728.js               16.24 kB │ gzip:   4.48 kB
ℹ dist/login-qr-D63WNMEF.js                  16.17 kB │ gzip:   5.28 kB
ℹ dist/hooks-status-ZctAZsuf.js              16.07 kB │ gzip:   4.24 kB
ℹ dist/gmail-setup-utils-CgGRUvec.js         15.38 kB │ gzip:   4.47 kB
ℹ dist/webhooks-cli-BvZ4R3JJ.js              14.57 kB │ gzip:   4.00 kB
ℹ dist/systemd-n9nTNXpn.js                   14.35 kB │ gzip:   4.13 kB
ℹ dist/installs-D3HFTWjQ.js                  14.05 kB │ gzip:   3.50 kB
ℹ dist/exec-approvals-cli-BIlYioZs.js        13.85 kB │ gzip:   3.47 kB
ℹ dist/agent-scope-Cor4Kh77.js               13.49 kB │ gzip:   3.59 kB
ℹ dist/pairing-store-aKQgLre8.js             12.01 kB │ gzip:   3.14 kB
ℹ dist/skills-cli-CzmqYgCF.js                11.94 kB │ gzip:   2.98 kB
ℹ dist/ws-log-B48jgoHr.js                    11.83 kB │ gzip:   2.87 kB
ℹ dist/call-CH6I-Oeo.js                      11.40 kB │ gzip:   3.44 kB
ℹ dist/paths-SRVTAxbc.js                      9.12 kB │ gzip:   2.47 kB
ℹ dist/tailscale-CfJ6bm8B.js                  9.01 kB │ gzip:   2.82 kB
ℹ dist/accounts-CxV9NFjx.js                   8.89 kB │ gzip:   2.59 kB
ℹ dist/pi-tools.policy-BfGC3UUT.js            8.81 kB │ gzip:   2.44 kB
ℹ dist/update-DKoKonTb.js                     8.71 kB │ gzip:   2.20 kB
ℹ dist/table-DSi2l-mO.js                      8.48 kB │ gzip:   2.76 kB
ℹ dist/logs-cli-CqsCXoLo.js                   8.32 kB │ gzip:   2.81 kB
ℹ dist/sqlite-svkL1VGv.js                     8.28 kB │ gzip:   2.71 kB
ℹ dist/directory-cli-CV17YmU6.js              7.90 kB │ gzip:   1.92 kB
ℹ dist/server-node-events-CjZplKnp.js         7.80 kB │ gzip:   2.24 kB
ℹ dist/dns-cli-Br7uI51w.js                    7.79 kB │ gzip:   2.90 kB
ℹ dist/session-key-fpow76MW.js                7.70 kB │ gzip:   1.88 kB
ℹ dist/skill-scanner-CUM6Dbt8.js              7.68 kB │ gzip:   2.56 kB
ℹ dist/skills-status-BfRnBFkY.js              7.29 kB │ gzip:   2.28 kB
ℹ dist/utils-BYNOwFpc.js                      7.17 kB │ gzip:   2.63 kB
ℹ dist/exec-iWHtgUiq.js                       7.16 kB │ gzip:   2.39 kB
ℹ dist/devices-cli-DpxEFZjQ.js                7.07 kB │ gzip:   2.13 kB
ℹ dist/auth-DKTgIImx.js                       6.35 kB │ gzip:   1.80 kB
ℹ dist/shared-D7GfM6b2.js                     5.82 kB │ gzip:   2.08 kB
ℹ dist/docs-cli-BmujOWxJ.js                   5.55 kB │ gzip:   2.02 kB
ℹ dist/pairing-cli-vBKKv72o.js                5.19 kB │ gzip:   1.93 kB
ℹ dist/widearea-dns-Bqt1Va10.js               5.04 kB │ gzip:   1.93 kB
ℹ dist/nodes-screen-DTMjsnoe.js               4.96 kB │ gzip:   1.32 kB
ℹ dist/auth-health-BHe5gVEB.js                4.94 kB │ gzip:   1.51 kB
ℹ dist/message-channel-BabDQlTL.js            4.30 kB │ gzip:   1.28 kB
ℹ dist/progress-BlTNu7qU.js                   4.16 kB │ gzip:   1.38 kB
ℹ dist/github-copilot-token-BdJzOAgf.js       3.97 kB │ gzip:   1.55 kB
ℹ dist/dispatcher-BwdJq8c-.js                 3.93 kB │ gzip:   1.58 kB
ℹ dist/system-cli-CLiTP0mU.js                 3.89 kB │ gzip:   1.20 kB
ℹ dist/rpc-D8GhpZX1.js                        3.84 kB │ gzip:   1.63 kB
ℹ dist/redact-DJCFY628.js                     3.62 kB │ gzip:   1.43 kB
ℹ dist/shared-jt6QafAo.js                     3.21 kB │ gzip:   1.16 kB
ℹ dist/systemd-linger-ukzZsWiW.js             3.19 kB │ gzip:   1.01 kB
ℹ dist/cli-_GszHCdA.js                        3.09 kB │ gzip:   1.32 kB
ℹ dist/archive-BWQ0r9Dh.js                    3.00 kB │ gzip:   1.16 kB
ℹ dist/constants-CLUi6T-M.js                  2.88 kB │ gzip:   0.79 kB
ℹ dist/path-env-CxTVkI4c.js                   2.83 kB │ gzip:   1.11 kB
ℹ dist/tui-cli-CHS7YS2x.js                    2.81 kB │ gzip:   1.31 kB
ℹ dist/openclaw-root-Cvotktkd.js              2.80 kB │ gzip:   0.80 kB
ℹ dist/clack-prompter-BpAstZ4v.js             2.61 kB │ gzip:   0.86 kB
ℹ dist/paths-DmunCygQ.js                      2.58 kB │ gzip:   0.80 kB
ℹ dist/note-CnJ9D5VA.js                       2.46 kB │ gzip:   0.91 kB
ℹ dist/control-service-B1wvgEkp.js            2.44 kB │ gzip:   0.95 kB
ℹ dist/format-duration-OAZcbB85.js            2.42 kB │ gzip:   0.91 kB
ℹ dist/channel-options-CizLaFOM.js            2.24 kB │ gzip:   0.92 kB
ℹ dist/format-relative-CSIe06AP.js            2.13 kB │ gzip:   0.86 kB
ℹ dist/node-service-BPZsSkUQ.js               2.09 kB │ gzip:   0.62 kB
ℹ dist/channel-selection-C_hAFM14.js          2.06 kB │ gzip:   0.73 kB
ℹ dist/command-format-ChfKqObn.js             1.95 kB │ gzip:   0.74 kB
ℹ dist/brew-FoIha3w0.js                       1.65 kB │ gzip:   0.58 kB
ℹ dist/usage-format-C0mOZv3Q.js               1.50 kB │ gzip:   0.58 kB
ℹ dist/parse-log-line-BxDgv4Uo.js             1.23 kB │ gzip:   0.52 kB
ℹ dist/env-CxGlKA1g.js                        1.21 kB │ gzip:   0.58 kB
ℹ dist/tailnet-DLDGNuH2.js                    1.21 kB │ gzip:   0.55 kB
ℹ dist/gateway-rpc-DHT9t7y5.js                1.17 kB │ gzip:   0.62 kB
ℹ dist/systemd-hints-snqJtVcY.js              1.11 kB │ gzip:   0.55 kB
ℹ dist/is-main-BI9IbomE.js                    1.00 kB │ gzip:   0.40 kB
ℹ dist/cli-utils-Yv4G3uEz.js                  0.98 kB │ gzip:   0.47 kB
ℹ dist/status-CvBKIIDH.js                     0.97 kB │ gzip:   0.44 kB
ℹ dist/boolean-BgXe2hyu.js                    0.86 kB │ gzip:   0.38 kB
ℹ dist/pi-model-discovery-CV2V1HHz.js         0.84 kB │ gzip:   0.37 kB
ℹ dist/status-BqtiImKF.js                     0.82 kB │ gzip:   0.35 kB
ℹ dist/deps-CxoHc8Hq.js                       0.81 kB │ gzip:   0.32 kB
ℹ dist/helpers-BewDYqlx.js                    0.79 kB │ gzip:   0.39 kB
ℹ dist/format-C81JRZRI.js                     0.76 kB │ gzip:   0.40 kB
ℹ dist/parse-87ybtYW1.js                      0.70 kB │ gzip:   0.36 kB
ℹ dist/help-format-BNz4LbKq.js                0.67 kB │ gzip:   0.30 kB
ℹ dist/transcript-events-ChU6IQwp.js          0.59 kB │ gzip:   0.29 kB
ℹ dist/channels-status-issues-Bg0bD1Q4.js     0.55 kB │ gzip:   0.31 kB
ℹ dist/logging-DglXOVol.js                    0.50 kB │ gzip:   0.30 kB
ℹ dist/links-X2qCZFkO.js                      0.49 kB │ gzip:   0.31 kB
ℹ dist/ws-CEcdsnN9.js                         0.47 kB │ gzip:   0.24 kB
ℹ dist/parse-timeout-BIB19Upi.js              0.46 kB │ gzip:   0.26 kB
ℹ dist/prompt-style-Wng6RpTa.js               0.45 kB │ gzip:   0.24 kB
ℹ dist/rolldown-runtime-Cbj13DAv.js           0.42 kB │ gzip:   0.28 kB
ℹ dist/helpers-Ze4BYH3e.js                    0.41 kB │ gzip:   0.26 kB
ℹ dist/pairing-labels-CAmDU-SP.js             0.26 kB │ gzip:   0.18 kB
ℹ dist/prompts-DSJM8mlO.js                    0.24 kB │ gzip:   0.17 kB
ℹ dist/logging-BWRYHvLp.js                    0.01 kB │ gzip:   0.03 kB
ℹ 143 files, total: 6111.07 kB
✔ Build complete in 946ms
Config warnings:\n- plugins.entries.feishu: plugin feishu: duplicate plugin id detected; later plugin may be overridden (/home/tsl/openclaw/extensions/feishu/index.ts)
[plugins] feishu_doc: Registered feishu_doc, feishu_app_scopes
[plugins] feishu_wiki: Registered feishu_wiki tool
[plugins] feishu_drive: Registered feishu_drive tool
[plugins] feishu_bitable: Registered 6 bitable tools
Config warnings:\n- plugins.entries.feishu: plugin feishu: duplicate plugin id detected; later plugin may be overridden (/home/tsl/openclaw/extensions/feishu/index.ts)
│
◇  Config warnings ────────────────────────────────────────────────────────╮
│                                                                          │
│  - plugins.entries.feishu: plugin feishu: duplicate plugin id detected;  │
│    later plugin may be overridden                                        │
│    (/home/tsl/openclaw/extensions/feishu/index.ts)                       │
│                                                                          │
├──────────────────────────────────────────────────────────────────────────╯
Config warnings:\n- plugins.entries.feishu: plugin feishu: duplicate plugin id detected; later plugin may be overridden (/home/tsl/openclaw/extensions/feishu/index.ts)
[info]: [ 'client ready' ]
✅ Sent via Feishu. Message ID: om_x100b543b2f3e64b4b3f23dd341ed1b7 (chat ou_b3afb7d2133e4d689be523fc48f3d2b3)
[2026-03-11 12:59:06] ✅ VPN 已连接
[2026-03-11 12:59:06] 发送飞书通知: ✅ VPN 连接已恢复

VPN 状态：已连接
时间：2026-03-11 12:59:06

可以正常访问外网了。

> openclaw@2026.2.6-3 openclaw /home/tsl/openclaw
> node scripts/run-node.mjs message send --channel feishu --target ou_b3afb7d2133e4d689be523fc48f3d2b3 --message '✅ VPN 连接已恢复

VPN 状态：已连接
时间：2026-03-11 12:59:06

可以正常访问外网了。'

Config warnings:\n- plugins.entries.feishu: plugin feishu: duplicate plugin id detected; later plugin may be overridden (/home/tsl/openclaw/extensions/feishu/index.ts)
[plugins] feishu_doc: Registered feishu_doc, feishu_app_scopes
[plugins] feishu_wiki: Registered feishu_wiki tool
[plugins] feishu_drive: Registered feishu_drive tool
[plugins] feishu_bitable: Registered 6 bitable tools
Config warnings:\n- plugins.entries.feishu: plugin feishu: duplicate plugin id detected; later plugin may be overridden (/home/tsl/openclaw/extensions/feishu/index.ts)
│
◇  Config warnings ────────────────────────────────────────────────────────╮
│                                                                          │
│  - plugins.entries.feishu: plugin feishu: duplicate plugin id detected;  │
│    later plugin may be overridden                                        │
│    (/home/tsl/openclaw/extensions/feishu/index.ts)                       │
│                                                                          │
├──────────────────────────────────────────────────────────────────────────╯
Config warnings:\n- plugins.entries.feishu: plugin feishu: duplicate plugin id detected; later plugin may be overridden (/home/tsl/openclaw/extensions/feishu/index.ts)
[info]: [ 'client ready' ]
✅ Sent via Feishu. Message ID: om_x100b543b273ad8a8b346a9eecb09663 (chat ou_b3afb7d2133e4d689be523fc48f3d2b3)
[2026-03-11 20:59:40] ❌ VPN 未连接
[2026-03-11 20:59:40] 启动 FortiClient GUI...
[2026-03-11 20:59:43] ✅ FortiClient GUI 已启动
[2026-03-11 20:59:43] 尝试触发 VPN 连接...
[2026-03-11 20:59:43] 触发 VPN 连接...
[2026-03-11 20:59:43] 使用 GUI 自动化点击连接按钮...
[2026-03-11 20:59:43] ========================================
[2026-03-11 20:59:43] 开始 VPN 自动连接
[2026-03-11 20:59:43] ========================================
[2026-03-11 20:59:43] 设置 DISPLAY=:1
[2026-03-11 20:59:43] FortiClient 已在运行
[2026-03-11 20:59:46] 截图已保存: /home/tsl/openclaw/vpn-auto/debug_screen.png
[2026-03-11 20:59:46] 尝试 1/5...
[2026-03-11 20:59:46] 找到图像 saml_button_small.png 在位置: (60, 17)
[2026-03-11 20:59:46] 点击坐标: (60, 17)
[2026-03-11 20:59:46] ✅ 成功点击连接按钮
[2026-03-11 20:59:46] ✅ VPN 连接已触发（SAML 登录）
[2026-03-11 20:59:46] 请在手机上完成 MFA 认证
[2026-03-11 20:59:46] ✅ GUI 自动化成功
[2026-03-11 20:59:46] 发送飞书通知: ⚠️ VPN 连接已断开

VPN 状态：未连接
时间：2026-03-11 20:59:46

已自动启动 FortiClient 并触发 VPN 连接。
请在手机上完成 Microsoft MFA 认证：
1. 打开 Microsoft Authenticator 应用
2. 批准登录请求
3. 或输入验证码

如果未收到 MFA 请求，请手动点击 FortiClient 中的连接按钮。

> openclaw@2026.2.6-3 openclaw /home/tsl/openclaw
> node scripts/run-node.mjs message send --channel feishu --target ou_b3afb7d2133e4d689be523fc48f3d2b3 --message '⚠️ VPN 连接已断开

VPN 状态：未连接
时间：2026-03-11 20:59:46

已自动启动 FortiClient 并触发 VPN 连接。
请在手机上完成 Microsoft MFA 认证：
1. 打开 Microsoft Authenticator 应用
2. 批准登录请求
3. 或输入验证码

如果未收到 MFA 请求，请手动点击 FortiClient 中的连接按钮。'

Config warnings:\n- plugins.entries.feishu: plugin feishu: duplicate plugin id detected; later plugin may be overridden (/home/tsl/openclaw/extensions/feishu/index.ts)
 ELIFECYCLE  Command failed.
Terminated
[plugins] feishu_doc: Registered feishu_doc, feishu_app_scopes
[plugins] feishu_wiki: Registered feishu_wiki tool
[plugins] feishu_drive: Registered feishu_drive tool
[plugins] feishu_bitable: Registered 6 bitable tools
Config warnings:\n- plugins.entries.feishu: plugin feishu: duplicate plugin id detected; later plugin may be overridden (/home/tsl/openclaw/extensions/feishu/index.ts)
│
◇  Config warnings ────────────────────────────────────────────────────────╮
│                                                                          │
│  - plugins.entries.feishu: plugin feishu: duplicate plugin id detected;  │
│    later plugin may be overridden                                        │
│    (/home/tsl/openclaw/extensions/feishu/index.ts)                       │
│                                                                          │
├──────────────────────────────────────────────────────────────────────────╯
Config warnings:\n- plugins.entries.feishu: plugin feishu: duplicate plugin id detected; later plugin may be overridden (/home/tsl/openclaw/extensions/feishu/index.ts)
[info]: [ 'client ready' ]
✅ Sent via Feishu. Message ID: om_x100b54223a4488a4b2b9c703cb205d5 (chat ou_b3afb7d2133e4d689be523fc48f3d2b3)
[2026-03-11 21:05:05] ✅ VPN 已连接
[2026-03-11 21:05:05] 发送飞书通知: ✅ VPN 连接已恢复

VPN 状态：已连接
时间：2026-03-11 21:05:05

可以正常访问外网了。

> openclaw@2026.2.6-3 openclaw /home/tsl/openclaw
> node scripts/run-node.mjs message send --channel feishu --target ou_b3afb7d2133e4d689be523fc48f3d2b3 --message '✅ VPN 连接已恢复

VPN 状态：已连接
时间：2026-03-11 21:05:05

可以正常访问外网了。'

Config warnings:\n- plugins.entries.feishu: plugin feishu: duplicate plugin id detected; later plugin may be overridden (/home/tsl/openclaw/extensions/feishu/index.ts)
[plugins] feishu_doc: Registered feishu_doc, feishu_app_scopes
[plugins] feishu_wiki: Registered feishu_wiki tool
[plugins] feishu_drive: Registered feishu_drive tool
[plugins] feishu_bitable: Registered 6 bitable tools
Config warnings:\n- plugins.entries.feishu: plugin feishu: duplicate plugin id detected; later plugin may be overridden (/home/tsl/openclaw/extensions/feishu/index.ts)
│
◇  Config warnings ────────────────────────────────────────────────────────╮
│                                                                          │
│  - plugins.entries.feishu: plugin feishu: duplicate plugin id detected;  │
│    later plugin may be overridden                                        │
│    (/home/tsl/openclaw/extensions/feishu/index.ts)                       │
│                                                                          │
├──────────────────────────────────────────────────────────────────────────╯
Config warnings:\n- plugins.entries.feishu: plugin feishu: duplicate plugin id detected; later plugin may be overridden (/home/tsl/openclaw/extensions/feishu/index.ts)
[info]: [ 'client ready' ]
✅ Sent via Feishu. Message ID: om_x100b5422c6a8d8b0b3f140290391a76 (chat ou_b3afb7d2133e4d689be523fc48f3d2b3)
[2026-03-12 05:05:38] ❌ VPN 未连接
[2026-03-12 05:05:38] 启动 FortiClient GUI...
[2026-03-12 05:05:41] ✅ FortiClient GUI 已启动
[2026-03-12 05:05:41] 尝试触发 VPN 连接...
[2026-03-12 05:05:41] 触发 VPN 连接...
[2026-03-12 05:05:41] 使用 GUI 自动化点击连接按钮...
[2026-03-12 05:05:41] ========================================
[2026-03-12 05:05:41] 开始 VPN 自动连接
[2026-03-12 05:05:41] ========================================
[2026-03-12 05:05:41] 设置 DISPLAY=:1
[2026-03-12 05:05:42] FortiClient 已在运行
[2026-03-12 05:05:44] 截图已保存: /home/tsl/openclaw/vpn-auto/debug_screen.png
[2026-03-12 05:05:44] 尝试 1/5...
[2026-03-12 05:05:44] 找到图像 saml_button_small.png 在位置: (60, 17)
[2026-03-12 05:05:44] 点击坐标: (60, 17)
[2026-03-12 05:05:44] ✅ 成功点击连接按钮
[2026-03-12 05:05:44] ✅ VPN 连接已触发（SAML 登录）
[2026-03-12 05:05:44] 请在手机上完成 MFA 认证
[2026-03-12 05:05:44] ✅ GUI 自动化成功
[2026-03-12 05:05:44] 发送飞书通知: ⚠️ VPN 连接已断开

VPN 状态：未连接
时间：2026-03-12 05:05:44

已自动启动 FortiClient 并触发 VPN 连接。
请在手机上完成 Microsoft MFA 认证：
1. 打开 Microsoft Authenticator 应用
2. 批准登录请求
3. 或输入验证码

如果未收到 MFA 请求，请手动点击 FortiClient 中的连接按钮。

> openclaw@2026.2.6-3 openclaw /home/tsl/openclaw
> node scripts/run-node.mjs message send --channel feishu --target ou_b3afb7d2133e4d689be523fc48f3d2b3 --message '⚠️ VPN 连接已断开

VPN 状态：未连接
时间：2026-03-12 05:05:44

已自动启动 FortiClient 并触发 VPN 连接。
请在手机上完成 Microsoft MFA 认证：
1. 打开 Microsoft Authenticator 应用
2. 批准登录请求
3. 或输入验证码

如果未收到 MFA 请求，请手动点击 FortiClient 中的连接按钮。'

[openclaw] Building TypeScript (dist is stale).
ℹ tsdown v0.20.3 powered by rolldown v1.0.0-rc.3
ℹ config file: /home/tsl/openclaw/tsdown.config.ts 
ℹ entry: src/index.ts
ℹ target: node22.12.0
ℹ tsconfig: tsconfig.json
ℹ entry: src/entry.ts
ℹ target: node22.12.0
ℹ tsconfig: tsconfig.json
ℹ entry: src/infra/warning-filter.ts
ℹ target: node22.12.0
ℹ tsconfig: tsconfig.json
ℹ entry: src/plugin-sdk/index.ts
ℹ target: node22.12.0
ℹ tsconfig: tsconfig.json
ℹ entry: src/extensionAPI.ts
ℹ target: node22.12.0
ℹ tsconfig: tsconfig.json
ℹ Build start
ℹ dist/warning-filter.js  1.74 kB │ gzip: 0.65 kB
ℹ 1 files, total: 1.74 kB
✔ Build complete in 117ms
ℹ dist/plugin-sdk/index.js                        822.08 kB │ gzip: 179.71 kB
ℹ dist/plugin-sdk/pi-model-discovery-Dw3A6oXH.js    1.12 kB │ gzip:   0.52 kB
ℹ 2 files, total: 823.20 kB
✔ Build complete in 580ms
ℹ Granting execute permission to dist/entry.js
ℹ dist/extensionAPI.js                   2418.69 kB
ℹ dist/pi-embedded-helpers-DsaKxAVf.js    300.32 kB │ gzip: 66.46 kB
ℹ dist/config---uJ8Vlm.js                 200.39 kB │ gzip: 39.86 kB
ℹ dist/manager-C0h8rvv7.js                118.65 kB │ gzip: 24.63 kB
ℹ dist/model-selection-Cd0yo-9k.js         91.51 kB │ gzip: 20.38 kB
ℹ dist/deliver-C3ArV7oS.js                 83.15 kB │ gzip: 20.83 kB
ℹ dist/chrome-CY_eTdv6.js                  62.07 kB │ gzip: 15.74 kB
ℹ dist/pw-ai-DiVBx055.js                   54.74 kB │ gzip: 12.63 kB
ℹ dist/image-CRbmF6hm.js                   38.52 kB │ gzip: 10.06 kB
ℹ dist/exec-C4A4g_rd.js                    36.17 kB │ gzip: 10.65 kB
ℹ dist/qmd-manager-CMWVcx4T.js             23.33 kB │ gzip:  6.67 kB
ℹ dist/agent-scope-CM0eqaaC.js             22.80 kB │ gzip:  5.44 kB
ℹ dist/login-qr-BL0rGGlc.js                16.05 kB │ gzip:  5.23 kB
ℹ dist/paths-rb94mUrR.js                    8.32 kB │ gzip:  2.25 kB
ℹ dist/sqlite-CJOl_xf8.js                   8.28 kB │ gzip:  2.71 kB
ℹ dist/github-copilot-token-wCk9Fg_E.js     3.97 kB │ gzip:  1.55 kB
ℹ dist/redact-BIMJ3ntQ.js                   3.51 kB │ gzip:  1.40 kB
ℹ dist/paths-DaZSp3nJ.js                    2.36 kB │ gzip:  0.78 kB
ℹ dist/command-format-CFzL448l.js           1.93 kB │ gzip:  0.74 kB
ℹ dist/pi-model-discovery-EhM2JAQo.js       0.84 kB │ gzip:  0.37 kB
ℹ dist/transcript-events-JLH5W4He.js        0.59 kB │ gzip:  0.29 kB
ℹ dist/rolldown-runtime-Cbj13DAv.js         0.42 kB │ gzip:  0.28 kB
ℹ 22 files, total: 3496.60 kB
✔ Build complete in 658ms
ℹ Granting execute permission to dist/index.js
ℹ dist/entry.js                              47.98 kB │ gzip:  13.24 kB
ℹ dist/loader-DNxGQ5jg.js                  2316.05 kB
ℹ dist/gateway-cli-CuDv5tvp.js              659.05 kB │ gzip: 154.51 kB
ℹ dist/config-guard-FmijxX2V.js             227.31 kB │ gzip:  49.38 kB
ℹ dist/config-Asj4jZHz.js                   177.79 kB │ gzip:  34.62 kB
ℹ dist/status-ChIEgZ0T.js                   119.66 kB │ gzip:  30.89 kB
ℹ dist/manager-YTo-bo5Y.js                  118.64 kB │ gzip:  24.62 kB
ℹ dist/onboard-skills-Czh4xTVK.js           117.38 kB │ gzip:  25.25 kB
ℹ dist/sandbox-BgdlnwW6.js                  108.23 kB │ gzip:  24.05 kB
ℹ dist/doctor-BzYspL1S.js                   101.30 kB │ gzip:  25.69 kB
ℹ dist/auth-profiles-C07O95mq.js            100.73 kB │ gzip:  22.40 kB
ℹ dist/models-cli-ZeIpjkHF.js                97.99 kB │ gzip:  22.12 kB
ℹ dist/deliver-D1M75Buj.js                   84.53 kB │ gzip:  21.11 kB
ℹ dist/tui-BKmJuMZa.js                       83.58 kB │ gzip:  19.90 kB
ℹ dist/routes-B2UX5usb.js                    79.09 kB │ gzip:  15.67 kB
ℹ dist/audit-D3gTQHuT.js                     74.55 kB │ gzip:  18.24 kB
ℹ dist/client-ugwFfEL7.js                    73.42 kB │ gzip:  13.69 kB
ℹ dist/errors-BG3c6ZRr.js                    62.00 kB │ gzip:  15.75 kB
ℹ dist/channels-cli-s5qmIhav.js              55.51 kB │ gzip:  14.02 kB
ℹ dist/pw-ai-r46-UCv1.js                     54.74 kB │ gzip:  12.64 kB
ℹ dist/health-format-CepeJeGW.js             53.71 kB │ gzip:  13.04 kB
ℹ dist/nodes-cli-GFNu-AzY.js                 51.76 kB │ gzip:  11.19 kB
ℹ dist/node-cli-DOnmOpQb.js                  48.70 kB │ gzip:  12.30 kB
ℹ dist/pi-embedded-helpers-BxyMN7jn.js       45.43 kB │ gzip:  11.93 kB
ℹ dist/update-runner-B0AnWfb0.js             42.52 kB │ gzip:   9.39 kB
ℹ dist/github-copilot-auth-Ca6rzhDW.js       40.90 kB │ gzip:   7.87 kB
ℹ dist/update-cli-DDZTQqEV.js                38.77 kB │ gzip:  10.83 kB
ℹ dist/hooks-cli-DbPVLyOk.js                 35.47 kB │ gzip:   8.12 kB
ℹ dist/tui-formatters-DvTqzl7G.js            30.54 kB │ gzip:   6.96 kB
ℹ dist/configure-CqxqH8bq.js                 29.85 kB │ gzip:   7.80 kB
ℹ dist/daemon-cli-BlwpKAoY.js                29.73 kB │ gzip:   7.08 kB
ℹ dist/exec-approvals-BFwlLJhq.js            29.48 kB │ gzip:   6.89 kB
ℹ dist/agent-B__FCQxu.js                     28.99 kB │ gzip:   7.28 kB
ℹ dist/acp-cli-SuXh5UrA.js                   28.73 kB │ gzip:   7.81 kB
ℹ dist/server-context-CKPYjMMF.js            27.80 kB │ gzip:   7.23 kB
ℹ dist/skills-Bk3KVbnS.js                    26.75 kB │ gzip:   6.92 kB
ℹ dist/session-cost-usage-CjMi32nY.js        25.86 kB │ gzip:   6.05 kB
ℹ dist/cron-cli-CYyAD9aJ.js                  23.40 kB │ gzip:   5.81 kB
ℹ dist/qmd-manager-DH4qlPfb.js               23.39 kB │ gzip:   6.70 kB
ℹ dist/service-Dske8Qko.js                   23.22 kB │ gzip:   5.55 kB
ℹ dist/onboard-channels-DfQYlgjq.js          22.92 kB │ gzip:   5.85 kB
ℹ dist/image-Bmvq5mec.js                     22.26 kB │ gzip:   6.53 kB
ℹ dist/sandbox-cli-JKVJZ2a2.js               21.65 kB │ gzip:   5.54 kB
ℹ dist/manifest-registry-xsRp0Pze.js         20.28 kB │ gzip:   5.10 kB
ℹ dist/service-audit-DOTtFM6P.js             18.65 kB │ gzip:   4.84 kB
ℹ dist/daemon-runtime-DA8LplPd.js            18.23 kB │ gzip:   5.09 kB
ℹ dist/plugins-Biw0T1QS.js                   17.93 kB │ gzip:   3.93 kB
ℹ dist/completion-cli-COgWvyLy.js            16.66 kB │ gzip:   4.44 kB
ℹ dist/plugin-auto-enable-DlLTqHD2.js        16.60 kB │ gzip:   4.30 kB
ℹ dist/tool-display-zPRg7PTT.js              16.39 kB │ gzip:   3.81 kB
ℹ dist/security-cli-DLapx__h.js              16.17 kB │ gzip:   4.61 kB
ℹ dist/login-qr-D7hA3UQw.js                  16.16 kB │ gzip:   5.26 kB
ℹ dist/plugins-cli-Dwu2zPUa.js               16.13 kB │ gzip:   4.42 kB
ℹ dist/hooks-status-BFG9s9X4.js              16.06 kB │ gzip:   4.23 kB
ℹ dist/gmail-setup-utils-DmiMAEIG.js         15.37 kB │ gzip:   4.46 kB
ℹ dist/webhooks-cli-RAJwURmW.js              14.46 kB │ gzip:   3.95 kB
ℹ dist/systemd-Ck_Nhe7b.js                   14.34 kB │ gzip:   4.12 kB
ℹ dist/installs-yYLLxaN7.js                  14.05 kB │ gzip:   3.50 kB
ℹ dist/exec-approvals-cli-CRLU_OBM.js        13.75 kB │ gzip:   3.42 kB
ℹ dist/agent-scope-CSKN0lv4.js               13.48 kB │ gzip:   3.58 kB
ℹ dist/pairing-store-DwiHDjgb.js             12.00 kB │ gzip:   3.14 kB
ℹ dist/skills-cli-B0ffxr_P.js                11.83 kB │ gzip:   2.93 kB
ℹ dist/ws-log-C3o22vc7.js                    11.82 kB │ gzip:   2.86 kB
ℹ dist/call-Cg_9dTHU.js                      11.40 kB │ gzip:   3.43 kB
ℹ dist/register.subclis-BL5vtb-s.js          10.61 kB │ gzip:   2.90 kB
ℹ dist/accounts-BBa0tXwh.js                   8.84 kB │ gzip:   2.57 kB
ℹ dist/commands-fvYA7C5T.js                   8.81 kB │ gzip:   2.43 kB
ℹ dist/update-Nq0yTqxk.js                     8.71 kB │ gzip:   2.19 kB
ℹ dist/table-CerhH9E2.js                      8.47 kB │ gzip:   2.75 kB
ℹ dist/logs-cli-DQxdYTnm.js                   8.22 kB │ gzip:   2.76 kB
ℹ dist/program-segrtBOp.js                    8.14 kB │ gzip:   3.25 kB
ℹ dist/tailscale-9MusRvOi.js                  8.09 kB │ gzip:   2.48 kB
ℹ dist/directory-cli-B10_WMjt.js              7.79 kB │ gzip:   1.86 kB
ℹ dist/session-key-BRdRr5Ah.js                7.70 kB │ gzip:   1.88 kB
ℹ dist/server-node-events-PjYuUpx8.js         7.68 kB │ gzip:   2.20 kB
ℹ dist/dns-cli-BvLwLPqn.js                    7.68 kB │ gzip:   2.85 kB
ℹ dist/skill-scanner-COatt01v.js              7.68 kB │ gzip:   2.56 kB
ℹ dist/skills-status-BLqxN4r-.js              7.28 kB │ gzip:   2.27 kB
ℹ dist/run-main-lJeRC14S.js                   7.25 kB │ gzip:   2.83 kB
ℹ dist/exec-B8JKbXKW.js                       7.15 kB │ gzip:   2.38 kB
ℹ dist/utils-iyydkbnu.js                      7.00 kB │ gzip:   2.55 kB
ℹ dist/devices-cli-BUlSPs9_.js                6.97 kB │ gzip:   2.07 kB
ℹ dist/sqlite-BjhYBODp.js                     6.67 kB │ gzip:   2.25 kB
ℹ dist/auth-DTa0F2x9.js                       6.36 kB │ gzip:   1.80 kB
ℹ dist/shared-DvsW5l22.js                     5.81 kB │ gzip:   2.07 kB
ℹ dist/docs-cli-pjjRnxVE.js                   5.47 kB │ gzip:   1.97 kB
ℹ dist/pairing-cli-DYM2slVA.js                5.09 kB │ gzip:   1.87 kB
ℹ dist/widearea-dns-BYrQA0kE.js               5.04 kB │ gzip:   1.93 kB
ℹ dist/nodes-screen-DtXuFQdk.js               4.96 kB │ gzip:   1.32 kB
ℹ dist/auth-health-C90NCYAQ.js                4.93 kB │ gzip:   1.51 kB
ℹ dist/message-channel-CQ6DgRUw.js            4.29 kB │ gzip:   1.27 kB
ℹ dist/progress-Bcjniu7m.js                   4.14 kB │ gzip:   1.37 kB
ℹ dist/github-copilot-token-SLWintYd.js       3.96 kB │ gzip:   1.54 kB
ℹ dist/wsl-BkarWA1T.js                        3.93 kB │ gzip:   1.59 kB
ℹ dist/rpc-D9TOsr2f.js                        3.84 kB │ gzip:   1.63 kB
ℹ dist/system-cli-BFtnlrxp.js                 3.79 kB │ gzip:   1.15 kB
ℹ dist/redact-B8YiFlwn.js                     3.62 kB │ gzip:   1.43 kB
ℹ dist/shared-CyXSjVqR.js                     3.20 kB │ gzip:   1.15 kB
ℹ dist/systemd-linger-ZzQSRx53.js             3.19 kB │ gzip:   1.01 kB
ℹ dist/ports-CYvwRROk.js                      3.14 kB │ gzip:   1.11 kB
ℹ dist/archive-ccN9aDgq.js                    3.00 kB │ gzip:   1.16 kB
ℹ dist/cli-Cgk63VgH.js                        2.97 kB │ gzip:   1.27 kB
ℹ dist/constants-D1op9uGI.js                  2.88 kB │ gzip:   0.79 kB
ℹ dist/path-env-h3xp5PqO.js                   2.83 kB │ gzip:   1.10 kB
ℹ dist/openclaw-root-9ILYSmJ9.js              2.80 kB │ gzip:   0.80 kB
ℹ dist/tui-cli-BXh395nc.js                    2.70 kB │ gzip:   1.26 kB
ℹ dist/clack-prompter-B9yLhyOm.js             2.60 kB │ gzip:   0.84 kB
ℹ dist/paths-Cn1z_xve.js                      2.57 kB │ gzip:   0.79 kB
ℹ dist/note-_C44YfAQ.js                       2.45 kB │ gzip:   0.89 kB
ℹ dist/control-service-iyOF3VfA.js            2.42 kB │ gzip:   0.95 kB
ℹ dist/format-duration-DgTEOMRq.js            2.42 kB │ gzip:   0.91 kB
ℹ dist/format-relative-C6kUHuOj.js            2.13 kB │ gzip:   0.86 kB
ℹ dist/node-service-jk0qQXlk.js               2.09 kB │ gzip:   0.62 kB
ℹ dist/channel-selection-DMx1s14f.js          2.06 kB │ gzip:   0.73 kB
ℹ dist/brew-CcZV0dSS.js                       1.65 kB │ gzip:   0.58 kB
ℹ dist/command-format-ayFsmwwz.js             1.58 kB │ gzip:   0.64 kB
ℹ dist/usage-format-BAirWUSO.js               1.50 kB │ gzip:   0.58 kB
ℹ dist/parse-log-line-BansDQPa.js             1.23 kB │ gzip:   0.52 kB
ℹ dist/tailnet-Byp3obcc.js                    1.21 kB │ gzip:   0.55 kB
ℹ dist/channel-options-SD3DZCOY.js            1.18 kB │ gzip:   0.56 kB
ℹ dist/gateway-rpc-Ddm9UT_Z.js                1.17 kB │ gzip:   0.63 kB
ℹ dist/command-options-zIGzHi6i.js            1.13 kB │ gzip:   0.51 kB
ℹ dist/systemd-hints-Dg2ngQkt.js              1.11 kB │ gzip:   0.55 kB
ℹ dist/is-main-PYGa3tDA.js                    1.00 kB │ gzip:   0.40 kB
ℹ dist/cli-utils-B8g_-5XH.js                  0.98 kB │ gzip:   0.47 kB
ℹ dist/status-DfRyILSf.js                     0.96 kB │ gzip:   0.43 kB
ℹ dist/pi-model-discovery-DzEIEgHL.js         0.84 kB │ gzip:   0.37 kB
ℹ dist/status-BbTBC4KO.js                     0.82 kB │ gzip:   0.35 kB
ℹ dist/deps-C3FVsd2d.js                       0.81 kB │ gzip:   0.32 kB
ℹ dist/helpers-Cu2lpAMT.js                    0.79 kB │ gzip:   0.39 kB
ℹ dist/format-C3B4xLIp.js                     0.76 kB │ gzip:   0.40 kB
ℹ dist/parse-gTOGQPH6.js                      0.70 kB │ gzip:   0.36 kB
ℹ dist/help-format-C6fHtnxd.js                0.66 kB │ gzip:   0.28 kB
ℹ dist/transcript-events-Bv_eRVym.js          0.59 kB │ gzip:   0.29 kB
ℹ dist/channels-status-issues-s0547Khf.js     0.55 kB │ gzip:   0.30 kB
ℹ dist/links-fWsDyfm8.js                      0.49 kB │ gzip:   0.30 kB
ℹ dist/logging-CHk_Rj6I.js                    0.49 kB │ gzip:   0.29 kB
ℹ dist/ws-D091yo4M.js                         0.47 kB │ gzip:   0.24 kB
ℹ dist/parse-timeout-CbVKLZ4B.js              0.46 kB │ gzip:   0.26 kB
ℹ dist/prompt-style-CFsleyxV.js               0.44 kB │ gzip:   0.23 kB
ℹ dist/rolldown-runtime-Cbj13DAv.js           0.42 kB │ gzip:   0.28 kB
ℹ dist/helpers-C5Z7UeFM.js                    0.41 kB │ gzip:   0.26 kB
ℹ dist/pairing-labels-Be4dMThh.js             0.26 kB │ gzip:   0.18 kB
ℹ dist/prompts-CudpZgTI.js                    0.24 kB │ gzip:   0.17 kB
ℹ dist/logging-pqyrk15z.js                    0.01 kB │ gzip:   0.03 kB
ℹ 145 files, total: 6119.41 kB
✔ Build complete in 797ms
ℹ dist/index.js                             235.49 kB │ gzip:  52.42 kB
ℹ dist/reply-Bf732dhs.js                   2316.20 kB
ℹ dist/gateway-cli-BiMHXcZW.js              659.10 kB │ gzip: 154.54 kB
ℹ dist/config-CAZ323Dw.js                   177.84 kB │ gzip:  34.63 kB
ℹ dist/onboarding-CLAVZgjC.js               122.72 kB │ gzip:  31.82 kB
ℹ dist/manager-BZJJsEsW.js                  118.73 kB │ gzip:  24.65 kB
ℹ dist/onboard-skills-B29Xzaa5.js           117.39 kB │ gzip:  25.16 kB
ℹ dist/sandbox-Mf7-kVP7.js                  108.31 kB │ gzip:  24.21 kB
ℹ dist/doctor-Bu4dOqEo.js                   101.40 kB │ gzip:  25.73 kB
ℹ dist/model-selection-D90LTtqR.js          100.82 kB │ gzip:  22.10 kB
ℹ dist/models-cli-C075Jdt5.js                98.11 kB │ gzip:  22.20 kB
ℹ dist/deliver-Bn7DzFJy.js                   84.54 kB │ gzip:  21.11 kB
ℹ dist/tui-m6tMXNpV.js                       83.63 kB │ gzip:  19.92 kB
ℹ dist/routes-BLtwIxYc.js                    79.10 kB │ gzip:  15.64 kB
ℹ dist/audit-CzECtONf.js                     74.56 kB │ gzip:  18.25 kB
ℹ dist/net-uM9SCmy-.js                       73.42 kB │ gzip:  13.66 kB
ℹ dist/chrome-D8Bw26P4.js                    63.21 kB │ gzip:  16.15 kB
ℹ dist/channels-cli-CnyVKJu9.js              55.58 kB │ gzip:  14.06 kB
ℹ dist/pw-ai-DGxsk0vE.js                     54.80 kB │ gzip:  12.66 kB
ℹ dist/health-format-DjQbSTB-.js             53.76 kB │ gzip:  13.06 kB
ℹ dist/nodes-cli-B4n5ketp.js                 51.86 kB │ gzip:  11.24 kB
ℹ dist/node-cli-BH3Du1vA.js                  48.81 kB │ gzip:  12.35 kB
ℹ dist/pi-embedded-helpers-fpUF33jL.js       45.45 kB │ gzip:  11.97 kB
ℹ dist/update-runner-BByTRxAC.js             42.52 kB │ gzip:   9.38 kB
ℹ dist/github-copilot-auth-BnEuM0t0.js       40.92 kB │ gzip:   7.88 kB
ℹ dist/update-cli-CuHJkPfr.js                38.85 kB │ gzip:  10.90 kB
ℹ dist/hooks-cli-Db1ELhIK.js                 35.58 kB │ gzip:   8.17 kB
ℹ dist/tui-formatters-BLlLbv35.js            30.55 kB │ gzip:   6.97 kB
ℹ dist/configure-Cfk5qY1E.js                 29.91 kB │ gzip:   7.83 kB
ℹ dist/daemon-cli-DOmfhWdu.js                29.79 kB │ gzip:   7.10 kB
ℹ dist/exec-approvals-BACItfG5.js            29.48 kB │ gzip:   6.88 kB
ℹ dist/agent-DvTf3RGt.js                     29.00 kB │ gzip:   7.28 kB
ℹ dist/acp-cli-HOSFtY4d.js                   28.83 kB │ gzip:   7.87 kB
ℹ dist/subsystem-B4kzjhsh.js                 28.12 kB │ gzip:   8.09 kB
ℹ dist/server-context-gYz2bz18.js            27.81 kB │ gzip:   7.25 kB
ℹ dist/skills-C6W7scFn.js                    26.80 kB │ gzip:   6.94 kB
ℹ dist/completion-cli-XV2LQn6-.js            26.79 kB │ gzip:   6.87 kB
ℹ dist/session-cost-usage-Cm_oiDyT.js        25.86 kB │ gzip:   6.05 kB
ℹ dist/cron-cli-CyMjl6mt.js                  23.50 kB │ gzip:   5.87 kB
ℹ dist/qmd-manager-B2XoWJsx.js               23.44 kB │ gzip:   6.72 kB
ℹ dist/service-BCexhvtE.js                   23.23 kB │ gzip:   5.57 kB
ℹ dist/onboard-channels-DgNugrNA.js          22.93 kB │ gzip:   5.87 kB
ℹ dist/image-DJJLPo8r.js                     22.27 kB │ gzip:   6.54 kB
ℹ dist/sandbox-cli-5GyNL-Un.js               21.75 kB │ gzip:   5.59 kB
ℹ dist/manifest-registry-3t0Q3zjC.js         20.28 kB │ gzip:   5.10 kB
ℹ dist/service-audit-2EcZnCff.js             18.65 kB │ gzip:   4.85 kB
ℹ dist/daemon-runtime-1-ULNsBf.js            18.24 kB │ gzip:   5.12 kB
ℹ dist/plugins-DQnOyLTX.js                   17.98 kB │ gzip:   3.96 kB
ℹ dist/plugin-auto-enable-l4OmS0M9.js        16.61 kB │ gzip:   4.32 kB
ℹ dist/tool-display-ZFn2Us5Z.js              16.39 kB │ gzip:   3.82 kB
ℹ dist/security-cli-B_Wy4_RF.js              16.28 kB │ gzip:   4.68 kB
ℹ dist/plugins-cli-Bit3nuv3.js               16.24 kB │ gzip:   4.48 kB
ℹ dist/login-qr-CIXGOuxy.js                  16.17 kB │ gzip:   5.28 kB
ℹ dist/hooks-status-ZctAZsuf.js              16.07 kB │ gzip:   4.24 kB
ℹ dist/gmail-setup-utils-CgGRUvec.js         15.38 kB │ gzip:   4.47 kB
ℹ dist/webhooks-cli-9ukHg84h.js              14.57 kB │ gzip:   4.00 kB
ℹ dist/systemd-n9nTNXpn.js                   14.35 kB │ gzip:   4.13 kB
ℹ dist/installs-D3HFTWjQ.js                  14.05 kB │ gzip:   3.50 kB
ℹ dist/exec-approvals-cli-C5dYWFxc.js        13.85 kB │ gzip:   3.47 kB
ℹ dist/agent-scope-Cor4Kh77.js               13.49 kB │ gzip:   3.59 kB
ℹ dist/pairing-store-aKQgLre8.js             12.01 kB │ gzip:   3.14 kB
ℹ dist/skills-cli-B9XKuNn8.js                11.94 kB │ gzip:   2.98 kB
ℹ dist/ws-log-B48jgoHr.js                    11.83 kB │ gzip:   2.87 kB
ℹ dist/call-D0n2Pb8Q.js                      11.40 kB │ gzip:   3.44 kB
ℹ dist/paths-SRVTAxbc.js                      9.12 kB │ gzip:   2.47 kB
ℹ dist/tailscale-CfJ6bm8B.js                  9.01 kB │ gzip:   2.82 kB
ℹ dist/accounts-CxV9NFjx.js                   8.89 kB │ gzip:   2.59 kB
ℹ dist/pi-tools.policy-CUD3HE2O.js            8.81 kB │ gzip:   2.44 kB
ℹ dist/update-DKoKonTb.js                     8.71 kB │ gzip:   2.20 kB
ℹ dist/table-DSi2l-mO.js                      8.48 kB │ gzip:   2.76 kB
ℹ dist/logs-cli-mAJh2J4a.js                   8.32 kB │ gzip:   2.81 kB
ℹ dist/sqlite-svkL1VGv.js                     8.28 kB │ gzip:   2.71 kB
ℹ dist/directory-cli-DnNykAH1.js              7.90 kB │ gzip:   1.92 kB
ℹ dist/server-node-events-Cu5Fsu4r.js         7.80 kB │ gzip:   2.24 kB
ℹ dist/dns-cli-Dk6TgfaC.js                    7.79 kB │ gzip:   2.90 kB
ℹ dist/session-key-fpow76MW.js                7.70 kB │ gzip:   1.88 kB
ℹ dist/skill-scanner-CUM6Dbt8.js              7.68 kB │ gzip:   2.56 kB
ℹ dist/skills-status-BfRnBFkY.js              7.29 kB │ gzip:   2.28 kB
ℹ dist/utils-BYNOwFpc.js                      7.17 kB │ gzip:   2.63 kB
ℹ dist/exec-iWHtgUiq.js                       7.16 kB │ gzip:   2.39 kB
ℹ dist/devices-cli-DN3ksCEO.js                7.07 kB │ gzip:   2.13 kB
ℹ dist/auth-DKTgIImx.js                       6.35 kB │ gzip:   1.80 kB
ℹ dist/shared-D7GfM6b2.js                     5.82 kB │ gzip:   2.08 kB
ℹ dist/docs-cli-BmujOWxJ.js                   5.55 kB │ gzip:   2.02 kB
ℹ dist/pairing-cli-WnP5BHRp.js                5.19 kB │ gzip:   1.93 kB
ℹ dist/widearea-dns-Bqt1Va10.js               5.04 kB │ gzip:   1.93 kB
ℹ dist/nodes-screen-DTMjsnoe.js               4.96 kB │ gzip:   1.32 kB
ℹ dist/auth-health-BHe5gVEB.js                4.94 kB │ gzip:   1.51 kB
ℹ dist/message-channel-BabDQlTL.js            4.30 kB │ gzip:   1.28 kB
ℹ dist/progress-BlTNu7qU.js                   4.16 kB │ gzip:   1.38 kB
ℹ dist/github-copilot-token-BdJzOAgf.js       3.97 kB │ gzip:   1.55 kB
ℹ dist/dispatcher-CoU3e-gX.js                 3.93 kB │ gzip:   1.58 kB
ℹ dist/system-cli-CcvsmVAZ.js                 3.89 kB │ gzip:   1.20 kB
ℹ dist/rpc-CcNKd3Ny.js                        3.84 kB │ gzip:   1.63 kB
ℹ dist/redact-DJCFY628.js                     3.62 kB │ gzip:   1.43 kB
ℹ dist/shared-jt6QafAo.js                     3.21 kB │ gzip:   1.16 kB
ℹ dist/systemd-linger-ukzZsWiW.js             3.19 kB │ gzip:   1.01 kB
ℹ dist/cli-DrsgF6Cg.js                        3.09 kB │ gzip:   1.32 kB
ℹ dist/archive-BWQ0r9Dh.js                    3.00 kB │ gzip:   1.16 kB
ℹ dist/constants-CLUi6T-M.js                  2.88 kB │ gzip:   0.79 kB
ℹ dist/path-env-CxTVkI4c.js                   2.83 kB │ gzip:   1.11 kB
ℹ dist/tui-cli-lVblMN3X.js                    2.81 kB │ gzip:   1.31 kB
ℹ dist/openclaw-root-Cvotktkd.js              2.80 kB │ gzip:   0.80 kB
ℹ dist/clack-prompter-BpAstZ4v.js             2.61 kB │ gzip:   0.86 kB
ℹ dist/paths-DmunCygQ.js                      2.58 kB │ gzip:   0.80 kB
ℹ dist/note-CnJ9D5VA.js                       2.46 kB │ gzip:   0.91 kB
ℹ dist/control-service-BFlZpmaO.js            2.44 kB │ gzip:   0.95 kB
ℹ dist/format-duration-OAZcbB85.js            2.42 kB │ gzip:   0.91 kB
ℹ dist/channel-options-BwJsXih2.js            2.24 kB │ gzip:   0.92 kB
ℹ dist/format-relative-CSIe06AP.js            2.13 kB │ gzip:   0.86 kB
ℹ dist/node-service-BPZsSkUQ.js               2.09 kB │ gzip:   0.62 kB
ℹ dist/channel-selection-C_hAFM14.js          2.06 kB │ gzip:   0.73 kB
ℹ dist/command-format-ChfKqObn.js             1.95 kB │ gzip:   0.74 kB
ℹ dist/brew-FoIha3w0.js                       1.65 kB │ gzip:   0.58 kB
ℹ dist/usage-format-C0mOZv3Q.js               1.50 kB │ gzip:   0.58 kB
ℹ dist/parse-log-line-BxDgv4Uo.js             1.23 kB │ gzip:   0.52 kB
ℹ dist/env-CxGlKA1g.js                        1.21 kB │ gzip:   0.58 kB
ℹ dist/tailnet-DLDGNuH2.js                    1.21 kB │ gzip:   0.55 kB
ℹ dist/gateway-rpc-CD-10403.js                1.17 kB │ gzip:   0.62 kB
ℹ dist/systemd-hints-snqJtVcY.js              1.11 kB │ gzip:   0.55 kB
ℹ dist/is-main-BI9IbomE.js                    1.00 kB │ gzip:   0.40 kB
ℹ dist/cli-utils-Yv4G3uEz.js                  0.98 kB │ gzip:   0.47 kB
ℹ dist/status-DPvbDpz4.js                     0.97 kB │ gzip:   0.44 kB
ℹ dist/boolean-BgXe2hyu.js                    0.86 kB │ gzip:   0.38 kB
ℹ dist/pi-model-discovery-CV2V1HHz.js         0.84 kB │ gzip:   0.37 kB
ℹ dist/status-BqtiImKF.js                     0.82 kB │ gzip:   0.35 kB
ℹ dist/deps-CZs9xlW8.js                       0.81 kB │ gzip:   0.32 kB
ℹ dist/helpers-BewDYqlx.js                    0.79 kB │ gzip:   0.39 kB
ℹ dist/format-C81JRZRI.js                     0.76 kB │ gzip:   0.40 kB
ℹ dist/parse-87ybtYW1.js                      0.70 kB │ gzip:   0.36 kB
ℹ dist/help-format-BNz4LbKq.js                0.67 kB │ gzip:   0.30 kB
ℹ dist/transcript-events-ChU6IQwp.js          0.59 kB │ gzip:   0.29 kB
ℹ dist/channels-status-issues-Bg0bD1Q4.js     0.55 kB │ gzip:   0.31 kB
ℹ dist/logging-DglXOVol.js                    0.50 kB │ gzip:   0.30 kB
ℹ dist/links-X2qCZFkO.js                      0.49 kB │ gzip:   0.31 kB
ℹ dist/ws-CEcdsnN9.js                         0.47 kB │ gzip:   0.24 kB
ℹ dist/parse-timeout-BIB19Upi.js              0.46 kB │ gzip:   0.26 kB
ℹ dist/prompt-style-Wng6RpTa.js               0.45 kB │ gzip:   0.24 kB
ℹ dist/rolldown-runtime-Cbj13DAv.js           0.42 kB │ gzip:   0.28 kB
ℹ dist/helpers-Ze4BYH3e.js                    0.41 kB │ gzip:   0.26 kB
ℹ dist/pairing-labels-CAmDU-SP.js             0.26 kB │ gzip:   0.18 kB
ℹ dist/prompts-DSJM8mlO.js                    0.24 kB │ gzip:   0.17 kB
ℹ dist/logging-BWRYHvLp.js                    0.01 kB │ gzip:   0.03 kB
ℹ 143 files, total: 6111.18 kB
✔ Build complete in 809ms
Config warnings:\n- plugins.entries.feishu: plugin feishu: duplicate plugin id detected; later plugin may be overridden (/home/tsl/openclaw/extensions/feishu/index.ts)
[plugins] feishu_doc: Registered feishu_doc, feishu_app_scopes
[plugins] feishu_wiki: Registered feishu_wiki tool
[plugins] feishu_drive: Registered feishu_drive tool
[plugins] feishu_bitable: Registered 6 bitable tools
Config warnings:\n- plugins.entries.feishu: plugin feishu: duplicate plugin id detected; later plugin may be overridden (/home/tsl/openclaw/extensions/feishu/index.ts)
│
◇  Config warnings ────────────────────────────────────────────────────────╮
│                                                                          │
│  - plugins.entries.feishu: plugin feishu: duplicate plugin id detected;  │
│    later plugin may be overridden                                        │
│    (/home/tsl/openclaw/extensions/feishu/index.ts)                       │
│                                                                          │
├──────────────────────────────────────────────────────────────────────────╯
Config warnings:\n- plugins.entries.feishu: plugin feishu: duplicate plugin id detected; later plugin may be overridden (/home/tsl/openclaw/extensions/feishu/index.ts)
[info]: [ 'client ready' ]
✅ Sent via Feishu. Message ID: om_x100b5429dc25d0a0b2961478dc152f2 (chat ou_b3afb7d2133e4d689be523fc48f3d2b3)
[2026-03-12 05:07:53] ✅ VPN 已连接
[2026-03-12 05:07:53] 发送飞书通知: ✅ VPN 连接已恢复

VPN 状态：已连接
时间：2026-03-12 05:07:53

可以正常访问外网了。

> openclaw@2026.2.6-3 openclaw /home/tsl/openclaw
> node scripts/run-node.mjs message send --channel feishu --target ou_b3afb7d2133e4d689be523fc48f3d2b3 --message '✅ VPN 连接已恢复

VPN 状态：已连接
时间：2026-03-12 05:07:53

可以正常访问外网了。'

Config warnings:\n- plugins.entries.feishu: plugin feishu: duplicate plugin id detected; later plugin may be overridden (/home/tsl/openclaw/extensions/feishu/index.ts)
[plugins] feishu_doc: Registered feishu_doc, feishu_app_scopes
[plugins] feishu_wiki: Registered feishu_wiki tool
[plugins] feishu_drive: Registered feishu_drive tool
[plugins] feishu_bitable: Registered 6 bitable tools
Config warnings:\n- plugins.entries.feishu: plugin feishu: duplicate plugin id detected; later plugin may be overridden (/home/tsl/openclaw/extensions/feishu/index.ts)
│
◇  Config warnings ────────────────────────────────────────────────────────╮
│                                                                          │
│  - plugins.entries.feishu: plugin feishu: duplicate plugin id detected;  │
│    later plugin may be overridden                                        │
│    (/home/tsl/openclaw/extensions/feishu/index.ts)                       │
│                                                                          │
├──────────────────────────────────────────────────────────────────────────╯
Config warnings:\n- plugins.entries.feishu: plugin feishu: duplicate plugin id detected; later plugin may be overridden (/home/tsl/openclaw/extensions/feishu/index.ts)
[info]: [ 'client ready' ]
✅ Sent via Feishu. Message ID: om_x100b5429d42764a4b3cc1d422913eb4 (chat ou_b3afb7d2133e4d689be523fc48f3d2b3)
[2026-03-12 08:33:11] ❌ VPN 未连接
[2026-03-12 08:33:11] 启动 FortiClient GUI...
[2026-03-12 08:33:14] ✅ FortiClient GUI 已启动
[2026-03-12 08:33:14] 尝试触发 VPN 连接...
[2026-03-12 08:33:14] 触发 VPN 连接...
[2026-03-12 08:33:14] 使用 GUI 自动化点击连接按钮...
[2026-03-12 08:33:15] ========================================
[2026-03-12 08:33:15] 开始 VPN 自动连接
[2026-03-12 08:33:15] ========================================
[2026-03-12 08:33:15] 设置 DISPLAY=:1
[2026-03-12 08:33:15] FortiClient 已在运行
[2026-03-12 08:33:17] 截图已保存: /home/tsl/openclaw/vpn-auto/debug_screen.png
[2026-03-12 08:33:17] 尝试 1/5...
[2026-03-12 08:33:17] 找到图像 saml_button_small.png 在位置: (60, 17)
[2026-03-12 08:33:17] 点击坐标: (60, 17)
[2026-03-12 08:33:17] ✅ 成功点击连接按钮
[2026-03-12 08:33:17] ✅ VPN 连接已触发（SAML 登录）
[2026-03-12 08:33:17] 请在手机上完成 MFA 认证
[2026-03-12 08:33:18] ✅ GUI 自动化成功
[2026-03-12 08:33:18] 发送飞书通知: ⚠️ VPN 连接已断开

VPN 状态：未连接
时间：2026-03-12 08:33:18

已自动启动 FortiClient 并触发 VPN 连接。
请在手机上完成 Microsoft MFA 认证：
1. 打开 Microsoft Authenticator 应用
2. 批准登录请求
3. 或输入验证码

如果未收到 MFA 请求，请手动点击 FortiClient 中的连接按钮。

> openclaw@2026.2.6-3 openclaw /home/tsl/openclaw
> node scripts/run-node.mjs message send --channel feishu --target ou_b3afb7d2133e4d689be523fc48f3d2b3 --message '⚠️ VPN 连接已断开

VPN 状态：未连接
时间：2026-03-12 08:33:18

已自动启动 FortiClient 并触发 VPN 连接。
请在手机上完成 Microsoft MFA 认证：
1. 打开 Microsoft Authenticator 应用
2. 批准登录请求
3. 或输入验证码

如果未收到 MFA 请求，请手动点击 FortiClient 中的连接按钮。'

Config warnings:\n- plugins.entries.feishu: plugin feishu: duplicate plugin id detected; later plugin may be overridden (/home/tsl/openclaw/extensions/feishu/index.ts)
[plugins] feishu_doc: Registered feishu_doc, feishu_app_scopes
[plugins] feishu_wiki: Registered feishu_wiki tool
[plugins] feishu_drive: Registered feishu_drive tool
[plugins] feishu_bitable: Registered 6 bitable tools
Config warnings:\n- plugins.entries.feishu: plugin feishu: duplicate plugin id detected; later plugin may be overridden (/home/tsl/openclaw/extensions/feishu/index.ts)
│
◇  Config warnings ────────────────────────────────────────────────────────╮
│                                                                          │
│  - plugins.entries.feishu: plugin feishu: duplicate plugin id detected;  │
│    later plugin may be overridden                                        │
│    (/home/tsl/openclaw/extensions/feishu/index.ts)                       │
│                                                                          │
├──────────────────────────────────────────────────────────────────────────╯
Config warnings:\n- plugins.entries.feishu: plugin feishu: duplicate plugin id detected; later plugin may be overridden (/home/tsl/openclaw/extensions/feishu/index.ts)
[info]: [ 'client ready' ]
✅ Sent via Feishu. Message ID: om_x100b5414d3ee70b8b4921d080ff5b0d (chat ou_b3afb7d2133e4d689be523fc48f3d2b3)
[2026-03-12 08:36:28] ✅ VPN 已连接
[2026-03-12 08:36:28] 发送飞书通知: ✅ VPN 连接已恢复

VPN 状态：已连接
时间：2026-03-12 08:36:28

可以正常访问外网了。

> openclaw@2026.2.6-3 openclaw /home/tsl/openclaw
> node scripts/run-node.mjs message send --channel feishu --target ou_b3afb7d2133e4d689be523fc48f3d2b3 --message '✅ VPN 连接已恢复

VPN 状态：已连接
时间：2026-03-12 08:36:28

可以正常访问外网了。'

Config warnings:\n- plugins.entries.feishu: plugin feishu: duplicate plugin id detected; later plugin may be overridden (/home/tsl/openclaw/extensions/feishu/index.ts)
[plugins] feishu_doc: Registered feishu_doc, feishu_app_scopes
[plugins] feishu_wiki: Registered feishu_wiki tool
[plugins] feishu_drive: Registered feishu_drive tool
[plugins] feishu_bitable: Registered 6 bitable tools
Config warnings:\n- plugins.entries.feishu: plugin feishu: duplicate plugin id detected; later plugin may be overridden (/home/tsl/openclaw/extensions/feishu/index.ts)
│
◇  Config warnings ────────────────────────────────────────────────────────╮
│                                                                          │
│  - plugins.entries.feishu: plugin feishu: duplicate plugin id detected;  │
│    later plugin may be overridden                                        │
│    (/home/tsl/openclaw/extensions/feishu/index.ts)                       │
│                                                                          │
├──────────────────────────────────────────────────────────────────────────╯
Config warnings:\n- plugins.entries.feishu: plugin feishu: duplicate plugin id detected; later plugin may be overridden (/home/tsl/openclaw/extensions/feishu/index.ts)
[info]: [ 'client ready' ]
✅ Sent via Feishu. Message ID: om_x100b5414e7dedca8b24f245496d2ef0 (chat ou_b3afb7d2133e4d689be523fc48f3d2b3)
[2026-03-12 13:00:50] ❌ VPN 未连接
[2026-03-12 13:00:50] 启动 FortiClient GUI...
[2026-03-12 13:00:53] ✅ FortiClient GUI 已启动
[2026-03-12 13:00:53] 尝试触发 VPN 连接...
[2026-03-12 13:00:53] 触发 VPN 连接...
[2026-03-12 13:00:53] 使用 GUI 自动化点击连接按钮...
[2026-03-12 13:00:53] ========================================
[2026-03-12 13:00:53] 开始 VPN 自动连接
[2026-03-12 13:00:53] ========================================
[2026-03-12 13:00:53] 设置 DISPLAY=:1
[2026-03-12 13:00:53] FortiClient 已在运行
[2026-03-12 13:00:56] 截图已保存: /home/tsl/openclaw/vpn-auto/debug_screen.png
[2026-03-12 13:00:56] 尝试 1/5...
[2026-03-12 13:00:56] 找到图像 saml_button_small.png 在位置: (60, 17)
[2026-03-12 13:00:56] 点击坐标: (60, 17)
[2026-03-12 13:00:56] ✅ 成功点击连接按钮
[2026-03-12 13:00:56] ✅ VPN 连接已触发（SAML 登录）
[2026-03-12 13:00:56] 请在手机上完成 MFA 认证
[2026-03-12 13:00:56] ✅ GUI 自动化成功
[2026-03-12 13:00:56] 发送飞书通知: ⚠️ VPN 连接已断开

VPN 状态：未连接
时间：2026-03-12 13:00:56

已自动启动 FortiClient 并触发 VPN 连接。
请在手机上完成 Microsoft MFA 认证：
1. 打开 Microsoft Authenticator 应用
2. 批准登录请求
3. 或输入验证码

如果未收到 MFA 请求，请手动点击 FortiClient 中的连接按钮。

> openclaw@2026.2.6-3 openclaw /home/tsl/openclaw
> node scripts/run-node.mjs message send --channel feishu --target ou_b3afb7d2133e4d689be523fc48f3d2b3 --message '⚠️ VPN 连接已断开

VPN 状态：未连接
时间：2026-03-12 13:00:56

已自动启动 FortiClient 并触发 VPN 连接。
请在手机上完成 Microsoft MFA 认证：
1. 打开 Microsoft Authenticator 应用
2. 批准登录请求
3. 或输入验证码

如果未收到 MFA 请求，请手动点击 FortiClient 中的连接按钮。'

Config warnings:\n- plugins.entries.feishu: plugin feishu: duplicate plugin id detected; later plugin may be overridden (/home/tsl/openclaw/extensions/feishu/index.ts)
[plugins] feishu_doc: Registered feishu_doc, feishu_app_scopes
[plugins] feishu_wiki: Registered feishu_wiki tool
[plugins] feishu_drive: Registered feishu_drive tool
[plugins] feishu_bitable: Registered 6 bitable tools
Config warnings:\n- plugins.entries.feishu: plugin feishu: duplicate plugin id detected; later plugin may be overridden (/home/tsl/openclaw/extensions/feishu/index.ts)
│
◇  Config warnings ────────────────────────────────────────────────────────╮
│                                                                          │
│  - plugins.entries.feishu: plugin feishu: duplicate plugin id detected;  │
│    later plugin may be overridden                                        │
│    (/home/tsl/openclaw/extensions/feishu/index.ts)                       │
│                                                                          │
├──────────────────────────────────────────────────────────────────────────╯
Config warnings:\n- plugins.entries.feishu: plugin feishu: duplicate plugin id detected; later plugin may be overridden (/home/tsl/openclaw/extensions/feishu/index.ts)
[info]: [ 'client ready' ]
✅ Sent via Feishu. Message ID: om_x100b5410c6129d3cb32c05d3d26e3da (chat ou_b3afb7d2133e4d689be523fc48f3d2b3)
[2026-03-12 13:05:11] ✅ VPN 已连接
[2026-03-12 13:05:11] 发送飞书通知: ✅ VPN 连接已恢复

VPN 状态：已连接
时间：2026-03-12 13:05:11

可以正常访问外网了。

> openclaw@2026.2.6-3 openclaw /home/tsl/openclaw
> node scripts/run-node.mjs message send --channel feishu --target ou_b3afb7d2133e4d689be523fc48f3d2b3 --message '✅ VPN 连接已恢复

VPN 状态：已连接
时间：2026-03-12 13:05:11

可以正常访问外网了。'

Config warnings:\n- plugins.entries.feishu: plugin feishu: duplicate plugin id detected; later plugin may be overridden (/home/tsl/openclaw/extensions/feishu/index.ts)
[plugins] feishu_doc: Registered feishu_doc, feishu_app_scopes
[plugins] feishu_wiki: Registered feishu_wiki tool
[plugins] feishu_drive: Registered feishu_drive tool
[plugins] feishu_bitable: Registered 6 bitable tools
Config warnings:\n- plugins.entries.feishu: plugin feishu: duplicate plugin id detected; later plugin may be overridden (/home/tsl/openclaw/extensions/feishu/index.ts)
│
◇  Config warnings ────────────────────────────────────────────────────────╮
│                                                                          │
│  - plugins.entries.feishu: plugin feishu: duplicate plugin id detected;  │
│    later plugin may be overridden                                        │
│    (/home/tsl/openclaw/extensions/feishu/index.ts)                       │
│                                                                          │
├──────────────────────────────────────────────────────────────────────────╯
Config warnings:\n- plugins.entries.feishu: plugin feishu: duplicate plugin id detected; later plugin may be overridden (/home/tsl/openclaw/extensions/feishu/index.ts)
[info]: [ 'client ready' ]
✅ Sent via Feishu. Message ID: om_x100b5410d60f88acb4a32b69e4dbc2c (chat ou_b3afb7d2133e4d689be523fc48f3d2b3)
[2026-03-12 21:05:46] ❌ VPN 未连接
[2026-03-12 21:05:46] 启动 FortiClient GUI...
[2026-03-12 21:05:49] ✅ FortiClient GUI 已启动
[2026-03-12 21:05:49] 尝试触发 VPN 连接...
[2026-03-12 21:05:49] 触发 VPN 连接...
[2026-03-12 21:05:49] 使用 GUI 自动化点击连接按钮...
[2026-03-12 21:05:49] ========================================
[2026-03-12 21:05:49] 开始 VPN 自动连接
[2026-03-12 21:05:49] ========================================
[2026-03-12 21:05:49] 设置 DISPLAY=:1
[2026-03-12 21:05:49] FortiClient 已在运行
[2026-03-12 21:05:52] 截图已保存: /home/tsl/openclaw/vpn-auto/debug_screen.png
[2026-03-12 21:05:52] 尝试 1/5...
[2026-03-12 21:05:52] 找到图像 saml_button_small.png 在位置: (60, 17)
[2026-03-12 21:05:52] 点击坐标: (60, 17)
[2026-03-12 21:05:52] ✅ 成功点击连接按钮
[2026-03-12 21:05:52] ✅ VPN 连接已触发（SAML 登录）
[2026-03-12 21:05:52] 请在手机上完成 MFA 认证
[2026-03-12 21:05:52] ✅ GUI 自动化成功
[2026-03-12 21:05:52] 发送飞书通知: ⚠️ VPN 连接已断开

VPN 状态：未连接
时间：2026-03-12 21:05:52

已自动启动 FortiClient 并触发 VPN 连接。
请在手机上完成 Microsoft MFA 认证：
1. 打开 Microsoft Authenticator 应用
2. 批准登录请求
3. 或输入验证码

如果未收到 MFA 请求，请手动点击 FortiClient 中的连接按钮。

> openclaw@2026.2.6-3 openclaw /home/tsl/openclaw
> node scripts/run-node.mjs message send --channel feishu --target ou_b3afb7d2133e4d689be523fc48f3d2b3 --message '⚠️ VPN 连接已断开

VPN 状态：未连接
时间：2026-03-12 21:05:52

已自动启动 FortiClient 并触发 VPN 连接。
请在手机上完成 Microsoft MFA 认证：
1. 打开 Microsoft Authenticator 应用
2. 批准登录请求
3. 或输入验证码

如果未收到 MFA 请求，请手动点击 FortiClient 中的连接按钮。'

Config warnings:\n- plugins.entries.feishu: plugin feishu: duplicate plugin id detected; later plugin may be overridden (/home/tsl/openclaw/extensions/feishu/index.ts)
[plugins] feishu_doc: Registered feishu_doc, feishu_app_scopes
[plugins] feishu_wiki: Registered feishu_wiki tool
[plugins] feishu_drive: Registered feishu_drive tool
[plugins] feishu_bitable: Registered 6 bitable tools
Config warnings:\n- plugins.entries.feishu: plugin feishu: duplicate plugin id detected; later plugin may be overridden (/home/tsl/openclaw/extensions/feishu/index.ts)
│
◇  Config warnings ────────────────────────────────────────────────────────╮
│                                                                          │
│  - plugins.entries.feishu: plugin feishu: duplicate plugin id detected;  │
│    later plugin may be overridden                                        │
│    (/home/tsl/openclaw/extensions/feishu/index.ts)                       │
│                                                                          │
├──────────────────────────────────────────────────────────────────────────╯
Config warnings:\n- plugins.entries.feishu: plugin feishu: duplicate plugin id detected; later plugin may be overridden (/home/tsl/openclaw/extensions/feishu/index.ts)
[info]: [ 'client ready' ]
 ELIFECYCLE  Command failed.
Terminated
✅ Sent via Feishu. Message ID: om_x100b541feda770a4b33d0b6a9511687 (chat ou_b3afb7d2133e4d689be523fc48f3d2b3)
[2026-03-12 21:11:11] ✅ VPN 已连接
[2026-03-12 21:11:11] 发送飞书通知: ✅ VPN 连接已恢复

VPN 状态：已连接
时间：2026-03-12 21:11:11

可以正常访问外网了。

> openclaw@2026.2.6-3 openclaw /home/tsl/openclaw
> node scripts/run-node.mjs message send --channel feishu --target ou_b3afb7d2133e4d689be523fc48f3d2b3 --message '✅ VPN 连接已恢复

VPN 状态：已连接
时间：2026-03-12 21:11:11

可以正常访问外网了。'

Config warnings:\n- plugins.entries.feishu: plugin feishu: duplicate plugin id detected; later plugin may be overridden (/home/tsl/openclaw/extensions/feishu/index.ts)
[plugins] feishu_doc: Registered feishu_doc, feishu_app_scopes
[plugins] feishu_wiki: Registered feishu_wiki tool
[plugins] feishu_drive: Registered feishu_drive tool
[plugins] feishu_bitable: Registered 6 bitable tools
Config warnings:\n- plugins.entries.feishu: plugin feishu: duplicate plugin id detected; later plugin may be overridden (/home/tsl/openclaw/extensions/feishu/index.ts)
│
◇  Config warnings ────────────────────────────────────────────────────────╮
│                                                                          │
│  - plugins.entries.feishu: plugin feishu: duplicate plugin id detected;  │
│    later plugin may be overridden                                        │
│    (/home/tsl/openclaw/extensions/feishu/index.ts)                       │
│                                                                          │
├──────────────────────────────────────────────────────────────────────────╯
Config warnings:\n- plugins.entries.feishu: plugin feishu: duplicate plugin id detected; later plugin may be overridden (/home/tsl/openclaw/extensions/feishu/index.ts)
[info]: [ 'client ready' ]
✅ Sent via Feishu. Message ID: om_x100b541ff98d0ca8b3ceab94201c272 (chat ou_b3afb7d2133e4d689be523fc48f3d2b3)
[2026-03-13 05:10:44] ❌ VPN 未连接
[2026-03-13 05:10:44] 启动 FortiClient GUI...
[2026-03-13 05:10:47] ✅ FortiClient GUI 已启动
[2026-03-13 05:10:47] 尝试触发 VPN 连接...
[2026-03-13 05:10:47] 触发 VPN 连接...
[2026-03-13 05:10:47] 使用 GUI 自动化点击连接按钮...
[2026-03-13 05:10:47] ========================================
[2026-03-13 05:10:47] 开始 VPN 自动连接
[2026-03-13 05:10:47] ========================================
[2026-03-13 05:10:47] 设置 DISPLAY=:1
[2026-03-13 05:10:47] FortiClient 已在运行
[2026-03-13 05:10:50] 截图已保存: /home/tsl/openclaw/vpn-auto/debug_screen.png
[2026-03-13 05:10:50] 尝试 1/5...
[2026-03-13 05:10:50] 找到图像 saml_button_small.png 在位置: (60, 17)
[2026-03-13 05:10:50] 点击坐标: (60, 17)
[2026-03-13 05:10:50] ✅ 成功点击连接按钮
[2026-03-13 05:10:50] ✅ VPN 连接已触发（SAML 登录）
[2026-03-13 05:10:50] 请在手机上完成 MFA 认证
[2026-03-13 05:10:50] ✅ GUI 自动化成功
[2026-03-13 05:10:50] 发送飞书通知: ⚠️ VPN 连接已断开

VPN 状态：未连接
时间：2026-03-13 05:10:50

已自动启动 FortiClient 并触发 VPN 连接。
请在手机上完成 Microsoft MFA 认证：
1. 打开 Microsoft Authenticator 应用
2. 批准登录请求
3. 或输入验证码

如果未收到 MFA 请求，请手动点击 FortiClient 中的连接按钮。

> openclaw@2026.2.6-3 openclaw /home/tsl/openclaw
> node scripts/run-node.mjs message send --channel feishu --target ou_b3afb7d2133e4d689be523fc48f3d2b3 --message '⚠️ VPN 连接已断开

VPN 状态：未连接
时间：2026-03-13 05:10:50

已自动启动 FortiClient 并触发 VPN 连接。
请在手机上完成 Microsoft MFA 认证：
1. 打开 Microsoft Authenticator 应用
2. 批准登录请求
3. 或输入验证码

如果未收到 MFA 请求，请手动点击 FortiClient 中的连接按钮。'

Config warnings:\n- plugins.entries.feishu: plugin feishu: duplicate plugin id detected; later plugin may be overridden (/home/tsl/openclaw/extensions/feishu/index.ts)
[plugins] feishu_doc: Registered feishu_doc, feishu_app_scopes
[plugins] feishu_wiki: Registered feishu_wiki tool
[plugins] feishu_drive: Registered feishu_drive tool
[plugins] feishu_bitable: Registered 6 bitable tools
Config warnings:\n- plugins.entries.feishu: plugin feishu: duplicate plugin id detected; later plugin may be overridden (/home/tsl/openclaw/extensions/feishu/index.ts)
│
◇  Config warnings ────────────────────────────────────────────────────────╮
│                                                                          │
│  - plugins.entries.feishu: plugin feishu: duplicate plugin id detected;  │
│    later plugin may be overridden                                        │
│    (/home/tsl/openclaw/extensions/feishu/index.ts)                       │
│                                                                          │
├──────────────────────────────────────────────────────────────────────────╯
Config warnings:\n- plugins.entries.feishu: plugin feishu: duplicate plugin id detected; later plugin may be overridden (/home/tsl/openclaw/extensions/feishu/index.ts)
[info]: [ 'client ready' ]
✅ Sent via Feishu. Message ID: om_x100b5406f320f8a8b2683a4c0b31065 (chat ou_b3afb7d2133e4d689be523fc48f3d2b3)
[2026-03-13 05:14:01] ✅ VPN 已连接
[2026-03-13 05:14:01] 发送飞书通知: ✅ VPN 连接已恢复

VPN 状态：已连接
时间：2026-03-13 05:14:01

可以正常访问外网了。

> openclaw@2026.2.6-3 openclaw /home/tsl/openclaw
> node scripts/run-node.mjs message send --channel feishu --target ou_b3afb7d2133e4d689be523fc48f3d2b3 --message '✅ VPN 连接已恢复

VPN 状态：已连接
时间：2026-03-13 05:14:01

可以正常访问外网了。'

Config warnings:\n- plugins.entries.feishu: plugin feishu: duplicate plugin id detected; later plugin may be overridden (/home/tsl/openclaw/extensions/feishu/index.ts)
[plugins] feishu_doc: Registered feishu_doc, feishu_app_scopes
[plugins] feishu_wiki: Registered feishu_wiki tool
[plugins] feishu_drive: Registered feishu_drive tool
[plugins] feishu_bitable: Registered 6 bitable tools
Config warnings:\n- plugins.entries.feishu: plugin feishu: duplicate plugin id detected; later plugin may be overridden (/home/tsl/openclaw/extensions/feishu/index.ts)
│
◇  Config warnings ────────────────────────────────────────────────────────╮
│                                                                          │
│  - plugins.entries.feishu: plugin feishu: duplicate plugin id detected;  │
│    later plugin may be overridden                                        │
│    (/home/tsl/openclaw/extensions/feishu/index.ts)                       │
│                                                                          │
├──────────────────────────────────────────────────────────────────────────╯
Config warnings:\n- plugins.entries.feishu: plugin feishu: duplicate plugin id detected; later plugin may be overridden (/home/tsl/openclaw/extensions/feishu/index.ts)
[info]: [ 'client ready' ]
✅ Sent via Feishu. Message ID: om_x100b5406872d8ca4b35bfbbd59a5c37 (chat ou_b3afb7d2133e4d689be523fc48f3d2b3)
[2026-03-13 13:13:34] ❌ VPN 未连接
[2026-03-13 13:13:34] 启动 FortiClient GUI...
[2026-03-13 13:13:37] ✅ FortiClient GUI 已启动
[2026-03-13 13:13:37] 尝试触发 VPN 连接...
[2026-03-13 13:13:37] 触发 VPN 连接...
[2026-03-13 13:13:37] 使用 GUI 自动化点击连接按钮...
[2026-03-13 13:13:38] ========================================
[2026-03-13 13:13:38] 开始 VPN 自动连接
[2026-03-13 13:13:38] ========================================
[2026-03-13 13:13:38] 设置 DISPLAY=:1
[2026-03-13 13:13:38] FortiClient 已在运行
[2026-03-13 13:13:40] 截图已保存: /home/tsl/openclaw/vpn-auto/debug_screen.png
[2026-03-13 13:13:40] 尝试 1/5...
[2026-03-13 13:13:41] 找到图像 saml_button_small.png 在位置: (60, 17)
[2026-03-13 13:13:41] 点击坐标: (60, 17)
[2026-03-13 13:13:41] ✅ 成功点击连接按钮
[2026-03-13 13:13:41] ✅ VPN 连接已触发（SAML 登录）
[2026-03-13 13:13:41] 请在手机上完成 MFA 认证
[2026-03-13 13:13:41] ✅ GUI 自动化成功
[2026-03-13 13:13:41] 发送飞书通知: ⚠️ VPN 连接已断开

VPN 状态：未连接
时间：2026-03-13 13:13:41

已自动启动 FortiClient 并触发 VPN 连接。
请在手机上完成 Microsoft MFA 认证：
1. 打开 Microsoft Authenticator 应用
2. 批准登录请求
3. 或输入验证码

如果未收到 MFA 请求，请手动点击 FortiClient 中的连接按钮。

> openclaw@2026.2.6-3 openclaw /home/tsl/openclaw
> node scripts/run-node.mjs message send --channel feishu --target ou_b3afb7d2133e4d689be523fc48f3d2b3 --message '⚠️ VPN 连接已断开

VPN 状态：未连接
时间：2026-03-13 13:13:41

已自动启动 FortiClient 并触发 VPN 连接。
请在手机上完成 Microsoft MFA 认证：
1. 打开 Microsoft Authenticator 应用
2. 批准登录请求
3. 或输入验证码

如果未收到 MFA 请求，请手动点击 FortiClient 中的连接按钮。'

Config warnings:\n- plugins.entries.feishu: plugin feishu: duplicate plugin id detected; later plugin may be overridden (/home/tsl/openclaw/extensions/feishu/index.ts)
[plugins] feishu_doc: Registered feishu_doc, feishu_app_scopes
[plugins] feishu_wiki: Registered feishu_wiki tool
[plugins] feishu_drive: Registered feishu_drive tool
[plugins] feishu_bitable: Registered 6 bitable tools
Config warnings:\n- plugins.entries.feishu: plugin feishu: duplicate plugin id detected; later plugin may be overridden (/home/tsl/openclaw/extensions/feishu/index.ts)
│
◇  Config warnings ────────────────────────────────────────────────────────╮
│                                                                          │
│  - plugins.entries.feishu: plugin feishu: duplicate plugin id detected;  │
│    later plugin may be overridden                                        │
│    (/home/tsl/openclaw/extensions/feishu/index.ts)                       │
│                                                                          │
├──────────────────────────────────────────────────────────────────────────╯
Config warnings:\n- plugins.entries.feishu: plugin feishu: duplicate plugin id detected; later plugin may be overridden (/home/tsl/openclaw/extensions/feishu/index.ts)
[info]: [ 'client ready' ]
✅ Sent via Feishu. Message ID: om_x100b540d9e7994b8b4bbfe9f8029053 (chat ou_b3afb7d2133e4d689be523fc48f3d2b3)
[2026-03-13 13:16:53] ✅ VPN 已连接
[2026-03-13 13:16:53] 发送飞书通知: ✅ VPN 连接已恢复

VPN 状态：已连接
时间：2026-03-13 13:16:53

可以正常访问外网了。

> openclaw@2026.2.6-3 openclaw /home/tsl/openclaw
> node scripts/run-node.mjs message send --channel feishu --target ou_b3afb7d2133e4d689be523fc48f3d2b3 --message '✅ VPN 连接已恢复

VPN 状态：已连接
时间：2026-03-13 13:16:53

可以正常访问外网了。'

Config warnings:\n- plugins.entries.feishu: plugin feishu: duplicate plugin id detected; later plugin may be overridden (/home/tsl/openclaw/extensions/feishu/index.ts)
[plugins] feishu_doc: Registered feishu_doc, feishu_app_scopes
[plugins] feishu_wiki: Registered feishu_wiki tool
[plugins] feishu_drive: Registered feishu_drive tool
[plugins] feishu_bitable: Registered 6 bitable tools
Config warnings:\n- plugins.entries.feishu: plugin feishu: duplicate plugin id detected; later plugin may be overridden (/home/tsl/openclaw/extensions/feishu/index.ts)
│
◇  Config warnings ────────────────────────────────────────────────────────╮
│                                                                          │
│  - plugins.entries.feishu: plugin feishu: duplicate plugin id detected;  │
│    later plugin may be overridden                                        │
│    (/home/tsl/openclaw/extensions/feishu/index.ts)                       │
│                                                                          │
├──────────────────────────────────────────────────────────────────────────╯
Config warnings:\n- plugins.entries.feishu: plugin feishu: duplicate plugin id detected; later plugin may be overridden (/home/tsl/openclaw/extensions/feishu/index.ts)
[info]: [ 'client ready' ]
✅ Sent via Feishu. Message ID: om_x100b540d93ca70a8b4b2cdd244a07e2 (chat ou_b3afb7d2133e4d689be523fc48f3d2b3)
[2026-03-13 21:16:38] ❌ VPN 未连接
[2026-03-13 21:16:38] 启动 FortiClient GUI...
[2026-03-13 21:16:41] ✅ FortiClient GUI 已启动
[2026-03-13 21:16:41] 尝试触发 VPN 连接...
[2026-03-13 21:16:41] 触发 VPN 连接...
[2026-03-13 21:16:41] 使用 GUI 自动化点击连接按钮...
[2026-03-13 21:16:41] ========================================
[2026-03-13 21:16:41] 开始 VPN 自动连接
[2026-03-13 21:16:41] ========================================
[2026-03-13 21:16:41] 设置 DISPLAY=:1
[2026-03-13 21:16:41] FortiClient 已在运行
[2026-03-13 21:16:44] 截图已保存: /home/tsl/openclaw/vpn-auto/debug_screen.png
[2026-03-13 21:16:44] 尝试 1/5...
[2026-03-13 21:16:44] 找到图像 saml_button_small.png 在位置: (60, 17)
[2026-03-13 21:16:44] 点击坐标: (60, 17)
[2026-03-13 21:16:44] ✅ 成功点击连接按钮
[2026-03-13 21:16:44] ✅ VPN 连接已触发（SAML 登录）
[2026-03-13 21:16:44] 请在手机上完成 MFA 认证
[2026-03-13 21:16:44] ✅ GUI 自动化成功
[2026-03-13 21:16:44] 发送飞书通知: ⚠️ VPN 连接已断开

VPN 状态：未连接
时间：2026-03-13 21:16:44

已自动启动 FortiClient 并触发 VPN 连接。
请在手机上完成 Microsoft MFA 认证：
1. 打开 Microsoft Authenticator 应用
2. 批准登录请求
3. 或输入验证码

如果未收到 MFA 请求，请手动点击 FortiClient 中的连接按钮。

> openclaw@2026.2.6-3 openclaw /home/tsl/openclaw
> node scripts/run-node.mjs message send --channel feishu --target ou_b3afb7d2133e4d689be523fc48f3d2b3 --message '⚠️ VPN 连接已断开

VPN 状态：未连接
时间：2026-03-13 21:16:44

已自动启动 FortiClient 并触发 VPN 连接。
请在手机上完成 Microsoft MFA 认证：
1. 打开 Microsoft Authenticator 应用
2. 批准登录请求
3. 或输入验证码

如果未收到 MFA 请求，请手动点击 FortiClient 中的连接按钮。'

 ELIFECYCLE  Command failed.
Terminated
Config warnings:\n- plugins.entries.feishu: plugin feishu: duplicate plugin id detected; later plugin may be overridden (/home/tsl/openclaw/extensions/feishu/index.ts)
[plugins] feishu_doc: Registered feishu_doc, feishu_app_scopes
[plugins] feishu_wiki: Registered feishu_wiki tool
[plugins] feishu_drive: Registered feishu_drive tool
[plugins] feishu_bitable: Registered 6 bitable tools
Config warnings:\n- plugins.entries.feishu: plugin feishu: duplicate plugin id detected; later plugin may be overridden (/home/tsl/openclaw/extensions/feishu/index.ts)
│
◇  Config warnings ────────────────────────────────────────────────────────╮
│                                                                          │
│  - plugins.entries.feishu: plugin feishu: duplicate plugin id detected;  │
│    later plugin may be overridden                                        │
│    (/home/tsl/openclaw/extensions/feishu/index.ts)                       │
│                                                                          │
├──────────────────────────────────────────────────────────────────────────╯
Config warnings:\n- plugins.entries.feishu: plugin feishu: duplicate plugin id detected; later plugin may be overridden (/home/tsl/openclaw/extensions/feishu/index.ts)
[info]: [ 'client ready' ]
✅ Sent via Feishu. Message ID: om_x100b5474aaee48b8b490dee0ea23e41 (chat ou_b3afb7d2133e4d689be523fc48f3d2b3)
[2026-03-13 21:19:56] ✅ VPN 已连接
[2026-03-13 21:19:56] 发送飞书通知: ✅ VPN 连接已恢复

VPN 状态：已连接
时间：2026-03-13 21:19:56

可以正常访问外网了。

> openclaw@2026.2.6-3 openclaw /home/tsl/openclaw
> node scripts/run-node.mjs message send --channel feishu --target ou_b3afb7d2133e4d689be523fc48f3d2b3 --message '✅ VPN 连接已恢复

VPN 状态：已连接
时间：2026-03-13 21:19:56

可以正常访问外网了。'

Config warnings:\n- plugins.entries.feishu: plugin feishu: duplicate plugin id detected; later plugin may be overridden (/home/tsl/openclaw/extensions/feishu/index.ts)
[plugins] feishu_doc: Registered feishu_doc, feishu_app_scopes
[plugins] feishu_wiki: Registered feishu_wiki tool
[plugins] feishu_drive: Registered feishu_drive tool
[plugins] feishu_bitable: Registered 6 bitable tools
Config warnings:\n- plugins.entries.feishu: plugin feishu: duplicate plugin id detected; later plugin may be overridden (/home/tsl/openclaw/extensions/feishu/index.ts)
│
◇  Config warnings ────────────────────────────────────────────────────────╮
│                                                                          │
│  - plugins.entries.feishu: plugin feishu: duplicate plugin id detected;  │
│    later plugin may be overridden                                        │
│    (/home/tsl/openclaw/extensions/feishu/index.ts)                       │
│                                                                          │
├──────────────────────────────────────────────────────────────────────────╯
Config warnings:\n- plugins.entries.feishu: plugin feishu: duplicate plugin id detected; later plugin may be overridden (/home/tsl/openclaw/extensions/feishu/index.ts)
[info]: [ 'client ready' ]
✅ Sent via Feishu. Message ID: om_x100b5474bee698b0b4945e25fa0bb5e (chat ou_b3afb7d2133e4d689be523fc48f3d2b3)
[2026-03-14 05:20:32] ❌ VPN 未连接
[2026-03-14 05:20:32] 启动 FortiClient GUI...
[2026-03-14 05:20:35] ✅ FortiClient GUI 已启动
[2026-03-14 05:20:35] 尝试触发 VPN 连接...
[2026-03-14 05:20:35] 触发 VPN 连接...
[2026-03-14 05:20:35] 使用 GUI 自动化点击连接按钮...
[2026-03-14 05:20:36] ========================================
[2026-03-14 05:20:36] 开始 VPN 自动连接
[2026-03-14 05:20:36] ========================================
[2026-03-14 05:20:36] 设置 DISPLAY=:1
[2026-03-14 05:20:36] FortiClient 已在运行
[2026-03-14 05:20:38] 截图已保存: /home/tsl/openclaw/vpn-auto/debug_screen.png
[2026-03-14 05:20:38] 尝试 1/5...
[2026-03-14 05:20:38] 找到图像 saml_button_small.png 在位置: (60, 17)
[2026-03-14 05:20:39] 点击坐标: (60, 17)
[2026-03-14 05:20:39] ✅ 成功点击连接按钮
[2026-03-14 05:20:39] ✅ VPN 连接已触发（SAML 登录）
[2026-03-14 05:20:39] 请在手机上完成 MFA 认证
[2026-03-14 05:20:39] ✅ GUI 自动化成功
[2026-03-14 05:20:39] 发送飞书通知: ⚠️ VPN 连接已断开

VPN 状态：未连接
时间：2026-03-14 05:20:39

已自动启动 FortiClient 并触发 VPN 连接。
请在手机上完成 Microsoft MFA 认证：
1. 打开 Microsoft Authenticator 应用
2. 批准登录请求
3. 或输入验证码

如果未收到 MFA 请求，请手动点击 FortiClient 中的连接按钮。

> openclaw@2026.2.6-3 openclaw /home/tsl/openclaw
> node scripts/run-node.mjs message send --channel feishu --target ou_b3afb7d2133e4d689be523fc48f3d2b3 --message '⚠️ VPN 连接已断开

VPN 状态：未连接
时间：2026-03-14 05:20:39

已自动启动 FortiClient 并触发 VPN 连接。
请在手机上完成 Microsoft MFA 认证：
1. 打开 Microsoft Authenticator 应用
2. 批准登录请求
3. 或输入验证码

如果未收到 MFA 请求，请手动点击 FortiClient 中的连接按钮。'

Config warnings:\n- plugins.entries.feishu: plugin feishu: duplicate plugin id detected; later plugin may be overridden (/home/tsl/openclaw/extensions/feishu/index.ts)
[plugins] feishu_doc: Registered feishu_doc, feishu_app_scopes
[plugins] feishu_wiki: Registered feishu_wiki tool
[plugins] feishu_drive: Registered feishu_drive tool
[plugins] feishu_bitable: Registered 6 bitable tools
Config warnings:\n- plugins.entries.feishu: plugin feishu: duplicate plugin id detected; later plugin may be overridden (/home/tsl/openclaw/extensions/feishu/index.ts)
│
◇  Config warnings ────────────────────────────────────────────────────────╮
│                                                                          │
│  - plugins.entries.feishu: plugin feishu: duplicate plugin id detected;  │
│    later plugin may be overridden                                        │
│    (/home/tsl/openclaw/extensions/feishu/index.ts)                       │
│                                                                          │
├──────────────────────────────────────────────────────────────────────────╯
Config warnings:\n- plugins.entries.feishu: plugin feishu: duplicate plugin id detected; later plugin may be overridden (/home/tsl/openclaw/extensions/feishu/index.ts)
[info]: [ 'client ready' ]
✅ Sent via Feishu. Message ID: om_x100b5473b47058a0b3d0b1f54677e37 (chat ou_b3afb7d2133e4d689be523fc48f3d2b3)
[2026-03-14 05:22:47] ✅ VPN 已连接
[2026-03-14 05:22:47] 发送飞书通知: ✅ VPN 连接已恢复

VPN 状态：已连接
时间：2026-03-14 05:22:47

可以正常访问外网了。

> openclaw@2026.2.6-3 openclaw /home/tsl/openclaw
> node scripts/run-node.mjs message send --channel feishu --target ou_b3afb7d2133e4d689be523fc48f3d2b3 --message '✅ VPN 连接已恢复

VPN 状态：已连接
时间：2026-03-14 05:22:47

可以正常访问外网了。'

Config warnings:\n- plugins.entries.feishu: plugin feishu: duplicate plugin id detected; later plugin may be overridden (/home/tsl/openclaw/extensions/feishu/index.ts)
[plugins] feishu_doc: Registered feishu_doc, feishu_app_scopes
[plugins] feishu_wiki: Registered feishu_wiki tool
[plugins] feishu_drive: Registered feishu_drive tool
[plugins] feishu_bitable: Registered 6 bitable tools
Config warnings:\n- plugins.entries.feishu: plugin feishu: duplicate plugin id detected; later plugin may be overridden (/home/tsl/openclaw/extensions/feishu/index.ts)
│
◇  Config warnings ────────────────────────────────────────────────────────╮
│                                                                          │
│  - plugins.entries.feishu: plugin feishu: duplicate plugin id detected;  │
│    later plugin may be overridden                                        │
│    (/home/tsl/openclaw/extensions/feishu/index.ts)                       │
│                                                                          │
├──────────────────────────────────────────────────────────────────────────╯
Config warnings:\n- plugins.entries.feishu: plugin feishu: duplicate plugin id detected; later plugin may be overridden (/home/tsl/openclaw/extensions/feishu/index.ts)
[info]: [ 'client ready' ]
✅ Sent via Feishu. Message ID: om_x100b547c4c7190a0b349f54e2f9e59f (chat ou_b3afb7d2133e4d689be523fc48f3d2b3)
[2026-03-14 13:23:21] ❌ VPN 未连接
[2026-03-14 13:23:21] 启动 FortiClient GUI...
[2026-03-14 13:23:24] ✅ FortiClient GUI 已启动
[2026-03-14 13:23:24] 尝试触发 VPN 连接...
[2026-03-14 13:23:24] 触发 VPN 连接...
[2026-03-14 13:23:24] 使用 GUI 自动化点击连接按钮...
[2026-03-14 13:23:24] ========================================
[2026-03-14 13:23:24] 开始 VPN 自动连接
[2026-03-14 13:23:24] ========================================
[2026-03-14 13:23:24] 设置 DISPLAY=:1
[2026-03-14 13:23:24] FortiClient 已在运行
[2026-03-14 13:23:27] 截图已保存: /home/tsl/openclaw/vpn-auto/debug_screen.png
[2026-03-14 13:23:27] 尝试 1/5...
[2026-03-14 13:23:27] 找到图像 saml_button_small.png 在位置: (60, 17)
[2026-03-14 13:23:27] 点击坐标: (60, 17)
[2026-03-14 13:23:27] ✅ 成功点击连接按钮
[2026-03-14 13:23:27] ✅ VPN 连接已触发（SAML 登录）
[2026-03-14 13:23:27] 请在手机上完成 MFA 认证
[2026-03-14 13:23:27] ✅ GUI 自动化成功
[2026-03-14 13:23:27] 发送飞书通知: ⚠️ VPN 连接已断开

VPN 状态：未连接
时间：2026-03-14 13:23:27

已自动启动 FortiClient 并触发 VPN 连接。
请在手机上完成 Microsoft MFA 认证：
1. 打开 Microsoft Authenticator 应用
2. 批准登录请求
3. 或输入验证码

如果未收到 MFA 请求，请手动点击 FortiClient 中的连接按钮。

> openclaw@2026.2.6-3 openclaw /home/tsl/openclaw
> node scripts/run-node.mjs message send --channel feishu --target ou_b3afb7d2133e4d689be523fc48f3d2b3 --message '⚠️ VPN 连接已断开

VPN 状态：未连接
时间：2026-03-14 13:23:27

已自动启动 FortiClient 并触发 VPN 连接。
请在手机上完成 Microsoft MFA 认证：
1. 打开 Microsoft Authenticator 应用
2. 批准登录请求
3. 或输入验证码

如果未收到 MFA 请求，请手动点击 FortiClient 中的连接按钮。'

 ELIFECYCLE  Command failed.
Terminated
Config warnings:\n- plugins.entries.feishu: plugin feishu: duplicate plugin id detected; later plugin may be overridden (/home/tsl/openclaw/extensions/feishu/index.ts)
[plugins] feishu_doc: Registered feishu_doc, feishu_app_scopes
[plugins] feishu_wiki: Registered feishu_wiki tool
[plugins] feishu_drive: Registered feishu_drive tool
[plugins] feishu_bitable: Registered 6 bitable tools
Config warnings:\n- plugins.entries.feishu: plugin feishu: duplicate plugin id detected; later plugin may be overridden (/home/tsl/openclaw/extensions/feishu/index.ts)
│
◇  Config warnings ────────────────────────────────────────────────────────╮
│                                                                          │
│  - plugins.entries.feishu: plugin feishu: duplicate plugin id detected;  │
│    later plugin may be overridden                                        │
│    (/home/tsl/openclaw/extensions/feishu/index.ts)                       │
│                                                                          │
├──────────────────────────────────────────────────────────────────────────╯
Config warnings:\n- plugins.entries.feishu: plugin feishu: duplicate plugin id detected; later plugin may be overridden (/home/tsl/openclaw/extensions/feishu/index.ts)
[info]: [ 'client ready' ]
✅ Sent via Feishu. Message ID: om_x100b547b43f1c07cb20b5e84b1cba7a (chat ou_b3afb7d2133e4d689be523fc48f3d2b3)
[2026-03-14 13:28:44] ✅ VPN 已连接
[2026-03-14 13:28:44] 发送飞书通知: ✅ VPN 连接已恢复

VPN 状态：已连接
时间：2026-03-14 13:28:44

可以正常访问外网了。

> openclaw@2026.2.6-3 openclaw /home/tsl/openclaw
> node scripts/run-node.mjs message send --channel feishu --target ou_b3afb7d2133e4d689be523fc48f3d2b3 --message '✅ VPN 连接已恢复

VPN 状态：已连接
时间：2026-03-14 13:28:44

可以正常访问外网了。'

Config warnings:\n- plugins.entries.feishu: plugin feishu: duplicate plugin id detected; later plugin may be overridden (/home/tsl/openclaw/extensions/feishu/index.ts)
[plugins] feishu_doc: Registered feishu_doc, feishu_app_scopes
[plugins] feishu_wiki: Registered feishu_wiki tool
[plugins] feishu_drive: Registered feishu_drive tool
[plugins] feishu_bitable: Registered 6 bitable tools
Config warnings:\n- plugins.entries.feishu: plugin feishu: duplicate plugin id detected; later plugin may be overridden (/home/tsl/openclaw/extensions/feishu/index.ts)
│
◇  Config warnings ────────────────────────────────────────────────────────╮
│                                                                          │
│  - plugins.entries.feishu: plugin feishu: duplicate plugin id detected;  │
│    later plugin may be overridden                                        │
│    (/home/tsl/openclaw/extensions/feishu/index.ts)                       │
│                                                                          │
├──────────────────────────────────────────────────────────────────────────╯
Config warnings:\n- plugins.entries.feishu: plugin feishu: duplicate plugin id detected; later plugin may be overridden (/home/tsl/openclaw/extensions/feishu/index.ts)
[info]: [ 'client ready' ]
✅ Sent via Feishu. Message ID: om_x100b547b6fda2cb0b372f2005747e66 (chat ou_b3afb7d2133e4d689be523fc48f3d2b3)
[2026-03-14 21:28:18] ❌ VPN 未连接
[2026-03-14 21:28:18] 启动 FortiClient GUI...
[2026-03-14 21:28:21] ✅ FortiClient GUI 已启动
[2026-03-14 21:28:21] 尝试触发 VPN 连接...
[2026-03-14 21:28:21] 触发 VPN 连接...
[2026-03-14 21:28:21] 使用 GUI 自动化点击连接按钮...
[2026-03-14 21:28:21] ========================================
[2026-03-14 21:28:21] 开始 VPN 自动连接
[2026-03-14 21:28:21] ========================================
[2026-03-14 21:28:21] 设置 DISPLAY=:1
[2026-03-14 21:28:21] FortiClient 已在运行
[2026-03-14 21:28:24] 截图已保存: /home/tsl/openclaw/vpn-auto/debug_screen.png
[2026-03-14 21:28:24] 尝试 1/5...
[2026-03-14 21:28:24] 找到图像 saml_button_small.png 在位置: (60, 17)
[2026-03-14 21:28:24] 点击坐标: (60, 17)
[2026-03-14 21:28:24] ✅ 成功点击连接按钮
[2026-03-14 21:28:24] ✅ VPN 连接已触发（SAML 登录）
[2026-03-14 21:28:24] 请在手机上完成 MFA 认证
[2026-03-14 21:28:24] ✅ GUI 自动化成功
[2026-03-14 21:28:24] 发送飞书通知: ⚠️ VPN 连接已断开

VPN 状态：未连接
时间：2026-03-14 21:28:24

已自动启动 FortiClient 并触发 VPN 连接。
请在手机上完成 Microsoft MFA 认证：
1. 打开 Microsoft Authenticator 应用
2. 批准登录请求
3. 或输入验证码

如果未收到 MFA 请求，请手动点击 FortiClient 中的连接按钮。

> openclaw@2026.2.6-3 openclaw /home/tsl/openclaw
> node scripts/run-node.mjs message send --channel feishu --target ou_b3afb7d2133e4d689be523fc48f3d2b3 --message '⚠️ VPN 连接已断开

VPN 状态：未连接
时间：2026-03-14 21:28:24

已自动启动 FortiClient 并触发 VPN 连接。
请在手机上完成 Microsoft MFA 认证：
1. 打开 Microsoft Authenticator 应用
2. 批准登录请求
3. 或输入验证码

如果未收到 MFA 请求，请手动点击 FortiClient 中的连接按钮。'

Config warnings:\n- plugins.entries.feishu: plugin feishu: duplicate plugin id detected; later plugin may be overridden (/home/tsl/openclaw/extensions/feishu/index.ts)
[plugins] feishu_doc: Registered feishu_doc, feishu_app_scopes
[plugins] feishu_wiki: Registered feishu_wiki tool
[plugins] feishu_drive: Registered feishu_drive tool
[plugins] feishu_bitable: Registered 6 bitable tools
Config warnings:\n- plugins.entries.feishu: plugin feishu: duplicate plugin id detected; later plugin may be overridden (/home/tsl/openclaw/extensions/feishu/index.ts)
│
◇  Config warnings ────────────────────────────────────────────────────────╮
│                                                                          │
│  - plugins.entries.feishu: plugin feishu: duplicate plugin id detected;  │
│    later plugin may be overridden                                        │
│    (/home/tsl/openclaw/extensions/feishu/index.ts)                       │
│                                                                          │
├──────────────────────────────────────────────────────────────────────────╯
Config warnings:\n- plugins.entries.feishu: plugin feishu: duplicate plugin id detected; later plugin may be overridden (/home/tsl/openclaw/extensions/feishu/index.ts)
[info]: [ 'client ready' ]
✅ Sent via Feishu. Message ID: om_x100b5462691feca0b2cfc509032da6a (chat ou_b3afb7d2133e4d689be523fc48f3d2b3)
[2026-03-14 21:31:35] ✅ VPN 已连接
[2026-03-14 21:31:35] 发送飞书通知: ✅ VPN 连接已恢复

VPN 状态：已连接
时间：2026-03-14 21:31:35

可以正常访问外网了。

> openclaw@2026.2.6-3 openclaw /home/tsl/openclaw
> node scripts/run-node.mjs message send --channel feishu --target ou_b3afb7d2133e4d689be523fc48f3d2b3 --message '✅ VPN 连接已恢复

VPN 状态：已连接
时间：2026-03-14 21:31:35

可以正常访问外网了。'

Config warnings:\n- plugins.entries.feishu: plugin feishu: duplicate plugin id detected; later plugin may be overridden (/home/tsl/openclaw/extensions/feishu/index.ts)
[plugins] feishu_doc: Registered feishu_doc, feishu_app_scopes
[plugins] feishu_wiki: Registered feishu_wiki tool
[plugins] feishu_drive: Registered feishu_drive tool
[plugins] feishu_bitable: Registered 6 bitable tools
Config warnings:\n- plugins.entries.feishu: plugin feishu: duplicate plugin id detected; later plugin may be overridden (/home/tsl/openclaw/extensions/feishu/index.ts)
│
◇  Config warnings ────────────────────────────────────────────────────────╮
│                                                                          │
│  - plugins.entries.feishu: plugin feishu: duplicate plugin id detected;  │
│    later plugin may be overridden                                        │
│    (/home/tsl/openclaw/extensions/feishu/index.ts)                       │
│                                                                          │
├──────────────────────────────────────────────────────────────────────────╯
Config warnings:\n- plugins.entries.feishu: plugin feishu: duplicate plugin id detected; later plugin may be overridden (/home/tsl/openclaw/extensions/feishu/index.ts)
[info]: [ 'client ready' ]
✅ Sent via Feishu. Message ID: om_x100b54627d0a2ca4b24d723a80a9331 (chat ou_b3afb7d2133e4d689be523fc48f3d2b3)
[2026-03-15 05:31:09] ❌ VPN 未连接
[2026-03-15 05:31:09] 启动 FortiClient GUI...
[2026-03-15 05:31:12] ✅ FortiClient GUI 已启动
[2026-03-15 05:31:12] 尝试触发 VPN 连接...
[2026-03-15 05:31:12] 触发 VPN 连接...
[2026-03-15 05:31:12] 使用 GUI 自动化点击连接按钮...
[2026-03-15 05:31:12] ========================================
[2026-03-15 05:31:12] 开始 VPN 自动连接
[2026-03-15 05:31:12] ========================================
[2026-03-15 05:31:12] 设置 DISPLAY=:1
[2026-03-15 05:31:12] FortiClient 已在运行
[2026-03-15 05:31:15] 截图已保存: /home/tsl/openclaw/vpn-auto/debug_screen.png
[2026-03-15 05:31:15] 尝试 1/5...
[2026-03-15 05:31:15] 找到图像 saml_button_small.png 在位置: (60, 17)
[2026-03-15 05:31:15] 点击坐标: (60, 17)
[2026-03-15 05:31:15] ✅ 成功点击连接按钮
[2026-03-15 05:31:15] ✅ VPN 连接已触发（SAML 登录）
[2026-03-15 05:31:15] 请在手机上完成 MFA 认证
[2026-03-15 05:31:15] ✅ GUI 自动化成功
[2026-03-15 05:31:15] 发送飞书通知: ⚠️ VPN 连接已断开

VPN 状态：未连接
时间：2026-03-15 05:31:15

已自动启动 FortiClient 并触发 VPN 连接。
请在手机上完成 Microsoft MFA 认证：
1. 打开 Microsoft Authenticator 应用
2. 批准登录请求
3. 或输入验证码

如果未收到 MFA 请求，请手动点击 FortiClient 中的连接按钮。

> openclaw@2026.2.6-3 openclaw /home/tsl/openclaw
> node scripts/run-node.mjs message send --channel feishu --target ou_b3afb7d2133e4d689be523fc48f3d2b3 --message '⚠️ VPN 连接已断开

VPN 状态：未连接
时间：2026-03-15 05:31:15

已自动启动 FortiClient 并触发 VPN 连接。
请在手机上完成 Microsoft MFA 认证：
1. 打开 Microsoft Authenticator 应用
2. 批准登录请求
3. 或输入验证码

如果未收到 MFA 请求，请手动点击 FortiClient 中的连接按钮。'

Config warnings:\n- plugins.entries.feishu: plugin feishu: duplicate plugin id detected; later plugin may be overridden (/home/tsl/openclaw/extensions/feishu/index.ts)
[plugins] feishu_doc: Registered feishu_doc, feishu_app_scopes
[plugins] feishu_wiki: Registered feishu_wiki tool
[plugins] feishu_drive: Registered feishu_drive tool
[plugins] feishu_bitable: Registered 6 bitable tools
Config warnings:\n- plugins.entries.feishu: plugin feishu: duplicate plugin id detected; later plugin may be overridden (/home/tsl/openclaw/extensions/feishu/index.ts)
│
◇  Config warnings ────────────────────────────────────────────────────────╮
│                                                                          │
│  - plugins.entries.feishu: plugin feishu: duplicate plugin id detected;  │
│    later plugin may be overridden                                        │
│    (/home/tsl/openclaw/extensions/feishu/index.ts)                       │
│                                                                          │
├──────────────────────────────────────────────────────────────────────────╯
Config warnings:\n- plugins.entries.feishu: plugin feishu: duplicate plugin id detected; later plugin may be overridden (/home/tsl/openclaw/extensions/feishu/index.ts)
[info]: [ 'client ready' ]
✅ Sent via Feishu. Message ID: om_x100b5469744d20a0b2e6c2b987152bc (chat ou_b3afb7d2133e4d689be523fc48f3d2b3)
[2026-03-15 05:46:00] ✅ VPN 已连接
[2026-03-15 05:46:00] 发送飞书通知: ✅ VPN 连接已恢复

VPN 状态：已连接
时间：2026-03-15 05:46:00

可以正常访问外网了。

> openclaw@2026.2.6-3 openclaw /home/tsl/openclaw
> node scripts/run-node.mjs message send --channel feishu --target ou_b3afb7d2133e4d689be523fc48f3d2b3 --message '✅ VPN 连接已恢复

VPN 状态：已连接
时间：2026-03-15 05:46:00

可以正常访问外网了。'

Config warnings:\n- plugins.entries.feishu: plugin feishu: duplicate plugin id detected; later plugin may be overridden (/home/tsl/openclaw/extensions/feishu/index.ts)
[plugins] feishu_doc: Registered feishu_doc, feishu_app_scopes
[plugins] feishu_wiki: Registered feishu_wiki tool
[plugins] feishu_drive: Registered feishu_drive tool
[plugins] feishu_bitable: Registered 6 bitable tools
Config warnings:\n- plugins.entries.feishu: plugin feishu: duplicate plugin id detected; later plugin may be overridden (/home/tsl/openclaw/extensions/feishu/index.ts)
│
◇  Config warnings ────────────────────────────────────────────────────────╮
│                                                                          │
│  - plugins.entries.feishu: plugin feishu: duplicate plugin id detected;  │
│    later plugin may be overridden                                        │
│    (/home/tsl/openclaw/extensions/feishu/index.ts)                       │
│                                                                          │
├──────────────────────────────────────────────────────────────────────────╯
Config warnings:\n- plugins.entries.feishu: plugin feishu: duplicate plugin id detected; later plugin may be overridden (/home/tsl/openclaw/extensions/feishu/index.ts)
[info]: [ 'client ready' ]
✅ Sent via Feishu. Message ID: om_x100b54693f0138a4b370d17ce622fce (chat ou_b3afb7d2133e4d689be523fc48f3d2b3)
[2026-03-15 13:45:35] ❌ VPN 未连接
[2026-03-15 13:45:35] 启动 FortiClient GUI...
[2026-03-15 13:45:38] ✅ FortiClient GUI 已启动
[2026-03-15 13:45:38] 尝试触发 VPN 连接...
[2026-03-15 13:45:38] 触发 VPN 连接...
[2026-03-15 13:45:38] 使用 GUI 自动化点击连接按钮...
[2026-03-15 13:45:38] ========================================
[2026-03-15 13:45:38] 开始 VPN 自动连接
[2026-03-15 13:45:38] ========================================
[2026-03-15 13:45:38] 设置 DISPLAY=:1
[2026-03-15 13:45:38] FortiClient 已在运行
[2026-03-15 13:45:41] 截图已保存: /home/tsl/openclaw/vpn-auto/debug_screen.png
[2026-03-15 13:45:41] 尝试 1/5...
[2026-03-15 13:45:41] 找到图像 saml_button_small.png 在位置: (60, 17)
[2026-03-15 13:45:41] 点击坐标: (60, 17)
[2026-03-15 13:45:41] ✅ 成功点击连接按钮
[2026-03-15 13:45:41] ✅ VPN 连接已触发（SAML 登录）
[2026-03-15 13:45:41] 请在手机上完成 MFA 认证
[2026-03-15 13:45:41] ✅ GUI 自动化成功
[2026-03-15 13:45:41] 发送飞书通知: ⚠️ VPN 连接已断开

VPN 状态：未连接
时间：2026-03-15 13:45:41

已自动启动 FortiClient 并触发 VPN 连接。
请在手机上完成 Microsoft MFA 认证：
1. 打开 Microsoft Authenticator 应用
2. 批准登录请求
3. 或输入验证码

如果未收到 MFA 请求，请手动点击 FortiClient 中的连接按钮。

> openclaw@2026.2.6-3 openclaw /home/tsl/openclaw
> node scripts/run-node.mjs message send --channel feishu --target ou_b3afb7d2133e4d689be523fc48f3d2b3 --message '⚠️ VPN 连接已断开

VPN 状态：未连接
时间：2026-03-15 13:45:41

已自动启动 FortiClient 并触发 VPN 连接。
请在手机上完成 Microsoft MFA 认证：
1. 打开 Microsoft Authenticator 应用
2. 批准登录请求
3. 或输入验证码

如果未收到 MFA 请求，请手动点击 FortiClient 中的连接按钮。'

Config warnings:\n- plugins.entries.feishu: plugin feishu: duplicate plugin id detected; later plugin may be overridden (/home/tsl/openclaw/extensions/feishu/index.ts)
[plugins] feishu_doc: Registered feishu_doc, feishu_app_scopes
[plugins] feishu_wiki: Registered feishu_wiki tool
[plugins] feishu_drive: Registered feishu_drive tool
[plugins] feishu_bitable: Registered 6 bitable tools
Config warnings:\n- plugins.entries.feishu: plugin feishu: duplicate plugin id detected; later plugin may be overridden (/home/tsl/openclaw/extensions/feishu/index.ts)
│
◇  Config warnings ────────────────────────────────────────────────────────╮
│                                                                          │
│  - plugins.entries.feishu: plugin feishu: duplicate plugin id detected;  │
│    later plugin may be overridden                                        │
│    (/home/tsl/openclaw/extensions/feishu/index.ts)                       │
│                                                                          │
├──────────────────────────────────────────────────────────────────────────╯
Config warnings:\n- plugins.entries.feishu: plugin feishu: duplicate plugin id detected; later plugin may be overridden (/home/tsl/openclaw/extensions/feishu/index.ts)
[info]: [ 'client ready' ]
 ELIFECYCLE  Command failed.
Terminated
✅ Sent via Feishu. Message ID: om_x100b54503653a8b0b34e14d712d62c5 (chat ou_b3afb7d2133e4d689be523fc48f3d2b3)
[2026-03-15 13:48:52] ✅ VPN 已连接
[2026-03-15 13:48:52] 发送飞书通知: ✅ VPN 连接已恢复

VPN 状态：已连接
时间：2026-03-15 13:48:52

可以正常访问外网了。

> openclaw@2026.2.6-3 openclaw /home/tsl/openclaw
> node scripts/run-node.mjs message send --channel feishu --target ou_b3afb7d2133e4d689be523fc48f3d2b3 --message '✅ VPN 连接已恢复

VPN 状态：已连接
时间：2026-03-15 13:48:52

可以正常访问外网了。'

Config warnings:\n- plugins.entries.feishu: plugin feishu: duplicate plugin id detected; later plugin may be overridden (/home/tsl/openclaw/extensions/feishu/index.ts)
[plugins] feishu_doc: Registered feishu_doc, feishu_app_scopes
[plugins] feishu_wiki: Registered feishu_wiki tool
[plugins] feishu_drive: Registered feishu_drive tool
[plugins] feishu_bitable: Registered 6 bitable tools
Config warnings:\n- plugins.entries.feishu: plugin feishu: duplicate plugin id detected; later plugin may be overridden (/home/tsl/openclaw/extensions/feishu/index.ts)
│
◇  Config warnings ────────────────────────────────────────────────────────╮
│                                                                          │
│  - plugins.entries.feishu: plugin feishu: duplicate plugin id detected;  │
│    later plugin may be overridden                                        │
│    (/home/tsl/openclaw/extensions/feishu/index.ts)                       │
│                                                                          │
├──────────────────────────────────────────────────────────────────────────╯
Config warnings:\n- plugins.entries.feishu: plugin feishu: duplicate plugin id detected; later plugin may be overridden (/home/tsl/openclaw/extensions/feishu/index.ts)
[info]: [ 'client ready' ]
✅ Sent via Feishu. Message ID: om_x100b5450ca5b50a8b2b97cddc6b1a2e (chat ou_b3afb7d2133e4d689be523fc48f3d2b3)
[2026-03-15 21:48:26] ❌ VPN 未连接
[2026-03-15 21:48:26] 启动 FortiClient GUI...
[2026-03-15 21:48:29] ✅ FortiClient GUI 已启动
[2026-03-15 21:48:29] 尝试触发 VPN 连接...
[2026-03-15 21:48:29] 触发 VPN 连接...
[2026-03-15 21:48:29] 使用 GUI 自动化点击连接按钮...
[2026-03-15 21:48:29] ========================================
[2026-03-15 21:48:29] 开始 VPN 自动连接
[2026-03-15 21:48:29] ========================================
[2026-03-15 21:48:29] 设置 DISPLAY=:1
[2026-03-15 21:48:29] FortiClient 已在运行
[2026-03-15 21:48:32] 截图已保存: /home/tsl/openclaw/vpn-auto/debug_screen.png
[2026-03-15 21:48:32] 尝试 1/5...
[2026-03-15 21:48:32] 找到图像 saml_button_small.png 在位置: (60, 17)
[2026-03-15 21:48:32] 点击坐标: (60, 17)
[2026-03-15 21:48:32] ✅ 成功点击连接按钮
[2026-03-15 21:48:32] ✅ VPN 连接已触发（SAML 登录）
[2026-03-15 21:48:32] 请在手机上完成 MFA 认证
[2026-03-15 21:48:32] ✅ GUI 自动化成功
[2026-03-15 21:48:32] 发送飞书通知: ⚠️ VPN 连接已断开

VPN 状态：未连接
时间：2026-03-15 21:48:32

已自动启动 FortiClient 并触发 VPN 连接。
请在手机上完成 Microsoft MFA 认证：
1. 打开 Microsoft Authenticator 应用
2. 批准登录请求
3. 或输入验证码

如果未收到 MFA 请求，请手动点击 FortiClient 中的连接按钮。

> openclaw@2026.2.6-3 openclaw /home/tsl/openclaw
> node scripts/run-node.mjs message send --channel feishu --target ou_b3afb7d2133e4d689be523fc48f3d2b3 --message '⚠️ VPN 连接已断开

VPN 状态：未连接
时间：2026-03-15 21:48:32

已自动启动 FortiClient 并触发 VPN 连接。
请在手机上完成 Microsoft MFA 认证：
1. 打开 Microsoft Authenticator 应用
2. 批准登录请求
3. 或输入验证码

如果未收到 MFA 请求，请手动点击 FortiClient 中的连接按钮。'

Config warnings:\n- plugins.entries.feishu: plugin feishu: duplicate plugin id detected; later plugin may be overridden (/home/tsl/openclaw/extensions/feishu/index.ts)
[plugins] feishu_doc: Registered feishu_doc, feishu_app_scopes
[plugins] feishu_wiki: Registered feishu_wiki tool
[plugins] feishu_drive: Registered feishu_drive tool
[plugins] feishu_bitable: Registered 6 bitable tools
Config warnings:\n- plugins.entries.feishu: plugin feishu: duplicate plugin id detected; later plugin may be overridden (/home/tsl/openclaw/extensions/feishu/index.ts)
│
◇  Config warnings ────────────────────────────────────────────────────────╮
│                                                                          │
│  - plugins.entries.feishu: plugin feishu: duplicate plugin id detected;  │
│    later plugin may be overridden                                        │
│    (/home/tsl/openclaw/extensions/feishu/index.ts)                       │
│                                                                          │
├──────────────────────────────────────────────────────────────────────────╯
Config warnings:\n- plugins.entries.feishu: plugin feishu: duplicate plugin id detected; later plugin may be overridden (/home/tsl/openclaw/extensions/feishu/index.ts)
[info]: [ 'client ready' ]
✅ Sent via Feishu. Message ID: om_x100b545fc582dca4b20a96744e61dbd (chat ou_b3afb7d2133e4d689be523fc48f3d2b3)
[2026-03-15 21:53:49] ✅ VPN 已连接
[2026-03-15 21:53:49] 发送飞书通知: ✅ VPN 连接已恢复

VPN 状态：已连接
时间：2026-03-15 21:53:49

可以正常访问外网了。

> openclaw@2026.2.6-3 openclaw /home/tsl/openclaw
> node scripts/run-node.mjs message send --channel feishu --target ou_b3afb7d2133e4d689be523fc48f3d2b3 --message '✅ VPN 连接已恢复

VPN 状态：已连接
时间：2026-03-15 21:53:49

可以正常访问外网了。'

Config warnings:\n- plugins.entries.feishu: plugin feishu: duplicate plugin id detected; later plugin may be overridden (/home/tsl/openclaw/extensions/feishu/index.ts)
[plugins] feishu_doc: Registered feishu_doc, feishu_app_scopes
[plugins] feishu_wiki: Registered feishu_wiki tool
[plugins] feishu_drive: Registered feishu_drive tool
[plugins] feishu_bitable: Registered 6 bitable tools
Config warnings:\n- plugins.entries.feishu: plugin feishu: duplicate plugin id detected; later plugin may be overridden (/home/tsl/openclaw/extensions/feishu/index.ts)
│
◇  Config warnings ────────────────────────────────────────────────────────╮
│                                                                          │
│  - plugins.entries.feishu: plugin feishu: duplicate plugin id detected;  │
│    later plugin may be overridden                                        │
│    (/home/tsl/openclaw/extensions/feishu/index.ts)                       │
│                                                                          │
├──────────────────────────────────────────────────────────────────────────╯
Config warnings:\n- plugins.entries.feishu: plugin feishu: duplicate plugin id detected; later plugin may be overridden (/home/tsl/openclaw/extensions/feishu/index.ts)
[info]: [ 'client ready' ]
✅ Sent via Feishu. Message ID: om_x100b545fd1e6aca8b493ae9ee307426 (chat ou_b3afb7d2133e4d689be523fc48f3d2b3)
[2026-03-16 05:54:23] ❌ VPN 未连接
[2026-03-16 05:54:23] 启动 FortiClient GUI...
[2026-03-16 05:54:26] ✅ FortiClient GUI 已启动
[2026-03-16 05:54:26] 尝试触发 VPN 连接...
[2026-03-16 05:54:26] 触发 VPN 连接...
[2026-03-16 05:54:26] 使用 GUI 自动化点击连接按钮...
[2026-03-16 05:54:26] ========================================
[2026-03-16 05:54:26] 开始 VPN 自动连接
[2026-03-16 05:54:26] ========================================
[2026-03-16 05:54:26] 设置 DISPLAY=:1
[2026-03-16 05:54:26] FortiClient 已在运行
[2026-03-16 05:54:29] 截图已保存: /home/tsl/openclaw/vpn-auto/debug_screen.png
[2026-03-16 05:54:29] 尝试 1/5...
[2026-03-16 05:54:29] 找到图像 saml_button_small.png 在位置: (60, 17)
[2026-03-16 05:54:29] 点击坐标: (60, 17)
[2026-03-16 05:54:29] ✅ 成功点击连接按钮
[2026-03-16 05:54:29] ✅ VPN 连接已触发（SAML 登录）
[2026-03-16 05:54:29] 请在手机上完成 MFA 认证
[2026-03-16 05:54:29] ✅ GUI 自动化成功
[2026-03-16 05:54:29] 发送飞书通知: ⚠️ VPN 连接已断开

VPN 状态：未连接
时间：2026-03-16 05:54:29

已自动启动 FortiClient 并触发 VPN 连接。
请在手机上完成 Microsoft MFA 认证：
1. 打开 Microsoft Authenticator 应用
2. 批准登录请求
3. 或输入验证码

如果未收到 MFA 请求，请手动点击 FortiClient 中的连接按钮。

> openclaw@2026.2.6-3 openclaw /home/tsl/openclaw
> node scripts/run-node.mjs message send --channel feishu --target ou_b3afb7d2133e4d689be523fc48f3d2b3 --message '⚠️ VPN 连接已断开

VPN 状态：未连接
时间：2026-03-16 05:54:29

已自动启动 FortiClient 并触发 VPN 连接。
请在手机上完成 Microsoft MFA 认证：
1. 打开 Microsoft Authenticator 应用
2. 批准登录请求
3. 或输入验证码

如果未收到 MFA 请求，请手动点击 FortiClient 中的连接按钮。'

Config warnings:\n- plugins.entries.feishu: plugin feishu: duplicate plugin id detected; later plugin may be overridden (/home/tsl/openclaw/extensions/feishu/index.ts)
[plugins] feishu_doc: Registered feishu_doc, feishu_app_scopes
[plugins] feishu_wiki: Registered feishu_wiki tool
[plugins] feishu_drive: Registered feishu_drive tool
[plugins] feishu_bitable: Registered 6 bitable tools
Config warnings:\n- plugins.entries.feishu: plugin feishu: duplicate plugin id detected; later plugin may be overridden (/home/tsl/openclaw/extensions/feishu/index.ts)
│
◇  Config warnings ────────────────────────────────────────────────────────╮
│                                                                          │
│  - plugins.entries.feishu: plugin feishu: duplicate plugin id detected;  │
│    later plugin may be overridden                                        │
│    (/home/tsl/openclaw/extensions/feishu/index.ts)                       │
│                                                                          │
├──────────────────────────────────────────────────────────────────────────╯
Config warnings:\n- plugins.entries.feishu: plugin feishu: duplicate plugin id detected; later plugin may be overridden (/home/tsl/openclaw/extensions/feishu/index.ts)
[info]: [ 'client ready' ]
✅ Sent via Feishu. Message ID: om_x100b5446e76d60a4b39cbf4b02d97be (chat ou_b3afb7d2133e4d689be523fc48f3d2b3)
[2026-03-16 05:59:46] ✅ VPN 已连接
[2026-03-16 05:59:46] 发送飞书通知: ✅ VPN 连接已恢复

VPN 状态：已连接
时间：2026-03-16 05:59:46

可以正常访问外网了。

> openclaw@2026.2.6-3 openclaw /home/tsl/openclaw
> node scripts/run-node.mjs message send --channel feishu --target ou_b3afb7d2133e4d689be523fc48f3d2b3 --message '✅ VPN 连接已恢复

VPN 状态：已连接
时间：2026-03-16 05:59:46

可以正常访问外网了。'

Config warnings:\n- plugins.entries.feishu: plugin feishu: duplicate plugin id detected; later plugin may be overridden (/home/tsl/openclaw/extensions/feishu/index.ts)
[plugins] feishu_doc: Registered feishu_doc, feishu_app_scopes
[plugins] feishu_wiki: Registered feishu_wiki tool
[plugins] feishu_drive: Registered feishu_drive tool
[plugins] feishu_bitable: Registered 6 bitable tools
Config warnings:\n- plugins.entries.feishu: plugin feishu: duplicate plugin id detected; later plugin may be overridden (/home/tsl/openclaw/extensions/feishu/index.ts)
│
◇  Config warnings ────────────────────────────────────────────────────────╮
│                                                                          │
│  - plugins.entries.feishu: plugin feishu: duplicate plugin id detected;  │
│    later plugin may be overridden                                        │
│    (/home/tsl/openclaw/extensions/feishu/index.ts)                       │
│                                                                          │
├──────────────────────────────────────────────────────────────────────────╯
Config warnings:\n- plugins.entries.feishu: plugin feishu: duplicate plugin id detected; later plugin may be overridden (/home/tsl/openclaw/extensions/feishu/index.ts)
[info]: [ 'client ready' ]
✅ Sent via Feishu. Message ID: om_x100b5446f3bb54a4b39f0d8ec6855df (chat ou_b3afb7d2133e4d689be523fc48f3d2b3)
[2026-03-16 13:59:25] ❌ VPN 未连接
[2026-03-16 13:59:25] 启动 FortiClient GUI...
[2026-03-16 13:59:28] ✅ FortiClient GUI 已启动
[2026-03-16 13:59:28] 尝试触发 VPN 连接...
[2026-03-16 13:59:28] 触发 VPN 连接...
[2026-03-16 13:59:28] 使用 GUI 自动化点击连接按钮...
[2026-03-16 13:59:28] ========================================
[2026-03-16 13:59:28] 开始 VPN 自动连接
[2026-03-16 13:59:28] ========================================
[2026-03-16 13:59:28] 设置 DISPLAY=:1
[2026-03-16 13:59:29] FortiClient 已在运行
[2026-03-16 13:59:31] 截图已保存: /home/tsl/openclaw/vpn-auto/debug_screen.png
[2026-03-16 13:59:31] 尝试 1/5...
[2026-03-16 13:59:31] 找到图像 saml_button_small.png 在位置: (60, 17)
[2026-03-16 13:59:32] 点击坐标: (60, 17)
[2026-03-16 13:59:32] ✅ 成功点击连接按钮
[2026-03-16 13:59:32] ✅ VPN 连接已触发（SAML 登录）
[2026-03-16 13:59:32] 请在手机上完成 MFA 认证
[2026-03-16 13:59:32] ✅ GUI 自动化成功
[2026-03-16 13:59:32] 发送飞书通知: ⚠️ VPN 连接已断开

VPN 状态：未连接
时间：2026-03-16 13:59:32

已自动启动 FortiClient 并触发 VPN 连接。
请在手机上完成 Microsoft MFA 认证：
1. 打开 Microsoft Authenticator 应用
2. 批准登录请求
3. 或输入验证码

如果未收到 MFA 请求，请手动点击 FortiClient 中的连接按钮。

> openclaw@2026.2.6-3 openclaw /home/tsl/openclaw
> node scripts/run-node.mjs message send --channel feishu --target ou_b3afb7d2133e4d689be523fc48f3d2b3 --message '⚠️ VPN 连接已断开

VPN 状态：未连接
时间：2026-03-16 13:59:32

已自动启动 FortiClient 并触发 VPN 连接。
请在手机上完成 Microsoft MFA 认证：
1. 打开 Microsoft Authenticator 应用
2. 批准登录请求
3. 或输入验证码

如果未收到 MFA 请求，请手动点击 FortiClient 中的连接按钮。'

Config warnings:\n- plugins.entries.feishu: plugin feishu: duplicate plugin id detected; later plugin may be overridden (/home/tsl/openclaw/extensions/feishu/index.ts)
[plugins] feishu_doc: Registered feishu_doc, feishu_app_scopes
[plugins] feishu_wiki: Registered feishu_wiki tool
[plugins] feishu_drive: Registered feishu_drive tool
[plugins] feishu_bitable: Registered 6 bitable tools
Config warnings:\n- plugins.entries.feishu: plugin feishu: duplicate plugin id detected; later plugin may be overridden (/home/tsl/openclaw/extensions/feishu/index.ts)
│
◇  Config warnings ────────────────────────────────────────────────────────╮
│                                                                          │
│  - plugins.entries.feishu: plugin feishu: duplicate plugin id detected;  │
│    later plugin may be overridden                                        │
│    (/home/tsl/openclaw/extensions/feishu/index.ts)                       │
│                                                                          │
├──────────────────────────────────────────────────────────────────────────╯
Config warnings:\n- plugins.entries.feishu: plugin feishu: duplicate plugin id detected; later plugin may be overridden (/home/tsl/openclaw/extensions/feishu/index.ts)
[info]: [ 'client ready' ]
✅ Sent via Feishu. Message ID: om_x100b544d8a6e1ca0b2d02e75484154a (chat ou_b3afb7d2133e4d689be523fc48f3d2b3)
[2026-03-16 14:29:48] =========================================
[2026-03-16 14:29:48] VPN 监控启动（半自动模式）
[2026-03-16 14:29:48] 检查间隔: 60秒
[2026-03-16 14:29:48] =========================================
[2026-03-16 14:29:49] ❌ VPN 未连接
[2026-03-16 14:29:49] 启动 FortiClient GUI...
[2026-03-16 14:29:52] ❌ FortiClient GUI 启动失败
[2026-03-16 14:29:52] 发送飞书通知: ⚠️ VPN 连接已断开

VPN 状态：未连接
时间：2026-03-16 14:29:52

已自动启动 FortiClient 并触发 VPN 连接。
请在手机上完成 Microsoft MFA 认证：
1. 打开 Microsoft Authenticator 应用
2. 批准登录请求
3. 或输入验证码

如果未收到 MFA 请求，请手动点击 FortiClient 中的连接按钮。

> openclaw@2026.2.6-3 openclaw /home/tsl/openclaw
> node scripts/run-node.mjs message send --channel feishu --target ou_b3afb7d2133e4d689be523fc48f3d2b3 --message '⚠️ VPN 连接已断开

VPN 状态：未连接
时间：2026-03-16 14:29:52

已自动启动 FortiClient 并触发 VPN 连接。
请在手机上完成 Microsoft MFA 认证：
1. 打开 Microsoft Authenticator 应用
2. 批准登录请求
3. 或输入验证码

如果未收到 MFA 请求，请手动点击 FortiClient 中的连接按钮。'

Config warnings:\n- plugins.entries.feishu: plugin feishu: duplicate plugin id detected; later plugin may be overridden (/home/tsl/openclaw/extensions/feishu/index.ts)
 ELIFECYCLE  Command failed.
Terminated
[plugins] feishu_doc: Registered feishu_doc, feishu_app_scopes
[plugins] feishu_wiki: Registered feishu_wiki tool
[plugins] feishu_drive: Registered feishu_drive tool
[plugins] feishu_bitable: Registered 6 bitable tools
Config warnings:\n- plugins.entries.feishu: plugin feishu: duplicate plugin id detected; later plugin may be overridden (/home/tsl/openclaw/extensions/feishu/index.ts)
│
◇  Config warnings ────────────────────────────────────────────────────────╮
│                                                                          │
│  - plugins.entries.feishu: plugin feishu: duplicate plugin id detected;  │
│    later plugin may be overridden                                        │
│    (/home/tsl/openclaw/extensions/feishu/index.ts)                       │
│                                                                          │
├──────────────────────────────────────────────────────────────────────────╯
Config warnings:\n- plugins.entries.feishu: plugin feishu: duplicate plugin id detected; later plugin may be overridden (/home/tsl/openclaw/extensions/feishu/index.ts)
[info]: [ 'client ready' ]
✅ Sent via Feishu. Message ID: om_x100b544e79ee249cb2b1b9af2ef3d67 (chat ou_b3afb7d2133e4d689be523fc48f3d2b3)
[2026-03-16 14:33:16] ✅ VPN 已连接
[2026-03-16 14:33:16] 发送飞书通知: ✅ VPN 连接已恢复

VPN 状态：已连接
时间：2026-03-16 14:33:16

可以正常访问外网了。

> openclaw@2026.2.6-3 openclaw /home/tsl/openclaw
> node scripts/run-node.mjs message send --channel feishu --target ou_b3afb7d2133e4d689be523fc48f3d2b3 --message '✅ VPN 连接已恢复

VPN 状态：已连接
时间：2026-03-16 14:33:16

可以正常访问外网了。'

Config warnings:\n- plugins.entries.feishu: plugin feishu: duplicate plugin id detected; later plugin may be overridden (/home/tsl/openclaw/extensions/feishu/index.ts)
[plugins] feishu_doc: Registered feishu_doc, feishu_app_scopes
[plugins] feishu_wiki: Registered feishu_wiki tool
[plugins] feishu_drive: Registered feishu_drive tool
[plugins] feishu_bitable: Registered 6 bitable tools
Config warnings:\n- plugins.entries.feishu: plugin feishu: duplicate plugin id detected; later plugin may be overridden (/home/tsl/openclaw/extensions/feishu/index.ts)
│
◇  Config warnings ────────────────────────────────────────────────────────╮
│                                                                          │
│  - plugins.entries.feishu: plugin feishu: duplicate plugin id detected;  │
│    later plugin may be overridden                                        │
│    (/home/tsl/openclaw/extensions/feishu/index.ts)                       │
│                                                                          │
├──────────────────────────────────────────────────────────────────────────╯
Config warnings:\n- plugins.entries.feishu: plugin feishu: duplicate plugin id detected; later plugin may be overridden (/home/tsl/openclaw/extensions/feishu/index.ts)
[info]: [ 'client ready' ]
✅ Sent via Feishu. Message ID: om_x100b544e0dedb8acb3189fcaf689af3 (chat ou_b3afb7d2133e4d689be523fc48f3d2b3)
[2026-03-16 21:04:47] ❌ VPN 未连接
[2026-03-16 21:04:47] 启动 FortiClient GUI...
[2026-03-16 21:04:50] ✅ FortiClient GUI 已启动
[2026-03-16 21:04:50] 尝试触发 VPN 连接...
[2026-03-16 21:04:50] 触发 VPN 连接...
[2026-03-16 21:04:50] 使用 GUI 自动化点击连接按钮...
[2026-03-16 21:04:51] ========================================
[2026-03-16 21:04:51] 开始 VPN 自动连接
[2026-03-16 21:04:51] ========================================
[2026-03-16 21:04:51] 设置 DISPLAY=:1
[2026-03-16 21:04:51] FortiClient 已在运行
[2026-03-16 21:04:53] 截图已保存: /home/tsl/openclaw/vpn-auto/debug_screen.png
[2026-03-16 21:04:53] 尝试 1/5...
[2026-03-16 21:04:53] 找到图像 saml_button_small.png 在位置: (60, 17)
[2026-03-16 21:04:54] 点击坐标: (60, 17)
[2026-03-16 21:04:54] ✅ 成功点击连接按钮
[2026-03-16 21:04:54] ✅ VPN 连接已触发（SAML 登录）
[2026-03-16 21:04:54] 请在手机上完成 MFA 认证
[2026-03-16 21:04:54] ✅ GUI 自动化成功
[2026-03-16 21:04:54] 发送飞书通知: ⚠️ VPN 连接已断开

VPN 状态：未连接
时间：2026-03-16 21:04:54

已自动启动 FortiClient 并触发 VPN 连接。
请在手机上完成 Microsoft MFA 认证：
1. 打开 Microsoft Authenticator 应用
2. 批准登录请求
3. 或输入验证码

如果未收到 MFA 请求，请手动点击 FortiClient 中的连接按钮。

> openclaw@2026.2.6-3 openclaw /home/tsl/openclaw
> node scripts/run-node.mjs message send --channel feishu --target ou_b3afb7d2133e4d689be523fc48f3d2b3 --message '⚠️ VPN 连接已断开

VPN 状态：未连接
时间：2026-03-16 21:04:54

已自动启动 FortiClient 并触发 VPN 连接。
请在手机上完成 Microsoft MFA 认证：
1. 打开 Microsoft Authenticator 应用
2. 批准登录请求
3. 或输入验证码

如果未收到 MFA 请求，请手动点击 FortiClient 中的连接按钮。'

Config warnings:\n- plugins.entries.feishu: plugin feishu: duplicate plugin id detected; later plugin may be overridden (/home/tsl/openclaw/extensions/feishu/index.ts)
[plugins] feishu_doc: Registered feishu_doc, feishu_app_scopes
[plugins] feishu_wiki: Registered feishu_wiki tool
[plugins] feishu_drive: Registered feishu_drive tool
[plugins] feishu_bitable: Registered 6 bitable tools
Config warnings:\n- plugins.entries.feishu: plugin feishu: duplicate plugin id detected; later plugin may be overridden (/home/tsl/openclaw/extensions/feishu/index.ts)
│
◇  Config warnings ────────────────────────────────────────────────────────╮
│                                                                          │
│  - plugins.entries.feishu: plugin feishu: duplicate plugin id detected;  │
│    later plugin may be overridden                                        │
│    (/home/tsl/openclaw/extensions/feishu/index.ts)                       │
│                                                                          │
├──────────────────────────────────────────────────────────────────────────╯
Config warnings:\n- plugins.entries.feishu: plugin feishu: duplicate plugin id detected; later plugin may be overridden (/home/tsl/openclaw/extensions/feishu/index.ts)
[info]: [ 'client ready' ]
✅ Sent via Feishu. Message ID: om_x100b544bb174c0a0b39eeb5f368a245 (chat ou_b3afb7d2133e4d689be523fc48f3d2b3)
[2026-03-16 21:09:09] ✅ VPN 已连接
[2026-03-16 21:09:09] 发送飞书通知: ✅ VPN 连接已恢复

VPN 状态：已连接
时间：2026-03-16 21:09:09

可以正常访问外网了。

> openclaw@2026.2.6-3 openclaw /home/tsl/openclaw
> node scripts/run-node.mjs message send --channel feishu --target ou_b3afb7d2133e4d689be523fc48f3d2b3 --message '✅ VPN 连接已恢复

VPN 状态：已连接
时间：2026-03-16 21:09:09

可以正常访问外网了。'

Config warnings:\n- plugins.entries.feishu: plugin feishu: duplicate plugin id detected; later plugin may be overridden (/home/tsl/openclaw/extensions/feishu/index.ts)
[plugins] feishu_doc: Registered feishu_doc, feishu_app_scopes
[plugins] feishu_wiki: Registered feishu_wiki tool
[plugins] feishu_drive: Registered feishu_drive tool
[plugins] feishu_bitable: Registered 6 bitable tools
Config warnings:\n- plugins.entries.feishu: plugin feishu: duplicate plugin id detected; later plugin may be overridden (/home/tsl/openclaw/extensions/feishu/index.ts)
│
◇  Config warnings ────────────────────────────────────────────────────────╮
│                                                                          │
│  - plugins.entries.feishu: plugin feishu: duplicate plugin id detected;  │
│    later plugin may be overridden                                        │
│    (/home/tsl/openclaw/extensions/feishu/index.ts)                       │
│                                                                          │
├──────────────────────────────────────────────────────────────────────────╯
Config warnings:\n- plugins.entries.feishu: plugin feishu: duplicate plugin id detected; later plugin may be overridden (/home/tsl/openclaw/extensions/feishu/index.ts)
[info]: [ 'client ready' ]
✅ Sent via Feishu. Message ID: om_x100b54b441674530b37fa2c74426906 (chat ou_b3afb7d2133e4d689be523fc48f3d2b3)
[2026-03-17 05:09:41] ❌ VPN 未连接
[2026-03-17 05:09:41] 启动 FortiClient GUI...
[2026-03-17 05:09:44] ✅ FortiClient GUI 已启动
[2026-03-17 05:09:44] 尝试触发 VPN 连接...
[2026-03-17 05:09:44] 触发 VPN 连接...
[2026-03-17 05:09:44] 使用 GUI 自动化点击连接按钮...
[2026-03-17 05:09:44] ========================================
[2026-03-17 05:09:44] 开始 VPN 自动连接
[2026-03-17 05:09:44] ========================================
[2026-03-17 05:09:44] 设置 DISPLAY=:1
[2026-03-17 05:09:44] FortiClient 已在运行
[2026-03-17 05:09:47] 截图已保存: /home/tsl/openclaw/vpn-auto/debug_screen.png
[2026-03-17 05:09:47] 尝试 1/5...
[2026-03-17 05:09:47] 找到图像 saml_button_small.png 在位置: (60, 17)
[2026-03-17 05:09:47] 点击坐标: (60, 17)
[2026-03-17 05:09:47] ✅ 成功点击连接按钮
[2026-03-17 05:09:47] ✅ VPN 连接已触发（SAML 登录）
[2026-03-17 05:09:47] 请在手机上完成 MFA 认证
[2026-03-17 05:09:47] ✅ GUI 自动化成功
[2026-03-17 05:09:47] 发送飞书通知: ⚠️ VPN 连接已断开

VPN 状态：未连接
时间：2026-03-17 05:09:47

已自动启动 FortiClient 并触发 VPN 连接。
请在手机上完成 Microsoft MFA 认证：
1. 打开 Microsoft Authenticator 应用
2. 批准登录请求
3. 或输入验证码

如果未收到 MFA 请求，请手动点击 FortiClient 中的连接按钮。

> openclaw@2026.2.6-3 openclaw /home/tsl/openclaw
> node scripts/run-node.mjs message send --channel feishu --target ou_b3afb7d2133e4d689be523fc48f3d2b3 --message '⚠️ VPN 连接已断开

VPN 状态：未连接
时间：2026-03-17 05:09:47

已自动启动 FortiClient 并触发 VPN 连接。
请在手机上完成 Microsoft MFA 认证：
1. 打开 Microsoft Authenticator 应用
2. 批准登录请求
3. 或输入验证码

如果未收到 MFA 请求，请手动点击 FortiClient 中的连接按钮。'

Config warnings:\n- plugins.entries.feishu: plugin feishu: duplicate plugin id detected; later plugin may be overridden (/home/tsl/openclaw/extensions/feishu/index.ts)
 ELIFECYCLE  Command failed.
Terminated
[plugins] feishu_doc: Registered feishu_doc, feishu_app_scopes
[plugins] feishu_wiki: Registered feishu_wiki tool
[plugins] feishu_drive: Registered feishu_drive tool
[plugins] feishu_bitable: Registered 6 bitable tools
Config warnings:\n- plugins.entries.feishu: plugin feishu: duplicate plugin id detected; later plugin may be overridden (/home/tsl/openclaw/extensions/feishu/index.ts)
│
◇  Config warnings ────────────────────────────────────────────────────────╮
│                                                                          │
│  - plugins.entries.feishu: plugin feishu: duplicate plugin id detected;  │
│    later plugin may be overridden                                        │
│    (/home/tsl/openclaw/extensions/feishu/index.ts)                       │
│                                                                          │
├──────────────────────────────────────────────────────────────────────────╯
Config warnings:\n- plugins.entries.feishu: plugin feishu: duplicate plugin id detected; later plugin may be overridden (/home/tsl/openclaw/extensions/feishu/index.ts)
[info]: [ 'client ready' ]
✅ Sent via Feishu. Message ID: om_x100b54b3573204a0b27e25daea6567a (chat ou_b3afb7d2133e4d689be523fc48f3d2b3)
[2026-03-17 05:11:55] ✅ VPN 已连接
[2026-03-17 05:11:55] 发送飞书通知: ✅ VPN 连接已恢复

VPN 状态：已连接
时间：2026-03-17 05:11:55

可以正常访问外网了。

> openclaw@2026.2.6-3 openclaw /home/tsl/openclaw
> node scripts/run-node.mjs message send --channel feishu --target ou_b3afb7d2133e4d689be523fc48f3d2b3 --message '✅ VPN 连接已恢复

VPN 状态：已连接
时间：2026-03-17 05:11:55

可以正常访问外网了。'

Config warnings:\n- plugins.entries.feishu: plugin feishu: duplicate plugin id detected; later plugin may be overridden (/home/tsl/openclaw/extensions/feishu/index.ts)
[plugins] feishu_doc: Registered feishu_doc, feishu_app_scopes
[plugins] feishu_wiki: Registered feishu_wiki tool
[plugins] feishu_drive: Registered feishu_drive tool
[plugins] feishu_bitable: Registered 6 bitable tools
Config warnings:\n- plugins.entries.feishu: plugin feishu: duplicate plugin id detected; later plugin may be overridden (/home/tsl/openclaw/extensions/feishu/index.ts)
│
◇  Config warnings ────────────────────────────────────────────────────────╮
│                                                                          │
│  - plugins.entries.feishu: plugin feishu: duplicate plugin id detected;  │
│    later plugin may be overridden                                        │
│    (/home/tsl/openclaw/extensions/feishu/index.ts)                       │
│                                                                          │
├──────────────────────────────────────────────────────────────────────────╯
Config warnings:\n- plugins.entries.feishu: plugin feishu: duplicate plugin id detected; later plugin may be overridden (/home/tsl/openclaw/extensions/feishu/index.ts)
[info]: [ 'client ready' ]
✅ Sent via Feishu. Message ID: om_x100b54b36cc5e0a0b34ee9fe3362df7 (chat ou_b3afb7d2133e4d689be523fc48f3d2b3)
[2026-03-17 13:12:29] ❌ VPN 未连接
[2026-03-17 13:12:29] 启动 FortiClient GUI...
[2026-03-17 13:12:32] ✅ FortiClient GUI 已启动
[2026-03-17 13:12:32] 尝试触发 VPN 连接...
[2026-03-17 13:12:32] 触发 VPN 连接...
[2026-03-17 13:12:32] 使用 GUI 自动化点击连接按钮...
[2026-03-17 13:12:33] ========================================
[2026-03-17 13:12:33] 开始 VPN 自动连接
[2026-03-17 13:12:33] ========================================
[2026-03-17 13:12:33] 设置 DISPLAY=:1
[2026-03-17 13:12:33] FortiClient 已在运行
[2026-03-17 13:12:35] 截图已保存: /home/tsl/openclaw/vpn-auto/debug_screen.png
[2026-03-17 13:12:35] 尝试 1/5...
[2026-03-17 13:12:36] 找到图像 saml_button_small.png 在位置: (60, 17)
[2026-03-17 13:12:36] 点击坐标: (60, 17)
[2026-03-17 13:12:36] ✅ 成功点击连接按钮
[2026-03-17 13:12:36] ✅ VPN 连接已触发（SAML 登录）
[2026-03-17 13:12:36] 请在手机上完成 MFA 认证
[2026-03-17 13:12:36] ✅ GUI 自动化成功
[2026-03-17 13:12:36] 发送飞书通知: ⚠️ VPN 连接已断开

VPN 状态：未连接
时间：2026-03-17 13:12:36

已自动启动 FortiClient 并触发 VPN 连接。
请在手机上完成 Microsoft MFA 认证：
1. 打开 Microsoft Authenticator 应用
2. 批准登录请求
3. 或输入验证码

如果未收到 MFA 请求，请手动点击 FortiClient 中的连接按钮。

> openclaw@2026.2.6-3 openclaw /home/tsl/openclaw
> node scripts/run-node.mjs message send --channel feishu --target ou_b3afb7d2133e4d689be523fc48f3d2b3 --message '⚠️ VPN 连接已断开

VPN 状态：未连接
时间：2026-03-17 13:12:36

已自动启动 FortiClient 并触发 VPN 连接。
请在手机上完成 Microsoft MFA 认证：
1. 打开 Microsoft Authenticator 应用
2. 批准登录请求
3. 或输入验证码

如果未收到 MFA 请求，请手动点击 FortiClient 中的连接按钮。'

Config warnings:\n- plugins.entries.feishu: plugin feishu: duplicate plugin id detected; later plugin may be overridden (/home/tsl/openclaw/extensions/feishu/index.ts)
[plugins] feishu_doc: Registered feishu_doc, feishu_app_scopes
[plugins] feishu_wiki: Registered feishu_wiki tool
[plugins] feishu_drive: Registered feishu_drive tool
[plugins] feishu_bitable: Registered 6 bitable tools
Config warnings:\n- plugins.entries.feishu: plugin feishu: duplicate plugin id detected; later plugin may be overridden (/home/tsl/openclaw/extensions/feishu/index.ts)
│
◇  Config warnings ────────────────────────────────────────────────────────╮
│                                                                          │
│  - plugins.entries.feishu: plugin feishu: duplicate plugin id detected;  │
│    later plugin may be overridden                                        │
│    (/home/tsl/openclaw/extensions/feishu/index.ts)                       │
│                                                                          │
├──────────────────────────────────────────────────────────────────────────╯
Config warnings:\n- plugins.entries.feishu: plugin feishu: duplicate plugin id detected; later plugin may be overridden (/home/tsl/openclaw/extensions/feishu/index.ts)
[info]: [ 'client ready' ]
✅ Sent via Feishu. Message ID: om_x100b54ba626c1c80b21cac5ee82ed09 (chat ou_b3afb7d2133e4d689be523fc48f3d2b3)
[2026-03-17 13:14:45] ✅ VPN 已连接
[2026-03-17 13:14:45] 发送飞书通知: ✅ VPN 连接已恢复

VPN 状态：已连接
时间：2026-03-17 13:14:45

可以正常访问外网了。

> openclaw@2026.2.6-3 openclaw /home/tsl/openclaw
> node scripts/run-node.mjs message send --channel feishu --target ou_b3afb7d2133e4d689be523fc48f3d2b3 --message '✅ VPN 连接已恢复

VPN 状态：已连接
时间：2026-03-17 13:14:45

可以正常访问外网了。'

Config warnings:\n- plugins.entries.feishu: plugin feishu: duplicate plugin id detected; later plugin may be overridden (/home/tsl/openclaw/extensions/feishu/index.ts)
[plugins] feishu_doc: Registered feishu_doc, feishu_app_scopes
[plugins] feishu_wiki: Registered feishu_wiki tool
[plugins] feishu_drive: Registered feishu_drive tool
[plugins] feishu_bitable: Registered 6 bitable tools
Config warnings:\n- plugins.entries.feishu: plugin feishu: duplicate plugin id detected; later plugin may be overridden (/home/tsl/openclaw/extensions/feishu/index.ts)
│
◇  Config warnings ────────────────────────────────────────────────────────╮
│                                                                          │
│  - plugins.entries.feishu: plugin feishu: duplicate plugin id detected;  │
│    later plugin may be overridden                                        │
│    (/home/tsl/openclaw/extensions/feishu/index.ts)                       │
│                                                                          │
├──────────────────────────────────────────────────────────────────────────╯
Config warnings:\n- plugins.entries.feishu: plugin feishu: duplicate plugin id detected; later plugin may be overridden (/home/tsl/openclaw/extensions/feishu/index.ts)
[info]: [ 'client ready' ]
✅ Sent via Feishu. Message ID: om_x100b54ba7a6298b8b3d9073507f9a5e (chat ou_b3afb7d2133e4d689be523fc48f3d2b3)
[2026-03-17 19:25:26] =========================================
[2026-03-17 19:25:26] VPN 监控启动（半自动模式）
[2026-03-17 19:25:26] 检查间隔: 60秒
[2026-03-17 19:25:26] =========================================
[2026-03-17 19:25:26] ❌ VPN 未连接
[2026-03-17 19:25:26] 启动 FortiClient GUI...
[2026-03-17 19:25:29] ❌ FortiClient GUI 启动失败
[2026-03-17 19:25:29] 发送飞书通知: ⚠️ VPN 连接已断开

VPN 状态：未连接
时间：2026-03-17 19:25:29

已自动启动 FortiClient 并触发 VPN 连接。
请在手机上完成 Microsoft MFA 认证：
1. 打开 Microsoft Authenticator 应用
2. 批准登录请求
3. 或输入验证码

如果未收到 MFA 请求，请手动点击 FortiClient 中的连接按钮。

> openclaw@2026.2.6-3 openclaw /home/tsl/openclaw
> node scripts/run-node.mjs message send --channel feishu --target ou_b3afb7d2133e4d689be523fc48f3d2b3 --message '⚠️ VPN 连接已断开

VPN 状态：未连接
时间：2026-03-17 19:25:29

已自动启动 FortiClient 并触发 VPN 连接。
请在手机上完成 Microsoft MFA 认证：
1. 打开 Microsoft Authenticator 应用
2. 批准登录请求
3. 或输入验证码

如果未收到 MFA 请求，请手动点击 FortiClient 中的连接按钮。'

Config warnings:\n- plugins.entries.feishu: plugin feishu: duplicate plugin id detected; later plugin may be overridden (/home/tsl/openclaw/extensions/feishu/index.ts)
 ELIFECYCLE  Command failed.
Terminated
[plugins] feishu_doc: Registered feishu_doc, feishu_app_scopes
[plugins] feishu_wiki: Registered feishu_wiki tool
[plugins] feishu_drive: Registered feishu_drive tool
[plugins] feishu_bitable: Registered 6 bitable tools
Config warnings:\n- plugins.entries.feishu: plugin feishu: duplicate plugin id detected; later plugin may be overridden (/home/tsl/openclaw/extensions/feishu/index.ts)
│
◇  Config warnings ────────────────────────────────────────────────────────╮
│                                                                          │
│  - plugins.entries.feishu: plugin feishu: duplicate plugin id detected;  │
│    later plugin may be overridden                                        │
│    (/home/tsl/openclaw/extensions/feishu/index.ts)                       │
│                                                                          │
├──────────────────────────────────────────────────────────────────────────╯
Config warnings:\n- plugins.entries.feishu: plugin feishu: duplicate plugin id detected; later plugin may be overridden (/home/tsl/openclaw/extensions/feishu/index.ts)
[info]: [ 'client ready' ]
✅ Sent via Feishu. Message ID: om_x100b54a7ed2f64a4b29eb1c128b7d33 (chat ou_b3afb7d2133e4d689be523fc48f3d2b3)
[2026-03-17 19:28:56] ✅ VPN 已连接
[2026-03-17 19:28:56] 发送飞书通知: ✅ VPN 连接已恢复

VPN 状态：已连接
时间：2026-03-17 19:28:56

可以正常访问外网了。

> openclaw@2026.2.6-3 openclaw /home/tsl/openclaw
> node scripts/run-node.mjs message send --channel feishu --target ou_b3afb7d2133e4d689be523fc48f3d2b3 --message '✅ VPN 连接已恢复

VPN 状态：已连接
时间：2026-03-17 19:28:56

可以正常访问外网了。'

Config warnings:\n- plugins.entries.feishu: plugin feishu: duplicate plugin id detected; later plugin may be overridden (/home/tsl/openclaw/extensions/feishu/index.ts)
[plugins] feishu_doc: Registered feishu_doc, feishu_app_scopes
[plugins] feishu_wiki: Registered feishu_wiki tool
[plugins] feishu_drive: Registered feishu_drive tool
[plugins] feishu_bitable: Registered 6 bitable tools
Config warnings:\n- plugins.entries.feishu: plugin feishu: duplicate plugin id detected; later plugin may be overridden (/home/tsl/openclaw/extensions/feishu/index.ts)
│
◇  Config warnings ────────────────────────────────────────────────────────╮
│                                                                          │
│  - plugins.entries.feishu: plugin feishu: duplicate plugin id detected;  │
│    later plugin may be overridden                                        │
│    (/home/tsl/openclaw/extensions/feishu/index.ts)                       │
│                                                                          │
├──────────────────────────────────────────────────────────────────────────╯
Config warnings:\n- plugins.entries.feishu: plugin feishu: duplicate plugin id detected; later plugin may be overridden (/home/tsl/openclaw/extensions/feishu/index.ts)
[info]: [ 'client ready' ]
✅ Sent via Feishu. Message ID: om_x100b54a7e1204cbcb4a8b94d0750d01 (chat ou_b3afb7d2133e4d689be523fc48f3d2b3)
[2026-03-18 03:28:30] ❌ VPN 未连接
[2026-03-18 03:28:30] 启动 FortiClient GUI...
[2026-03-18 03:28:33] ✅ FortiClient GUI 已启动
[2026-03-18 03:28:33] 尝试触发 VPN 连接...
[2026-03-18 03:28:33] 触发 VPN 连接...
[2026-03-18 03:28:33] 使用 GUI 自动化点击连接按钮...
[2026-03-18 03:28:33] ========================================
[2026-03-18 03:28:33] 开始 VPN 自动连接
[2026-03-18 03:28:33] ========================================
[2026-03-18 03:28:33] 设置 DISPLAY=:1
[2026-03-18 03:28:33] FortiClient 已在运行
[2026-03-18 03:28:36] 截图已保存: /home/tsl/openclaw/vpn-auto/debug_screen.png
[2026-03-18 03:28:36] 尝试 1/5...
[2026-03-18 03:28:36] 找到图像 saml_button_small.png 在位置: (60, 17)
[2026-03-18 03:28:36] 点击坐标: (60, 17)
[2026-03-18 03:28:36] ✅ 成功点击连接按钮
[2026-03-18 03:28:36] ✅ VPN 连接已触发（SAML 登录）
[2026-03-18 03:28:36] 请在手机上完成 MFA 认证
[2026-03-18 03:28:36] ✅ GUI 自动化成功
[2026-03-18 03:28:36] 发送飞书通知: ⚠️ VPN 连接已断开

VPN 状态：未连接
时间：2026-03-18 03:28:36

已自动启动 FortiClient 并触发 VPN 连接。
请在手机上完成 Microsoft MFA 认证：
1. 打开 Microsoft Authenticator 应用
2. 批准登录请求
3. 或输入验证码

如果未收到 MFA 请求，请手动点击 FortiClient 中的连接按钮。

> openclaw@2026.2.6-3 openclaw /home/tsl/openclaw
> node scripts/run-node.mjs message send --channel feishu --target ou_b3afb7d2133e4d689be523fc48f3d2b3 --message '⚠️ VPN 连接已断开

VPN 状态：未连接
时间：2026-03-18 03:28:36

已自动启动 FortiClient 并触发 VPN 连接。
请在手机上完成 Microsoft MFA 认证：
1. 打开 Microsoft Authenticator 应用
2. 批准登录请求
3. 或输入验证码

如果未收到 MFA 请求，请手动点击 FortiClient 中的连接按钮。'

Config warnings:\n- plugins.entries.feishu: plugin feishu: duplicate plugin id detected; later plugin may be overridden (/home/tsl/openclaw/extensions/feishu/index.ts)
[plugins] feishu_doc: Registered feishu_doc, feishu_app_scopes
[plugins] feishu_wiki: Registered feishu_wiki tool
[plugins] feishu_drive: Registered feishu_drive tool
[plugins] feishu_bitable: Registered 6 bitable tools
Config warnings:\n- plugins.entries.feishu: plugin feishu: duplicate plugin id detected; later plugin may be overridden (/home/tsl/openclaw/extensions/feishu/index.ts)
│
◇  Config warnings ────────────────────────────────────────────────────────╮
│                                                                          │
│  - plugins.entries.feishu: plugin feishu: duplicate plugin id detected;  │
│    later plugin may be overridden                                        │
│    (/home/tsl/openclaw/extensions/feishu/index.ts)                       │
│                                                                          │
├──────────────────────────────────────────────────────────────────────────╯
Config warnings:\n- plugins.entries.feishu: plugin feishu: duplicate plugin id detected; later plugin may be overridden (/home/tsl/openclaw/extensions/feishu/index.ts)
[info]: [ 'client ready' ]
✅ Sent via Feishu. Message ID: om_x100b54aef868d8a0b27bb60891e37bd (chat ou_b3afb7d2133e4d689be523fc48f3d2b3)
[2026-03-18 03:31:48] ✅ VPN 已连接
[2026-03-18 03:31:48] 发送飞书通知: ✅ VPN 连接已恢复

VPN 状态：已连接
时间：2026-03-18 03:31:48

可以正常访问外网了。

> openclaw@2026.2.6-3 openclaw /home/tsl/openclaw
> node scripts/run-node.mjs message send --channel feishu --target ou_b3afb7d2133e4d689be523fc48f3d2b3 --message '✅ VPN 连接已恢复

VPN 状态：已连接
时间：2026-03-18 03:31:48

可以正常访问外网了。'

Config warnings:\n- plugins.entries.feishu: plugin feishu: duplicate plugin id detected; later plugin may be overridden (/home/tsl/openclaw/extensions/feishu/index.ts)
[plugins] feishu_doc: Registered feishu_doc, feishu_app_scopes
[plugins] feishu_wiki: Registered feishu_wiki tool
[plugins] feishu_drive: Registered feishu_drive tool
[plugins] feishu_bitable: Registered 6 bitable tools
Config warnings:\n- plugins.entries.feishu: plugin feishu: duplicate plugin id detected; later plugin may be overridden (/home/tsl/openclaw/extensions/feishu/index.ts)
│
◇  Config warnings ────────────────────────────────────────────────────────╮
│                                                                          │
│  - plugins.entries.feishu: plugin feishu: duplicate plugin id detected;  │
│    later plugin may be overridden                                        │
│    (/home/tsl/openclaw/extensions/feishu/index.ts)                       │
│                                                                          │
├──────────────────────────────────────────────────────────────────────────╯
Config warnings:\n- plugins.entries.feishu: plugin feishu: duplicate plugin id detected; later plugin may be overridden (/home/tsl/openclaw/extensions/feishu/index.ts)
[info]: [ 'client ready' ]
✅ Sent via Feishu. Message ID: om_x100b54ae8c5020a0b290f6beec9fbf5 (chat ou_b3afb7d2133e4d689be523fc48f3d2b3)
[2026-03-18 11:31:20] ❌ VPN 未连接
[2026-03-18 11:31:20] 启动 FortiClient GUI...
[2026-03-18 11:31:23] ✅ FortiClient GUI 已启动
[2026-03-18 11:31:23] 尝试触发 VPN 连接...
[2026-03-18 11:31:23] 触发 VPN 连接...
[2026-03-18 11:31:23] 使用 GUI 自动化点击连接按钮...
[2026-03-18 11:31:24] ========================================
[2026-03-18 11:31:24] 开始 VPN 自动连接
[2026-03-18 11:31:24] ========================================
[2026-03-18 11:31:24] 设置 DISPLAY=:1
[2026-03-18 11:31:24] FortiClient 已在运行
[2026-03-18 11:31:27] 截图已保存: /home/tsl/openclaw/vpn-auto/debug_screen.png
[2026-03-18 11:31:27] 尝试 1/5...
[2026-03-18 11:31:27] 找到图像 saml_button_small.png 在位置: (60, 17)
[2026-03-18 11:31:27] 点击坐标: (60, 17)
[2026-03-18 11:31:27] ✅ 成功点击连接按钮
[2026-03-18 11:31:27] ✅ VPN 连接已触发（SAML 登录）
[2026-03-18 11:31:27] 请在手机上完成 MFA 认证
[2026-03-18 11:31:27] ✅ GUI 自动化成功
[2026-03-18 11:31:27] 发送飞书通知: ⚠️ VPN 连接已断开

VPN 状态：未连接
时间：2026-03-18 11:31:27

已自动启动 FortiClient 并触发 VPN 连接。
请在手机上完成 Microsoft MFA 认证：
1. 打开 Microsoft Authenticator 应用
2. 批准登录请求
3. 或输入验证码

如果未收到 MFA 请求，请手动点击 FortiClient 中的连接按钮。

> openclaw@2026.2.6-3 openclaw /home/tsl/openclaw
> node scripts/run-node.mjs message send --channel feishu --target ou_b3afb7d2133e4d689be523fc48f3d2b3 --message '⚠️ VPN 连接已断开

VPN 状态：未连接
时间：2026-03-18 11:31:27

已自动启动 FortiClient 并触发 VPN 连接。
请在手机上完成 Microsoft MFA 认证：
1. 打开 Microsoft Authenticator 应用
2. 批准登录请求
3. 或输入验证码

如果未收到 MFA 请求，请手动点击 FortiClient 中的连接按钮。'

Config warnings:\n- plugins.entries.feishu: plugin feishu: duplicate plugin id detected; later plugin may be overridden (/home/tsl/openclaw/extensions/feishu/index.ts)
[plugins] feishu_doc: Registered feishu_doc, feishu_app_scopes
[plugins] feishu_wiki: Registered feishu_wiki tool
[plugins] feishu_drive: Registered feishu_drive tool
[plugins] feishu_bitable: Registered 6 bitable tools
Config warnings:\n- plugins.entries.feishu: plugin feishu: duplicate plugin id detected; later plugin may be overridden (/home/tsl/openclaw/extensions/feishu/index.ts)
│
◇  Config warnings ────────────────────────────────────────────────────────╮
│                                                                          │
│  - plugins.entries.feishu: plugin feishu: duplicate plugin id detected;  │
│    later plugin may be overridden                                        │
│    (/home/tsl/openclaw/extensions/feishu/index.ts)                       │
│                                                                          │
├──────────────────────────────────────────────────────────────────────────╯
Config warnings:\n- plugins.entries.feishu: plugin feishu: duplicate plugin id detected; later plugin may be overridden (/home/tsl/openclaw/extensions/feishu/index.ts)
[info]: [ 'client ready' ]
✅ Sent via Feishu. Message ID: om_x100b5495878b2884b20607c0a235306 (chat ou_b3afb7d2133e4d689be523fc48f3d2b3)
[2026-03-18 11:35:42] ✅ VPN 已连接
[2026-03-18 11:35:42] 发送飞书通知: ✅ VPN 连接已恢复

VPN 状态：已连接
时间：2026-03-18 11:35:42

可以正常访问外网了。

> openclaw@2026.2.6-3 openclaw /home/tsl/openclaw
> node scripts/run-node.mjs message send --channel feishu --target ou_b3afb7d2133e4d689be523fc48f3d2b3 --message '✅ VPN 连接已恢复

VPN 状态：已连接
时间：2026-03-18 11:35:42

可以正常访问外网了。'

Config warnings:\n- plugins.entries.feishu: plugin feishu: duplicate plugin id detected; later plugin may be overridden (/home/tsl/openclaw/extensions/feishu/index.ts)
[plugins] feishu_doc: Registered feishu_doc, feishu_app_scopes
[plugins] feishu_wiki: Registered feishu_wiki tool
[plugins] feishu_drive: Registered feishu_drive tool
[plugins] feishu_bitable: Registered 6 bitable tools
Config warnings:\n- plugins.entries.feishu: plugin feishu: duplicate plugin id detected; later plugin may be overridden (/home/tsl/openclaw/extensions/feishu/index.ts)
│
◇  Config warnings ────────────────────────────────────────────────────────╮
│                                                                          │
│  - plugins.entries.feishu: plugin feishu: duplicate plugin id detected;  │
│    later plugin may be overridden                                        │
│    (/home/tsl/openclaw/extensions/feishu/index.ts)                       │
│                                                                          │
├──────────────────────────────────────────────────────────────────────────╯
Config warnings:\n- plugins.entries.feishu: plugin feishu: duplicate plugin id detected; later plugin may be overridden (/home/tsl/openclaw/extensions/feishu/index.ts)
[info]: [ 'client ready' ]
✅ Sent via Feishu. Message ID: om_x100b549597fcbcbcb2eafd5bf17a1aa (chat ou_b3afb7d2133e4d689be523fc48f3d2b3)
[2026-03-18 16:52:29] =========================================
[2026-03-18 16:52:29] VPN 监控启动（半自动模式）
[2026-03-18 16:52:29] 检查间隔: 60秒
[2026-03-18 16:52:29] =========================================
[2026-03-18 16:52:30] ✅ VPN 已连接
[2026-03-18 18:50:32] =========================================
[2026-03-18 18:50:32] VPN 监控启动（半自动模式）
[2026-03-18 18:50:32] 检查间隔: 60秒
[2026-03-18 18:50:32] =========================================
[2026-03-18 18:50:33] ❌ VPN 未连接
[2026-03-18 18:50:33] 启动 FortiClient GUI...
[2026-03-18 18:50:36] ❌ FortiClient GUI 启动失败
[2026-03-18 18:50:36] 发送飞书通知: ⚠️ VPN 连接已断开

VPN 状态：未连接
时间：2026-03-18 18:50:36

已自动启动 FortiClient 并触发 VPN 连接。
请在手机上完成 Microsoft MFA 认证：
1. 打开 Microsoft Authenticator 应用
2. 批准登录请求
3. 或输入验证码

如果未收到 MFA 请求，请手动点击 FortiClient 中的连接按钮。

> openclaw@2026.2.6-3 openclaw /home/tsl/openclaw
> node scripts/run-node.mjs message send --channel feishu --target ou_b3afb7d2133e4d689be523fc48f3d2b3 --message '⚠️ VPN 连接已断开

VPN 状态：未连接
时间：2026-03-18 18:50:36

已自动启动 FortiClient 并触发 VPN 连接。
请在手机上完成 Microsoft MFA 认证：
1. 打开 Microsoft Authenticator 应用
2. 批准登录请求
3. 或输入验证码

如果未收到 MFA 请求，请手动点击 FortiClient 中的连接按钮。'

Config warnings:\n- plugins.entries.feishu: plugin feishu: duplicate plugin id detected; later plugin may be overridden (/home/tsl/openclaw/extensions/feishu/index.ts)
 ELIFECYCLE  Command failed.
Terminated
[plugins] feishu_doc: Registered feishu_doc, feishu_app_scopes
[plugins] feishu_wiki: Registered feishu_wiki tool
[plugins] feishu_drive: Registered feishu_drive tool
[plugins] feishu_bitable: Registered 6 bitable tools
Config warnings:\n- plugins.entries.feishu: plugin feishu: duplicate plugin id detected; later plugin may be overridden (/home/tsl/openclaw/extensions/feishu/index.ts)
│
◇  Config warnings ────────────────────────────────────────────────────────╮
│                                                                          │
│  - plugins.entries.feishu: plugin feishu: duplicate plugin id detected;  │
│    later plugin may be overridden                                        │
│    (/home/tsl/openclaw/extensions/feishu/index.ts)                       │
│                                                                          │
├──────────────────────────────────────────────────────────────────────────╯
Config warnings:\n- plugins.entries.feishu: plugin feishu: duplicate plugin id detected; later plugin may be overridden (/home/tsl/openclaw/extensions/feishu/index.ts)
[info]: [ 'client ready' ]
✅ Sent via Feishu. Message ID: om_x100b549c762708b4b2c9b56e4275421 (chat ou_b3afb7d2133e4d689be523fc48f3d2b3)
[2026-03-18 18:54:01] ✅ VPN 已连接
[2026-03-18 18:54:01] 发送飞书通知: ✅ VPN 连接已恢复

VPN 状态：已连接
时间：2026-03-18 18:54:01

可以正常访问外网了。

> openclaw@2026.2.6-3 openclaw /home/tsl/openclaw
> node scripts/run-node.mjs message send --channel feishu --target ou_b3afb7d2133e4d689be523fc48f3d2b3 --message '✅ VPN 连接已恢复

VPN 状态：已连接
时间：2026-03-18 18:54:01

可以正常访问外网了。'

Config warnings:\n- plugins.entries.feishu: plugin feishu: duplicate plugin id detected; later plugin may be overridden (/home/tsl/openclaw/extensions/feishu/index.ts)
[plugins] feishu_doc: Registered feishu_doc, feishu_app_scopes
[plugins] feishu_wiki: Registered feishu_wiki tool
[plugins] feishu_drive: Registered feishu_drive tool
[plugins] feishu_bitable: Registered 6 bitable tools
Config warnings:\n- plugins.entries.feishu: plugin feishu: duplicate plugin id detected; later plugin may be overridden (/home/tsl/openclaw/extensions/feishu/index.ts)
│
◇  Config warnings ────────────────────────────────────────────────────────╮
│                                                                          │
│  - plugins.entries.feishu: plugin feishu: duplicate plugin id detected;  │
│    later plugin may be overridden                                        │
│    (/home/tsl/openclaw/extensions/feishu/index.ts)                       │
│                                                                          │
├──────────────────────────────────────────────────────────────────────────╯
Config warnings:\n- plugins.entries.feishu: plugin feishu: duplicate plugin id detected; later plugin may be overridden (/home/tsl/openclaw/extensions/feishu/index.ts)
[info]: [ 'client ready' ]
✅ Sent via Feishu. Message ID: om_x100b549c0bcdd4acb3de9f0793e91aa (chat ou_b3afb7d2133e4d689be523fc48f3d2b3)
[2026-03-18 20:06:31] ❌ VPN 未连接
[2026-03-18 20:06:32] 启动 FortiClient GUI...
[2026-03-18 20:06:32] FortiClient GUI 已在运行
[2026-03-18 20:06:32] 尝试触发 VPN 连接...
[2026-03-18 20:06:32] 触发 VPN 连接...
[2026-03-18 20:06:32] 使用 GUI 自动化点击连接按钮...
[2026-03-18 20:21:50] ========================================
[2026-03-18 20:21:50] 开始 VPN 自动连接
[2026-03-18 20:21:50] ========================================
[2026-03-18 20:21:50] 设置 DISPLAY=:1
[2026-03-18 20:21:50] 启动 FortiClient GUI...
[2026-03-18 20:21:53] ✅ FortiClient GUI 已启动
[2026-03-18 20:21:56] 截图已保存: /home/tsl/openclaw/vpn-auto/debug_screen.png
[2026-03-18 20:21:56] 尝试 1/5...
[2026-03-18 20:21:57] 找到图像 saml_button_small.png 在位置: (60, 17)
[2026-03-18 20:21:57] 点击坐标: (60, 17)
[2026-03-18 20:21:57] ✅ 成功点击连接按钮
[2026-03-18 20:21:57] ✅ VPN 连接已触发（SAML 登录）
[2026-03-18 20:21:57] 请在手机上完成 MFA 认证
[2026-03-18 20:21:57] ✅ GUI 自动化成功
[2026-03-18 20:21:57] 发送飞书通知: ⚠️ VPN 连接已断开

VPN 状态：未连接
时间：2026-03-18 20:21:57

已自动启动 FortiClient 并触发 VPN 连接。
请在手机上完成 Microsoft MFA 认证：
1. 打开 Microsoft Authenticator 应用
2. 批准登录请求
3. 或输入验证码

如果未收到 MFA 请求，请手动点击 FortiClient 中的连接按钮。

> openclaw@2026.2.6-3 openclaw /home/tsl/openclaw
> node scripts/run-node.mjs message send --channel feishu --target ou_b3afb7d2133e4d689be523fc48f3d2b3 --message '⚠️ VPN 连接已断开

VPN 状态：未连接
时间：2026-03-18 20:21:57

已自动启动 FortiClient 并触发 VPN 连接。
请在手机上完成 Microsoft MFA 认证：
1. 打开 Microsoft Authenticator 应用
2. 批准登录请求
3. 或输入验证码

如果未收到 MFA 请求，请手动点击 FortiClient 中的连接按钮。'

Config warnings:\n- plugins.entries.feishu: plugin feishu: duplicate plugin id detected; later plugin may be overridden (/home/tsl/openclaw/extensions/feishu/index.ts)
 ELIFECYCLE  Command failed.
Terminated
[plugins] feishu_doc: Registered feishu_doc, feishu_app_scopes
[plugins] feishu_wiki: Registered feishu_wiki tool
[plugins] feishu_drive: Registered feishu_drive tool
[plugins] feishu_bitable: Registered 6 bitable tools
Config warnings:\n- plugins.entries.feishu: plugin feishu: duplicate plugin id detected; later plugin may be overridden (/home/tsl/openclaw/extensions/feishu/index.ts)
│
◇  Config warnings ────────────────────────────────────────────────────────╮
│                                                                          │
│  - plugins.entries.feishu: plugin feishu: duplicate plugin id detected;  │
│    later plugin may be overridden                                        │
│    (/home/tsl/openclaw/extensions/feishu/index.ts)                       │
│                                                                          │
├──────────────────────────────────────────────────────────────────────────╯
Config warnings:\n- plugins.entries.feishu: plugin feishu: duplicate plugin id detected; later plugin may be overridden (/home/tsl/openclaw/extensions/feishu/index.ts)
Config warnings:\n- plugins.entries.feishu: plugin feishu: duplicate plugin id detected; later plugin may be overridden (/home/tsl/openclaw/extensions/feishu/index.ts)
[info]: [ 'client ready' ]
[error]: [
  AxiosError: getaddrinfo ENOTFOUND open.feishu.cn
      at AxiosError.from (/home/tsl/.openclaw/extensions/feishu/node_modules/axios/dist/node/axios.cjs:842:28)
      at RedirectableRequest.handleRequestError (/home/tsl/.openclaw/extensions/feishu/node_modules/axios/dist/node/axios.cjs:3498:27)
      at RedirectableRequest.emit (node:events:519:28)
      at eventHandlers.<computed> (/home/tsl/.openclaw/extensions/feishu/node_modules/follow-redirects/index.js:49:24)
      at ClientRequest.emit (node:events:519:28)
      at emitErrorEvent (node:_http_client:107:11)
      at TLSSocket.socketErrorListener (node:_http_client:574:5)
      at TLSSocket.emit (node:events:519:28)
      at emitErrorNT (node:internal/streams/destroy:170:8)
      at emitErrorCloseNT (node:internal/streams/destroy:129:3)
      at Axios.request (/home/tsl/.openclaw/extensions/feishu/node_modules/axios/dist/node/axios.cjs:4713:41)
      at process.processTicksAndRejections (node:internal/process/task_queues:105:5) {
    isAxiosError: true,
    code: 'ENOTFOUND',
    config: {
      transitional: [Object],
      adapter: [Array],
      transformRequest: [Array],
      transformResponse: [Array],
      timeout: 0,
      xsrfCookieName: 'XSRF-TOKEN',
      xsrfHeaderName: 'X-XSRF-TOKEN',
      maxContentLength: -1,
      maxBodyLength: -1,
      env: [Object],
      validateStatus: [Function: validateStatus],
      headers: [Object [AxiosHeaders]],
      method: 'post',
      url: 'https://open.feishu.cn/open-apis/auth/v3/tenant_access_token/internal',
      data: '{"app_id":"cli_a90d40fc70b89bc2","app_secret":"jEFgKlvjq5c0aYRuh7YaecohSuV7IPUF"}',
      allowAbsoluteUrls: true
    },
    request: Writable {
      _events: [Object],
      _writableState: [WritableState],
      _maxListeners: undefined,
      _options: [Object],
      _ended: true,
      _ending: true,
      _redirectCount: 0,
      _redirects: [],
      _requestBodyLength: 81,
      _requestBodyBuffers: [Array],
      _eventsCount: 3,
      _onNativeResponse: [Function (anonymous)],
      _currentRequest: [ClientRequest],
      _currentUrl: 'https://open.feishu.cn/open-apis/auth/v3/tenant_access_token/internal',
      _timeout: null,
      [Symbol(shapeMode)]: true,
      [Symbol(kCapture)]: false
    },
    cause: Error: getaddrinfo ENOTFOUND open.feishu.cn
        at GetAddrInfoReqWrap.onlookupall [as oncomplete] (node:dns:122:26) {
      errno: -3008,
      code: 'ENOTFOUND',
      syscall: 'getaddrinfo',
      hostname: 'open.feishu.cn'
    }
  }
]
TypeError: Cannot destructure property 'tenant_access_token' of '(intermediate value)' as it is undefined.
[2026-03-18 20:40:27] ✅ VPN 已连接
[2026-03-18 20:40:27] 发送飞书通知: ✅ VPN 连接已恢复

VPN 状态：已连接
时间：2026-03-18 20:40:27

可以正常访问外网了。

> openclaw@2026.2.6-3 openclaw /home/tsl/openclaw
> node scripts/run-node.mjs message send --channel feishu --target ou_b3afb7d2133e4d689be523fc48f3d2b3 --message '✅ VPN 连接已恢复

VPN 状态：已连接
时间：2026-03-18 20:40:27

可以正常访问外网了。'

Config warnings:\n- plugins.entries.feishu: plugin feishu: duplicate plugin id detected; later plugin may be overridden (/home/tsl/openclaw/extensions/feishu/index.ts)
[plugins] feishu_doc: Registered feishu_doc, feishu_app_scopes
[plugins] feishu_wiki: Registered feishu_wiki tool
[plugins] feishu_drive: Registered feishu_drive tool
[plugins] feishu_bitable: Registered 6 bitable tools
Config warnings:\n- plugins.entries.feishu: plugin feishu: duplicate plugin id detected; later plugin may be overridden (/home/tsl/openclaw/extensions/feishu/index.ts)
│
◇  Config warnings ────────────────────────────────────────────────────────╮
│                                                                          │
│  - plugins.entries.feishu: plugin feishu: duplicate plugin id detected;  │
│    later plugin may be overridden                                        │
│    (/home/tsl/openclaw/extensions/feishu/index.ts)                       │
│                                                                          │
├──────────────────────────────────────────────────────────────────────────╯
Config warnings:\n- plugins.entries.feishu: plugin feishu: duplicate plugin id detected; later plugin may be overridden (/home/tsl/openclaw/extensions/feishu/index.ts)
[info]: [ 'client ready' ]
✅ Sent via Feishu. Message ID: om_x100b549d9acab0a4b335c95eefe9397 (chat ou_b3afb7d2133e4d689be523fc48f3d2b3)
[2026-03-19 04:40:06] ❌ VPN 未连接
[2026-03-19 04:40:06] 启动 FortiClient GUI...
[2026-03-19 04:40:09] ✅ FortiClient GUI 已启动
[2026-03-19 04:40:09] 尝试触发 VPN 连接...
[2026-03-19 04:40:09] 触发 VPN 连接...
[2026-03-19 04:40:09] 使用 GUI 自动化点击连接按钮...
[2026-03-19 04:40:09] ========================================
[2026-03-19 04:40:09] 开始 VPN 自动连接
[2026-03-19 04:40:09] ========================================
[2026-03-19 04:40:09] 设置 DISPLAY=:1
[2026-03-19 04:40:09] FortiClient 已在运行
[2026-03-19 04:40:12] 截图已保存: /home/tsl/openclaw/vpn-auto/debug_screen.png
[2026-03-19 04:40:12] 尝试 1/5...
[2026-03-19 04:40:12] 找到图像 saml_button_small.png 在位置: (60, 17)
[2026-03-19 04:40:12] 点击坐标: (60, 17)
[2026-03-19 04:40:12] ✅ 成功点击连接按钮
[2026-03-19 04:40:12] ✅ VPN 连接已触发（SAML 登录）
[2026-03-19 04:40:12] 请在手机上完成 MFA 认证
[2026-03-19 04:40:12] ✅ GUI 自动化成功
[2026-03-19 04:40:12] 发送飞书通知: ⚠️ VPN 连接已断开

VPN 状态：未连接
时间：2026-03-19 04:40:12

已自动启动 FortiClient 并触发 VPN 连接。
请在手机上完成 Microsoft MFA 认证：
1. 打开 Microsoft Authenticator 应用
2. 批准登录请求
3. 或输入验证码

如果未收到 MFA 请求，请手动点击 FortiClient 中的连接按钮。

> openclaw@2026.2.6-3 openclaw /home/tsl/openclaw
> node scripts/run-node.mjs message send --channel feishu --target ou_b3afb7d2133e4d689be523fc48f3d2b3 --message '⚠️ VPN 连接已断开

VPN 状态：未连接
时间：2026-03-19 04:40:12

已自动启动 FortiClient 并触发 VPN 连接。
请在手机上完成 Microsoft MFA 认证：
1. 打开 Microsoft Authenticator 应用
2. 批准登录请求
3. 或输入验证码

如果未收到 MFA 请求，请手动点击 FortiClient 中的连接按钮。'

 ELIFECYCLE  Command failed.
Terminated
Config warnings:\n- plugins.entries.feishu: plugin feishu: duplicate plugin id detected; later plugin may be overridden (/home/tsl/openclaw/extensions/feishu/index.ts)
[plugins] feishu_doc: Registered feishu_doc, feishu_app_scopes
[plugins] feishu_wiki: Registered feishu_wiki tool
[plugins] feishu_drive: Registered feishu_drive tool
[plugins] feishu_bitable: Registered 6 bitable tools
Config warnings:\n- plugins.entries.feishu: plugin feishu: duplicate plugin id detected; later plugin may be overridden (/home/tsl/openclaw/extensions/feishu/index.ts)
│
◇  Config warnings ────────────────────────────────────────────────────────╮
│                                                                          │
│  - plugins.entries.feishu: plugin feishu: duplicate plugin id detected;  │
│    later plugin may be overridden                                        │
│    (/home/tsl/openclaw/extensions/feishu/index.ts)                       │
│                                                                          │
├──────────────────────────────────────────────────────────────────────────╯
Config warnings:\n- plugins.entries.feishu: plugin feishu: duplicate plugin id detected; later plugin may be overridden (/home/tsl/openclaw/extensions/feishu/index.ts)
[info]: [ 'client ready' ]
✅ Sent via Feishu. Message ID: om_x100b548495d604a4b32e89d5b3c172f (chat ou_b3afb7d2133e4d689be523fc48f3d2b3)
[2026-03-19 04:43:24] ✅ VPN 已连接
[2026-03-19 04:43:24] 发送飞书通知: ✅ VPN 连接已恢复

VPN 状态：已连接
时间：2026-03-19 04:43:24

可以正常访问外网了。

> openclaw@2026.2.6-3 openclaw /home/tsl/openclaw
> node scripts/run-node.mjs message send --channel feishu --target ou_b3afb7d2133e4d689be523fc48f3d2b3 --message '✅ VPN 连接已恢复

VPN 状态：已连接
时间：2026-03-19 04:43:24

可以正常访问外网了。'

Config warnings:\n- plugins.entries.feishu: plugin feishu: duplicate plugin id detected; later plugin may be overridden (/home/tsl/openclaw/extensions/feishu/index.ts)
[plugins] feishu_doc: Registered feishu_doc, feishu_app_scopes
[plugins] feishu_wiki: Registered feishu_wiki tool
[plugins] feishu_drive: Registered feishu_drive tool
[plugins] feishu_bitable: Registered 6 bitable tools
Config warnings:\n- plugins.entries.feishu: plugin feishu: duplicate plugin id detected; later plugin may be overridden (/home/tsl/openclaw/extensions/feishu/index.ts)
│
◇  Config warnings ────────────────────────────────────────────────────────╮
│                                                                          │
│  - plugins.entries.feishu: plugin feishu: duplicate plugin id detected;  │
│    later plugin may be overridden                                        │
│    (/home/tsl/openclaw/extensions/feishu/index.ts)                       │
│                                                                          │
├──────────────────────────────────────────────────────────────────────────╯
Config warnings:\n- plugins.entries.feishu: plugin feishu: duplicate plugin id detected; later plugin may be overridden (/home/tsl/openclaw/extensions/feishu/index.ts)
[info]: [ 'client ready' ]
✅ Sent via Feishu. Message ID: om_x100b5484a9dd1ca0b372993a88b7143 (chat ou_b3afb7d2133e4d689be523fc48f3d2b3)
[2026-03-19 09:22:58] ❌ VPN 未连接
[2026-03-19 09:22:59] 启动 FortiClient GUI...
[2026-03-19 09:23:04] FortiClient GUI 已在运行
[2026-03-19 09:23:06] 尝试触发 VPN 连接...
[2026-03-19 09:23:09] 触发 VPN 连接...
[2026-03-19 09:23:12] 使用 GUI 自动化点击连接按钮...
[2026-03-19 09:24:32] ========================================
[2026-03-19 09:24:32] 开始 VPN 自动连接
[2026-03-19 09:24:32] ========================================
[2026-03-19 09:24:32] 设置 DISPLAY=:1
[2026-03-19 09:24:32] 启动 FortiClient GUI...
[2026-03-19 09:24:35] ✅ FortiClient GUI 已启动
[2026-03-19 09:24:38] 截图已保存: /home/tsl/openclaw/vpn-auto/debug_screen.png
[2026-03-19 09:24:38] 尝试 1/5...
[2026-03-19 09:24:39] 找到图像 saml_button_small.png 在位置: (60, 17)
[2026-03-19 09:24:39] 点击坐标: (60, 17)
[2026-03-19 09:24:39] ✅ 成功点击连接按钮
[2026-03-19 09:24:39] ✅ VPN 连接已触发（SAML 登录）
[2026-03-19 09:24:39] 请在手机上完成 MFA 认证
[2026-03-19 09:24:39] ✅ GUI 自动化成功
[2026-03-19 09:24:39] 发送飞书通知: ⚠️ VPN 连接已断开

VPN 状态：未连接
时间：2026-03-19 09:24:39

已自动启动 FortiClient 并触发 VPN 连接。
请在手机上完成 Microsoft MFA 认证：
1. 打开 Microsoft Authenticator 应用
2. 批准登录请求
3. 或输入验证码

如果未收到 MFA 请求，请手动点击 FortiClient 中的连接按钮。

> openclaw@2026.2.6-3 openclaw /home/tsl/openclaw
> node scripts/run-node.mjs message send --channel feishu --target ou_b3afb7d2133e4d689be523fc48f3d2b3 --message '⚠️ VPN 连接已断开

VPN 状态：未连接
时间：2026-03-19 09:24:39

已自动启动 FortiClient 并触发 VPN 连接。
请在手机上完成 Microsoft MFA 认证：
1. 打开 Microsoft Authenticator 应用
2. 批准登录请求
3. 或输入验证码

如果未收到 MFA 请求，请手动点击 FortiClient 中的连接按钮。'

Config warnings:\n- plugins.entries.feishu: plugin feishu: duplicate plugin id detected; later plugin may be overridden (/home/tsl/openclaw/extensions/feishu/index.ts)
 ELIFECYCLE  Command failed.
Terminated
[plugins] feishu_doc: Registered feishu_doc, feishu_app_scopes
[plugins] feishu_wiki: Registered feishu_wiki tool
[plugins] feishu_drive: Registered feishu_drive tool
[plugins] feishu_bitable: Registered 6 bitable tools
Config warnings:\n- plugins.entries.feishu: plugin feishu: duplicate plugin id detected; later plugin may be overridden (/home/tsl/openclaw/extensions/feishu/index.ts)
│
◇  Config warnings ────────────────────────────────────────────────────────╮
│                                                                          │
│  - plugins.entries.feishu: plugin feishu: duplicate plugin id detected;  │
│    later plugin may be overridden                                        │
│    (/home/tsl/openclaw/extensions/feishu/index.ts)                       │
│                                                                          │
├──────────────────────────────────────────────────────────────────────────╯
Config warnings:\n- plugins.entries.feishu: plugin feishu: duplicate plugin id detected; later plugin may be overridden (/home/tsl/openclaw/extensions/feishu/index.ts)
[info]: [ 'client ready' ]
[error]: [
  AxiosError: getaddrinfo ENOTFOUND open.feishu.cn
      at AxiosError.from (/home/tsl/.openclaw/extensions/feishu/node_modules/axios/dist/node/axios.cjs:842:28)
      at RedirectableRequest.handleRequestError (/home/tsl/.openclaw/extensions/feishu/node_modules/axios/dist/node/axios.cjs:3498:27)
      at RedirectableRequest.emit (node:events:519:28)
      at eventHandlers.<computed> (/home/tsl/.openclaw/extensions/feishu/node_modules/follow-redirects/index.js:49:24)
      at ClientRequest.emit (node:events:519:28)
      at emitErrorEvent (node:_http_client:107:11)
      at TLSSocket.socketErrorListener (node:_http_client:574:5)
      at TLSSocket.emit (node:events:519:28)
      at emitErrorNT (node:internal/streams/destroy:170:8)
      at emitErrorCloseNT (node:internal/streams/destroy:129:3)
      at Axios.request (/home/tsl/.openclaw/extensions/feishu/node_modules/axios/dist/node/axios.cjs:4713:41)
      at process.processTicksAndRejections (node:internal/process/task_queues:105:5) {
    isAxiosError: true,
    code: 'ENOTFOUND',
    config: {
      transitional: [Object],
      adapter: [Array],
      transformRequest: [Array],
      transformResponse: [Array],
      timeout: 0,
      xsrfCookieName: 'XSRF-TOKEN',
      xsrfHeaderName: 'X-XSRF-TOKEN',
      maxContentLength: -1,
      maxBodyLength: -1,
      env: [Object],
      validateStatus: [Function: validateStatus],
      headers: [Object [AxiosHeaders]],
      method: 'post',
      url: 'https://open.feishu.cn/open-apis/auth/v3/tenant_access_token/internal',
      data: '{"app_id":"cli_a90d40fc70b89bc2","app_secret":"jEFgKlvjq5c0aYRuh7YaecohSuV7IPUF"}',
      allowAbsoluteUrls: true
    },
    request: Writable {
      _events: [Object],
      _writableState: [WritableState],
      _maxListeners: undefined,
      _options: [Object],
      _ended: true,
      _ending: true,
      _redirectCount: 0,
      _redirects: [],
      _requestBodyLength: 81,
      _requestBodyBuffers: [Array],
      _eventsCount: 3,
      _onNativeResponse: [Function (anonymous)],
      _currentRequest: [ClientRequest],
      _currentUrl: 'https://open.feishu.cn/open-apis/auth/v3/tenant_access_token/internal',
      _timeout: null,
      [Symbol(shapeMode)]: true,
      [Symbol(kCapture)]: false
    },
    cause: Error: getaddrinfo ENOTFOUND open.feishu.cn
        at GetAddrInfoReqWrap.onlookupall [as oncomplete] (node:dns:122:26) {
      errno: -3008,
      code: 'ENOTFOUND',
      syscall: 'getaddrinfo',
      hostname: 'open.feishu.cn'
    }
  }
]
TypeError: Cannot destructure property 'tenant_access_token' of '(intermediate value)' as it is undefined.
[2026-03-19 09:51:31] ✅ VPN 已连接
[2026-03-19 09:51:31] 发送飞书通知: ✅ VPN 连接已恢复

VPN 状态：已连接
时间：2026-03-19 09:51:31

可以正常访问外网了。

> openclaw@2026.2.6-3 openclaw /home/tsl/openclaw
> node scripts/run-node.mjs message send --channel feishu --target ou_b3afb7d2133e4d689be523fc48f3d2b3 --message '✅ VPN 连接已恢复

VPN 状态：已连接
时间：2026-03-19 09:51:31

可以正常访问外网了。'

Config warnings:\n- plugins.entries.feishu: plugin feishu: duplicate plugin id detected; later plugin may be overridden (/home/tsl/openclaw/extensions/feishu/index.ts)
[plugins] feishu_doc: Registered feishu_doc, feishu_app_scopes
[plugins] feishu_wiki: Registered feishu_wiki tool
[plugins] feishu_drive: Registered feishu_drive tool
[plugins] feishu_bitable: Registered 6 bitable tools
Config warnings:\n- plugins.entries.feishu: plugin feishu: duplicate plugin id detected; later plugin may be overridden (/home/tsl/openclaw/extensions/feishu/index.ts)
│
◇  Config warnings ────────────────────────────────────────────────────────╮
│                                                                          │
│  - plugins.entries.feishu: plugin feishu: duplicate plugin id detected;  │
│    later plugin may be overridden                                        │
│    (/home/tsl/openclaw/extensions/feishu/index.ts)                       │
│                                                                          │
├──────────────────────────────────────────────────────────────────────────╯
Config warnings:\n- plugins.entries.feishu: plugin feishu: duplicate plugin id detected; later plugin may be overridden (/home/tsl/openclaw/extensions/feishu/index.ts)
[info]: [ 'client ready' ]
✅ Sent via Feishu. Message ID: om_x100b54812452e0a8b3150e7414dc5b1 (chat ou_b3afb7d2133e4d689be523fc48f3d2b3)
[2026-03-19 10:32:50] ❌ VPN 未连接
[2026-03-19 10:32:51] 启动 FortiClient GUI...
[2026-03-19 10:33:01] FortiClient GUI 已在运行
[2026-03-19 10:33:03] 尝试触发 VPN 连接...
[2026-03-19 10:33:06] 触发 VPN 连接...
[2026-03-19 10:33:11] 使用 GUI 自动化点击连接按钮...
[2026-03-19 10:35:52] =========================================
[2026-03-19 10:35:52] VPN 监控启动（半自动模式）
[2026-03-19 10:35:52] 检查间隔: 60秒
[2026-03-19 10:35:52] =========================================
[2026-03-19 10:35:53] ❌ VPN 未连接
[2026-03-19 10:35:53] 启动 FortiClient GUI...
[2026-03-19 10:35:56] ❌ FortiClient GUI 启动失败
[2026-03-19 10:35:56] 发送飞书通知: ⚠️ VPN 连接已断开

VPN 状态：未连接
时间：2026-03-19 10:35:56

已自动启动 FortiClient 并触发 VPN 连接。
请在手机上完成 Microsoft MFA 认证：
1. 打开 Microsoft Authenticator 应用
2. 批准登录请求
3. 或输入验证码

如果未收到 MFA 请求，请手动点击 FortiClient 中的连接按钮。

> openclaw@2026.2.6-3 openclaw /home/tsl/openclaw
> node scripts/run-node.mjs message send --channel feishu --target ou_b3afb7d2133e4d689be523fc48f3d2b3 --message '⚠️ VPN 连接已断开

VPN 状态：未连接
时间：2026-03-19 10:35:56

已自动启动 FortiClient 并触发 VPN 连接。
请在手机上完成 Microsoft MFA 认证：
1. 打开 Microsoft Authenticator 应用
2. 批准登录请求
3. 或输入验证码

如果未收到 MFA 请求，请手动点击 FortiClient 中的连接按钮。'

Config warnings:\n- plugins.entries.feishu: plugin feishu: duplicate plugin id detected; later plugin may be overridden (/home/tsl/openclaw/extensions/feishu/index.ts)
 ELIFECYCLE  Command failed.
Terminated
[plugins] feishu_doc: Registered feishu_doc, feishu_app_scopes
[plugins] feishu_wiki: Registered feishu_wiki tool
[plugins] feishu_drive: Registered feishu_drive tool
[plugins] feishu_bitable: Registered 6 bitable tools
Config warnings:\n- plugins.entries.feishu: plugin feishu: duplicate plugin id detected; later plugin may be overridden (/home/tsl/openclaw/extensions/feishu/index.ts)
│
◇  Config warnings ────────────────────────────────────────────────────────╮
│                                                                          │
│  - plugins.entries.feishu: plugin feishu: duplicate plugin id detected;  │
│    later plugin may be overridden                                        │
│    (/home/tsl/openclaw/extensions/feishu/index.ts)                       │
│                                                                          │
├──────────────────────────────────────────────────────────────────────────╯
Config warnings:\n- plugins.entries.feishu: plugin feishu: duplicate plugin id detected; later plugin may be overridden (/home/tsl/openclaw/extensions/feishu/index.ts)
[info]: [ 'client ready' ]
✅ Sent via Feishu. Message ID: om_x100b54825cebf4b8b4c11c429e52747 (chat ou_b3afb7d2133e4d689be523fc48f3d2b3)
[2026-03-19 10:42:34] ✅ VPN 已连接
[2026-03-19 10:42:34] 发送飞书通知: ✅ VPN 连接已恢复

VPN 状态：已连接
时间：2026-03-19 10:42:34

可以正常访问外网了。

> openclaw@2026.2.6-3 openclaw /home/tsl/openclaw
> node scripts/run-node.mjs message send --channel feishu --target ou_b3afb7d2133e4d689be523fc48f3d2b3 --message '✅ VPN 连接已恢复

VPN 状态：已连接
时间：2026-03-19 10:42:34

可以正常访问外网了。'

Config warnings:\n- plugins.entries.feishu: plugin feishu: duplicate plugin id detected; later plugin may be overridden (/home/tsl/openclaw/extensions/feishu/index.ts)
[plugins] feishu_doc: Registered feishu_doc, feishu_app_scopes
[plugins] feishu_wiki: Registered feishu_wiki tool
[plugins] feishu_drive: Registered feishu_drive tool
[plugins] feishu_bitable: Registered 6 bitable tools
Config warnings:\n- plugins.entries.feishu: plugin feishu: duplicate plugin id detected; later plugin may be overridden (/home/tsl/openclaw/extensions/feishu/index.ts)
│
◇  Config warnings ────────────────────────────────────────────────────────╮
│                                                                          │
│  - plugins.entries.feishu: plugin feishu: duplicate plugin id detected;  │
│    later plugin may be overridden                                        │
│    (/home/tsl/openclaw/extensions/feishu/index.ts)                       │
│                                                                          │
├──────────────────────────────────────────────────────────────────────────╯
Config warnings:\n- plugins.entries.feishu: plugin feishu: duplicate plugin id detected; later plugin may be overridden (/home/tsl/openclaw/extensions/feishu/index.ts)
[info]: [ 'client ready' ]
✅ Sent via Feishu. Message ID: om_x100b5482673158acb2d16e56f79b861 (chat ou_b3afb7d2133e4d689be523fc48f3d2b3)
[2026-03-19 11:54:03] ❌ VPN 未连接
[2026-03-19 11:54:03] 启动 FortiClient GUI...
[2026-03-19 11:54:03] FortiClient GUI 已在运行
[2026-03-19 11:54:03] 尝试触发 VPN 连接...
[2026-03-19 11:54:03] 触发 VPN 连接...
[2026-03-19 11:54:03] 使用 GUI 自动化点击连接按钮...
[2026-03-19 11:54:04] ========================================
[2026-03-19 11:54:04] 开始 VPN 自动连接
[2026-03-19 11:54:04] ========================================
[2026-03-19 11:54:04] 设置 DISPLAY=:1
[2026-03-19 11:54:04] FortiClient 已在运行
[2026-03-19 11:54:06] 截图已保存: /home/tsl/openclaw/vpn-auto/debug_screen.png
[2026-03-19 11:54:06] 尝试 1/5...
[2026-03-19 11:54:06] 找到图像 saml_button_small.png 在位置: (60, 17)
[2026-03-19 11:54:07] 点击坐标: (60, 17)
[2026-03-19 11:54:07] ✅ 成功点击连接按钮
[2026-03-19 11:54:07] ✅ VPN 连接已触发（SAML 登录）
[2026-03-19 11:54:07] 请在手机上完成 MFA 认证
[2026-03-19 11:54:07] ✅ GUI 自动化成功
[2026-03-19 11:54:07] 发送飞书通知: ⚠️ VPN 连接已断开

VPN 状态：未连接
时间：2026-03-19 11:54:07

已自动启动 FortiClient 并触发 VPN 连接。
请在手机上完成 Microsoft MFA 认证：
1. 打开 Microsoft Authenticator 应用
2. 批准登录请求
3. 或输入验证码

如果未收到 MFA 请求，请手动点击 FortiClient 中的连接按钮。

> openclaw@2026.2.6-3 openclaw /home/tsl/openclaw
> node scripts/run-node.mjs message send --channel feishu --target ou_b3afb7d2133e4d689be523fc48f3d2b3 --message '⚠️ VPN 连接已断开

VPN 状态：未连接
时间：2026-03-19 11:54:07

已自动启动 FortiClient 并触发 VPN 连接。
请在手机上完成 Microsoft MFA 认证：
1. 打开 Microsoft Authenticator 应用
2. 批准登录请求
3. 或输入验证码

如果未收到 MFA 请求，请手动点击 FortiClient 中的连接按钮。'

 ELIFECYCLE  Command failed.
Terminated
Config warnings:\n- plugins.entries.feishu: plugin feishu: duplicate plugin id detected; later plugin may be overridden (/home/tsl/openclaw/extensions/feishu/index.ts)
[plugins] feishu_doc: Registered feishu_doc, feishu_app_scopes
[plugins] feishu_wiki: Registered feishu_wiki tool
[plugins] feishu_drive: Registered feishu_drive tool
[plugins] feishu_bitable: Registered 6 bitable tools
Config warnings:\n- plugins.entries.feishu: plugin feishu: duplicate plugin id detected; later plugin may be overridden (/home/tsl/openclaw/extensions/feishu/index.ts)
│
◇  Config warnings ────────────────────────────────────────────────────────╮
│                                                                          │
│  - plugins.entries.feishu: plugin feishu: duplicate plugin id detected;  │
│    later plugin may be overridden                                        │
│    (/home/tsl/openclaw/extensions/feishu/index.ts)                       │
│                                                                          │
├──────────────────────────────────────────────────────────────────────────╯
Config warnings:\n- plugins.entries.feishu: plugin feishu: duplicate plugin id detected; later plugin may be overridden (/home/tsl/openclaw/extensions/feishu/index.ts)
[info]: [ 'client ready' ]
[error]: [
  AxiosError: getaddrinfo ENOTFOUND open.feishu.cn
      at AxiosError.from (/home/tsl/.openclaw/extensions/feishu/node_modules/axios/dist/node/axios.cjs:842:28)
      at RedirectableRequest.handleRequestError (/home/tsl/.openclaw/extensions/feishu/node_modules/axios/dist/node/axios.cjs:3498:27)
      at RedirectableRequest.emit (node:events:519:28)
      at eventHandlers.<computed> (/home/tsl/.openclaw/extensions/feishu/node_modules/follow-redirects/index.js:49:24)
      at ClientRequest.emit (node:events:519:28)
      at emitErrorEvent (node:_http_client:107:11)
      at TLSSocket.socketErrorListener (node:_http_client:574:5)
      at TLSSocket.emit (node:events:519:28)
      at emitErrorNT (node:internal/streams/destroy:170:8)
      at emitErrorCloseNT (node:internal/streams/destroy:129:3)
      at process.processTicksAndRejections (node:internal/process/task_queues:90:21)
      at Axios.request (/home/tsl/.openclaw/extensions/feishu/node_modules/axios/dist/node/axios.cjs:4713:41)
      at process.processTicksAndRejections (node:internal/process/task_queues:105:5) {
    isAxiosError: true,
    code: 'ENOTFOUND',
    config: {
      transitional: [Object],
      adapter: [Array],
      transformRequest: [Array],
      transformResponse: [Array],
      timeout: 0,
      xsrfCookieName: 'XSRF-TOKEN',
      xsrfHeaderName: 'X-XSRF-TOKEN',
      maxContentLength: -1,
      maxBodyLength: -1,
      env: [Object],
      validateStatus: [Function: validateStatus],
      headers: [Object [AxiosHeaders]],
      method: 'post',
      url: 'https://open.feishu.cn/open-apis/auth/v3/tenant_access_token/internal',
      data: '{"app_id":"cli_a90d40fc70b89bc2","app_secret":"jEFgKlvjq5c0aYRuh7YaecohSuV7IPUF"}',
      allowAbsoluteUrls: true
    },
    request: Writable {
      _events: [Object],
      _writableState: [WritableState],
      _maxListeners: undefined,
      _options: [Object],
      _ended: true,
      _ending: true,
      _redirectCount: 0,
      _redirects: [],
      _requestBodyLength: 81,
      _requestBodyBuffers: [Array],
      _eventsCount: 3,
      _onNativeResponse: [Function (anonymous)],
      _currentRequest: [ClientRequest],
      _currentUrl: 'https://open.feishu.cn/open-apis/auth/v3/tenant_access_token/internal',
      _timeout: null,
      [Symbol(shapeMode)]: true,
      [Symbol(kCapture)]: false
    },
    cause: Error: getaddrinfo ENOTFOUND open.feishu.cn
        at GetAddrInfoReqWrap.onlookupall [as oncomplete] (node:dns:122:26) {
      errno: -3008,
      code: 'ENOTFOUND',
      syscall: 'getaddrinfo',
      hostname: 'open.feishu.cn'
    }
  }
]
TypeError: Cannot destructure property 'tenant_access_token' of '(intermediate value)' as it is undefined.
[2026-03-19 13:36:08] =========================================
[2026-03-19 13:36:08] VPN 监控启动（半自动模式）
[2026-03-19 13:36:08] 检查间隔: 60秒
[2026-03-19 13:36:08] =========================================
[2026-03-19 13:36:08] ❌ VPN 未连接
[2026-03-19 13:36:08] 启动 FortiClient GUI...
[2026-03-19 13:36:08] FortiClient GUI 已在运行
[2026-03-19 13:36:08] 尝试触发 VPN 连接...
[2026-03-19 13:36:08] 触发 VPN 连接...
[2026-03-19 13:36:08] 使用 GUI 自动化点击连接按钮...
Traceback (most recent call last):
  File "/home/tsl/.local/lib/python3.8/site-packages/Xlib/support/unix_connect.py", line 76, in get_socket
    s.connect('/tmp/.X11-unix/X%d' % dno)
FileNotFoundError: [Errno 2] No such file or directory

During handling of the above exception, another exception occurred:

Traceback (most recent call last):
  File "/home/tsl/openclaw/vpn-auto/gui-auto-connect.py", line 13[2026-03-19 14:57:38] =========================================
[2026-03-19 14:57:38] VPN 监控启动（半自动模式）
[2026-03-19 14:57:38] 检查间隔: 60秒
[2026-03-19 14:57:38] =========================================
[2026-03-19 14:57:38] ❌ VPN 未连接
[2026-03-19 14:57:38] 启动 FortiClient GUI...
[2026-03-19 14:57:41] ❌ FortiClient GUI 启动失败
[2026-03-19 14:57:41] 发送飞书通知: ⚠️ VPN 连接已断开

VPN 状态：未连接
时间：2026-03-19 14:57:41

已自动启动 FortiClient 并触发 VPN 连接。
请在手机上完成 Microsoft MFA 认证：
1. 打开 Microsoft Authenticator 应用
2. 批准登录请求
3. 或输入验证码

如果未收到 MFA 请求，请手动点击 FortiClient 中的连接按钮。

> openclaw@2026.2.6-3 openclaw /home/tsl/openclaw
> node scripts/run-node.mjs message send --channel feishu --target ou_b3afb7d2133e4d689be523fc48f3d2b3 --message '⚠️ VPN 连接已断开

VPN 状态：未连接
时间：2026-03-19 14:57:41

已自动启动 FortiClient 并触发 VPN 连接。
请在手机上完成 Microsoft MFA 认证：
1. 打开 Microsoft Authenticator 应用
2. 批准登录请求
3. 或输入验证码

如果未收到 MFA 请求，请手动点击 FortiClient 中的连接按钮。'

 ELIFECYCLE  Command failed.
Terminated
Config warnings:\n- plugins.entries.feishu: plugin feishu: duplicate plugin id detected; later plugin may be overridden (/home/tsl/openclaw/extensions/feishu/index.ts)
[plugins] feishu_doc: Registered feishu_doc, feishu_app_scopes
[plugins] feishu_wiki: Registered feishu_wiki tool
[plugins] feishu_drive: Registered feishu_drive tool
[plugins] feishu_bitable: Registered 6 bitable tools
Config warnings:\n- plugins.entries.feishu: plugin feishu: duplicate plugin id detected; later plugin may be overridden (/home/tsl/openclaw/extensions/feishu/index.ts)
│
◇  Config warnings ────────────────────────────────────────────────────────╮
│                                                                          │
│  - plugins.entries.feishu: plugin feishu: duplicate plugin id detected;  │
│    later plugin may be overridden                                        │
│    (/home/tsl/openclaw/extensions/feishu/index.ts)                       │
│                                                                          │
├──────────────────────────────────────────────────────────────────────────╯
Config warnings:\n- plugins.entries.feishu: plugin feishu: duplicate plugin id detected; later plugin may be overridden (/home/tsl/openclaw/extensions/feishu/index.ts)
[info]: [ 'client ready' ]
✅ Sent via Feishu. Message ID: om_x100b548da97058b4b4c62f926092a5c (chat ou_b3afb7d2133e4d689be523fc48f3d2b3)
[2026-03-19 15:01:10] ✅ VPN 已连接
[2026-03-19 15:01:10] 发送飞书通知: ✅ VPN 连接已恢复

VPN 状态：已连接
时间：2026-03-19 15:01:10

可以正常访问外网了。

> openclaw@2026.2.6-3 openclaw /home/tsl/openclaw
> node scripts/run-node.mjs message send --channel feishu --target ou_b3afb7d2133e4d689be523fc48f3d2b3 --message '✅ VPN 连接已恢复

VPN 状态：已连接
时间：2026-03-19 15:01:10

可以正常访问外网了。'

Config warnings:\n- plugins.entries.feishu: plugin feishu: duplicate plugin id detected; later plugin may be overridden (/home/tsl/openclaw/extensions/feishu/index.ts)
[plugins] feishu_doc: Registered feishu_doc, feishu_app_scopes
[plugins] feishu_wiki: Registered feishu_wiki tool
[plugins] feishu_drive: Registered feishu_drive tool
[plugins] feishu_bitable: Registered 6 bitable tools
Config warnings:\n- plugins.entries.feishu: plugin feishu: duplicate plugin id detected; later plugin may be overridden (/home/tsl/openclaw/extensions/feishu/index.ts)
│
◇  Config warnings ────────────────────────────────────────────────────────╮
│                                                                          │
│  - plugins.entries.feishu: plugin feishu: duplicate plugin id detected;  │
│    later plugin may be overridden                                        │
│    (/home/tsl/openclaw/extensions/feishu/index.ts)                       │
│                                                                          │
├──────────────────────────────────────────────────────────────────────────╯
Config warnings:\n- plugins.entries.feishu: plugin feishu: duplicate plugin id detected; later plugin may be overridden (/home/tsl/openclaw/extensions/feishu/index.ts)
[info]: [ 'client ready' ]
✅ Sent via Feishu. Message ID: om_x100b548dbd0484b8b266bfdb536b680 (chat ou_b3afb7d2133e4d689be523fc48f3d2b3)
[2026-03-19 16:36:17] ❌ VPN 未连接
[2026-03-19 16:36:20] 启动 FortiClient GUI...
[2026-03-19 16:36:40] ✅ FortiClient GUI 已启动
[2026-03-19 16:36:41] 尝试触发 VPN 连接...
[2026-03-19 16:36:42] 触发 VPN 连接...
[2026-03-19 16:36:44] 使用 GUI 自动化点击连接按钮...
[2026-03-19 16:59:09] ========================================
[2026-03-19 16:59:09] 开始 VPN 自动连接
[2026-03-19 16:59:09] ========================================
[2026-03-19 16:59:09] 设置 DISPLAY=:1
[2026-03-19 16:59:09] 启动 FortiClient GUI...
[2026-03-19 16:59:12] ✅ FortiClient GUI 已启动
[2026-03-19 16:59:15] 截图已保存: /home/tsl/openclaw/vpn-auto/debug_screen.png
[2026-03-19 16:59:15] 尝试 1/5...
[2026-03-19 16:59:15] 找到图像 saml_button_small.png 在位置: (60, 17)
[2026-03-19 16:59:16] 点击坐标: (60, 17)
[2026-03-19 16:59:16] ✅ 成功点击连接按钮
[2026-03-19 16:59:16] ✅ VPN 连接已触发（SAML 登录）
[2026-03-19 16:59:16] 请在手机上完成 MFA 认证
[2026-03-19 16:59:16] ✅ GUI 自动化成功
[2026-03-19 16:59:16] 发送飞书通知: ⚠️ VPN 连接已断开

VPN 状态：未连接
时间：2026-03-19 16:59:16

已自动启动 FortiClient 并触发 VPN 连接。
请在手机上完成 Microsoft MFA 认证：
1. 打开 Microsoft Authenticator 应用
2. 批准登录请求
3. 或输入验证码

如果未收到 MFA 请求，请手动点击 FortiClient 中的连接按钮。

> openclaw@2026.2.6-3 openclaw /home/tsl/openclaw
> node scripts/run-node.mjs message send --channel feishu --target ou_b3afb7d2133e4d689be523fc48f3d2b3 --message '⚠️ VPN 连接已断开

VPN 状态：未连接
时间：2026-03-19 16:59:16

已自动启动 FortiClient 并触发 VPN 连接。
请在手机上完成 Microsoft MFA 认证：
1. 打开 Microsoft Authenticator 应用
2. 批准登录请求
3. 或输入验证码

如果未收到 MFA 请求，请手动点击 FortiClient 中的连接按钮。'

Config warnings:\n- plugins.entries.feishu: plugin feishu: duplicate plugin id detected; later plugin may be overridden (/home/tsl/openclaw/extensions/feishu/index.ts)
[plugins] feishu_doc: Registered feishu_doc, feishu_app_scopes
[plugins] feishu_wiki: Registered feishu_wiki tool
[plugins] feishu_drive: Registered feishu_drive tool
[plugins] feishu_bitable: Registered 6 bitable tools
Config warnings:\n- plugins.entries.feishu: plugin feishu: duplicate plugin id detected; later plugin may be overridden (/home/tsl/openclaw/extensions/feishu/index.ts)
│
◇  Config warnings ────────────────────────────────────────────────────────╮
│                                                                          │
│  - plugins.entries.feishu: plugin feishu: duplicate plugin id detected;  │
│    later plugin may be overridden                                        │
│    (/home/tsl/openclaw/extensions/feishu/index.ts)                       │
│                                                                          │
├──────────────────────────────────────────────────────────────────────────╯
Config warnings:\n- plugins.entries.feishu: plugin feishu: duplicate plugin id detected; later plugin may be overridden (/home/tsl/openclaw/extensions/feishu/index.ts)
[info]: [ 'client ready' ]
[error]: [
  AxiosError: getaddrinfo ENOTFOUND open.feishu.cn
      at AxiosError.from (/home/tsl/.openclaw/extensions/feishu/node_modules/axios/dist/node/axios.cjs:842:28)
      at RedirectableRequest.handleRequestError (/home/tsl/.openclaw/extensions/feishu/node_modules/axios/dist/node/axios.cjs:3498:27)
      at RedirectableRequest.emit (node:events:519:28)
      at eventHandlers.<computed> (/home/tsl/.openclaw/extensions/feishu/node_modules/follow-redirects/index.js:49:24)
      at ClientRequest.emit (node:events:519:28)
      at emitErrorEvent (node:_http_client:107:11)
      at TLSSocket.socketErrorListener (node:_http_client:574:5)
      at TLSSocket.emit (node:events:519:28)
      at emitErrorNT (node:internal/streams/destroy:170:8)
      at emitErrorCloseNT (node:internal/streams/destroy:129:3)
      at Axios.request (/home/tsl/.openclaw/extensions/feishu/node_modules/axios/dist/node/axios.cjs:4713:41)
      at process.processTicksAndRejections (node:internal/process/task_queues:105:5) {
    isAxiosError: true,
    code: 'ENOTFOUND',
    config: {
      transitional: [Object],
      adapter: [Array],
      transformRequest: [Array],
      transformResponse: [Array],
      timeout: 0,
      xsrfCookieName: 'XSRF-TOKEN',
      xsrfHeaderName: 'X-XSRF-TOKEN',
      maxContentLength: -1,
      maxBodyLength: -1,
      env: [Object],
      validateStatus: [Function: validateStatus],
      headers: [Object [AxiosHeaders]],
      method: 'post',
      url: 'https://open.feishu.cn/open-apis/auth/v3/tenant_access_token/internal',
      data: '{"app_id":"cli_a90d40fc70b89bc2","app_secret":"jEFgKlvjq5c0aYRuh7YaecohSuV7IPUF"}',
      allowAbsoluteUrls: true
    },
    request: Writable {
      _events: [Object],
      _writableState: [WritableState],
      _maxListeners: undefined,
      _options: [Object],
      _ended: true,
      _ending: true,
      _redirectCount: 0,
      _redirects: [],
      _requestBodyLength: 81,
      _requestBodyBuffers: [Array],
      _eventsCount: 3,
      _onNativeResponse: [Function (anonymous)],
      _currentRequest: [ClientRequest],
      _currentUrl: 'https://open.feishu.cn/open-apis/auth/v3/tenant_access_token/internal',
      _timeout: null,
      [Symbol(shapeMode)]: true,
      [Symbol(kCapture)]: false
    },
    cause: Error: getaddrinfo ENOTFOUND open.feishu.cn
        at GetAddrInfoReqWrap.onlookupall [as oncomplete] (node:dns:122:26) {
      errno: -3008,
      code: 'ENOTFOUND',
      syscall: 'getaddrinfo',
      hostname: 'open.feishu.cn'
    }
  }
]
TypeError: Cannot destructure property 'tenant_access_token' of '(intermediate value)' as it is undefined.
 ELIFECYCLE  Command failed with exit code 1.
[2026-03-19 17:01:39] ✅ VPN 已连接
[2026-03-19 17:01:39] 发送飞书通知: ✅ VPN 连接已恢复

VPN 状态：已连接
时间：2026-03-19 17:01:39

可以正常访问外网了。

> openclaw@2026.2.6-3 openclaw /home/tsl/openclaw
> node scripts/run-node.mjs message send --channel feishu --target ou_b3afb7d2133e4d689be523fc48f3d2b3 --message '✅ VPN 连接已恢复

VPN 状态：已连接
时间：2026-03-19 17:01:39

可以正常访问外网了。'

Config warnings:\n- plugins.entries.feishu: plugin feishu: duplicate plugin id detected; later plugin may be overridden (/home/tsl/openclaw/extensions/feishu/index.ts)
[plugins] feishu_doc: Registered feishu_doc, feishu_app_scopes
[plugins] feishu_wiki: Registered feishu_wiki tool
[plugins] feishu_drive: Registered feishu_drive tool
[plugins] feishu_bitable: Registered 6 bitable tools
Config warnings:\n- plugins.entries.feishu: plugin feishu: duplicate plugin id detected; later plugin may be overridden (/home/tsl/openclaw/extensions/feishu/index.ts)
│
◇  Config warnings ────────────────────────────────────────────────────────╮
│                                                                          │
│  - plugins.entries.feishu: plugin feishu: duplicate plugin id detected;  │
│    later plugin may be overridden                                        │
│    (/home/tsl/openclaw/extensions/feishu/index.ts)                       │
│                                                                          │
├──────────────────────────────────────────────────────────────────────────╯
Config warnings:\n- plugins.entries.feishu: plugin feishu: duplicate plugin id detected; later plugin may be overridden (/home/tsl/openclaw/extensions/feishu/index.ts)
[info]: [ 'client ready' ]
✅ Sent via Feishu. Message ID: om_x100b548ff94e48a0b37e23486d02f09 (chat ou_b3afb7d2133e4d689be523fc48f3d2b3)
[2026-03-19 17:41:38] ❌ VPN 未连接
[2026-03-19 17:41:38] 启动 FortiClient GUI...
[2026-03-19 17:41:41] ✅ FortiClient GUI 已启动
[2026-03-19 17:41:41] 尝试触发 VPN 连接...
[2026-03-19 17:41:41] 触发 VPN 连接...
[2026-03-19 17:41:41] 使用 GUI 自动化点击连接按钮...
[2026-03-19 17:41:42] ========================================
[2026-03-19 17:41:42] 开始 VPN 自动连接
[2026-03-19 17:41:42] ========================================
[2026-03-19 17:41:42] 设置 DISPLAY=:1
[2026-03-19 17:41:42] FortiClient 已在运行
[2026-03-19 17:41:44] 截图已保存: /home/tsl/openclaw/vpn-auto/debug_screen.png
[2026-03-19 17:41:44] 尝试 1/5...
[2026-03-19 17:41:44] 找到图像 saml_button_small.png 在位置: (60, 17)
[2026-03-19 17:41:45] 点击坐标: (60, 17)
[2026-03-19 17:41:45] ✅ 成功点击连接按钮
[2026-03-19 17:41:45] ✅ VPN 连接已触发（SAML 登录）
[2026-03-19 17:41:45] 请在手机上完成 MFA 认证
[2026-03-19 17:41:45] ✅ GUI 自动化成功
[2026-03-19 17:41:45] 发送飞书通知: ⚠️ VPN 连接已断开

VPN 状态：未连接
时间：2026-03-19 17:41:45

已自动启动 FortiClient 并触发 VPN 连接。
请在手机上完成 Microsoft MFA 认证：
1. 打开 Microsoft Authenticator 应用
2. 批准登录请求
3. 或输入验证码

如果未收到 MFA 请求，请手动点击 FortiClient 中的连接按钮。

> openclaw@2026.2.6-3 openclaw /home/tsl/openclaw
> node scripts/run-node.mjs message send --channel feishu --target ou_b3afb7d2133e4d689be523fc48f3d2b3 --message '⚠️ VPN 连接已断开

VPN 状态：未连接
时间：2026-03-19 17:41:45

已自动启动 FortiClient 并触发 VPN 连接。
请在手机上完成 Microsoft MFA 认证：
1. 打开 Microsoft Authenticator 应用
2. 批准登录请求
3. 或输入验证码

如果未收到 MFA 请求，请手动点击 FortiClient 中的连接按钮。'

Config warnings:\n- plugins.entries.feishu: plugin feishu: duplicate plugin id detected; later plugin may be overridden (/home/tsl/openclaw/extensions/feishu/index.ts)
[plugins] feishu_doc: Registered feishu_doc, feishu_app_scopes
[plugins] feishu_wiki: Registered feishu_wiki tool
[plugins] feishu_drive: Registered feishu_drive tool
[plugins] feishu_bitable: Registered 6 bitable tools
Config warnings:\n- plugins.entries.feishu: plugin feishu: duplicate plugin id detected; later plugin may be overridden (/home/tsl/openclaw/extensions/feishu/index.ts)
│
◇  Config warnings ────────────────────────────────────────────────────────╮
│                                                                          │
│  - plugins.entries.feishu: plugin feishu: duplicate plugin id detected;  │
│    later plugin may be overridden                                        │
│    (/home/tsl/openclaw/extensions/feishu/index.ts)                       │
│                                                                          │
├──────────────────────────────────────────────────────────────────────────╯
Config warnings:\n- plugins.entries.feishu: plugin feishu: duplicate plugin id detected; later plugin may be overridden (/home/tsl/openclaw/extensions/feishu/index.ts)
[info]: [ 'client ready' ]
✅ Sent via Feishu. Message ID: om_x100b5488033a00a8b4b8e3ec0a1cea3 (chat ou_b3afb7d2133e4d689be523fc48f3d2b3)
[2026-03-19 17:43:54] ✅ VPN 已连接
[2026-03-19 17:43:54] 发送飞书通知: ✅ VPN 连接已恢复

VPN 状态：已连接
时间：2026-03-19 17:43:54

可以正常访问外网了。

> openclaw@2026.2.6-3 openclaw /home/tsl/openclaw
> node scripts/run-node.mjs message send --channel feishu --target ou_b3afb7d2133e4d689be523fc48f3d2b3 --message '✅ VPN 连接已恢复

VPN 状态：已连接
时间：2026-03-19 17:43:54

可以正常访问外网了。'

Config warnings:\n- plugins.entries.feishu: plugin feishu: duplicate plugin id detected; later plugin may be overridden (/home/tsl/openclaw/extensions/feishu/index.ts)
[plugins] feishu_doc: Registered feishu_doc, feishu_app_scopes
[plugins] feishu_wiki: Registered feishu_wiki tool
[plugins] feishu_drive: Registered feishu_drive tool
[plugins] feishu_bitable: Registered 6 bitable tools
Config warnings:\n- plugins.entries.feishu: plugin feishu: duplicate plugin id detected; later plugin may be overridden (/home/tsl/openclaw/extensions/feishu/index.ts)
│
◇  Config warnings ────────────────────────────────────────────────────────╮
│                                                                          │
│  - plugins.entries.feishu: plugin feishu: duplicate plugin id detected;  │
│    later plugin may be overridden                                        │
│    (/home/tsl/openclaw/extensions/feishu/index.ts)                       │
│                                                                          │
├──────────────────────────────────────────────────────────────────────────╯
Config warnings:\n- plugins.entries.feishu: plugin feishu: duplicate plugin id detected; later plugin may be overridden (/home/tsl/openclaw/extensions/feishu/index.ts)
[info]: [ 'client ready' ]
✅ Sent via Feishu. Message ID: om_x100b548818cd00b8b105e7ec90c26f9 (chat ou_b3afb7d2133e4d689be523fc48f3d2b3)
[2026-03-19 18:26:10] ❌ VPN 未连接
[2026-03-19 18:26:10] 启动 FortiClient GUI...
[2026-03-19 18:26:13] ❌ FortiClient GUI 启动失败
[2026-03-19 18:26:13] 发送飞书通知: ⚠️ VPN 连接已断开

VPN 状态：未连接
时间：2026-03-19 18:26:13

已自动启动 FortiClient 并触发 VPN 连接。
请在手机上完成 Microsoft MFA 认证：
1. 打开 Microsoft Authenticator 应用
2. 批准登录请求
3. 或输入验证码

如果未收到 MFA 请求，请手动点击 FortiClient 中的连接按钮。

> openclaw@2026.2.6-3 openclaw /home/tsl/openclaw
> node scripts/run-node.mjs message send --channel feishu --target ou_b3afb7d2133e4d689be523fc48f3d2b3 --message '⚠️ VPN 连接已断开

VPN 状态：未连接
时间：2026-03-19 18:26:13

已自动启动 FortiClient 并触发 VPN 连接。
请在手机上完成 Microsoft MFA 认证：
1. 打开 Microsoft Authenticator 应用
2. 批准登录请求
3. 或输入验证码

如果未收到 MFA 请求，请手动点击 FortiClient 中的连接按钮。'

 ELIFECYCLE  Command failed.
Terminated
[2026-03-19 19:01:02] =========================================
[2026-03-19 19:01:02] VPN 监控启动（半自动模式）
[2026-03-19 19:01:02] 检查间隔: 60秒
[2026-03-19 19:01:02] =========================================
[2026-03-19 19:01:02] ❌ VPN 未连接
[2026-03-19 19:01:02] 启动 FortiClient GUI...
[2026-03-19 19:01:06] ❌ FortiClient GUI 启动失败
[2026-03-19 19:01:06] 发送飞书通知: ⚠️ VPN 连接已断开

VPN 状态：未连接
时间：2026-03-19 19:01:06

已自动启动 FortiClient 并触发 VPN 连接。
请在手机上完成 Microsoft MFA 认证：
1. 打开 Microsoft Authenticator 应用
2. 批准登录请求
3. 或输入验证码

如果未收到 MFA 请求，请手动点击 FortiClient 中的连接按钮。

> openclaw@2026.2.6-3 openclaw /home/tsl/openclaw
> node scripts/run-node.mjs message send --channel feishu --target ou_b3afb7d2133e4d689be523fc48f3d2b3 --message '⚠️ VPN 连接已断开

VPN 状态：未连接
时间：2026-03-19 19:01:06

已自动启动 FortiClient 并触发 VPN 连接。
请在手机上完成 Microsoft MFA 认证：
1. 打开 Microsoft Authenticator 应用
2. 批准登录请求
3. 或输入验证码

如果未收到 MFA 请求，请手动点击 FortiClient 中的连接按钮。'

 ELIFECYCLE  Command failed.
Terminated
Config warnings:\n- plugins.entries.feishu: plugin feishu: duplicate plugin id detected; later plugin may be overridden (/home/tsl/openclaw/extensions/feishu/index.ts)
[plugins] feishu_doc: Registered feishu_doc, feishu_app_scopes
[plugins] feishu_wiki: Registered feishu_wiki tool
[plugins] feishu_drive: Registered feishu_drive tool
[plugins] feishu_bitable: Registered 6 bitable tools
Config warnings:\n- plugins.entries.feishu: plugin feishu: duplicate plugin id detected; later plugin may be overridden (/home/tsl/openclaw/extensions/feishu/index.ts)
│
◇  Config warnings ────────────────────────────────────────────────────────╮
│                                                                          │
│  - plugins.entries.feishu: plugin feishu: duplicate plugin id detected;  │
│    later plugin may be overridden                                        │
│    (/home/tsl/openclaw/extensions/feishu/index.ts)                       │
│                                                                          │
├──────────────────────────────────────────────────────────────────────────╯
Config warnings:\n- plugins.entries.feishu: plugin feishu: duplicate plugin id detected; later plugin may be overridden (/home/tsl/openclaw/extensions/feishu/index.ts)
[info]: [ 'client ready' ]
✅ Sent via Feishu. Message ID: om_x100b548936a5c484b4ccd040b8b84bc (chat ou_b3afb7d2133e4d689be523fc48f3d2b3)
[2026-03-19 19:04:33] ✅ VPN 已连接
[2026-03-19 19:04:33] 发送飞书通知: ✅ VPN 连接已恢复

VPN 状态：已连接
时间：2026-03-19 19:04:33

可以正常访问外网了。

> openclaw@2026.2.6-3 openclaw /home/tsl/openclaw
> node scripts/run-node.mjs message send --channel feishu --target ou_b3afb7d2133e4d689be523fc48f3d2b3 --message '✅ VPN 连接已恢复

VPN 状态：已连接
时间：2026-03-19 19:04:33

可以正常访问外网了。'

Config warnings:\n- plugins.entries.feishu: plugin feishu: duplicate plugin id detected; later plugin may be overridden (/home/tsl/openclaw/extensions/feishu/index.ts)
[plugins] feishu_doc: Registered feishu_doc, feishu_app_scopes
[plugins] feishu_wiki: Registered feishu_wiki tool
[plugins] feishu_drive: Registered feishu_drive tool
[plugins] feishu_bitable: Registered 6 bitable tools
Config warnings:\n- plugins.entries.feishu: plugin feishu: duplicate plugin id detected; later plugin may be overridden (/home/tsl/openclaw/extensions/feishu/index.ts)
│
◇  Config warnings ────────────────────────────────────────────────────────╮
│                                                                          │
│  - plugins.entries.feishu: plugin feishu: duplicate plugin id detected;  │
│    later plugin may be overridden                                        │
│    (/home/tsl/openclaw/extensions/feishu/index.ts)                       │
│                                                                          │
├──────────────────────────────────────────────────────────────────────────╯
Config warnings:\n- plugins.entries.feishu: plugin feishu: duplicate plugin id detected; later plugin may be overridden (/home/tsl/openclaw/extensions/feishu/index.ts)
[info]: [ 'client ready' ]
✅ Sent via Feishu. Message ID: om_x100b5489caa2e8b0b37058a9c54cf7a (chat ou_b3afb7d2133e4d689be523fc48f3d2b3)
[2026-03-20 03:04:10] ❌ VPN 未连接
[2026-03-20 03:04:10] 启动 FortiClient GUI...
[2026-03-20 03:04:13] ✅ FortiClient GUI 已启动
[2026-03-20 03:04:13] 尝试触发 VPN 连接...
[2026-03-20 03:04:13] 触发 VPN 连接...
[2026-03-20 03:04:13] 使用 GUI 自动化点击连接按钮...
[2026-03-20 03:04:14] ========================================
[2026-03-20 03:04:14] 开始 VPN 自动连接
[2026-03-20 03:04:14] ========================================
[2026-03-20 03:04:14] 设置 DISPLAY=:1
[2026-03-20 03:04:14] FortiClient 已在运行
[2026-03-20 03:04:16] 截图已保存: /home/tsl/openclaw/vpn-auto/debug_screen.png
[2026-03-20 03:04:16] 尝试 1/5...
[2026-03-20 03:04:17] 找到图像 saml_button_small.png 在位置: (60, 17)
[2026-03-20 03:04:17] 点击坐标: (60, 17)
[2026-03-20 03:04:17] ✅ 成功点击连接按钮
[2026-03-20 03:04:17] ✅ VPN 连接已触发（SAML 登录）
[2026-03-20 03:04:17] 请在手机上完成 MFA 认证
[2026-03-20 03:04:17] ✅ GUI 自动化成功
[2026-03-20 03:04:17] 发送飞书通知: ⚠️ VPN 连接已断开

VPN 状态：未连接
时间：2026-03-20 03:04:17

已自动启动 FortiClient 并触发 VPN 连接。
请在手机上完成 Microsoft MFA 认证：
1. 打开 Microsoft Authenticator 应用
2. 批准登录请求
3. 或输入验证码

如果未收到 MFA 请求，请手动点击 FortiClient 中的连接按钮。

> openclaw@2026.2.6-3 openclaw /home/tsl/openclaw
> node scripts/run-node.mjs message send --channel feishu --target ou_b3afb7d2133e4d689be523fc48f3d2b3 --message '⚠️ VPN 连接已断开

VPN 状态：未连接
时间：2026-03-20 03:04:17

已自动启动 FortiClient 并触发 VPN 连接。
请在手机上完成 Microsoft MFA 认证：
1. 打开 Microsoft Authenticator 应用
2. 批准登录请求
3. 或输入验证码

如果未收到 MFA 请求，请手动点击 FortiClient 中的连接按钮。'

Config warnings:\n- plugins.entries.feishu: plugin feishu: duplicate plugin id detected; later plugin may be overridden (/home/tsl/openclaw/extensions/feishu/index.ts)
[plugins] feishu_doc: Registered feishu_doc, feishu_app_scopes
[plugins] feishu_wiki: Registered feishu_wiki tool
[plugins] feishu_drive: Registered feishu_drive tool
[plugins] feishu_bitable: Registered 6 bitable tools
Config warnings:\n- plugins.entries.feishu: plugin feishu: duplicate plugin id detected; later plugin may be overridden (/home/tsl/openclaw/extensions/feishu/index.ts)
│
◇  Config warnings ────────────────────────────────────────────────────────╮
│                                                                          │
│  - plugins.entries.feishu: plugin feishu: duplicate plugin id detected;  │
│    later plugin may be overridden                                        │
│    (/home/tsl/openclaw/extensions/feishu/index.ts)                       │
│                                                                          │
├──────────────────────────────────────────────────────────────────────────╯
Config warnings:\n- plugins.entries.feishu: plugin feishu: duplicate plugin id detected; later plugin may be overridden (/home/tsl/openclaw/extensions/feishu/index.ts)
[info]: [ 'client ready' ]
✅ Sent via Feishu. Message ID: om_x100b54f0c5a0f4a0b287619edf62af8 (chat ou_b3afb7d2133e4d689be523fc48f3d2b3)
[2026-03-20 03:07:29] ✅ VPN 已连接
[2026-03-20 03:07:29] 发送飞书通知: ✅ VPN 连接已恢复

VPN 状态：已连接
时间：2026-03-20 03:07:29

可以正常访问外网了。

> openclaw@2026.2.6-3 openclaw /home/tsl/openclaw
> node scripts/run-node.mjs message send --channel feishu --target ou_b3afb7d2133e4d689be523fc48f3d2b3 --message '✅ VPN 连接已恢复

VPN 状态：已连接
时间：2026-03-20 03:07:29

可以正常访问外网了。'

Config warnings:\n- plugins.entries.feishu: plugin feishu: duplicate plugin id detected; later plugin may be overridden (/home/tsl/openclaw/extensions/feishu/index.ts)
[plugins] feishu_doc: Registered feishu_doc, feishu_app_scopes
[plugins] feishu_wiki: Registered feishu_wiki tool
[plugins] feishu_drive: Registered feishu_drive tool
[plugins] feishu_bitable: Registered 6 bitable tools
Config warnings:\n- plugins.entries.feishu: plugin feishu: duplicate plugin id detected; later plugin may be overridden (/home/tsl/openclaw/extensions/feishu/index.ts)
│
◇  Config warnings ────────────────────────────────────────────────────────╮
│                                                                          │
│  - plugins.entries.feishu: plugin feishu: duplicate plugin id detected;  │
│    later plugin may be overridden                                        │
│    (/home/tsl/openclaw/extensions/feishu/index.ts)                       │
│                                                                          │
├──────────────────────────────────────────────────────────────────────────╯
Config warnings:\n- plugins.entries.feishu: plugin feishu: duplicate plugin id detected; later plugin may be overridden (/home/tsl/openclaw/extensions/feishu/index.ts)
[info]: [ 'client ready' ]
✅ Sent via Feishu. Message ID: om_x100b54f0d99044a0b335682e6a46ab4 (chat ou_b3afb7d2133e4d689be523fc48f3d2b3)
[2026-03-20 11:07:08] ❌ VPN 未连接
[2026-03-20 11:07:08] 启动 FortiClient GUI...
[2026-03-20 11:07:11] ✅ FortiClient GUI 已启动
[2026-03-20 11:07:11] 尝试触发 VPN 连接...
[2026-03-20 11:07:11] 触发 VPN 连接...
[2026-03-20 11:07:11] 使用 GUI 自动化点击连接按钮...
[2026-03-20 11:07:11] ========================================
[2026-03-20 11:07:11] 开始 VPN 自动连接
[2026-03-20 11:07:11] ========================================
[2026-03-20 11:07:11] 设置 DISPLAY=:1
[2026-03-20 11:07:11] FortiClient 已在运行
[2026-03-20 11:07:14] 截图已保存: /home/tsl/openclaw/vpn-auto/debug_screen.png
[2026-03-20 11:07:14] 尝试 1/5...
[2026-03-20 11:07:14] 找到图像 saml_button_small.png 在位置: (60, 17)
[2026-03-20 11:07:14] 点击坐标: (60, 17)
[2026-03-20 11:07:14] ✅ 成功点击连接按钮
[2026-03-20 11:07:14] ✅ VPN 连接已触发（SAML 登录）
[2026-03-20 11:07:14] 请在手机上完成 MFA 认证
[2026-03-20 11:07:14] ✅ GUI 自动化成功
[2026-03-20 11:07:14] 发送飞书通知: ⚠️ VPN 连接已断开

VPN 状态：未连接
时间：2026-03-20 11:07:14

已自动启动 FortiClient 并触发 VPN 连接。
请在手机上完成 Microsoft MFA 认证：
1. 打开 Microsoft Authenticator 应用
2. 批准登录请求
3. 或输入验证码

如果未收到 MFA 请求，请手动点击 FortiClient 中的连接按钮。

> openclaw@2026.2.6-3 openclaw /home/tsl/openclaw
> node scripts/run-node.mjs message send --channel feishu --target ou_b3afb7d2133e4d689be523fc48f3d2b3 --message '⚠️ VPN 连接已断开

VPN 状态：未连接
时间：2026-03-20 11:07:14

已自动启动 FortiClient 并触发 VPN 连接。
请在手机上完成 Microsoft MFA 认证：
1. 打开 Microsoft Authenticator 应用
2. 批准登录请求
3. 或输入验证码

如果未收到 MFA 请求，请手动点击 FortiClient 中的连接按钮。'

Config warnings:\n- plugins.entries.feishu: plugin feishu: duplicate plugin id detected; later plugin may be overridden (/home/tsl/openclaw/extensions/feishu/index.ts)
[plugins] feishu_doc: Registered feishu_doc, feishu_app_scopes
[plugins] feishu_wiki: Registered feishu_wiki tool
[plugins] feishu_drive: Registered feishu_drive tool
[plugins] feishu_bitable: Registered 6 bitable tools
Config warnings:\n- plugins.entries.feishu: plugin feishu: duplicate plugin id detected; later plugin may be overridden (/home/tsl/openclaw/extensions/feishu/index.ts)
│
◇  Config warnings ────────────────────────────────────────────────────────╮
│                                                                          │
│  - plugins.entries.feishu: plugin feishu: duplicate plugin id detected;  │
│    later plugin may be overridden                                        │
│    (/home/tsl/openclaw/extensions/feishu/index.ts)                       │
│                                                                          │
├──────────────────────────────────────────────────────────────────────────╯
Config warnings:\n- plugins.entries.feishu: plugin feishu: duplicate plugin id detected; later plugin may be overridden (/home/tsl/openclaw/extensions/feishu/index.ts)
[info]: [ 'client ready' ]
✅ Sent via Feishu. Message ID: om_x100b54ffd05ec518b287a2e6eaa3a03 (chat ou_b3afb7d2133e4d689be523fc48f3d2b3)
[2026-03-20 11:10:28] ✅ VPN 已连接
[2026-03-20 11:10:28] 发送飞书通知: ✅ VPN 连接已恢复

VPN 状态：已连接
时间：2026-03-20 11:10:28

可以正常访问外网了。

> openclaw@2026.2.6-3 openclaw /home/tsl/openclaw
> node scripts/run-node.mjs message send --channel feishu --target ou_b3afb7d2133e4d689be523fc48f3d2b3 --message '✅ VPN 连接已恢复

VPN 状态：已连接
时间：2026-03-20 11:10:28

可以正常访问外网了。'

Config warnings:\n- plugins.entries.feishu: plugin feishu: duplicate plugin id detected; later plugin may be overridden (/home/tsl/openclaw/extensions/feishu/index.ts)
[plugins] feishu_doc: Registered feishu_doc, feishu_app_scopes
[plugins] feishu_wiki: Registered feishu_wiki tool
[plugins] feishu_drive: Registered feishu_drive tool
[plugins] feishu_bitable: Registered 6 bitable tools
Config warnings:\n- plugins.entries.feishu: plugin feishu: duplicate plugin id detected; later plugin may be overridden (/home/tsl/openclaw/extensions/feishu/index.ts)
│
◇  Config warnings ────────────────────────────────────────────────────────╮
│                                                                          │
│  - plugins.entries.feishu: plugin feishu: duplicate plugin id detected;  │
│    later plugin may be overridden                                        │
│    (/home/tsl/openclaw/extensions/feishu/index.ts)                       │
│                                                                          │
├──────────────────────────────────────────────────────────────────────────╯
Config warnings:\n- plugins.entries.feishu: plugin feishu: duplicate plugin id detected; later plugin may be overridden (/home/tsl/openclaw/extensions/feishu/index.ts)
[info]: [ 'client ready' ]
✅ Sent via Feishu. Message ID: om_x100b54ffe45345a0b4986f266999724 (chat ou_b3afb7d2133e4d689be523fc48f3d2b3)
[2026-03-20 18:14:17] ❌ VPN 未连接
[2026-03-20 18:14:18] 启动 FortiClient GUI...
[2026-03-20 18:14:20] FortiClient GUI 已在运行
[2026-03-20 18:14:20] 尝试触发 VPN 连接...
[2026-03-20 18:14:21] 触发 VPN 连接...
[2026-03-20 18:14:22] 使用 GUI 自动化点击连接按钮...
[2026-03-20 18:17:48] ========================================
[2026-03-20 18:17:48] 开始 VPN 自动连接
[2026-03-20 18:17:48] ========================================
[2026-03-20 18:17:48] 设置 DISPLAY=:1
[2026-03-20 18:17:49] 启动 FortiClient GUI...
[2026-03-20 18:17:52] ✅ FortiClient GUI 已启动
[2026-03-20 18:17:56] 截图已保存: /home/tsl/openclaw/vpn-auto/debug_screen.png
[2026-03-20 18:17:56] 尝试 1/5...
[2026-03-20 18:17:58] 找到图像 saml_button_small.png 在位置: (60, 17)
[2026-03-20 18:18:00] 点击坐标: (60, 17)
[2026-03-20 18:18:00] ✅ 成功点击连接按钮
[2026-03-20 18:18:00] ✅ VPN 连接已触发（SAML 登录）
[2026-03-20 18:18:00] 请在手机上完成 MFA 认证
[2026-03-20 18:18:02] ✅ GUI 自动化成功
[2026-03-20 18:18:02] 发送飞书通知: ⚠️ VPN 连接已断开

VPN 状态：未连接
时间：2026-03-20 18:18:02

已自动启动 FortiClient 并触发 VPN 连接。
请在手机上完成 Microsoft MFA 认证：
1. 打开 Microsoft Authenticator 应用
2. 批准登录请求
3. 或输入验证码

如果未收到 MFA 请求，请手动点击 FortiClient 中的连接按钮。

> openclaw@2026.2.6-3 openclaw /home/tsl/openclaw
> node scripts/run-node.mjs message send --channel feishu --target ou_b3afb7d2133e4d689be523fc48f3d2b3 --message '⚠️ VPN 连接已断开

VPN 状态：未连接
时间：2026-03-20 18:18:02

已自动启动 FortiClient 并触发 VPN 连接。
请在手机上完成 Microsoft MFA 认证：
1. 打开 Microsoft Authenticator 应用
2. 批准登录请求
3. 或输入验证码

如果未收到 MFA 请求，请手动点击 FortiClient 中的连接按钮。'

[2026-03-20 18:26:02] =========================================
[2026-03-20 18:26:02] VPN 监控启动（半自动模式）
[2026-03-20 18:26:02] 检查间隔: 60秒
[2026-03-20 18:26:02] =========================================
[2026-03-20 18:26:02] ❌ VPN 未连接
[2026-03-20 18:26:02] 启动 FortiClient GUI...
[2026-03-20 18:26:05] ❌ FortiClient GUI 启动失败
[2026-03-20 18:26:05] 发送飞书通知: ⚠️ VPN 连接已断开

VPN 状态：未连接
时间：2026-03-20 18:26:05

已自动启动 FortiClient 并触发 VPN 连接。
请在手机上完成 Microsoft MFA 认证：
1. 打开 Microsoft Authenticator 应用
2. 批准登录请求
3. 或输入验证码

如果未收到 MFA 请求，请手动点击 FortiClient 中的连接按钮。

> openclaw@2026.2.6-3 openclaw /home/tsl/openclaw
> node scripts/run-node.mjs message send --channel feishu --target ou_b3afb7d2133e4d689be523fc48f3d2b3 --message '⚠️ VPN 连接已断开

VPN 状态：未连接
时间：2026-03-20 18:26:05

已自动启动 FortiClient 并触发 VPN 连接。
请在手机上完成 Microsoft MFA 认证：
1. 打开 Microsoft Authenticator 应用
2. 批准登录请求
3. 或输入验证码

如果未收到 MFA 请求，请手动点击 FortiClient 中的连接按钮。'

Config warnings:\n- plugins.entries.feishu: plugin feishu: duplicate plugin id detected; later plugin may be overridden (/home/tsl/openclaw/extensions/feishu/index.ts)
 ELIFECYCLE  Command failed.
Terminated
[plugins] feishu_doc: Registered feishu_doc, feishu_app_scopes
[plugins] feishu_wiki: Registered feishu_wiki tool
[plugins] feishu_drive: Registered feishu_drive tool
[plugins] feishu_bitable: Registered 6 bitable tools
Config warnings:\n- plugins.entries.feishu: plugin feishu: duplicate plugin id detected; later plugin may be overridden (/home/tsl/openclaw/extensions/feishu/index.ts)
│
◇  Config warnings ────────────────────────────────────────────────────────╮
│                                                                          │
│  - plugins.entries.feishu: plugin feishu: duplicate plugin id detected;  │
│    later plugin may be overridden                                        │
│    (/home/tsl/openclaw/extensions/feishu/index.ts)                       │
│                                                                          │
├──────────────────────────────────────────────────────────────────────────╯
Config warnings:\n- plugins.entries.feishu: plugin feishu: duplicate plugin id detected; later plugin may be overridden (/home/tsl/openclaw/extensions/feishu/index.ts)
[info]: [ 'client ready' ]
✅ Sent via Feishu. Message ID: om_x100b54e643e07cacb375574e9423abc (chat ou_b3afb7d2133e4d689be523fc48f3d2b3)
[2026-03-20 18:33:45] ✅ VPN 已连接
[2026-03-20 18:33:45] 发送飞书通知: ✅ VPN 连接已恢复

VPN 状态：已连接
时间：2026-03-20 18:33:45

可以正常访问外网了。

> openclaw@2026.2.6-3 openclaw /home/tsl/openclaw
> node scripts/run-node.mjs message send --channel feishu --target ou_b3afb7d2133e4d689be523fc48f3d2b3 --message '✅ VPN 连接已恢复

VPN 状态：已连接
时间：2026-03-20 18:33:45

可以正常访问外网了。'

Config warnings:\n- plugins.entries.feishu: plugin feishu: duplicate plugin id detected; later plugin may be overridden (/home/tsl/openclaw/extensions/feishu/index.ts)
[plugins] feishu_doc: Registered feishu_doc, feishu_app_scopes
[plugins] feishu_wiki: Registered feishu_wiki tool
[plugins] feishu_drive: Registered feishu_drive tool
[plugins] feishu_bitable: Registered 6 bitable tools
Config warnings:\n- plugins.entries.feishu: plugin feishu: duplicate plugin id detected; later plugin may be overridden (/home/tsl/openclaw/extensions/feishu/index.ts)
│
◇  Config warnings ────────────────────────────────────────────────────────╮
│                                                                          │
│  - plugins.entries.feishu: plugin feishu: duplicate plugin id detected;  │
│    later plugin may be overridden                                        │
│    (/home/tsl/openclaw/extensions/feishu/index.ts)                       │
│                                                                          │
├──────────────────────────────────────────────────────────────────────────╯
Config warnings:\n- plugins.entries.feishu: plugin feishu: duplicate plugin id detected; later plugin may be overridden (/home/tsl/openclaw/extensions/feishu/index.ts)
[info]: [ 'client ready' ]
✅ Sent via Feishu. Message ID: om_x100b54e667ccf510b3b7000c1e542cf (chat ou_b3afb7d2133e4d689be523fc48f3d2b3)
