[2026-03-02 14:06:44] ========== VPN 重连开始 ==========
[2026-03-02 14:06:44] 尝试 1/3...
[2026-03-02 14:06:44] 启动 FortiClient GUI...
[2026-03-02 14:06:47] ❌ FortiClient GUI 启动失败
[2026-03-02 14:06:47] 重试 1 失败：无法启动 FortiClient
[2026-03-02 14:06:57] 尝试 2/3...
[2026-03-02 14:06:57] 启动 FortiClient GUI...
[2026-03-02 14:07:00] ❌ FortiClient GUI 启动失败
[2026-03-02 14:07:00] 重试 2 失败：无法启动 FortiClient
[2026-03-02 14:07:10] 尝试 3/3...
[2026-03-02 14:07:10] 启动 FortiClient GUI...
[2026-03-02 14:07:13] ❌ FortiClient GUI 启动失败
[2026-03-02 14:07:13] 重试 3 失败：无法启动 FortiClient
[2026-03-02 14:07:23] ❌ VPN 重连失败（已尝试 3 次）
[2026-03-02 14:07:23] ========== VPN 重连失败 ==========
[2026-03-02 14:08:23] ========== VPN 重连开始 ==========
[2026-03-02 14:08:23] 尝试 1/3...
[2026-03-02 14:08:23] 启动 FortiClient GUI...
[2026-03-02 14:08:26] ❌ FortiClient GUI 启动失败
[2026-03-02 14:08:26] 重试 1 失败：无法启动 FortiClient
[2026-03-02 14:08:36] 尝试 2/3...
[2026-03-02 14:08:36] 启动 FortiClient GUI...
[2026-03-02 14:08:39] ❌ FortiClient GUI 启动失败
[2026-03-02 14:08:39] 重试 2 失败：无法启动 FortiClient
[2026-03-02 14:08:49] 尝试 3/3...
[2026-03-02 14:08:49] 启动 FortiClient GUI...
[2026-03-02 14:08:52] ❌ FortiClient GUI 启动失败
[2026-03-02 14:08:52] 重试 3 失败：无法启动 FortiClient
[2026-03-02 14:09:02] ❌ VPN 重连失败（已尝试 3 次）
[2026-03-02 14:09:02] ========== VPN 重连失败 ==========
[2026-03-02 14:10:03] ========== VPN 重连开始 ==========
[2026-03-02 14:10:03] 尝试 1/3...
[2026-03-02 14:10:03] 启动 FortiClient GUI...
[2026-03-02 14:10:06] ❌ FortiClient GUI 启动失败
[2026-03-02 14:10:06] 重试 1 失败：无法启动 FortiClient
[2026-03-02 14:10:16] 尝试 2/3...
[2026-03-02 14:10:16] 启动 FortiClient GUI...
[2026-03-02 14:10:19] ❌ FortiClient GUI 启动失败
[2026-03-02 14:10:19] 重试 2 失败：无法启动 FortiClient
[2026-03-02 14:10:29] 尝试 3/3...
[2026-03-02 14:10:29] 启动 FortiClient GUI...
[2026-03-02 14:10:32] ❌ FortiClient GUI 启动失败
[2026-03-02 14:10:32] 重试 3 失败：无法启动 FortiClient
[2026-03-03 11:21:30] ========== VPN 重连开始 ==========
[2026-03-03 11:21:30] 尝试 1/3...
[2026-03-03 11:21:30] 启动 FortiClient GUI...
[2026-03-03 11:21:30] FortiClient 已在运行，先关闭...
[2026-03-03 11:21:35] ❌ FortiClient GUI 启动失败
[2026-03-03 11:21:35] 重试 1 失败：无法启动 FortiClient
[2026-03-03 11:21:45] 尝试 2/3...
[2026-03-03 11:21:45] 启动 FortiClient GUI...
[2026-03-03 11:21:48] ❌ FortiClient GUI 启动失败
[2026-03-03 11:21:48] 重试 2 失败：无法启动 FortiClient
[2026-03-03 11:21:58] 尝试 3/3...
[2026-03-03 11:21:58] 启动 FortiClient GUI...
[2026-03-03 11:22:01] ❌ FortiClient GUI 启动失败
[2026-03-03 11:22:01] 重试 3 失败：无法启动 FortiClient
[2026-03-03 11:22:11] ❌ VPN 重连失败（已尝试 3 次）
[2026-03-03 11:22:11] ========== VPN 重连失败 ==========
[2026-03-03 11:23:11] ========== VPN 重连开始 ==========
[2026-03-03 11:23:11] 尝试 1/3...
[2026-03-03 11:23:11] 启动 FortiClient GUI...
[2026-03-03 11:23:14] ❌ FortiClient GUI 启动失败
[2026-03-03 11:23:14] 重试 1 失败：无法启动 FortiClient
[2026-03-03 11:23:24] 尝试 2/3...
[2026-03-03 11:23:24] 启动 FortiClient GUI...
[2026-03-03 11:23:27] ❌ FortiClient GUI 启动失败
[2026-03-03 11:23:27] 重试 2 失败：无法启动 FortiClient
[2026-03-03 11:23:37] 尝试 3/3...
[2026-03-03 11:23:37] 启动 FortiClient GUI...
[2026-03-03 11:23:40] ❌ FortiClient GUI 启动失败
[2026-03-03 11:23:40] 重试 3 失败：无法启动 FortiClient
[2026-03-03 11:23:50] ❌ VPN 重连失败（已尝试 3 次）
[2026-03-03 11:23:50] ========== VPN 重连失败 ==========
[2026-03-03 12:52:55] ========== VPN 重连开始 ==========
[2026-03-03 12:52:55] 尝试 1/3...
[2026-03-03 12:52:55] 启动 FortiClient GUI...
[2026-03-03 12:52:55] FortiClient 已在运行，先关闭...
[2026-03-03 12:53:00] ❌ FortiClient GUI 启动失败
[2026-03-03 12:53:00] 重试 1 失败：无法启动 FortiClient
[2026-03-03 12:53:10] 尝试 2/3...
[2026-03-03 12:53:10] 启动 FortiClient GUI...
[2026-03-03 12:53:10] FortiClient 已在运行，先关闭...
[2026-03-03 12:53:15] ❌ FortiClient GUI 启动失败
[2026-03-03 12:53:15] 重试 2 失败：无法启动 FortiClient
[2026-03-03 12:53:25] 尝试 3/3...
[2026-03-03 12:53:25] 启动 FortiClient GUI...
[2026-03-03 12:53:28] ❌ FortiClient GUI 启动失败
[2026-03-03 12:53:28] 重试 3 失败：无法启动 FortiClient
[2026-03-03 12:53:38] ❌ VPN 重连失败（已尝试 3 次）
[2026-03-03 12:53:38] ========== VPN 重连失败 ==========
[2026-03-03 12:54:38] ========== VPN 重连开始 ==========
[2026-03-03 12:54:38] 尝试 1/3...
[2026-03-03 12:54:38] 启动 FortiClient GUI...
[2026-03-03 12:54:41] ❌ FortiClient GUI 启动失败
[2026-03-03 12:54:41] 重试 1 失败：无法启动 FortiClient
[2026-03-03 12:54:51] 尝试 2/3...
[2026-03-03 12:54:51] 启动 FortiClient GUI...
[2026-03-03 12:54:54] ❌ FortiClient GUI 启动失败
[2026-03-03 12:54:54] 重试 2 失败：无法启动 FortiClient
[2026-03-03 12:55:04] 尝试 3/3...
[2026-03-03 12:55:04] 启动 FortiClient GUI...
[2026-03-03 12:55:04] FortiClient 已在运行，先关闭...
[2026-03-03 12:55:09] ❌ FortiClient GUI 启动失败
[2026-03-03 12:55:09] 重试 3 失败：无法启动 FortiClient
[2026-03-03 12:55:19] ❌ VPN 重连失败（已尝试 3 次）
[2026-03-03 12:55:19] ========== VPN 重连失败 ==========
[2026-03-03 12:56:19] ========== VPN 重连开始 ==========
[2026-03-03 12:56:19] 尝试 1/3...
[2026-03-03 12:56:19] 启动 FortiClient GUI...
[2026-03-03 12:56:19] FortiClient 已在运行，先关闭...
[2026-03-03 12:56:25] ❌ FortiClient GUI 启动失败
[2026-03-03 12:56:25] 重试 1 失败：无法启动 FortiClient
[2026-03-03 12:56:35] 尝试 2/3...
[2026-03-03 12:56:35] 启动 FortiClient GUI...
[2026-03-03 12:56:38] ❌ FortiClient GUI 启动失败
[2026-03-03 12:56:38] 重试 2 失败：无法启动 FortiClient
[2026-03-03 12:56:48] 尝试 3/3...
[2026-03-03 12:56:48] 启动 FortiClient GUI...
[2026-03-03 12:56:48] FortiClient 已在运行，先关闭...
[2026-03-03 12:56:53] ✅ FortiClient GUI 已启动
[2026-03-03 12:56:53] 触发 VPN 连接（Playwright 自动化）...
[INFO] 启动 Playwright 自动登录...
[INFO] 访问 VPN SAML 登录页面...
[INFO] 等待 Microsoft 登录页面...
[ERROR] ❌ 自动登录失败: page.waitForSelector: Timeout 15000ms exceeded.
Call log:
  - waiting for locator('#i0116') to be visible

[2026-03-03 12:57:11] 重试 3 失败：自动登录失败
[2026-03-03 12:57:21] ❌ VPN 重连失败（已尝试 3 次）
[2026-03-03 12:57:21] ========== VPN 重连失败 ==========
[2026-03-03 13:30:23] ========== VPN 重连开始 ==========
[2026-03-03 13:30:23] 尝试 1/3...
[2026-03-03 13:30:23] 启动 FortiClient GUI...
[2026-03-03 13:30:23] FortiClient 已在运行，先关闭...
[2026-03-03 13:30:28] ❌ FortiClient GUI 启动失败
[2026-03-03 13:30:28] 重试 1 失败：无法启动 FortiClient
[2026-03-03 13:30:38] 尝试 2/3...
[2026-03-03 13:30:38] 启动 FortiClient GUI...
[2026-03-03 13:30:38] FortiClient 已在运行，先关闭...
[2026-03-03 13:30:43] ❌ FortiClient GUI 启动失败
[2026-03-03 13:30:43] 重试 2 失败：无法启动 FortiClient
[2026-03-03 13:30:53] 尝试 3/3...
[2026-03-03 13:30:53] 启动 FortiClient GUI...
[2026-03-03 13:30:56] ❌ FortiClient GUI 启动失败
[2026-03-03 13:30:56] 重试 3 失败：无法启动 FortiClient
[2026-03-03 13:31:06] ❌ VPN 重连失败（已尝试 3 次）
[2026-03-03 13:31:06] ========== VPN 重连失败 ==========
[2026-03-03 13:32:06] ========== VPN 重连开始 ==========
[2026-03-03 13:32:06] 尝试 1/3...
[2026-03-03 13:32:06] 启动 FortiClient GUI...
[2026-03-03 13:32:09] ❌ FortiClient GUI 启动失败
[2026-03-03 13:32:09] 重试 1 失败：无法启动 FortiClient
[2026-03-03 13:32:19] 尝试 2/3...
[2026-03-03 13:32:19] 启动 FortiClient GUI...
[2026-03-03 13:32:22] ❌ FortiClient GUI 启动失败
[2026-03-03 13:32:22] 重试 2 失败：无法启动 FortiClient
[2026-03-03 13:32:32] 尝试 3/3...
[2026-03-03 13:32:32] 启动 FortiClient GUI...
[2026-03-03 13:32:35] ❌ FortiClient GUI 启动失败
[2026-03-03 13:32:35] 重试 3 失败：无法启动 FortiClient
[2026-03-03 13:32:45] ❌ VPN 重连失败（已尝试 3 次）
[2026-03-03 13:32:45] ========== VPN 重连失败 ==========
[2026-03-03 13:33:45] ========== VPN 重连开始 ==========
[2026-03-03 13:33:45] 尝试 1/3...
[2026-03-03 13:33:45] 启动 FortiClient GUI...
[2026-03-03 13:33:48] ❌ FortiClient GUI 启动失败
[2026-03-03 13:33:48] 重试 1 失败：无法启动 FortiClient
[2026-03-03 13:33:58] 尝试 2/3...
[2026-03-03 13:33:58] 启动 FortiClient GUI...
[2026-03-03 13:34:01] ❌ FortiClient GUI 启动失败
[2026-03-03 13:34:01] 重试 2 失败：无法启动 FortiClient
[2026-03-03 13:34:11] 尝试 3/3...
[2026-03-03 13:34:11] 启动 FortiClient GUI...
[2026-03-03 13:34:14] ❌ FortiClient GUI 启动失败
[2026-03-03 13:34:14] 重试 3 失败：无法启动 FortiClient
[2026-03-03 13:34:24] ❌ VPN 重连失败（已尝试 3 次）
[2026-03-03 13:34:24] ========== VPN 重连失败 ==========
[2026-03-03 13:35:25] ========== VPN 重连开始 ==========
[2026-03-03 13:35:25] 尝试 1/3...
[2026-03-03 13:35:25] 启动 FortiClient GUI...
[2026-03-03 13:35:28] ❌ FortiClient GUI 启动失败
[2026-03-03 13:35:28] 重试 1 失败：无法启动 FortiClient
[2026-03-03 13:35:38] 尝试 2/3...
[2026-03-03 13:35:38] 启动 FortiClient GUI...
[2026-03-03 13:35:41] ❌ FortiClient GUI 启动失败
[2026-03-03 13:35:41] 重试 2 失败：无法启动 FortiClient
[2026-03-03 13:35:51] 尝试 3/3...
[2026-03-03 13:35:51] 启动 FortiClient GUI...
[2026-03-03 13:35:54] ❌ FortiClient GUI 启动失败
[2026-03-03 13:35:54] 重试 3 失败：无法启动 FortiClient
[2026-03-03 13:36:04] ❌ VPN 重连失败（已尝试 3 次）
[2026-03-03 13:36:04] ========== VPN 重连失败 ==========
[2026-03-03 13:37:04] ========== VPN 重连开始 ==========
[2026-03-03 13:37:04] 尝试 1/3...
[2026-03-03 13:37:04] 启动 FortiClient GUI...
[2026-03-03 13:37:07] ❌ FortiClient GUI 启动失败
[2026-03-03 13:37:07] 重试 1 失败：无法启动 FortiClient
[2026-03-03 13:37:17] 尝试 2/3...
[2026-03-03 13:37:17] 启动 FortiClient GUI...
[2026-03-03 13:37:20] ❌ FortiClient GUI 启动失败
[2026-03-03 13:37:20] 重试 2 失败：无法启动 FortiClient
[2026-03-03 13:37:30] 尝试 3/3...
[2026-03-03 13:37:30] 启动 FortiClient GUI...
[2026-03-03 13:37:33] ❌ FortiClient GUI 启动失败
[2026-03-03 13:37:33] 重试 3 失败：无法启动 FortiClient
[2026-03-03 13:37:43] ❌ VPN 重连失败（已尝试 3 次）
[2026-03-03 13:37:43] ========== VPN 重连失败 ==========
[2026-03-03 13:38:43] ========== VPN 重连开始 ==========
[2026-03-03 13:38:43] 尝试 1/3...
[2026-03-03 13:38:43] 启动 FortiClient GUI...
[2026-03-03 13:38:46] ❌ FortiClient GUI 启动失败
[2026-03-03 13:38:46] 重试 1 失败：无法启动 FortiClient
[2026-03-03 13:38:56] 尝试 2/3...
[2026-03-03 13:38:56] 启动 FortiClient GUI...
[2026-03-03 13:38:59] ❌ FortiClient GUI 启动失败
[2026-03-03 13:38:59] 重试 2 失败：无法启动 FortiClient
[2026-03-03 13:39:09] 尝试 3/3...
[2026-03-03 13:39:09] 启动 FortiClient GUI...
[2026-03-03 13:39:12] ❌ FortiClient GUI 启动失败
[2026-03-03 13:39:12] 重试 3 失败：无法启动 FortiClient
[2026-03-03 13:39:22] ❌ VPN 重连失败（已尝试 3 次）
[2026-03-03 13:39:22] ========== VPN 重连失败 ==========
[2026-03-03 13:53:23] ========== VPN 重连开始 ==========
[2026-03-03 13:53:23] 尝试 1/3...
[2026-03-03 13:53:23] 启动 FortiClient GUI...
[2026-03-03 13:53:23] FortiClient 已在运行，先关闭...
[2026-03-03 13:53:28] ❌ FortiClient GUI 启动失败
[2026-03-03 13:53:28] 重试 1 失败：无法启动 FortiClient
[2026-03-03 13:53:38] 尝试 2/3...
[2026-03-03 13:53:38] 启动 FortiClient GUI...
[2026-03-03 13:53:41] ❌ FortiClient GUI 启动失败
[2026-03-03 13:53:41] 重试 2 失败：无法启动 FortiClient
[2026-03-03 13:53:51] 尝试 3/3...
[2026-03-03 13:53:51] 启动 FortiClient GUI...
[2026-03-03 13:53:54] ❌ FortiClient GUI 启动失败
[2026-03-03 13:53:54] 重试 3 失败：无法启动 FortiClient
[2026-03-03 13:54:04] ❌ VPN 重连失败（已尝试 3 次）
[2026-03-03 13:54:04] ========== VPN 重连失败 ==========
[2026-03-03 13:55:04] ========== VPN 重连开始 ==========
[2026-03-03 13:55:04] 尝试 1/3...
[2026-03-03 13:55:04] 启动 FortiClient GUI...
[2026-03-03 13:55:07] ❌ FortiClient GUI 启动失败
[2026-03-03 13:55:07] 重试 1 失败：无法启动 FortiClient
[2026-03-03 13:55:17] 尝试 2/3...
[2026-03-03 13:55:17] 启动 FortiClient GUI...
[2026-03-03 13:55:20] ❌ FortiClient GUI 启动失败
[2026-03-03 13:55:20] 重试 2 失败：无法启动 FortiClient
[2026-03-03 13:55:30] 尝试 3/3...
[2026-03-03 13:55:30] 启动 FortiClient GUI...
[2026-03-03 13:55:33] ❌ FortiClient GUI 启动失败
[2026-03-03 13:55:33] 重试 3 失败：无法启动 FortiClient
[2026-03-03 13:55:43] ❌ VPN 重连失败（已尝试 3 次）
[2026-03-03 13:55:43] ========== VPN 重连失败 ==========
[2026-03-03 13:56:43] ========== VPN 重连开始 ==========
[2026-03-03 13:56:43] 尝试 1/3...
[2026-03-03 13:56:43] 启动 FortiClient GUI...
[2026-03-03 13:56:46] ❌ FortiClient GUI 启动失败
[2026-03-03 13:56:46] 重试 1 失败：无法启动 FortiClient
[2026-03-03 13:56:56] 尝试 2/3...
[2026-03-03 13:56:56] 启动 FortiClient GUI...
[2026-03-03 13:56:59] ❌ FortiClient GUI 启动失败
[2026-03-03 13:56:59] 重试 2 失败：无法启动 FortiClient
[2026-03-03 13:57:09] 尝试 3/3...
[2026-03-03 13:57:09] 启动 FortiClient GUI...
[2026-03-03 13:57:13] ❌ FortiClient GUI 启动失败
[2026-03-03 13:57:13] 重试 3 失败：无法启动 FortiClient
[2026-03-03 13:57:23] ❌ VPN 重连失败（已尝试 3 次）
[2026-03-03 13:57:23] ========== VPN 重连失败 ==========
[2026-03-03 13:58:23] ========== VPN 重连开始 ==========
[2026-03-03 13:58:23] 尝试 1/3...
[2026-03-03 13:58:23] 启动 FortiClient GUI...
[2026-03-03 13:58:26] ❌ FortiClient GUI 启动失败
[2026-03-03 13:58:26] 重试 1 失败：无法启动 FortiClient
[2026-03-03 13:58:36] 尝试 2/3...
[2026-03-03 13:58:36] 启动 FortiClient GUI...
[2026-03-03 13:58:39] ❌ FortiClient GUI 启动失败
[2026-03-03 13:58:39] 重试 2 失败：无法启动 FortiClient
[2026-03-03 13:58:49] 尝试 3/3...
[2026-03-03 13:58:49] 启动 FortiClient GUI...
[2026-03-03 13:58:52] ❌ FortiClient GUI 启动失败
[2026-03-03 13:58:52] 重试 3 失败：无法启动 FortiClient
[2026-03-03 13:59:02] ❌ VPN 重连失败（已尝试 3 次）
[2026-03-03 13:59:02] ========== VPN 重连失败 ==========
[2026-03-03 14:00:02] ========== VPN 重连开始 ==========
[2026-03-03 14:00:02] 尝试 1/3...
[2026-03-03 14:00:02] 启动 FortiClient GUI...
[2026-03-03 14:00:02] FortiClient 已在运行，先关闭...
[2026-03-03 14:00:07] ❌ FortiClient GUI 启动失败
[2026-03-03 14:00:07] 重试 1 失败：无法启动 FortiClient
[2026-03-03 14:00:17] 尝试 2/3...
[2026-03-03 14:00:17] 启动 FortiClient GUI...
[2026-03-03 14:00:20] ❌ FortiClient GUI 启动失败
[2026-03-03 14:00:20] 重试 2 失败：无法启动 FortiClient
[2026-03-03 14:00:30] 尝试 3/3...
[2026-03-03 14:00:30] 启动 FortiClient GUI...
[2026-03-03 14:00:33] ❌ FortiClient GUI 启动失败
[2026-03-03 14:00:33] 重试 3 失败：无法启动 FortiClient
[2026-03-03 14:00:43] ❌ VPN 重连失败（已尝试 3 次）
[2026-03-03 14:00:43] ========== VPN 重连失败 ==========
[2026-03-03 14:01:43] ========== VPN 重连开始 ==========
[2026-03-03 14:01:43] 尝试 1/3...
[2026-03-03 14:01:43] 启动 FortiClient GUI...
[2026-03-03 14:01:43] FortiClient 已在运行，先关闭...
[2026-03-03 14:01:48] ❌ FortiClient GUI 启动失败
[2026-03-03 14:01:48] 重试 1 失败：无法启动 FortiClient
[2026-03-03 14:01:58] 尝试 2/3...
[2026-03-03 14:01:58] 启动 FortiClient GUI...
[2026-03-03 14:02:01] ❌ FortiClient GUI 启动失败
[2026-03-03 14:02:01] 重试 2 失败：无法启动 FortiClient
[2026-03-03 14:02:11] 尝试 3/3...
[2026-03-03 14:02:11] 启动 FortiClient GUI...
[2026-03-03 14:02:14] ❌ FortiClient GUI 启动失败
[2026-03-03 14:02:14] 重试 3 失败：无法启动 FortiClient
[2026-03-03 14:02:24] ❌ VPN 重连失败（已尝试 3 次）
[2026-03-03 14:02:24] ========== VPN 重连失败 ==========
[2026-03-03 14:03:24] ========== VPN 重连开始 ==========
[2026-03-03 14:03:24] 尝试 1/3...
[2026-03-03 14:03:24] 启动 FortiClient GUI...
[2026-03-03 14:03:27] ❌ FortiClient GUI 启动失败
[2026-03-03 14:03:27] 重试 1 失败：无法启动 FortiClient
[2026-03-03 14:03:37] 尝试 2/3...
[2026-03-03 14:03:37] 启动 FortiClient GUI...
[2026-03-03 14:03:40] ❌ FortiClient GUI 启动失败
[2026-03-03 14:03:40] 重试 2 失败：无法启动 FortiClient
[2026-03-03 14:03:50] 尝试 3/3...
[2026-03-03 14:03:50] 启动 FortiClient GUI...
[2026-03-03 14:03:54] ❌ FortiClient GUI 启动失败
[2026-03-03 14:03:54] 重试 3 失败：无法启动 FortiClient
[2026-03-03 14:04:04] ❌ VPN 重连失败（已尝试 3 次）
[2026-03-03 14:04:04] ========== VPN 重连失败 ==========
[2026-03-03 14:05:04] ========== VPN 重连开始 ==========
[2026-03-03 14:05:04] 尝试 1/3...
[2026-03-03 14:05:04] 启动 FortiClient GUI...
[2026-03-03 14:05:04] FortiClient 已在运行，先关闭...
[2026-03-03 14:05:09] ❌ FortiClient GUI 启动失败
[2026-03-03 14:05:09] 重试 1 失败：无法启动 FortiClient
[2026-03-03 14:05:19] 尝试 2/3...
[2026-03-03 14:05:19] 启动 FortiClient GUI...
[2026-03-03 14:05:22] ❌ FortiClient GUI 启动失败
[2026-03-03 14:05:22] 重试 2 失败：无法启动 FortiClient
[2026-03-03 14:05:32] 尝试 3/3...
[2026-03-03 14:05:32] 启动 FortiClient GUI...
[2026-03-03 14:05:35] ❌ FortiClient GUI 启动失败
[2026-03-03 14:05:35] 重试 3 失败：无法启动 FortiClient
[2026-03-03 14:05:45] ❌ VPN 重连失败（已尝试 3 次）
[2026-03-03 14:05:45] ========== VPN 重连失败 ==========
[2026-03-03 14:06:45] ========== VPN 重连开始 ==========
[2026-03-03 14:06:45] 尝试 1/3...
[2026-03-03 14:06:45] 启动 FortiClient GUI...
[2026-03-03 14:06:48] ❌ FortiClient GUI 启动失败
[2026-03-03 14:06:48] 重试 1 失败：无法启动 FortiClient
[2026-03-03 14:06:58] 尝试 2/3...
[2026-03-03 14:06:58] 启动 FortiClient GUI...
[2026-03-03 14:07:01] ❌ FortiClient GUI 启动失败
[2026-03-03 14:07:01] 重试 2 失败：无法启动 FortiClient
[2026-03-03 14:07:11] 尝试 3/3...
[2026-03-03 14:07:11] 启动 FortiClient GUI...
[2026-03-03 14:07:14] ❌ FortiClient GUI 启动失败
[2026-03-03 14:07:14] 重试 3 失败：无法启动 FortiClient
[2026-03-03 14:07:24] ❌ VPN 重连失败（已尝试 3 次）
[2026-03-03 14:07:24] ========== VPN 重连失败 ==========
[2026-03-03 14:08:24] ========== VPN 重连开始 ==========
[2026-03-03 14:08:24] 尝试 1/3...
[2026-03-03 14:08:24] 启动 FortiClient GUI...
[2026-03-03 14:08:27] ❌ FortiClient GUI 启动失败
[2026-03-03 14:08:27] 重试 1 失败：无法启动 FortiClient
[2026-03-03 14:08:37] 尝试 2/3...
[2026-03-03 14:08:37] 启动 FortiClient GUI...
[2026-03-03 14:08:40] ❌ FortiClient GUI 启动失败
[2026-03-03 14:08:40] 重试 2 失败：无法启动 FortiClient
[2026-03-03 14:08:50] 尝试 3/3...
[2026-03-03 14:08:50] 启动 FortiClient GUI...
[2026-03-03 14:08:53] ❌ FortiClient GUI 启动失败
[2026-03-03 14:08:53] 重试 3 失败：无法启动 FortiClient
[2026-03-03 14:09:03] ❌ VPN 重连失败（已尝试 3 次）
[2026-03-03 14:09:03] ========== VPN 重连失败 ==========
[2026-03-03 14:10:03] ========== VPN 重连开始 ==========
[2026-03-03 14:10:03] 尝试 1/3...
[2026-03-03 14:10:03] 启动 FortiClient GUI...
[2026-03-03 14:10:06] ❌ FortiClient GUI 启动失败
[2026-03-03 14:10:06] 重试 1 失败：无法启动 FortiClient
[2026-03-03 14:10:16] 尝试 2/3...
[2026-03-03 14:10:16] 启动 FortiClient GUI...
[2026-03-03 14:10:19] ❌ FortiClient GUI 启动失败
[2026-03-03 14:10:19] 重试 2 失败：无法启动 FortiClient
[2026-03-03 14:10:29] 尝试 3/3...
[2026-03-03 14:10:29] 启动 FortiClient GUI...
[2026-03-03 14:10:29] FortiClient 已在运行，先关闭...
[2026-03-03 14:10:34] ❌ FortiClient GUI 启动失败
[2026-03-03 14:10:34] 重试 3 失败：无法启动 FortiClient
[2026-03-03 14:10:44] ❌ VPN 重连失败（已尝试 3 次）
[2026-03-03 14:10:44] ========== VPN 重连失败 ==========
[2026-03-03 14:11:44] ========== VPN 重连开始 ==========
[2026-03-03 14:11:44] 尝试 1/3...
[2026-03-03 14:11:44] 启动 FortiClient GUI...
[2026-03-03 14:11:47] ❌ FortiClient GUI 启动失败
[2026-03-03 14:11:47] 重试 1 失败：无法启动 FortiClient
[2026-03-03 14:11:57] 尝试 2/3...
[2026-03-03 14:11:57] 启动 FortiClient GUI...
[2026-03-03 14:12:00] ❌ FortiClient GUI 启动失败
[2026-03-03 14:12:00] 重试 2 失败：无法启动 FortiClient
[2026-03-03 14:12:10] 尝试 3/3...
[2026-03-03 14:12:10] 启动 FortiClient GUI...
[2026-03-03 14:12:14] ❌ FortiClient GUI 启动失败
[2026-03-03 14:12:14] 重试 3 失败：无法启动 FortiClient
[2026-03-03 14:12:24] ❌ VPN 重连失败（已尝试 3 次）
[2026-03-03 14:12:24] ========== VPN 重连失败 ==========
[2026-03-03 14:13:24] ========== VPN 重连开始 ==========
[2026-03-03 14:13:24] 尝试 1/3...
[2026-03-03 14:13:24] 启动 FortiClient GUI...
[2026-03-03 14:13:24] FortiClient 已在运行，先关闭...
[2026-03-03 14:13:29] ❌ FortiClient GUI 启动失败
[2026-03-03 14:13:29] 重试 1 失败：无法启动 FortiClient
[2026-03-03 14:13:39] 尝试 2/3...
[2026-03-03 14:13:39] 启动 FortiClient GUI...
[2026-03-03 14:13:42] ❌ FortiClient GUI 启动失败
[2026-03-03 14:13:42] 重试 2 失败：无法启动 FortiClient
[2026-03-03 14:13:52] 尝试 3/3...
[2026-03-03 14:13:52] 启动 FortiClient GUI...
[2026-03-03 14:13:55] ❌ FortiClient GUI 启动失败
[2026-03-03 14:13:55] 重试 3 失败：无法启动 FortiClient
[2026-03-03 14:14:05] ❌ VPN 重连失败（已尝试 3 次）
[2026-03-03 14:14:05] ========== VPN 重连失败 ==========
[2026-03-03 14:15:05] ========== VPN 重连开始 ==========
[2026-03-03 14:15:05] 尝试 1/3...
[2026-03-03 14:15:05] 启动 FortiClient GUI...
[2026-03-03 14:15:08] ❌ FortiClient GUI 启动失败
[2026-03-03 14:15:08] 重试 1 失败：无法启动 FortiClient
[2026-03-03 14:15:18] 尝试 2/3...
[2026-03-03 14:15:18] 启动 FortiClient GUI...
[2026-03-03 14:15:21] ❌ FortiClient GUI 启动失败
[2026-03-03 14:15:21] 重试 2 失败：无法启动 FortiClient
[2026-03-03 14:15:31] 尝试 3/3...
[2026-03-03 14:15:31] 启动 FortiClient GUI...
[2026-03-03 14:15:31] FortiClient 已在运行，先关闭...
[2026-03-03 14:15:36] ❌ FortiClient GUI 启动失败
[2026-03-03 14:15:36] 重试 3 失败：无法启动 FortiClient
[2026-03-03 14:15:46] ❌ VPN 重连失败（已尝试 3 次）
[2026-03-03 14:15:46] ========== VPN 重连失败 ==========
[2026-03-03 14:16:46] ========== VPN 重连开始 ==========
[2026-03-03 14:16:46] 尝试 1/3...
[2026-03-03 14:16:46] 启动 FortiClient GUI...
[2026-03-03 14:16:49] ❌ FortiClient GUI 启动失败
[2026-03-03 14:16:49] 重试 1 失败：无法启动 FortiClient
[2026-03-03 14:16:59] 尝试 2/3...
[2026-03-03 14:16:59] 启动 FortiClient GUI...
[2026-03-03 14:17:02] ❌ FortiClient GUI 启动失败
[2026-03-03 14:17:02] 重试 2 失败：无法启动 FortiClient
[2026-03-03 14:17:12] 尝试 3/3...
[2026-03-03 14:17:12] 启动 FortiClient GUI...
[2026-03-03 14:17:15] ❌ FortiClient GUI 启动失败
[2026-03-03 14:17:15] 重试 3 失败：无法启动 FortiClient
[2026-03-03 14:17:25] ❌ VPN 重连失败（已尝试 3 次）
[2026-03-03 14:17:25] ========== VPN 重连失败 ==========
[2026-03-03 14:18:25] ========== VPN 重连开始 ==========
[2026-03-03 14:18:25] 尝试 1/3...
[2026-03-03 14:18:25] 启动 FortiClient GUI...
[2026-03-03 14:18:25] FortiClient 已在运行，先关闭...
[2026-03-03 14:18:30] ❌ FortiClient GUI 启动失败
[2026-03-03 14:18:30] 重试 1 失败：无法启动 FortiClient
[2026-03-03 14:18:40] 尝试 2/3...
[2026-03-03 14:18:40] 启动 FortiClient GUI...
[2026-03-03 14:18:43] ❌ FortiClient GUI 启动失败
[2026-03-03 14:18:43] 重试 2 失败：无法启动 FortiClient
[2026-03-03 14:18:53] 尝试 3/3...
[2026-03-03 14:18:53] 启动 FortiClient GUI...
[2026-03-03 14:18:56] ❌ FortiClient GUI 启动失败
[2026-03-03 14:18:56] 重试 3 失败：无法启动 FortiClient
[2026-03-03 14:19:06] ❌ VPN 重连失败（已尝试 3 次）
[2026-03-03 14:19:06] ========== VPN 重连失败 ==========
[2026-03-03 14:20:06] ========== VPN 重连开始 ==========
[2026-03-03 14:20:06] 尝试 1/3...
[2026-03-03 14:20:06] 启动 FortiClient GUI...
[2026-03-03 14:20:10] ❌ FortiClient GUI 启动失败
[2026-03-03 14:20:10] 重试 1 失败：无法启动 FortiClient
[2026-03-03 14:20:20] 尝试 2/3...
[2026-03-03 14:20:20] 启动 FortiClient GUI...
[2026-03-03 14:20:23] ❌ FortiClient GUI 启动失败
[2026-03-03 14:20:23] 重试 2 失败：无法启动 FortiClient
[2026-03-03 14:20:33] 尝试 3/3...
[2026-03-03 14:20:33] 启动 FortiClient GUI...
[2026-03-03 14:20:33] FortiClient 已在运行，先关闭...
[2026-03-03 14:20:38] ❌ FortiClient GUI 启动失败
[2026-03-03 14:20:38] 重试 3 失败：无法启动 FortiClient
[2026-03-03 14:20:48] ❌ VPN 重连失败（已尝试 3 次）
[2026-03-03 14:20:48] ========== VPN 重连失败 ==========
[2026-03-03 14:21:48] ========== VPN 重连开始 ==========
[2026-03-03 14:21:48] 尝试 1/3...
[2026-03-03 14:21:48] 启动 FortiClient GUI...
[2026-03-03 14:21:51] ❌ FortiClient GUI 启动失败
[2026-03-03 14:21:51] 重试 1 失败：无法启动 FortiClient
[2026-03-03 14:22:01] 尝试 2/3...
[2026-03-03 14:22:01] 启动 FortiClient GUI...
[2026-03-03 14:22:04] ❌ FortiClient GUI 启动失败
[2026-03-03 14:22:04] 重试 2 失败：无法启动 FortiClient
[2026-03-03 14:22:14] 尝试 3/3...
[2026-03-03 14:22:14] 启动 FortiClient GUI...
[2026-03-03 14:22:17] ❌ FortiClient GUI 启动失败
[2026-03-03 14:22:17] 重试 3 失败：无法启动 FortiClient
[2026-03-03 14:22:27] ❌ VPN 重连失败（已尝试 3 次）
[2026-03-03 14:22:27] ========== VPN 重连失败 ==========
[2026-03-03 14:23:27] ========== VPN 重连开始 ==========
[2026-03-03 14:23:27] 尝试 1/3...
[2026-03-03 14:23:27] 启动 FortiClient GUI...
[2026-03-03 14:23:30] ❌ FortiClient GUI 启动失败
[2026-03-03 14:23:30] 重试 1 失败：无法启动 FortiClient
[2026-03-03 14:23:40] 尝试 2/3...
[2026-03-03 14:23:40] 启动 FortiClient GUI...
[2026-03-03 14:23:43] ❌ FortiClient GUI 启动失败
[2026-03-03 14:23:43] 重试 2 失败：无法启动 FortiClient
[2026-03-03 14:23:53] 尝试 3/3...
[2026-03-03 14:23:53] 启动 FortiClient GUI...
[2026-03-03 14:23:56] ❌ FortiClient GUI 启动失败
[2026-03-03 14:23:56] 重试 3 失败：无法启动 FortiClient
[2026-03-03 14:24:06] ❌ VPN 重连失败（已尝试 3 次）
[2026-03-03 14:24:06] ========== VPN 重连失败 ==========
[2026-03-03 14:38:07] ========== VPN 重连开始 ==========
[2026-03-03 14:38:07] 尝试 1/3...
[2026-03-03 14:38:07] 启动 FortiClient GUI...
[2026-03-03 14:38:07] FortiClient 已在运行，先关闭...
[2026-03-03 14:38:12] ✅ FortiClient GUI 已启动
[2026-03-03 14:38:12] 触发 VPN 连接（Playwright 自动化）...
[INFO] 启动 Playwright 自动登录...
[INFO] 访问 VPN SAML 登录页面...
[INFO] 等待 Microsoft 登录页面...
[INFO] 输入用户名...
[INFO] 等待密码输入框...
[INFO] 输入密码...
[INFO] 等待认证完成...
[INFO] 当前 URL: https://login.microsoftonline.com/25dfd0e1-efae-4b13-8d6b-b82c74544999/login
[INFO] 找到按钮: 
[INFO] 等待重定向到 VPN...
[WARN] 等待重定向超时，检查当前状态...
[INFO] 最终 URL: https://login.microsoftonline.com/25dfd0e1-efae-4b13-8d6b-b82c74544999/login
[ERROR] ❌ 自动登录失败: 未能重定向到 VPN 页面
[2026-03-03 14:39:22] 重试 1 失败：自动登录失败
[2026-03-03 14:39:32] 尝试 2/3...
[2026-03-03 14:39:32] 启动 FortiClient GUI...
[2026-03-03 14:39:35] ❌ FortiClient GUI 启动失败
[2026-03-03 14:39:35] 重试 2 失败：无法启动 FortiClient
[2026-03-03 14:39:45] 尝试 3/3...
[2026-03-03 14:39:45] 启动 FortiClient GUI...
[2026-03-03 14:39:45] FortiClient 已在运行，先关闭...
[2026-03-03 14:39:50] ❌ FortiClient GUI 启动失败
[2026-03-03 14:39:50] 重试 3 失败：无法启动 FortiClient
[2026-03-03 14:40:00] ❌ VPN 重连失败（已尝试 3 次）
[2026-03-03 14:40:00] ========== VPN 重连失败 ==========
[2026-03-03 14:41:00] ========== VPN 重连开始 ==========
[2026-03-03 14:41:00] 尝试 1/3...
[2026-03-03 14:41:00] 启动 FortiClient GUI...
[2026-03-03 14:41:03] ❌ FortiClient GUI 启动失败
[2026-03-03 14:41:03] 重试 1 失败：无法启动 FortiClient
[2026-03-03 14:41:13] 尝试 2/3...
[2026-03-03 14:41:13] 启动 FortiClient GUI...
[2026-03-03 14:41:16] ❌ FortiClient GUI 启动失败
[2026-03-03 14:41:16] 重试 2 失败：无法启动 FortiClient
[2026-03-03 14:41:26] 尝试 3/3...
[2026-03-03 14:41:26] 启动 FortiClient GUI...
[2026-03-03 14:41:29] ❌ FortiClient GUI 启动失败
[2026-03-03 14:41:29] 重试 3 失败：无法启动 FortiClient
[2026-03-03 14:41:39] ❌ VPN 重连失败（已尝试 3 次）
[2026-03-03 14:41:39] ========== VPN 重连失败 ==========
[2026-03-03 14:47:40] ========== VPN 重连开始 ==========
[2026-03-03 14:47:40] 尝试 1/3...
[2026-03-03 14:47:40] 启动 FortiClient GUI...
[2026-03-03 14:47:40] FortiClient 已在运行，先关闭...
[2026-03-03 14:47:45] ❌ FortiClient GUI 启动失败
[2026-03-03 14:47:45] 重试 1 失败：无法启动 FortiClient
[2026-03-03 14:47:55] 尝试 2/3...
[2026-03-03 14:47:55] 启动 FortiClient GUI...
[2026-03-03 14:47:58] ❌ FortiClient GUI 启动失败
[2026-03-03 14:47:58] 重试 2 失败：无法启动 FortiClient
[2026-03-03 14:48:08] 尝试 3/3...
[2026-03-03 14:48:08] 启动 FortiClient GUI...
[2026-03-03 14:48:11] ❌ FortiClient GUI 启动失败
[2026-03-03 14:48:11] 重试 3 失败：无法启动 FortiClient
[2026-03-03 14:48:21] ❌ VPN 重连失败（已尝试 3 次）
[2026-03-03 14:48:21] ========== VPN 重连失败 ==========
[2026-03-03 14:49:21] ========== VPN 重连开始 ==========
[2026-03-03 14:49:21] 尝试 1/3...
[2026-03-03 14:49:21] 启动 FortiClient GUI...
[2026-03-03 14:49:24] ❌ FortiClient GUI 启动失败
[2026-03-03 14:49:24] 重试 1 失败：无法启动 FortiClient
[2026-03-03 14:49:34] 尝试 2/3...
[2026-03-03 14:49:34] 启动 FortiClient GUI...
[2026-03-03 14:49:37] ❌ FortiClient GUI 启动失败
[2026-03-03 14:49:37] 重试 2 失败：无法启动 FortiClient
[2026-03-03 14:49:47] 尝试 3/3...
[2026-03-03 14:49:47] 启动 FortiClient GUI...
[2026-03-03 14:49:50] ❌ FortiClient GUI 启动失败
[2026-03-03 14:49:50] 重试 3 失败：无法启动 FortiClient
[2026-03-03 14:50:00] ❌ VPN 重连失败（已尝试 3 次）
[2026-03-03 14:50:00] ========== VPN 重连失败 ==========
[2026-03-03 14:54:00] ========== VPN 重连开始 ==========
[2026-03-03 14:54:00] 尝试 1/3...
[2026-03-03 14:54:00] 启动 FortiClient GUI...
[2026-03-03 14:54:00] FortiClient 已在运行，先关闭...
[2026-03-03 14:54:05] ✅ FortiClient GUI 已启动
[2026-03-03 14:54:05] 触发 VPN 连接（Playwright 自动化）...
[INFO] 启动 Playwright 自动登录...
[INFO] 访问 VPN SAML 登录页面...
[INFO] 等待 Microsoft 登录页面...
[INFO] 输入用户名...
[INFO] 等待密码输入框...
[INFO] 输入密码...
[INFO] 等待认证完成...
[INFO] 当前 URL: https://login.microsoftonline.com/25dfd0e1-efae-4b13-8d6b-b82c74544999/login
[INFO] 找到按钮: 
[INFO] 等待重定向到 VPN...
[WARN] 等待重定向超时，检查当前状态...
[INFO] 最终 URL: https://login.microsoftonline.com/25dfd0e1-efae-4b13-8d6b-b82c74544999/login
[ERROR] ❌ 自动登录失败: 未能重定向到 VPN 页面
[2026-03-03 14:55:15] 重试 1 失败：自动登录失败
[2026-03-03 14:55:25] 尝试 2/3...
[2026-03-03 14:55:25] 启动 FortiClient GUI...
[2026-03-03 14:55:28] ❌ FortiClient GUI 启动失败
[2026-03-03 14:55:28] 重试 2 失败：无法启动 FortiClient
[2026-03-03 14:55:38] 尝试 3/3...
[2026-03-03 14:55:38] 启动 FortiClient GUI...
[2026-03-03 14:55:41] ❌ FortiClient GUI 启动失败
[2026-03-03 14:55:41] 重试 3 失败：无法启动 FortiClient
[2026-03-03 14:55:51] ❌ VPN 重连失败（已尝试 3 次）
[2026-03-03 14:55:51] ========== VPN 重连失败 ==========
[2026-03-03 14:56:51] ========== VPN 重连开始 ==========
[2026-03-03 14:56:51] 尝试 1/3...
[2026-03-03 14:56:51] 启动 FortiClient GUI...
[2026-03-03 14:56:51] FortiClient 已在运行，先关闭...
[2026-03-03 14:56:57] ❌ FortiClient GUI 启动失败
[2026-03-03 14:56:57] 重试 1 失败：无法启动 FortiClient
[2026-03-03 14:57:07] 尝试 2/3...
[2026-03-03 14:57:07] 启动 FortiClient GUI...
[2026-03-03 14:57:10] ❌ FortiClient GUI 启动失败
[2026-03-03 14:57:10] 重试 2 失败：无法启动 FortiClient
[2026-03-03 14:57:20] 尝试 3/3...
[2026-03-03 14:57:20] 启动 FortiClient GUI...
[2026-03-03 14:57:23] ❌ FortiClient GUI 启动失败
[2026-03-03 14:57:23] 重试 3 失败：无法启动 FortiClient
[2026-03-03 14:57:33] ❌ VPN 重连失败（已尝试 3 次）
[2026-03-03 14:57:33] ========== VPN 重连失败 ==========
[2026-03-03 22:59:01] ========== VPN 重连开始 ==========
[2026-03-03 22:59:01] 尝试 1/3...
[2026-03-03 22:59:01] 启动 FortiClient GUI...
[2026-03-03 22:59:01] FortiClient 已在运行，先关闭...
[2026-03-03 22:59:06] ❌ FortiClient GUI 启动失败
[2026-03-03 22:59:06] 重试 1 失败：无法启动 FortiClient
[2026-03-03 22:59:16] 尝试 2/3...
[2026-03-03 22:59:16] 启动 FortiClient GUI...
[2026-03-03 22:59:19] ❌ FortiClient GUI 启动失败
[2026-03-03 22:59:19] 重试 2 失败：无法启动 FortiClient
[2026-03-03 22:59:29] 尝试 3/3...
[2026-03-03 22:59:29] 启动 FortiClient GUI...
[2026-03-03 22:59:32] ❌ FortiClient GUI 启动失败
[2026-03-03 22:59:32] 重试 3 失败：无法启动 FortiClient
[2026-03-03 22:59:42] ❌ VPN 重连失败（已尝试 3 次）
[2026-03-03 22:59:42] ========== VPN 重连失败 ==========
[2026-03-03 23:00:42] ========== VPN 重连开始 ==========
[2026-03-03 23:00:42] 尝试 1/3...
[2026-03-03 23:00:42] 启动 FortiClient GUI...
[2026-03-03 23:00:45] ❌ FortiClient GUI 启动失败
[2026-03-03 23:00:45] 重试 1 失败：无法启动 FortiClient
[2026-03-03 23:00:55] 尝试 2/3...
[2026-03-03 23:00:55] 启动 FortiClient GUI...
[2026-03-03 23:00:55] FortiClient 已在运行，先关闭...
[2026-03-03 23:01:00] ❌ FortiClient GUI 启动失败
[2026-03-03 23:01:00] 重试 2 失败：无法启动 FortiClient
[2026-03-03 23:01:10] 尝试 3/3...
[2026-03-03 23:01:10] 启动 FortiClient GUI...
[2026-03-03 23:01:13] ❌ FortiClient GUI 启动失败
[2026-03-03 23:01:13] 重试 3 失败：无法启动 FortiClient
[2026-03-03 23:01:23] ❌ VPN 重连失败（已尝试 3 次）
[2026-03-03 23:01:23] ========== VPN 重连失败 ==========
[2026-03-03 23:02:23] ========== VPN 重连开始 ==========
[2026-03-03 23:02:23] 尝试 1/3...
[2026-03-03 23:02:23] 启动 FortiClient GUI...
[2026-03-03 23:02:26] ❌ FortiClient GUI 启动失败
[2026-03-03 23:02:26] 重试 1 失败：无法启动 FortiClient
[2026-03-03 23:02:36] 尝试 2/3...
[2026-03-03 23:02:36] 启动 FortiClient GUI...
[2026-03-03 23:02:39] ❌ FortiClient GUI 启动失败
[2026-03-03 23:02:39] 重试 2 失败：无法启动 FortiClient
[2026-03-03 23:02:49] 尝试 3/3...
[2026-03-03 23:02:49] 启动 FortiClient GUI...
[2026-03-03 23:02:52] ❌ FortiClient GUI 启动失败
[2026-03-03 23:02:52] 重试 3 失败：无法启动 FortiClient
[2026-03-03 23:03:02] ❌ VPN 重连失败（已尝试 3 次）
[2026-03-03 23:03:02] ========== VPN 重连失败 ==========
[2026-03-04 07:04:34] ========== VPN 重连开始 ==========
[2026-03-04 07:04:34] 尝试 1/3...
[2026-03-04 07:04:34] 启动 FortiClient GUI...
[2026-03-04 07:04:37] ❌ FortiClient GUI 启动失败
[2026-03-04 07:04:37] 重试 1 失败：无法启动 FortiClient
[2026-03-04 07:04:47] 尝试 2/3...
[2026-03-04 07:04:47] 启动 FortiClient GUI...
[2026-03-04 07:04:50] ❌ FortiClient GUI 启动失败
[2026-03-04 07:04:50] 重试 2 失败：无法启动 FortiClient
[2026-03-04 07:05:00] 尝试 3/3...
[2026-03-04 07:05:00] 启动 FortiClient GUI...
[2026-03-04 07:05:00] FortiClient 已在运行，先关闭...
[2026-03-04 07:05:05] ❌ FortiClient GUI 启动失败
[2026-03-04 07:05:05] 重试 3 失败：无法启动 FortiClient
[2026-03-04 07:05:15] ❌ VPN 重连失败（已尝试 3 次）
[2026-03-04 07:05:15] ========== VPN 重连失败 ==========
[2026-03-04 07:06:15] ========== VPN 重连开始 ==========
[2026-03-04 07:06:15] 尝试 1/3...
[2026-03-04 07:06:15] 启动 FortiClient GUI...
[2026-03-04 07:06:18] ❌ FortiClient GUI 启动失败
[2026-03-04 07:06:18] 重试 1 失败：无法启动 FortiClient
[2026-03-04 07:06:28] 尝试 2/3...
[2026-03-04 07:06:28] 启动 FortiClient GUI...
[2026-03-04 07:06:28] FortiClient 已在运行，先关闭...
[2026-03-04 07:06:33] ❌ FortiClient GUI 启动失败
[2026-03-04 07:06:33] 重试 2 失败：无法启动 FortiClient
[2026-03-04 07:06:43] 尝试 3/3...
[2026-03-04 07:06:43] 启动 FortiClient GUI...
[2026-03-04 07:06:46] ❌ FortiClient GUI 启动失败
[2026-03-04 07:06:46] 重试 3 失败：无法启动 FortiClient
[2026-03-04 07:06:56] ❌ VPN 重连失败（已尝试 3 次）
[2026-03-04 07:06:56] ========== VPN 重连失败 ==========
[2026-03-04 07:07:56] ========== VPN 重连开始 ==========
[2026-03-04 07:07:56] 尝试 1/3...
[2026-03-04 07:07:56] 启动 FortiClient GUI...
[2026-03-04 07:07:59] ❌ FortiClient GUI 启动失败
[2026-03-04 07:07:59] 重试 1 失败：无法启动 FortiClient
[2026-03-04 07:08:09] 尝试 2/3...
[2026-03-04 07:08:09] 启动 FortiClient GUI...
[2026-03-04 07:08:12] ❌ FortiClient GUI 启动失败
[2026-03-04 07:08:12] 重试 2 失败：无法启动 FortiClient
[2026-03-04 07:08:22] 尝试 3/3...
[2026-03-04 07:08:22] 启动 FortiClient GUI...
[2026-03-04 07:08:26] ❌ FortiClient GUI 启动失败
[2026-03-04 07:08:26] 重试 3 失败：无法启动 FortiClient
[2026-03-04 07:08:36] ❌ VPN 重连失败（已尝试 3 次）
[2026-03-04 07:08:36] ========== VPN 重连失败 ==========
[2026-03-04 14:53:06] ========== VPN 重连开始 ==========
[2026-03-04 14:53:06] 尝试 1/3...
[2026-03-04 14:53:06] 启动 FortiClient GUI...
[2026-03-04 14:53:06] FortiClient 已在运行，先关闭...
[2026-03-04 14:53:11] ❌ FortiClient GUI 启动失败
[2026-03-04 14:53:11] 重试 1 失败：无法启动 FortiClient
[2026-03-04 14:53:21] 尝试 2/3...
[2026-03-04 14:53:21] 启动 FortiClient GUI...
[2026-03-04 14:53:24] ❌ FortiClient GUI 启动失败
[2026-03-04 14:53:24] 重试 2 失败：无法启动 FortiClient
[2026-03-04 14:53:34] 尝试 3/3...
[2026-03-04 14:53:34] 启动 FortiClient GUI...
[2026-03-04 14:53:37] ❌ FortiClient GUI 启动失败
[2026-03-04 14:53:37] 重试 3 失败：无法启动 FortiClient
[2026-03-04 14:53:47] ❌ VPN 重连失败（已尝试 3 次）
[2026-03-04 14:53:47] ========== VPN 重连失败 ==========
[2026-03-04 14:54:47] ========== VPN 重连开始 ==========
[2026-03-04 14:54:47] 尝试 1/3...
[2026-03-04 14:54:47] 启动 FortiClient GUI...
[2026-03-04 14:54:50] ❌ FortiClient GUI 启动失败
[2026-03-04 14:54:50] 重试 1 失败：无法启动 FortiClient
[2026-03-04 14:55:00] 尝试 2/3...
[2026-03-04 14:55:00] 启动 FortiClient GUI...
[2026-03-04 14:55:03] ❌ FortiClient GUI 启动失败
[2026-03-04 14:55:03] 重试 2 失败：无法启动 FortiClient
[2026-03-04 14:55:13] 尝试 3/3...
[2026-03-04 14:55:13] 启动 FortiClient GUI...
[2026-03-04 14:55:16] ❌ FortiClient GUI 启动失败
[2026-03-04 14:55:16] 重试 3 失败：无法启动 FortiClient
[2026-03-04 14:55:26] ❌ VPN 重连失败（已尝试 3 次）
[2026-03-04 14:55:26] ========== VPN 重连失败 ==========
[2026-03-04 17:36:37] ========== VPN 重连开始 ==========
[2026-03-04 17:36:37] 尝试 1/3...
[2026-03-04 17:36:37] 启动 FortiClient GUI...
[2026-03-04 17:36:37] FortiClient 已在运行，先关闭...
[2026-03-04 17:36:42] ❌ FortiClient GUI 启动失败
[2026-03-04 17:36:42] 重试 1 失败：无法启动 FortiClient
[2026-03-04 17:36:52] 尝试 2/3...
[2026-03-04 17:36:52] 启动 FortiClient GUI...
[2026-03-04 17:36:55] ❌ FortiClient GUI 启动失败
[2026-03-04 17:36:55] 重试 2 失败：无法启动 FortiClient
[2026-03-04 17:37:05] 尝试 3/3...
[2026-03-04 17:37:05] 启动 FortiClient GUI...
[2026-03-04 17:37:08] ❌ FortiClient GUI 启动失败
[2026-03-04 17:37:08] 重试 3 失败：无法启动 FortiClient
[2026-03-04 17:37:18] ❌ VPN 重连失败（已尝试 3 次）
[2026-03-04 17:37:18] ========== VPN 重连失败 ==========
[2026-03-04 17:38:18] ========== VPN 重连开始 ==========
[2026-03-04 17:38:18] 尝试 1/3...
[2026-03-04 17:38:18] 启动 FortiClient GUI...
[2026-03-04 17:38:18] FortiClient 已在运行，先关闭...
[2026-03-04 17:38:23] ❌ FortiClient GUI 启动失败
[2026-03-04 17:38:23] 重试 1 失败：无法启动 FortiClient
[2026-03-04 17:38:33] 尝试 2/3...
[2026-03-04 17:38:33] 启动 FortiClient GUI...
[2026-03-04 17:38:37] ❌ FortiClient GUI 启动失败
[2026-03-04 17:38:37] 重试 2 失败：无法启动 FortiClient
[2026-03-04 17:38:47] 尝试 3/3...
[2026-03-04 17:38:47] 启动 FortiClient GUI...
[2026-03-04 17:38:50] ❌ FortiClient GUI 启动失败
[2026-03-04 17:38:50] 重试 3 失败：无法启动 FortiClient
[2026-03-04 17:39:00] ❌ VPN 重连失败（已尝试 3 次）
[2026-03-04 17:39:00] ========== VPN 重连失败 ==========
[2026-03-04 17:40:00] ========== VPN 重连开始 ==========
[2026-03-04 17:40:00] 尝试 1/3...
[2026-03-04 17:40:00] 启动 FortiClient GUI...
[2026-03-04 17:40:03] ❌ FortiClient GUI 启动失败
[2026-03-04 17:40:03] 重试 1 失败：无法启动 FortiClient
[2026-03-04 17:40:13] 尝试 2/3...
[2026-03-04 17:40:13] 启动 FortiClient GUI...
[2026-03-04 17:40:16] ❌ FortiClient GUI 启动失败
[2026-03-04 17:40:16] 重试 2 失败：无法启动 FortiClient
[2026-03-04 17:40:26] 尝试 3/3...
[2026-03-04 17:40:26] 启动 FortiClient GUI...
[2026-03-04 17:40:29] ❌ FortiClient GUI 启动失败
[2026-03-04 17:40:29] 重试 3 失败：无法启动 FortiClient
[2026-03-04 17:40:39] ❌ VPN 重连失败（已尝试 3 次）
[2026-03-04 17:40:39] ========== VPN 重连失败 ==========
[2026-03-05 01:42:12] ========== VPN 重连开始 ==========
[2026-03-05 01:42:12] 尝试 1/3...
[2026-03-05 01:42:12] 启动 FortiClient GUI...
[2026-03-05 01:42:15] ❌ FortiClient GUI 启动失败
[2026-03-05 01:42:15] 重试 1 失败：无法启动 FortiClient
[2026-03-05 01:42:25] 尝试 2/3...
[2026-03-05 01:42:25] 启动 FortiClient GUI...
[2026-03-05 01:42:28] ❌ FortiClient GUI 启动失败
[2026-03-05 01:42:28] 重试 2 失败：无法启动 FortiClient
[2026-03-05 01:42:38] 尝试 3/3...
[2026-03-05 01:42:38] 启动 FortiClient GUI...
[2026-03-05 01:42:41] ❌ FortiClient GUI 启动失败
[2026-03-05 01:42:41] 重试 3 失败：无法启动 FortiClient
[2026-03-05 01:42:51] ❌ VPN 重连失败（已尝试 3 次）
[2026-03-05 01:42:51] ========== VPN 重连失败 ==========
[2026-03-05 01:43:51] ========== VPN 重连开始 ==========
[2026-03-05 01:43:51] 尝试 1/3...
[2026-03-05 01:43:51] 启动 FortiClient GUI...
[2026-03-05 01:43:51] FortiClient 已在运行，先关闭...
[2026-03-05 01:43:56] ❌ FortiClient GUI 启动失败
[2026-03-05 01:43:56] 重试 1 失败：无法启动 FortiClient
[2026-03-05 01:44:06] 尝试 2/3...
[2026-03-05 01:44:06] 启动 FortiClient GUI...
[2026-03-05 01:44:09] ❌ FortiClient GUI 启动失败
[2026-03-05 01:44:09] 重试 2 失败：无法启动 FortiClient
[2026-03-05 01:44:19] 尝试 3/3...
[2026-03-05 01:44:19] 启动 FortiClient GUI...
[2026-03-05 01:44:22] ❌ FortiClient GUI 启动失败
[2026-03-05 01:44:22] 重试 3 失败：无法启动 FortiClient
[2026-03-05 01:44:32] ❌ VPN 重连失败（已尝试 3 次）
[2026-03-05 01:44:32] ========== VPN 重连失败 ==========
[2026-03-05 01:45:32] ========== VPN 重连开始 ==========
[2026-03-05 01:45:32] 尝试 1/3...
[2026-03-05 01:45:32] 启动 FortiClient GUI...
[2026-03-05 01:45:35] ❌ FortiClient GUI 启动失败
[2026-03-05 01:45:35] 重试 1 失败：无法启动 FortiClient
[2026-03-05 01:45:45] 尝试 2/3...
[2026-03-05 01:45:45] 启动 FortiClient GUI...
[2026-03-05 01:45:48] ❌ FortiClient GUI 启动失败
[2026-03-05 01:45:48] 重试 2 失败：无法启动 FortiClient
[2026-03-05 01:45:58] 尝试 3/3...
[2026-03-05 01:45:58] 启动 FortiClient GUI...
[2026-03-05 01:46:01] ❌ FortiClient GUI 启动失败
[2026-03-05 01:46:01] 重试 3 失败：无法启动 FortiClient
[2026-03-05 01:46:11] ❌ VPN 重连失败（已尝试 3 次）
[2026-03-05 01:46:11] ========== VPN 重连失败 ==========
[2026-03-05 02:31:14] ========== VPN 重连开始 ==========
[2026-03-05 02:31:14] 尝试 1/3...
[2026-03-05 02:31:14] 启动 FortiClient GUI...
[2026-03-05 02:31:14] FortiClient 已在运行，先关闭...
[2026-03-05 02:31:19] ❌ FortiClient GUI 启动失败
[2026-03-05 02:31:19] 重试 1 失败：无法启动 FortiClient
[2026-03-05 02:31:29] 尝试 2/3...
[2026-03-05 02:31:29] 启动 FortiClient GUI...
[2026-03-05 02:31:32] ❌ FortiClient GUI 启动失败
[2026-03-05 02:31:32] 重试 2 失败：无法启动 FortiClient
[2026-03-05 02:31:42] 尝试 3/3...
[2026-03-05 02:31:42] 启动 FortiClient GUI...
[2026-03-05 02:31:46] ❌ FortiClient GUI 启动失败
[2026-03-05 02:31:46] 重试 3 失败：无法启动 FortiClient
[2026-03-05 02:31:56] ❌ VPN 重连失败（已尝试 3 次）
[2026-03-05 02:31:56] ========== VPN 重连失败 ==========
[2026-03-05 02:32:56] ========== VPN 重连开始 ==========
[2026-03-05 02:32:56] 尝试 1/3...
[2026-03-05 02:32:56] 启动 FortiClient GUI...
[2026-03-05 02:32:59] ✅ FortiClient GUI 已启动
[2026-03-05 02:32:59] 触发 VPN 连接（Playwright 自动化）...
[INFO] 启动 Playwright 自动登录...
[INFO] 访问 VPN SAML 登录页面...
[WARN] 页面加载超时，继续...
[INFO] 等待 Microsoft 登录页面...
[ERROR] ❌ 自动登录失败: page.waitForSelector: Timeout 15000ms exceeded.
Call log:
  - waiting for locator('#i0116') to be visible

[2026-03-05 02:33:44] 重试 1 失败：自动登录失败
[2026-03-05 02:33:54] 尝试 2/3...
[2026-03-05 02:33:54] 启动 FortiClient GUI...
[2026-03-05 02:33:57] ❌ FortiClient GUI 启动失败
[2026-03-05 02:33:57] 重试 2 失败：无法启动 FortiClient
[2026-03-05 02:34:07] 尝试 3/3...
[2026-03-05 02:34:07] 启动 FortiClient GUI...
[2026-03-05 02:34:11] ❌ FortiClient GUI 启动失败
[2026-03-05 02:34:11] 重试 3 失败：无法启动 FortiClient
[2026-03-05 02:34:21] ❌ VPN 重连失败（已尝试 3 次）
[2026-03-05 02:34:21] ========== VPN 重连失败 ==========
[2026-03-05 02:36:21] ========== VPN 重连开始 ==========
[2026-03-05 02:36:21] 尝试 1/3...
[2026-03-05 02:36:21] 启动 FortiClient GUI...
[2026-03-05 02:36:24] ❌ FortiClient GUI 启动失败
[2026-03-05 02:36:24] 重试 1 失败：无法启动 FortiClient
[2026-03-05 02:36:34] 尝试 2/3...
[2026-03-05 02:36:34] 启动 FortiClient GUI...
[2026-03-05 02:36:37] ❌ FortiClient GUI 启动失败
[2026-03-05 02:36:37] 重试 2 失败：无法启动 FortiClient
[2026-03-05 02:36:47] 尝试 3/3...
[2026-03-05 02:36:47] 启动 FortiClient GUI...
[2026-03-05 02:36:50] ❌ FortiClient GUI 启动失败
[2026-03-05 02:36:50] 重试 3 失败：无法启动 FortiClient
[2026-03-05 02:37:00] ❌ VPN 重连失败（已尝试 3 次）
[2026-03-05 02:37:00] ========== VPN 重连失败 ==========
[2026-03-05 02:38:00] ========== VPN 重连开始 ==========
[2026-03-05 02:38:00] 尝试 1/3...
[2026-03-05 02:38:00] 启动 FortiClient GUI...
[2026-03-05 02:38:03] ✅ FortiClient GUI 已启动
[2026-03-05 02:38:03] 触发 VPN 连接（Playwright 自动化）...
[INFO] 启动 Playwright 自动登录...
[INFO] 访问 VPN SAML 登录页面...
[WARN] 页面加载超时，继续...
[INFO] 等待 Microsoft 登录页面...
[ERROR] ❌ 自动登录失败: page.waitForSelector: Timeout 15000ms exceeded.
Call log:
  - waiting for locator('#i0116') to be visible

[2026-03-05 02:38:49] 重试 1 失败：自动登录失败
[2026-03-05 02:38:59] 尝试 2/3...
[2026-03-05 02:38:59] 启动 FortiClient GUI...
[2026-03-05 02:39:02] ❌ FortiClient GUI 启动失败
[2026-03-05 02:39:02] 重试 2 失败：无法启动 FortiClient
[2026-03-05 02:39:12] 尝试 3/3...
[2026-03-05 02:39:12] 启动 FortiClient GUI...
[2026-03-05 02:39:15] ❌ FortiClient GUI 启动失败
[2026-03-05 02:39:15] 重试 3 失败：无法启动 FortiClient
[2026-03-05 02:39:25] ❌ VPN 重连失败（已尝试 3 次）
[2026-03-05 02:39:25] ========== VPN 重连失败 ==========
[2026-03-05 03:31:28] ========== VPN 重连开始 ==========
[2026-03-05 03:31:28] 尝试 1/3...
[2026-03-05 03:31:28] 启动 FortiClient GUI...
[2026-03-05 03:31:31] ❌ FortiClient GUI 启动失败
[2026-03-05 03:31:31] 重试 1 失败：无法启动 FortiClient
[2026-03-05 03:31:41] 尝试 2/3...
[2026-03-05 03:31:41] 启动 FortiClient GUI...
[2026-03-05 03:31:44] ❌ FortiClient GUI 启动失败
[2026-03-05 03:31:44] 重试 2 失败：无法启动 FortiClient
[2026-03-05 03:31:54] 尝试 3/3...
[2026-03-05 03:31:54] 启动 FortiClient GUI...
[2026-03-05 03:31:58] ❌ FortiClient GUI 启动失败
[2026-03-05 03:31:58] 重试 3 失败：无法启动 FortiClient
[2026-03-05 03:32:08] ❌ VPN 重连失败（已尝试 3 次）
[2026-03-05 03:32:08] ========== VPN 重连失败 ==========
[2026-03-05 03:33:08] ========== VPN 重连开始 ==========
[2026-03-05 03:33:08] 尝试 1/3...
[2026-03-05 03:33:08] 启动 FortiClient GUI...
[2026-03-05 03:33:11] ✅ FortiClient GUI 已启动
[2026-03-05 03:33:11] 触发 VPN 连接（Playwright 自动化）...
[INFO] 启动 Playwright 自动登录...
[INFO] 访问 VPN SAML 登录页面...
[INFO] 等待 Microsoft 登录页面...
[ERROR] ❌ 自动登录失败: page.waitForSelector: Timeout 15000ms exceeded.
Call log:
  - waiting for locator('#i0116') to be visible

[2026-03-05 03:33:44] 重试 1 失败：自动登录失败
[2026-03-05 03:33:54] 尝试 2/3...
[2026-03-05 03:33:54] 启动 FortiClient GUI...
[2026-03-05 03:33:57] ❌ FortiClient GUI 启动失败
[2026-03-05 03:33:57] 重试 2 失败：无法启动 FortiClient
[2026-03-05 03:34:07] 尝试 3/3...
[2026-03-05 03:34:07] 启动 FortiClient GUI...
[2026-03-05 03:34:10] ❌ FortiClient GUI 启动失败
[2026-03-05 03:34:10] 重试 3 失败：无法启动 FortiClient
[2026-03-05 03:34:20] ❌ VPN 重连失败（已尝试 3 次）
[2026-03-05 03:34:20] ========== VPN 重连失败 ==========
[2026-03-05 03:36:20] ========== VPN 重连开始 ==========
[2026-03-05 03:36:20] 尝试 1/3...
[2026-03-05 03:36:20] 启动 FortiClient GUI...
[2026-03-05 03:36:23] ❌ FortiClient GUI 启动失败
[2026-03-05 03:36:23] 重试 1 失败：无法启动 FortiClient
[2026-03-05 03:36:33] 尝试 2/3...
[2026-03-05 03:36:33] 启动 FortiClient GUI...
[2026-03-05 03:36:36] ❌ FortiClient GUI 启动失败
[2026-03-05 03:36:36] 重试 2 失败：无法启动 FortiClient
[2026-03-05 03:36:46] 尝试 3/3...
[2026-03-05 03:36:46] 启动 FortiClient GUI...
[2026-03-05 03:36:49] ❌ FortiClient GUI 启动失败
[2026-03-05 03:36:49] 重试 3 失败：无法启动 FortiClient
[2026-03-05 03:36:59] ❌ VPN 重连失败（已尝试 3 次）
[2026-03-05 03:36:59] ========== VPN 重连失败 ==========
[2026-03-05 03:37:59] ========== VPN 重连开始 ==========
[2026-03-05 03:37:59] 尝试 1/3...
[2026-03-05 03:37:59] 启动 FortiClient GUI...
[2026-03-05 03:37:59] FortiClient 已在运行，先关闭...
[2026-03-05 03:38:04] ❌ FortiClient GUI 启动失败
[2026-03-05 03:38:04] 重试 1 失败：无法启动 FortiClient
[2026-03-05 03:38:14] 尝试 2/3...
[2026-03-05 03:38:14] 启动 FortiClient GUI...
[2026-03-05 03:38:17] ❌ FortiClient GUI 启动失败
[2026-03-05 03:38:17] 重试 2 失败：无法启动 FortiClient
[2026-03-05 03:38:27] 尝试 3/3...
[2026-03-05 03:38:27] 启动 FortiClient GUI...
[2026-03-05 03:38:30] ❌ FortiClient GUI 启动失败
[2026-03-05 03:38:30] 重试 3 失败：无法启动 FortiClient
[2026-03-05 03:38:40] ❌ VPN 重连失败（已尝试 3 次）
[2026-03-05 03:38:40] ========== VPN 重连失败 ==========
[2026-03-05 03:39:40] ========== VPN 重连开始 ==========
[2026-03-05 03:39:40] 尝试 1/3...
[2026-03-05 03:39:40] 启动 FortiClient GUI...
[2026-03-05 03:39:43] ❌ FortiClient GUI 启动失败
[2026-03-05 03:39:43] 重试 1 失败：无法启动 FortiClient
[2026-03-05 03:39:53] 尝试 2/3...
[2026-03-05 03:39:53] 启动 FortiClient GUI...
[2026-03-05 03:39:57] ❌ FortiClient GUI 启动失败
[2026-03-05 03:39:57] 重试 2 失败：无法启动 FortiClient
[2026-03-05 03:40:07] 尝试 3/3...
[2026-03-05 03:40:07] 启动 FortiClient GUI...
[2026-03-05 03:40:10] ❌ FortiClient GUI 启动失败
[2026-03-05 03:40:10] 重试 3 失败：无法启动 FortiClient
[2026-03-05 03:40:20] ❌ VPN 重连失败（已尝试 3 次）
[2026-03-05 03:40:20] ========== VPN 重连失败 ==========
[2026-03-05 03:41:20] ========== VPN 重连开始 ==========
[2026-03-05 03:41:20] 尝试 1/3...
[2026-03-05 03:41:20] 启动 FortiClient GUI...
[2026-03-05 03:41:20] FortiClient 已在运行，先关闭...
[2026-03-05 03:41:25] ❌ FortiClient GUI 启动失败
[2026-03-05 03:41:25] 重试 1 失败：无法启动 FortiClient
[2026-03-05 03:41:35] 尝试 2/3...
[2026-03-05 03:41:35] 启动 FortiClient GUI...
[2026-03-05 03:41:38] ❌ FortiClient GUI 启动失败
[2026-03-05 03:41:38] 重试 2 失败：无法启动 FortiClient
[2026-03-05 03:41:48] 尝试 3/3...
[2026-03-05 03:41:48] 启动 FortiClient GUI...
[2026-03-05 03:41:51] ❌ FortiClient GUI 启动失败
[2026-03-05 03:41:51] 重试 3 失败：无法启动 FortiClient
[2026-03-05 03:42:01] ❌ VPN 重连失败（已尝试 3 次）
[2026-03-05 03:42:01] ========== VPN 重连失败 ==========
[2026-03-05 03:43:01] ========== VPN 重连开始 ==========
[2026-03-05 03:43:01] 尝试 1/3...
[2026-03-05 03:43:01] 启动 FortiClient GUI...
[2026-03-05 03:43:01] FortiClient 已在运行，先关闭...
[2026-03-05 03:43:06] ❌ FortiClient GUI 启动失败
[2026-03-05 03:43:06] 重试 1 失败：无法启动 FortiClient
[2026-03-05 03:43:16] 尝试 2/3...
[2026-03-05 03:43:16] 启动 FortiClient GUI...
[2026-03-05 03:43:19] ❌ FortiClient GUI 启动失败
[2026-03-05 03:43:19] 重试 2 失败：无法启动 FortiClient
[2026-03-05 03:43:29] 尝试 3/3...
[2026-03-05 03:43:29] 启动 FortiClient GUI...
[2026-03-05 03:43:32] ❌ FortiClient GUI 启动失败
[2026-03-05 03:43:32] 重试 3 失败：无法启动 FortiClient
[2026-03-05 03:43:42] ❌ VPN 重连失败（已尝试 3 次）
[2026-03-05 03:43:42] ========== VPN 重连失败 ==========
[2026-03-05 04:31:46] ========== VPN 重连开始 ==========
[2026-03-05 04:31:46] 尝试 1/3...
[2026-03-05 04:31:46] 启动 FortiClient GUI...
[2026-03-05 04:31:49] ❌ FortiClient GUI 启动失败
[2026-03-05 04:31:49] 重试 1 失败：无法启动 FortiClient
[2026-03-05 04:31:59] 尝试 2/3...
[2026-03-05 04:31:59] 启动 FortiClient GUI...
[2026-03-05 04:32:02] ❌ FortiClient GUI 启动失败
[2026-03-05 04:32:02] 重试 2 失败：无法启动 FortiClient
[2026-03-05 04:32:12] 尝试 3/3...
[2026-03-05 04:32:12] 启动 FortiClient GUI...
[2026-03-05 04:32:12] FortiClient 已在运行，先关闭...
[2026-03-05 04:32:17] ❌ FortiClient GUI 启动失败
[2026-03-05 04:32:17] 重试 3 失败：无法启动 FortiClient
[2026-03-05 04:32:27] ❌ VPN 重连失败（已尝试 3 次）
[2026-03-05 04:32:27] ========== VPN 重连失败 ==========
[2026-03-05 04:33:27] ========== VPN 重连开始 ==========
[2026-03-05 04:33:27] 尝试 1/3...
[2026-03-05 04:33:27] 启动 FortiClient GUI...
[2026-03-05 04:33:27] FortiClient 已在运行，先关闭...
[2026-03-05 04:33:32] ❌ FortiClient GUI 启动失败
[2026-03-05 04:33:32] 重试 1 失败：无法启动 FortiClient
[2026-03-05 04:33:42] 尝试 2/3...
[2026-03-05 04:33:42] 启动 FortiClient GUI...
[2026-03-05 04:33:45] ❌ FortiClient GUI 启动失败
[2026-03-05 04:33:45] 重试 2 失败：无法启动 FortiClient
[2026-03-05 04:33:55] 尝试 3/3...
[2026-03-05 04:33:55] 启动 FortiClient GUI...
[2026-03-05 04:33:58] ❌ FortiClient GUI 启动失败
[2026-03-05 04:33:58] 重试 3 失败：无法启动 FortiClient
[2026-03-05 04:34:08] ❌ VPN 重连失败（已尝试 3 次）
[2026-03-05 04:34:08] ========== VPN 重连失败 ==========
[2026-03-05 04:35:08] ========== VPN 重连开始 ==========
[2026-03-05 04:35:08] 尝试 1/3...
[2026-03-05 04:35:08] 启动 FortiClient GUI...
[2026-03-05 04:35:11] ❌ FortiClient GUI 启动失败
[2026-03-05 04:35:11] 重试 1 失败：无法启动 FortiClient
[2026-03-05 04:35:21] 尝试 2/3...
[2026-03-05 04:35:21] 启动 FortiClient GUI...
[2026-03-05 04:35:24] ❌ FortiClient GUI 启动失败
[2026-03-05 04:35:24] 重试 2 失败：无法启动 FortiClient
[2026-03-05 04:35:34] 尝试 3/3...
[2026-03-05 04:35:34] 启动 FortiClient GUI...
[2026-03-05 04:35:37] ❌ FortiClient GUI 启动失败
[2026-03-05 04:35:37] 重试 3 失败：无法启动 FortiClient
[2026-03-05 04:35:47] ❌ VPN 重连失败（已尝试 3 次）
[2026-03-05 04:35:47] ========== VPN 重连失败 ==========
[2026-03-05 05:01:49] ========== VPN 重连开始 ==========
[2026-03-05 05:01:49] 尝试 1/3...
[2026-03-05 05:01:49] 启动 FortiClient GUI...
[2026-03-05 05:01:52] ❌ FortiClient GUI 启动失败
[2026-03-05 05:01:52] 重试 1 失败：无法启动 FortiClient
[2026-03-05 05:02:02] 尝试 2/3...
[2026-03-05 05:02:02] 启动 FortiClient GUI...
[2026-03-05 05:02:05] ❌ FortiClient GUI 启动失败
[2026-03-05 05:02:05] 重试 2 失败：无法启动 FortiClient
[2026-03-05 05:02:15] 尝试 3/3...
[2026-03-05 05:02:15] 启动 FortiClient GUI...
[2026-03-05 05:02:18] ❌ FortiClient GUI 启动失败
[2026-03-05 05:02:18] 重试 3 失败：无法启动 FortiClient
[2026-03-05 05:02:28] ❌ VPN 重连失败（已尝试 3 次）
[2026-03-05 05:02:28] ========== VPN 重连失败 ==========
[2026-03-05 05:03:28] ========== VPN 重连开始 ==========
[2026-03-05 05:03:28] 尝试 1/3...
[2026-03-05 05:03:28] 启动 FortiClient GUI...
[2026-03-05 05:03:31] ❌ FortiClient GUI 启动失败
[2026-03-05 05:03:31] 重试 1 失败：无法启动 FortiClient
[2026-03-05 05:03:41] 尝试 2/3...
[2026-03-05 05:03:41] 启动 FortiClient GUI...
[2026-03-05 05:03:44] ❌ FortiClient GUI 启动失败
[2026-03-05 05:03:44] 重试 2 失败：无法启动 FortiClient
[2026-03-05 05:03:54] 尝试 3/3...
[2026-03-05 05:03:54] 启动 FortiClient GUI...
[2026-03-05 05:03:54] FortiClient 已在运行，先关闭...
[2026-03-05 05:03:59] ❌ FortiClient GUI 启动失败
[2026-03-05 05:03:59] 重试 3 失败：无法启动 FortiClient
[2026-03-05 05:04:09] ❌ VPN 重连失败（已尝试 3 次）
[2026-03-05 05:04:09] ========== VPN 重连失败 ==========
[2026-03-05 05:05:09] ========== VPN 重连开始 ==========
[2026-03-05 05:05:09] 尝试 1/3...
[2026-03-05 05:05:09] 启动 FortiClient GUI...
[2026-03-05 05:05:13] ❌ FortiClient GUI 启动失败
[2026-03-05 05:05:13] 重试 1 失败：无法启动 FortiClient
[2026-03-05 05:05:23] 尝试 2/3...
[2026-03-05 05:05:23] 启动 FortiClient GUI...
[2026-03-05 05:05:26] ❌ FortiClient GUI 启动失败
[2026-03-05 05:05:26] 重试 2 失败：无法启动 FortiClient
[2026-03-05 05:05:36] 尝试 3/3...
[2026-03-05 05:05:36] 启动 FortiClient GUI...
[2026-03-05 05:05:39] ❌ FortiClient GUI 启动失败
[2026-03-05 05:05:39] 重试 3 失败：无法启动 FortiClient
[2026-03-05 05:05:49] ❌ VPN 重连失败（已尝试 3 次）
[2026-03-05 05:05:49] ========== VPN 重连失败 ==========
[2026-03-05 05:06:49] ========== VPN 重连开始 ==========
[2026-03-05 05:06:49] 尝试 1/3...
[2026-03-05 05:06:49] 启动 FortiClient GUI...
[2026-03-05 05:06:49] FortiClient 已在运行，先关闭...
[2026-03-05 05:06:54] ❌ FortiClient GUI 启动失败
[2026-03-05 05:06:54] 重试 1 失败：无法启动 FortiClient
[2026-03-05 05:07:04] 尝试 2/3...
[2026-03-05 05:07:04] 启动 FortiClient GUI...
[2026-03-05 05:07:07] ❌ FortiClient GUI 启动失败
[2026-03-05 05:07:07] 重试 2 失败：无法启动 FortiClient
[2026-03-05 05:07:17] 尝试 3/3...
[2026-03-05 05:07:17] 启动 FortiClient GUI...
[2026-03-05 05:07:20] ❌ FortiClient GUI 启动失败
[2026-03-05 05:07:20] 重试 3 失败：无法启动 FortiClient
[2026-03-05 05:07:30] ❌ VPN 重连失败（已尝试 3 次）
[2026-03-05 05:07:30] ========== VPN 重连失败 ==========
[2026-03-05 05:08:30] ========== VPN 重连开始 ==========
[2026-03-05 05:08:30] 尝试 1/3...
[2026-03-05 05:08:30] 启动 FortiClient GUI...
[2026-03-05 05:08:33] ❌ FortiClient GUI 启动失败
[2026-03-05 05:08:33] 重试 1 失败：无法启动 FortiClient
[2026-03-05 05:08:43] 尝试 2/3...
[2026-03-05 05:08:43] 启动 FortiClient GUI...
[2026-03-05 05:08:46] ❌ FortiClient GUI 启动失败
[2026-03-05 05:08:46] 重试 2 失败：无法启动 FortiClient
[2026-03-05 05:08:56] 尝试 3/3...
[2026-03-05 05:08:56] 启动 FortiClient GUI...
[2026-03-05 05:08:56] FortiClient 已在运行，先关闭...
[2026-03-05 05:09:01] ❌ FortiClient GUI 启动失败
[2026-03-05 05:09:01] 重试 3 失败：无法启动 FortiClient
[2026-03-05 05:09:11] ❌ VPN 重连失败（已尝试 3 次）
[2026-03-05 05:09:11] ========== VPN 重连失败 ==========
[2026-03-05 05:10:11] ========== VPN 重连开始 ==========
[2026-03-05 05:10:11] 尝试 1/3...
[2026-03-05 05:10:11] 启动 FortiClient GUI...
[2026-03-05 05:10:14] ❌ FortiClient GUI 启动失败
[2026-03-05 05:10:14] 重试 1 失败：无法启动 FortiClient
[2026-03-05 05:10:24] 尝试 2/3...
[2026-03-05 05:10:24] 启动 FortiClient GUI...
[2026-03-05 05:10:27] ❌ FortiClient GUI 启动失败
[2026-03-05 05:10:27] 重试 2 失败：无法启动 FortiClient
[2026-03-05 05:10:37] 尝试 3/3...
[2026-03-05 05:10:37] 启动 FortiClient GUI...
[2026-03-05 05:10:40] ❌ FortiClient GUI 启动失败
[2026-03-05 05:10:40] 重试 3 失败：无法启动 FortiClient
[2026-03-05 05:10:50] ❌ VPN 重连失败（已尝试 3 次）
[2026-03-05 05:10:50] ========== VPN 重连失败 ==========
[2026-03-05 05:31:52] ========== VPN 重连开始 ==========
[2026-03-05 05:31:52] 尝试 1/3...
[2026-03-05 05:31:52] 启动 FortiClient GUI...
[2026-03-05 05:31:55] ❌ FortiClient GUI 启动失败
[2026-03-05 05:31:55] 重试 1 失败：无法启动 FortiClient
[2026-03-05 05:32:05] 尝试 2/3...
[2026-03-05 05:32:05] 启动 FortiClient GUI...
[2026-03-05 05:32:08] ❌ FortiClient GUI 启动失败
[2026-03-05 05:32:08] 重试 2 失败：无法启动 FortiClient
[2026-03-05 05:32:18] 尝试 3/3...
[2026-03-05 05:32:18] 启动 FortiClient GUI...
[2026-03-05 05:32:21] ❌ FortiClient GUI 启动失败
[2026-03-05 05:32:21] 重试 3 失败：无法启动 FortiClient
[2026-03-05 05:32:31] ❌ VPN 重连失败（已尝试 3 次）
[2026-03-05 05:32:31] ========== VPN 重连失败 ==========
[2026-03-05 05:33:31] ========== VPN 重连开始 ==========
[2026-03-05 05:33:31] 尝试 1/3...
[2026-03-05 05:33:31] 启动 FortiClient GUI...
[2026-03-05 05:33:31] FortiClient 已在运行，先关闭...
[2026-03-05 05:33:36] ❌ FortiClient GUI 启动失败
[2026-03-05 05:33:36] 重试 1 失败：无法启动 FortiClient
[2026-03-05 05:33:46] 尝试 2/3...
[2026-03-05 05:33:46] 启动 FortiClient GUI...
[2026-03-05 05:33:49] ❌ FortiClient GUI 启动失败
[2026-03-05 05:33:49] 重试 2 失败：无法启动 FortiClient
[2026-03-05 05:33:59] 尝试 3/3...
[2026-03-05 05:33:59] 启动 FortiClient GUI...
[2026-03-05 05:34:02] ❌ FortiClient GUI 启动失败
[2026-03-05 05:34:02] 重试 3 失败：无法启动 FortiClient
[2026-03-05 05:34:12] ❌ VPN 重连失败（已尝试 3 次）
[2026-03-05 05:34:12] ========== VPN 重连失败 ==========
[2026-03-05 05:35:12] ========== VPN 重连开始 ==========
[2026-03-05 05:35:12] 尝试 1/3...
[2026-03-05 05:35:12] 启动 FortiClient GUI...
[2026-03-05 05:35:15] ❌ FortiClient GUI 启动失败
[2026-03-05 05:35:15] 重试 1 失败：无法启动 FortiClient
[2026-03-05 05:35:25] 尝试 2/3...
[2026-03-05 05:35:25] 启动 FortiClient GUI...
[2026-03-05 05:35:28] ❌ FortiClient GUI 启动失败
[2026-03-05 05:35:28] 重试 2 失败：无法启动 FortiClient
[2026-03-05 05:35:38] 尝试 3/3...
[2026-03-05 05:35:38] 启动 FortiClient GUI...
[2026-03-05 05:35:41] ❌ FortiClient GUI 启动失败
[2026-03-05 05:35:41] 重试 3 失败：无法启动 FortiClient
[2026-03-05 05:35:52] ❌ VPN 重连失败（已尝试 3 次）
[2026-03-05 05:35:52] ========== VPN 重连失败 ==========
[2026-03-05 05:36:52] ========== VPN 重连开始 ==========
[2026-03-05 05:36:52] 尝试 1/3...
[2026-03-05 05:36:52] 启动 FortiClient GUI...
[2026-03-05 05:36:52] FortiClient 已在运行，先关闭...
[2026-03-05 05:36:57] ❌ FortiClient GUI 启动失败
[2026-03-05 05:36:57] 重试 1 失败：无法启动 FortiClient
[2026-03-05 05:37:07] 尝试 2/3...
[2026-03-05 05:37:07] 启动 FortiClient GUI...
[2026-03-05 05:37:10] ❌ FortiClient GUI 启动失败
[2026-03-05 05:37:10] 重试 2 失败：无法启动 FortiClient
[2026-03-05 05:37:20] 尝试 3/3...
[2026-03-05 05:37:20] 启动 FortiClient GUI...
[2026-03-05 05:37:23] ❌ FortiClient GUI 启动失败
[2026-03-05 05:37:23] 重试 3 失败：无法启动 FortiClient
[2026-03-05 05:37:33] ❌ VPN 重连失败（已尝试 3 次）
[2026-03-05 05:37:33] ========== VPN 重连失败 ==========
[2026-03-05 05:38:33] ========== VPN 重连开始 ==========
[2026-03-05 05:38:33] 尝试 1/3...
[2026-03-05 05:38:33] 启动 FortiClient GUI...
[2026-03-05 05:38:33] FortiClient 已在运行，先关闭...
[2026-03-05 05:38:38] ❌ FortiClient GUI 启动失败
[2026-03-05 05:38:38] 重试 1 失败：无法启动 FortiClient
[2026-03-05 05:38:48] 尝试 2/3...
[2026-03-05 05:38:48] 启动 FortiClient GUI...
[2026-03-05 05:38:51] ❌ FortiClient GUI 启动失败
[2026-03-05 05:38:51] 重试 2 失败：无法启动 FortiClient
[2026-03-05 05:39:01] 尝试 3/3...
[2026-03-05 05:39:01] 启动 FortiClient GUI...
[2026-03-05 05:39:04] ❌ FortiClient GUI 启动失败
[2026-03-05 05:39:04] 重试 3 失败：无法启动 FortiClient
[2026-03-05 05:39:14] ❌ VPN 重连失败（已尝试 3 次）
[2026-03-05 05:39:14] ========== VPN 重连失败 ==========
[2026-03-05 05:40:14] ========== VPN 重连开始 ==========
[2026-03-05 05:40:14] 尝试 1/3...
[2026-03-05 05:40:14] 启动 FortiClient GUI...
[2026-03-05 05:40:17] ❌ FortiClient GUI 启动失败
[2026-03-05 05:40:17] 重试 1 失败：无法启动 FortiClient
[2026-03-05 05:40:27] 尝试 2/3...
[2026-03-05 05:40:27] 启动 FortiClient GUI...
[2026-03-05 05:40:30] ❌ FortiClient GUI 启动失败
[2026-03-05 05:40:30] 重试 2 失败：无法启动 FortiClient
[2026-03-05 05:40:40] 尝试 3/3...
[2026-03-05 05:40:40] 启动 FortiClient GUI...
[2026-03-05 05:40:43] ❌ FortiClient GUI 启动失败
[2026-03-05 05:40:43] 重试 3 失败：无法启动 FortiClient
[2026-03-05 05:40:53] ❌ VPN 重连失败（已尝试 3 次）
[2026-03-05 05:40:53] ========== VPN 重连失败 ==========
[2026-03-05 06:30:57] ========== VPN 重连开始 ==========
[2026-03-05 06:30:57] 尝试 1/3...
[2026-03-05 06:30:57] 启动 FortiClient GUI...
[2026-03-05 06:31:00] ❌ FortiClient GUI 启动失败
[2026-03-05 06:31:00] 重试 1 失败：无法启动 FortiClient
[2026-03-05 06:31:10] 尝试 2/3...
[2026-03-05 06:31:10] 启动 FortiClient GUI...
[2026-03-05 06:31:13] ❌ FortiClient GUI 启动失败
[2026-03-05 06:31:13] 重试 2 失败：无法启动 FortiClient
[2026-03-05 06:31:23] 尝试 3/3...
[2026-03-05 06:31:23] 启动 FortiClient GUI...
[2026-03-05 06:31:23] FortiClient 已在运行，先关闭...
[2026-03-05 06:31:28] ❌ FortiClient GUI 启动失败
[2026-03-05 06:31:28] 重试 3 失败：无法启动 FortiClient
[2026-03-05 06:31:38] ❌ VPN 重连失败（已尝试 3 次）
[2026-03-05 06:31:38] ========== VPN 重连失败 ==========
[2026-03-05 06:32:38] ========== VPN 重连开始 ==========
[2026-03-05 06:32:38] 尝试 1/3...
[2026-03-05 06:32:38] 启动 FortiClient GUI...
[2026-03-05 06:32:41] ❌ FortiClient GUI 启动失败
[2026-03-05 06:32:41] 重试 1 失败：无法启动 FortiClient
[2026-03-05 06:32:51] 尝试 2/3...
[2026-03-05 06:32:51] 启动 FortiClient GUI...
[2026-03-05 06:32:51] FortiClient 已在运行，先关闭...
[2026-03-05 06:32:56] ❌ FortiClient GUI 启动失败
[2026-03-05 06:32:56] 重试 2 失败：无法启动 FortiClient
[2026-03-05 06:33:06] 尝试 3/3...
[2026-03-05 06:33:06] 启动 FortiClient GUI...
[2026-03-05 06:33:09] ❌ FortiClient GUI 启动失败
[2026-03-05 06:33:09] 重试 3 失败：无法启动 FortiClient
[2026-03-05 06:33:19] ❌ VPN 重连失败（已尝试 3 次）
[2026-03-05 06:33:19] ========== VPN 重连失败 ==========
[2026-03-05 06:34:19] ========== VPN 重连开始 ==========
[2026-03-05 06:34:19] 尝试 1/3...
[2026-03-05 06:34:19] 启动 FortiClient GUI...
[2026-03-05 06:34:22] ❌ FortiClient GUI 启动失败
[2026-03-05 06:34:22] 重试 1 失败：无法启动 FortiClient
[2026-03-05 06:34:32] 尝试 2/3...
[2026-03-05 06:34:32] 启动 FortiClient GUI...
[2026-03-05 06:34:35] ❌ FortiClient GUI 启动失败
[2026-03-05 06:34:35] 重试 2 失败：无法启动 FortiClient
[2026-03-05 06:34:45] 尝试 3/3...
[2026-03-05 06:34:45] 启动 FortiClient GUI...
[2026-03-05 06:34:48] ❌ FortiClient GUI 启动失败
[2026-03-05 06:34:48] 重试 3 失败：无法启动 FortiClient
[2026-03-05 06:34:58] ❌ VPN 重连失败（已尝试 3 次）
[2026-03-05 06:34:58] ========== VPN 重连失败 ==========
[2026-03-05 06:35:58] ========== VPN 重连开始 ==========
[2026-03-05 06:35:58] 尝试 1/3...
[2026-03-05 06:35:58] 启动 FortiClient GUI...
[2026-03-05 06:35:58] FortiClient 已在运行，先关闭...
[2026-03-05 06:36:03] ❌ FortiClient GUI 启动失败
[2026-03-05 06:36:03] 重试 1 失败：无法启动 FortiClient
[2026-03-05 06:36:13] 尝试 2/3...
[2026-03-05 06:36:13] 启动 FortiClient GUI...
[2026-03-05 06:36:17] ❌ FortiClient GUI 启动失败
[2026-03-05 06:36:17] 重试 2 失败：无法启动 FortiClient
[2026-03-05 06:36:27] 尝试 3/3...
[2026-03-05 06:36:27] 启动 FortiClient GUI...
[2026-03-05 06:36:30] ❌ FortiClient GUI 启动失败
[2026-03-05 06:36:30] 重试 3 失败：无法启动 FortiClient
[2026-03-05 06:36:40] ❌ VPN 重连失败（已尝试 3 次）
[2026-03-05 06:36:40] ========== VPN 重连失败 ==========
[2026-03-05 06:37:40] ========== VPN 重连开始 ==========
[2026-03-05 06:37:40] 尝试 1/3...
[2026-03-05 06:37:40] 启动 FortiClient GUI...
[2026-03-05 06:37:43] ❌ FortiClient GUI 启动失败
[2026-03-05 06:37:43] 重试 1 失败：无法启动 FortiClient
[2026-03-05 06:37:53] 尝试 2/3...
[2026-03-05 06:37:53] 启动 FortiClient GUI...
[2026-03-05 06:37:53] FortiClient 已在运行，先关闭...
[2026-03-05 06:37:58] ❌ FortiClient GUI 启动失败
[2026-03-05 06:37:58] 重试 2 失败：无法启动 FortiClient
[2026-03-05 06:38:08] 尝试 3/3...
[2026-03-05 06:38:08] 启动 FortiClient GUI...
[2026-03-05 06:38:11] ❌ FortiClient GUI 启动失败
[2026-03-05 06:38:11] 重试 3 失败：无法启动 FortiClient
[2026-03-05 06:38:21] ❌ VPN 重连失败（已尝试 3 次）
[2026-03-05 06:38:21] ========== VPN 重连失败 ==========
[2026-03-05 06:39:21] ========== VPN 重连开始 ==========
[2026-03-05 06:39:21] 尝试 1/3...
[2026-03-05 06:39:21] 启动 FortiClient GUI...
[2026-03-05 06:39:24] ❌ FortiClient GUI 启动失败
[2026-03-05 06:39:24] 重试 1 失败：无法启动 FortiClient
[2026-03-05 06:39:34] 尝试 2/3...
[2026-03-05 06:39:34] 启动 FortiClient GUI...
[2026-03-05 06:39:37] ❌ FortiClient GUI 启动失败
[2026-03-05 06:39:37] 重试 2 失败：无法启动 FortiClient
[2026-03-05 06:39:47] 尝试 3/3...
[2026-03-05 06:39:47] 启动 FortiClient GUI...
[2026-03-05 06:39:50] ❌ FortiClient GUI 启动失败
[2026-03-05 06:39:50] 重试 3 失败：无法启动 FortiClient
[2026-03-05 06:40:00] ❌ VPN 重连失败（已尝试 3 次）
[2026-03-05 06:40:00] ========== VPN 重连失败 ==========
[2026-03-05 07:02:02] ========== VPN 重连开始 ==========
[2026-03-05 07:02:02] 尝试 1/3...
[2026-03-05 07:02:02] 启动 FortiClient GUI...
[2026-03-05 07:02:05] ❌ FortiClient GUI 启动失败
[2026-03-05 07:02:05] 重试 1 失败：无法启动 FortiClient
[2026-03-05 07:02:15] 尝试 2/3...
[2026-03-05 07:02:15] 启动 FortiClient GUI...
[2026-03-05 07:02:18] ❌ FortiClient GUI 启动失败
[2026-03-05 07:02:18] 重试 2 失败：无法启动 FortiClient
[2026-03-05 07:02:28] 尝试 3/3...
[2026-03-05 07:02:28] 启动 FortiClient GUI...
[2026-03-05 07:02:31] ❌ FortiClient GUI 启动失败
[2026-03-05 07:02:31] 重试 3 失败：无法启动 FortiClient
[2026-03-05 07:02:41] ❌ VPN 重连失败（已尝试 3 次）
[2026-03-05 07:02:41] ========== VPN 重连失败 ==========
[2026-03-05 07:06:41] ========== VPN 重连开始 ==========
[2026-03-05 07:06:41] 尝试 1/3...
[2026-03-05 07:06:41] 启动 FortiClient GUI...
[2026-03-05 07:06:44] ❌ FortiClient GUI 启动失败
[2026-03-05 07:06:44] 重试 1 失败：无法启动 FortiClient
[2026-03-05 07:06:54] 尝试 2/3...
[2026-03-05 07:06:54] 启动 FortiClient GUI...
[2026-03-05 07:06:57] ❌ FortiClient GUI 启动失败
[2026-03-05 07:06:57] 重试 2 失败：无法启动 FortiClient
[2026-03-05 07:07:07] 尝试 3/3...
[2026-03-05 07:07:07] 启动 FortiClient GUI...
[2026-03-05 07:07:10] ❌ FortiClient GUI 启动失败
[2026-03-05 07:07:10] 重试 3 失败：无法启动 FortiClient
[2026-03-05 07:07:20] ❌ VPN 重连失败（已尝试 3 次）
[2026-03-05 07:07:20] ========== VPN 重连失败 ==========
[2026-03-05 07:08:20] ========== VPN 重连开始 ==========
[2026-03-05 07:08:20] 尝试 1/3...
[2026-03-05 07:08:20] 启动 FortiClient GUI...
[2026-03-05 07:08:20] FortiClient 已在运行，先关闭...
[2026-03-05 07:08:25] ❌ FortiClient GUI 启动失败
[2026-03-05 07:08:25] 重试 1 失败：无法启动 FortiClient
[2026-03-05 07:08:35] 尝试 2/3...
[2026-03-05 07:08:35] 启动 FortiClient GUI...
[2026-03-05 07:08:38] ❌ FortiClient GUI 启动失败
[2026-03-05 07:08:38] 重试 2 失败：无法启动 FortiClient
[2026-03-05 07:08:48] 尝试 3/3...
[2026-03-05 07:08:48] 启动 FortiClient GUI...
[2026-03-05 07:08:51] ❌ FortiClient GUI 启动失败
[2026-03-05 07:08:51] 重试 3 失败：无法启动 FortiClient
[2026-03-05 07:09:01] ❌ VPN 重连失败（已尝试 3 次）
[2026-03-05 07:09:01] ========== VPN 重连失败 ==========
[2026-03-05 07:10:02] ========== VPN 重连开始 ==========
[2026-03-05 07:10:02] 尝试 1/3...
[2026-03-05 07:10:02] 启动 FortiClient GUI...
[2026-03-05 07:10:05] ❌ FortiClient GUI 启动失败
[2026-03-05 07:10:05] 重试 1 失败：无法启动 FortiClient
[2026-03-05 07:10:15] 尝试 2/3...
[2026-03-05 07:10:15] 启动 FortiClient GUI...
[2026-03-05 07:10:18] ❌ FortiClient GUI 启动失败
[2026-03-05 07:10:18] 重试 2 失败：无法启动 FortiClient
[2026-03-05 07:10:28] 尝试 3/3...
[2026-03-05 07:10:28] 启动 FortiClient GUI...
[2026-03-05 07:10:31] ❌ FortiClient GUI 启动失败
[2026-03-05 07:10:31] 重试 3 失败：无法启动 FortiClient
[2026-03-05 07:10:41] ❌ VPN 重连失败（已尝试 3 次）
[2026-03-05 07:10:41] ========== VPN 重连失败 ==========
[2026-03-05 10:55:56] ========== VPN 重连开始 ==========
[2026-03-05 10:55:56] 尝试 1/3...
[2026-03-05 10:55:56] 启动 FortiClient GUI...
[2026-03-05 10:55:56] FortiClient 已在运行，先关闭...
[2026-03-05 10:56:01] ❌ FortiClient GUI 启动失败
[2026-03-05 10:56:01] 重试 1 失败：无法启动 FortiClient
[2026-03-05 10:56:11] 尝试 2/3...
[2026-03-05 10:56:11] 启动 FortiClient GUI...
[2026-03-05 10:56:11] FortiClient 已在运行，先关闭...
[2026-03-05 10:56:16] ✅ FortiClient GUI 已启动
[2026-03-05 10:56:16] 触发 VPN 连接（Playwright 自动化）...
[INFO] 启动 Playwright 自动登录...
[INFO] 访问 VPN SAML 登录页面...
[INFO] 等待 Microsoft 登录页面...
[INFO] 输入用户名...
[INFO] 等待密码输入框...
[INFO] 输入密码...
[INFO] 等待认证完成...
[INFO] 当前 URL: https://login.microsoftonline.com/25dfd0e1-efae-4b13-8d6b-b82c74544999/login
[INFO] 找到按钮: 
[INFO] 等待重定向到 VPN...
[WARN] 等待重定向超时，检查当前状态...
[INFO] 最终 URL: https://login.microsoftonline.com/25dfd0e1-efae-4b13-8d6b-b82c74544999/login
[ERROR] ❌ 自动登录失败: 未能重定向到 VPN 页面
[2026-03-05 10:57:28] 重试 2 失败：自动登录失败
[2026-03-05 10:57:38] 尝试 3/3...
[2026-03-05 10:57:38] 启动 FortiClient GUI...
[2026-03-05 10:57:38] FortiClient 已在运行，先关闭...
[2026-03-05 10:57:43] ❌ FortiClient GUI 启动失败
[2026-03-05 10:57:43] 重试 3 失败：无法启动 FortiClient
[2026-03-05 10:57:53] ❌ VPN 重连失败（已尝试 3 次）
[2026-03-05 10:57:53] ========== VPN 重连失败 ==========
[2026-03-05 10:58:53] ========== VPN 重连开始 ==========
[2026-03-05 10:58:53] 尝试 1/3...
[2026-03-05 10:58:53] 启动 FortiClient GUI...
[2026-03-05 10:58:56] ❌ FortiClient GUI 启动失败
[2026-03-05 10:58:56] 重试 1 失败：无法启动 FortiClient
[2026-03-05 10:59:06] 尝试 2/3...
[2026-03-05 10:59:06] 启动 FortiClient GUI...
[2026-03-05 10:59:09] ❌ FortiClient GUI 启动失败
[2026-03-05 10:59:09] 重试 2 失败：无法启动 FortiClient
[2026-03-05 10:59:19] 尝试 3/3...
[2026-03-05 10:59:19] 启动 FortiClient GUI...
[2026-03-05 10:59:22] ❌ FortiClient GUI 启动失败
[2026-03-05 10:59:22] 重试 3 失败：无法启动 FortiClient
[2026-03-05 10:59:32] ❌ VPN 重连失败（已尝试 3 次）
[2026-03-05 10:59:32] ========== VPN 重连失败 ==========
[2026-03-05 11:00:32] ========== VPN 重连开始 ==========
[2026-03-05 11:00:32] 尝试 1/3...
[2026-03-05 11:00:32] 启动 FortiClient GUI...
[2026-03-05 11:00:32] FortiClient 已在运行，先关闭...
[2026-03-05 11:00:37] ❌ FortiClient GUI 启动失败
[2026-03-05 11:00:37] 重试 1 失败：无法启动 FortiClient
[2026-03-05 11:00:47] 尝试 2/3...
[2026-03-05 11:00:47] 启动 FortiClient GUI...
[2026-03-05 11:00:50] ❌ FortiClient GUI 启动失败
[2026-03-05 11:00:50] 重试 2 失败：无法启动 FortiClient
[2026-03-05 11:01:00] 尝试 3/3...
[2026-03-05 11:01:00] 启动 FortiClient GUI...
[2026-03-05 11:01:00] FortiClient 已在运行，先关闭...
[2026-03-05 11:01:05] ✅ FortiClient GUI 已启动
[2026-03-05 11:01:05] 触发 VPN 连接（Playwright 自动化）...
[INFO] 启动 Playwright 自动登录...
[INFO] 访问 VPN SAML 登录页面...
[INFO] 等待 Microsoft 登录页面...
[INFO] 输入用户名...
[INFO] 等待密码输入框...
[INFO] 输入密码...
[INFO] 等待认证完成...
[INFO] 当前 URL: https://login.microsoftonline.com/25dfd0e1-efae-4b13-8d6b-b82c74544999/login
[INFO] 找到按钮: 
[INFO] 等待重定向到 VPN...
[WARN] 等待重定向超时，检查当前状态...
[INFO] 最终 URL: https://login.microsoftonline.com/25dfd0e1-efae-4b13-8d6b-b82c74544999/login
[ERROR] ❌ 自动登录失败: 未能重定向到 VPN 页面
[2026-03-05 11:02:15] 重试 3 失败：自动登录失败
[2026-03-05 11:02:25] ❌ VPN 重连失败（已尝试 3 次）
[2026-03-05 11:02:25] ========== VPN 重连失败 ==========
[2026-03-05 11:03:25] ========== VPN 重连开始 ==========
[2026-03-05 11:03:25] 尝试 1/3...
[2026-03-05 11:03:25] 启动 FortiClient GUI...
[2026-03-05 11:03:25] FortiClient 已在运行，先关闭...
[2026-03-05 11:03:30] ❌ FortiClient GUI 启动失败
[2026-03-05 11:03:30] 重试 1 失败：无法启动 FortiClient
[2026-03-05 11:03:40] 尝试 2/3...
[2026-03-05 11:03:40] 启动 FortiClient GUI...
[2026-03-05 11:03:40] FortiClient 已在运行，先关闭...
[2026-03-05 11:03:45] ❌ FortiClient GUI 启动失败
[2026-03-05 11:03:45] 重试 2 失败：无法启动 FortiClient
[2026-03-05 11:03:55] 尝试 3/3...
[2026-03-05 11:03:55] 启动 FortiClient GUI...
[2026-03-05 11:03:55] FortiClient 已在运行，先关闭...
[2026-03-05 11:04:00] ❌ FortiClient GUI 启动失败
[2026-03-05 11:04:00] 重试 3 失败：无法启动 FortiClient
[2026-03-05 11:04:10] ❌ VPN 重连失败（已尝试 3 次）
[2026-03-05 11:04:10] ========== VPN 重连失败 ==========
[2026-03-05 11:05:10] ========== VPN 重连开始 ==========
[2026-03-05 11:05:10] 尝试 1/3...
[2026-03-05 11:05:10] 启动 FortiClient GUI...
[2026-03-05 11:05:10] FortiClient 已在运行，先关闭...
[2026-03-05 11:05:15] ❌ FortiClient GUI 启动失败
[2026-03-05 11:05:15] 重试 1 失败：无法启动 FortiClient
[2026-03-05 11:05:25] 尝试 2/3...
[2026-03-05 11:05:25] 启动 FortiClient GUI...
[2026-03-05 11:05:29] ❌ FortiClient GUI 启动失败
[2026-03-05 11:05:29] 重试 2 失败：无法启动 FortiClient
[2026-03-05 11:05:39] 尝试 3/3...
[2026-03-05 11:05:39] 启动 FortiClient GUI...
[2026-03-05 11:05:42] ❌ FortiClient GUI 启动失败
[2026-03-05 11:05:42] 重试 3 失败：无法启动 FortiClient
[2026-03-05 11:05:52] ❌ VPN 重连失败（已尝试 3 次）
[2026-03-05 11:05:52] ========== VPN 重连失败 ==========
[2026-03-05 11:06:52] ========== VPN 重连开始 ==========
[2026-03-05 11:06:52] 尝试 1/3...
[2026-03-05 11:06:52] 启动 FortiClient GUI...
[2026-03-05 11:06:55] ❌ FortiClient GUI 启动失败
[2026-03-05 11:06:55] 重试 1 失败：无法启动 FortiClient
[2026-03-05 11:07:05] 尝试 2/3...
[2026-03-05 11:07:05] 启动 FortiClient GUI...
[2026-03-05 11:07:08] ❌ FortiClient GUI 启动失败
[2026-03-05 11:07:08] 重试 2 失败：无法启动 FortiClient
[2026-03-05 11:07:18] 尝试 3/3...
[2026-03-05 11:07:18] 启动 FortiClient GUI...
[2026-03-05 11:07:21] ❌ FortiClient GUI 启动失败
[2026-03-05 11:07:21] 重试 3 失败：无法启动 FortiClient
[2026-03-05 11:07:31] ❌ VPN 重连失败（已尝试 3 次）
[2026-03-05 11:07:31] ========== VPN 重连失败 ==========
[2026-03-05 11:16:31] ========== VPN 重连开始 ==========
[2026-03-05 11:16:31] 尝试 1/3...
[2026-03-05 11:16:31] 启动 FortiClient GUI...
[2026-03-05 11:16:31] FortiClient 已在运行，先关闭...
[2026-03-05 11:16:36] ❌ FortiClient GUI 启动失败
[2026-03-05 11:16:36] 重试 1 失败：无法启动 FortiClient
[2026-03-05 11:16:46] 尝试 2/3...
[2026-03-05 11:16:46] 启动 FortiClient GUI...
[2026-03-05 11:16:49] ❌ FortiClient GUI 启动失败
[2026-03-05 11:16:49] 重试 2 失败：无法启动 FortiClient
[2026-03-05 11:16:59] 尝试 3/3...
[2026-03-05 11:16:59] 启动 FortiClient GUI...
[2026-03-05 11:17:03] ❌ FortiClient GUI 启动失败
[2026-03-05 11:17:03] 重试 3 失败：无法启动 FortiClient
[2026-03-05 11:17:13] ❌ VPN 重连失败（已尝试 3 次）
[2026-03-05 11:17:13] ========== VPN 重连失败 ==========
[2026-03-05 11:18:13] ========== VPN 重连开始 ==========
[2026-03-05 11:18:13] 尝试 1/3...
[2026-03-05 11:18:13] 启动 FortiClient GUI...
[2026-03-05 11:18:16] ❌ FortiClient GUI 启动失败
[2026-03-05 11:18:16] 重试 1 失败：无法启动 FortiClient
[2026-03-05 11:18:26] 尝试 2/3...
[2026-03-05 11:18:26] 启动 FortiClient GUI...
[2026-03-05 11:18:29] ❌ FortiClient GUI 启动失败
[2026-03-05 11:18:29] 重试 2 失败：无法启动 FortiClient
[2026-03-05 11:18:39] 尝试 3/3...
[2026-03-05 11:18:39] 启动 FortiClient GUI...
[2026-03-05 11:18:42] ❌ FortiClient GUI 启动失败
[2026-03-05 11:18:42] 重试 3 失败：无法启动 FortiClient
[2026-03-05 11:18:52] ❌ VPN 重连失败（已尝试 3 次）
[2026-03-05 11:18:52] ========== VPN 重连失败 ==========
[2026-03-05 11:36:53] ========== VPN 重连开始 ==========
[2026-03-05 11:36:53] 尝试 1/3...
[2026-03-05 11:36:53] 启动 FortiClient GUI...
[2026-03-05 11:36:53] FortiClient 已在运行，先关闭...
[2026-03-05 11:36:58] ❌ FortiClient GUI 启动失败
[2026-03-05 11:36:58] 重试 1 失败：无法启动 FortiClient
[2026-03-05 11:37:08] 尝试 2/3...
[2026-03-05 11:37:08] 启动 FortiClient GUI...
[2026-03-05 11:37:11] ❌ FortiClient GUI 启动失败
[2026-03-05 11:37:11] 重试 2 失败：无法启动 FortiClient
[2026-03-05 11:37:21] 尝试 3/3...
[2026-03-05 11:37:21] 启动 FortiClient GUI...
[2026-03-05 11:37:24] ❌ FortiClient GUI 启动失败
[2026-03-05 11:37:24] 重试 3 失败：无法启动 FortiClient
[2026-03-05 11:37:34] ❌ VPN 重连失败（已尝试 3 次）
[2026-03-05 11:37:34] ========== VPN 重连失败 ==========
[2026-03-05 11:38:34] ========== VPN 重连开始 ==========
[2026-03-05 11:38:34] 尝试 1/3...
[2026-03-05 11:38:34] 启动 FortiClient GUI...
[2026-03-05 11:38:37] ❌ FortiClient GUI 启动失败
[2026-03-05 11:38:37] 重试 1 失败：无法启动 FortiClient
[2026-03-05 11:38:47] 尝试 2/3...
[2026-03-05 11:38:47] 启动 FortiClient GUI...
[2026-03-05 11:38:50] ❌ FortiClient GUI 启动失败
[2026-03-05 11:38:50] 重试 2 失败：无法启动 FortiClient
[2026-03-05 11:39:00] 尝试 3/3...
[2026-03-05 11:39:00] 启动 FortiClient GUI...
[2026-03-05 11:39:03] ❌ FortiClient GUI 启动失败
[2026-03-05 11:39:03] 重试 3 失败：无法启动 FortiClient
[2026-03-05 11:39:13] ❌ VPN 重连失败（已尝试 3 次）
[2026-03-05 11:39:13] ========== VPN 重连失败 ==========
[2026-03-05 19:40:38] ========== VPN 重连开始 ==========
[2026-03-05 19:40:38] 尝试 1/3...
[2026-03-05 19:40:38] 启动 FortiClient GUI...
[2026-03-05 19:40:41] ❌ FortiClient GUI 启动失败
[2026-03-05 19:40:41] 重试 1 失败：无法启动 FortiClient
[2026-03-05 19:40:51] 尝试 2/3...
[2026-03-05 19:40:51] 启动 FortiClient GUI...
[2026-03-05 19:40:54] ❌ FortiClient GUI 启动失败
[2026-03-05 19:40:54] 重试 2 失败：无法启动 FortiClient
[2026-03-05 19:41:04] 尝试 3/3...
[2026-03-05 19:41:04] 启动 FortiClient GUI...
[2026-03-05 19:41:07] ❌ FortiClient GUI 启动失败
[2026-03-05 19:41:07] 重试 3 失败：无法启动 FortiClient
[2026-03-05 19:41:17] ❌ VPN 重连失败（已尝试 3 次）
[2026-03-05 19:41:17] ========== VPN 重连失败 ==========
[2026-03-05 19:42:17] ========== VPN 重连开始 ==========
[2026-03-05 19:42:17] 尝试 1/3...
[2026-03-05 19:42:17] 启动 FortiClient GUI...
[2026-03-05 19:42:20] ❌ FortiClient GUI 启动失败
[2026-03-05 19:42:20] 重试 1 失败：无法启动 FortiClient
[2026-03-05 19:42:30] 尝试 2/3...
[2026-03-05 19:42:30] 启动 FortiClient GUI...
[2026-03-05 19:42:30] FortiClient 已在运行，先关闭...
[2026-03-05 19:42:35] ❌ FortiClient GUI 启动失败
[2026-03-05 19:42:35] 重试 2 失败：无法启动 FortiClient
[2026-03-05 19:42:45] 尝试 3/3...
[2026-03-05 19:42:45] 启动 FortiClient GUI...
[2026-03-05 19:42:48] ❌ FortiClient GUI 启动失败
[2026-03-05 19:42:48] 重试 3 失败：无法启动 FortiClient
[2026-03-05 19:42:58] ❌ VPN 重连失败（已尝试 3 次）
[2026-03-05 19:42:58] ========== VPN 重连失败 ==========
[2026-03-06 03:44:21] ========== VPN 重连开始 ==========
[2026-03-06 03:44:21] 尝试 1/3...
[2026-03-06 03:44:21] 启动 FortiClient GUI...
[2026-03-06 03:44:24] ❌ FortiClient GUI 启动失败
[2026-03-06 03:44:24] 重试 1 失败：无法启动 FortiClient
[2026-03-06 03:44:34] 尝试 2/3...
[2026-03-06 03:44:34] 启动 FortiClient GUI...
[2026-03-06 03:44:37] ❌ FortiClient GUI 启动失败
[2026-03-06 03:44:37] 重试 2 失败：无法启动 FortiClient
[2026-03-06 03:44:47] 尝试 3/3...
[2026-03-06 03:44:47] 启动 FortiClient GUI...
[2026-03-06 03:44:50] ❌ FortiClient GUI 启动失败
[2026-03-06 03:44:50] 重试 3 失败：无法启动 FortiClient
[2026-03-06 03:45:00] ❌ VPN 重连失败（已尝试 3 次）
[2026-03-06 03:45:00] ========== VPN 重连失败 ==========
[2026-03-06 03:46:00] ========== VPN 重连开始 ==========
[2026-03-06 03:46:00] 尝试 1/3...
[2026-03-06 03:46:00] 启动 FortiClient GUI...
[2026-03-06 03:46:00] FortiClient 已在运行，先关闭...
[2026-03-06 03:46:06] ❌ FortiClient GUI 启动失败
[2026-03-06 03:46:06] 重试 1 失败：无法启动 FortiClient
[2026-03-06 03:46:16] 尝试 2/3...
[2026-03-06 03:46:16] 启动 FortiClient GUI...
[2026-03-06 03:46:19] ❌ FortiClient GUI 启动失败
[2026-03-06 03:46:19] 重试 2 失败：无法启动 FortiClient
[2026-03-06 03:46:29] 尝试 3/3...
[2026-03-06 03:46:29] 启动 FortiClient GUI...
[2026-03-06 03:46:32] ❌ FortiClient GUI 启动失败
[2026-03-06 03:46:32] 重试 3 失败：无法启动 FortiClient
[2026-03-06 03:46:42] ❌ VPN 重连失败（已尝试 3 次）
[2026-03-06 03:46:42] ========== VPN 重连失败 ==========
[2026-03-06 03:47:42] ========== VPN 重连开始 ==========
[2026-03-06 03:47:42] 尝试 1/3...
[2026-03-06 03:47:42] 启动 FortiClient GUI...
[2026-03-06 03:47:45] ❌ FortiClient GUI 启动失败
[2026-03-06 03:47:45] 重试 1 失败：无法启动 FortiClient
[2026-03-06 03:47:55] 尝试 2/3...
[2026-03-06 03:47:55] 启动 FortiClient GUI...
[2026-03-06 03:47:58] ❌ FortiClient GUI 启动失败
[2026-03-06 03:47:58] 重试 2 失败：无法启动 FortiClient
[2026-03-06 03:48:08] 尝试 3/3...
[2026-03-06 03:48:08] 启动 FortiClient GUI...
[2026-03-06 03:48:11] ❌ FortiClient GUI 启动失败
[2026-03-06 03:48:11] 重试 3 失败：无法启动 FortiClient
[2026-03-06 03:48:21] ❌ VPN 重连失败（已尝试 3 次）
[2026-03-06 03:48:21] ========== VPN 重连失败 ==========
[2026-03-06 11:49:44] ========== VPN 重连开始 ==========
[2026-03-06 11:49:44] 尝试 1/3...
[2026-03-06 11:49:44] 启动 FortiClient GUI...
[2026-03-06 11:49:47] ❌ FortiClient GUI 启动失败
[2026-03-06 11:49:47] 重试 1 失败：无法启动 FortiClient
[2026-03-06 11:49:57] 尝试 2/3...
[2026-03-06 11:49:57] 启动 FortiClient GUI...
[2026-03-06 11:50:00] ❌ FortiClient GUI 启动失败
[2026-03-06 11:50:00] 重试 2 失败：无法启动 FortiClient
[2026-03-06 11:50:10] 尝试 3/3...
[2026-03-06 11:50:10] 启动 FortiClient GUI...
[2026-03-06 11:50:13] ❌ FortiClient GUI 启动失败
[2026-03-06 11:50:13] 重试 3 失败：无法启动 FortiClient
[2026-03-06 11:50:23] ❌ VPN 重连失败（已尝试 3 次）
[2026-03-06 11:50:23] ========== VPN 重连失败 ==========
[2026-03-06 11:51:23] ========== VPN 重连开始 ==========
[2026-03-06 11:51:23] 尝试 1/3...
[2026-03-06 11:51:23] 启动 FortiClient GUI...
[2026-03-06 11:51:23] FortiClient 已在运行，先关闭...
[2026-03-06 11:51:28] ❌ FortiClient GUI 启动失败
[2026-03-06 11:51:28] 重试 1 失败：无法启动 FortiClient
[2026-03-06 11:51:38] 尝试 2/3...
[2026-03-06 11:51:38] 启动 FortiClient GUI...
[2026-03-06 11:51:41] ❌ FortiClient GUI 启动失败
[2026-03-06 11:51:41] 重试 2 失败：无法启动 FortiClient
[2026-03-06 11:51:51] 尝试 3/3...
[2026-03-06 11:51:51] 启动 FortiClient GUI...
[2026-03-06 11:51:54] ❌ FortiClient GUI 启动失败
[2026-03-06 11:51:54] 重试 3 失败：无法启动 FortiClient
[2026-03-06 11:52:04] ❌ VPN 重连失败（已尝试 3 次）
[2026-03-06 11:52:04] ========== VPN 重连失败 ==========
[2026-03-06 11:53:04] ========== VPN 重连开始 ==========
[2026-03-06 11:53:04] 尝试 1/3...
[2026-03-06 11:53:04] 启动 FortiClient GUI...
[2026-03-06 11:53:07] ❌ FortiClient GUI 启动失败
[2026-03-06 11:53:07] 重试 1 失败：无法启动 FortiClient
[2026-03-06 11:53:17] 尝试 2/3...
[2026-03-06 11:53:17] 启动 FortiClient GUI...
[2026-03-06 11:53:20] ❌ FortiClient GUI 启动失败
[2026-03-06 11:53:20] 重试 2 失败：无法启动 FortiClient
[2026-03-06 11:53:30] 尝试 3/3...
[2026-03-06 11:53:30] 启动 FortiClient GUI...
[2026-03-06 11:53:33] ❌ FortiClient GUI 启动失败
[2026-03-06 11:53:33] 重试 3 失败：无法启动 FortiClient
[2026-03-06 11:53:43] ❌ VPN 重连失败（已尝试 3 次）
[2026-03-06 11:53:43] ========== VPN 重连失败 ==========
[2026-03-06 19:55:06] ========== VPN 重连开始 ==========
[2026-03-06 19:55:06] 尝试 1/3...
[2026-03-06 19:55:06] 启动 FortiClient GUI...
[2026-03-06 19:55:06] FortiClient 已在运行，先关闭...
[2026-03-06 19:55:11] ❌ FortiClient GUI 启动失败
[2026-03-06 19:55:11] 重试 1 失败：无法启动 FortiClient
[2026-03-06 19:55:21] 尝试 2/3...
[2026-03-06 19:55:21] 启动 FortiClient GUI...
[2026-03-06 19:55:24] ❌ FortiClient GUI 启动失败
[2026-03-06 19:55:24] 重试 2 失败：无法启动 FortiClient
[2026-03-06 19:55:34] 尝试 3/3...
[2026-03-06 19:55:34] 启动 FortiClient GUI...
[2026-03-06 19:55:37] ❌ FortiClient GUI 启动失败
[2026-03-06 19:55:37] 重试 3 失败：无法启动 FortiClient
[2026-03-06 19:55:47] ❌ VPN 重连失败（已尝试 3 次）
[2026-03-06 19:55:47] ========== VPN 重连失败 ==========
[2026-03-06 19:56:47] ========== VPN 重连开始 ==========
[2026-03-06 19:56:47] 尝试 1/3...
[2026-03-06 19:56:47] 启动 FortiClient GUI...
[2026-03-06 19:56:47] FortiClient 已在运行，先关闭...
[2026-03-06 19:56:52] ❌ FortiClient GUI 启动失败
[2026-03-06 19:56:52] 重试 1 失败：无法启动 FortiClient
[2026-03-06 19:57:02] 尝试 2/3...
[2026-03-06 19:57:02] 启动 FortiClient GUI...
[2026-03-06 19:57:05] ❌ FortiClient GUI 启动失败
[2026-03-06 19:57:05] 重试 2 失败：无法启动 FortiClient
[2026-03-06 19:57:15] 尝试 3/3...
[2026-03-06 19:57:15] 启动 FortiClient GUI...
[2026-03-06 19:57:18] ❌ FortiClient GUI 启动失败
[2026-03-06 19:57:18] 重试 3 失败：无法启动 FortiClient
[2026-03-06 19:57:28] ❌ VPN 重连失败（已尝试 3 次）
[2026-03-06 19:57:28] ========== VPN 重连失败 ==========
[2026-03-06 19:58:28] ========== VPN 重连开始 ==========
[2026-03-06 19:58:28] 尝试 1/3...
[2026-03-06 19:58:28] 启动 FortiClient GUI...
[2026-03-06 19:58:31] ❌ FortiClient GUI 启动失败
[2026-03-06 19:58:31] 重试 1 失败：无法启动 FortiClient
[2026-03-06 19:58:41] 尝试 2/3...
[2026-03-06 19:58:41] 启动 FortiClient GUI...
[2026-03-06 19:58:44] ❌ FortiClient GUI 启动失败
[2026-03-06 19:58:44] 重试 2 失败：无法启动 FortiClient
[2026-03-06 19:58:54] 尝试 3/3...
[2026-03-06 19:58:54] 启动 FortiClient GUI...
[2026-03-06 19:58:58] ❌ FortiClient GUI 启动失败
[2026-03-06 19:58:58] 重试 3 失败：无法启动 FortiClient
[2026-03-06 19:59:08] ❌ VPN 重连失败（已尝试 3 次）
[2026-03-06 19:59:08] ========== VPN 重连失败 ==========
[2026-03-07 03:59:30] ========== VPN 重连开始 ==========
[2026-03-07 03:59:30] 尝试 1/3...
[2026-03-07 03:59:30] 启动 FortiClient GUI...
[2026-03-07 03:59:33] ❌ FortiClient GUI 启动失败
[2026-03-07 03:59:33] 重试 1 失败：无法启动 FortiClient
[2026-03-07 03:59:43] 尝试 2/3...
[2026-03-07 03:59:43] 启动 FortiClient GUI...
[2026-03-07 03:59:46] ❌ FortiClient GUI 启动失败
[2026-03-07 03:59:46] 重试 2 失败：无法启动 FortiClient
[2026-03-07 03:59:56] 尝试 3/3...
[2026-03-07 03:59:56] 启动 FortiClient GUI...
[2026-03-07 03:59:59] ✅ FortiClient GUI 已启动
[2026-03-07 03:59:59] 触发 VPN 连接（Playwright 自动化）...
[INFO] 启动 Playwright 自动登录...
[INFO] 访问 VPN SAML 登录页面...
[INFO] 等待 Microsoft 登录页面...
[INFO] 输入用户名...
[INFO] 等待密码输入框...
[INFO] 输入密码...
[INFO] 等待认证完成...
[INFO] 当前 URL: https://login.microsoftonline.com/25dfd0e1-efae-4b13-8d6b-b82c74544999/login
[INFO] 找到按钮: 
[INFO] 等待重定向到 VPN...
[WARN] 等待重定向超时，检查当前状态...
[INFO] 最终 URL: https://login.microsoftonline.com/25dfd0e1-efae-4b13-8d6b-b82c74544999/login
[ERROR] ❌ 自动登录失败: 未能重定向到 VPN 页面
[2026-03-07 04:01:09] 重试 3 失败：自动登录失败
[2026-03-07 04:01:19] ❌ VPN 重连失败（已尝试 3 次）
[2026-03-07 04:01:19] ========== VPN 重连失败 ==========
[2026-03-07 12:02:42] ========== VPN 重连开始 ==========
[2026-03-07 12:02:42] 尝试 1/3...
[2026-03-07 12:02:42] 启动 FortiClient GUI...
[2026-03-07 12:02:45] ✅ FortiClient GUI 已启动
[2026-03-07 12:02:45] 触发 VPN 连接（Playwright 自动化）...
[INFO] 启动 Playwright 自动登录...
[INFO] 访问 VPN SAML 登录页面...
[INFO] 等待 Microsoft 登录页面...
[INFO] 输入用户名...
[INFO] 等待密码输入框...
[INFO] 输入密码...
[INFO] 等待认证完成...
[INFO] 当前 URL: https://login.microsoftonline.com/25dfd0e1-efae-4b13-8d6b-b82c74544999/login
[INFO] 找到按钮: 
[INFO] 等待重定向到 VPN...
[WARN] 等待重定向超时，检查当前状态...
[INFO] 最终 URL: https://login.microsoftonline.com/25dfd0e1-efae-4b13-8d6b-b82c74544999/login
[ERROR] ❌ 自动登录失败: 未能重定向到 VPN 页面
[2026-03-07 12:03:54] 重试 1 失败：自动登录失败
[2026-03-07 12:04:04] 尝试 2/3...
[2026-03-07 12:04:04] 启动 FortiClient GUI...
[2026-03-07 12:04:07] ❌ FortiClient GUI 启动失败
[2026-03-07 12:04:07] 重试 2 失败：无法启动 FortiClient
[2026-03-07 12:04:17] 尝试 3/3...
[2026-03-07 12:04:17] 启动 FortiClient GUI...
[2026-03-07 12:04:20] ❌ FortiClient GUI 启动失败
[2026-03-07 12:04:20] 重试 3 失败：无法启动 FortiClient
[2026-03-07 12:04:30] ❌ VPN 重连失败（已尝试 3 次）
[2026-03-07 12:04:30] ========== VPN 重连失败 ==========
[2026-03-07 20:05:53] ========== VPN 重连开始 ==========
[2026-03-07 20:05:53] 尝试 1/3...
[2026-03-07 20:05:53] 启动 FortiClient GUI...
[2026-03-07 20:05:56] ❌ FortiClient GUI 启动失败
[2026-03-07 20:05:56] 重试 1 失败：无法启动 FortiClient
[2026-03-07 20:06:06] 尝试 2/3...
[2026-03-07 20:06:06] 启动 FortiClient GUI...
[2026-03-07 20:06:09] ❌ FortiClient GUI 启动失败
[2026-03-07 20:06:09] 重试 2 失败：无法启动 FortiClient
[2026-03-07 20:06:19] 尝试 3/3...
[2026-03-07 20:06:19] 启动 FortiClient GUI...
[2026-03-07 20:06:22] ❌ FortiClient GUI 启动失败
[2026-03-07 20:06:22] 重试 3 失败：无法启动 FortiClient
[2026-03-07 20:06:32] ❌ VPN 重连失败（已尝试 3 次）
[2026-03-07 20:06:32] ========== VPN 重连失败 ==========
[2026-03-07 20:07:32] ========== VPN 重连开始 ==========
[2026-03-07 20:07:32] 尝试 1/3...
[2026-03-07 20:07:32] 启动 FortiClient GUI...
[2026-03-07 20:07:32] FortiClient 已在运行，先关闭...
[2026-03-07 20:07:37] ❌ FortiClient GUI 启动失败
[2026-03-07 20:07:37] 重试 1 失败：无法启动 FortiClient
[2026-03-07 20:07:47] 尝试 2/3...
[2026-03-07 20:07:47] 启动 FortiClient GUI...
[2026-03-07 20:07:50] ❌ FortiClient GUI 启动失败
[2026-03-07 20:07:50] 重试 2 失败：无法启动 FortiClient
[2026-03-07 20:08:00] 尝试 3/3...
[2026-03-07 20:08:00] 启动 FortiClient GUI...
[2026-03-07 20:08:03] ❌ FortiClient GUI 启动失败
[2026-03-07 20:08:03] 重试 3 失败：无法启动 FortiClient
[2026-03-07 20:08:13] ❌ VPN 重连失败（已尝试 3 次）
[2026-03-07 20:08:13] ========== VPN 重连失败 ==========
[2026-03-07 20:09:13] ========== VPN 重连开始 ==========
[2026-03-07 20:09:13] 尝试 1/3...
[2026-03-07 20:09:13] 启动 FortiClient GUI...
[2026-03-07 20:09:16] ❌ FortiClient GUI 启动失败
[2026-03-07 20:09:16] 重试 1 失败：无法启动 FortiClient
[2026-03-07 20:09:26] 尝试 2/3...
[2026-03-07 20:09:26] 启动 FortiClient GUI...
[2026-03-07 20:09:29] ❌ FortiClient GUI 启动失败
[2026-03-07 20:09:29] 重试 2 失败：无法启动 FortiClient
[2026-03-07 20:09:39] 尝试 3/3...
[2026-03-07 20:09:39] 启动 FortiClient GUI...
[2026-03-07 20:09:42] ❌ FortiClient GUI 启动失败
[2026-03-07 20:09:42] 重试 3 失败：无法启动 FortiClient
[2026-03-07 20:09:52] ❌ VPN 重连失败（已尝试 3 次）
[2026-03-07 20:09:52] ========== VPN 重连失败 ==========
[2026-03-08 04:11:16] ========== VPN 重连开始 ==========
[2026-03-08 04:11:16] 尝试 1/3...
[2026-03-08 04:11:16] 启动 FortiClient GUI...
[2026-03-08 04:11:19] ❌ FortiClient GUI 启动失败
[2026-03-08 04:11:19] 重试 1 失败：无法启动 FortiClient
[2026-03-08 04:11:29] 尝试 2/3...
[2026-03-08 04:11:29] 启动 FortiClient GUI...
[2026-03-08 04:11:29] FortiClient 已在运行，先关闭...
[2026-03-08 04:11:34] ❌ FortiClient GUI 启动失败
[2026-03-08 04:11:34] 重试 2 失败：无法启动 FortiClient
[2026-03-08 04:11:44] 尝试 3/3...
[2026-03-08 04:11:44] 启动 FortiClient GUI...
[2026-03-08 04:11:47] ❌ FortiClient GUI 启动失败
[2026-03-08 04:11:47] 重试 3 失败：无法启动 FortiClient
[2026-03-08 04:11:57] ❌ VPN 重连失败（已尝试 3 次）
[2026-03-08 04:11:57] ========== VPN 重连失败 ==========
[2026-03-08 04:12:57] ========== VPN 重连开始 ==========
[2026-03-08 04:12:57] 尝试 1/3...
[2026-03-08 04:12:57] 启动 FortiClient GUI...
[2026-03-08 04:12:57] FortiClient 已在运行，先关闭...
[2026-03-08 04:13:02] ❌ FortiClient GUI 启动失败
[2026-03-08 04:13:02] 重试 1 失败：无法启动 FortiClient
[2026-03-08 04:13:12] 尝试 2/3...
[2026-03-08 04:13:12] 启动 FortiClient GUI...
[2026-03-08 04:13:15] ❌ FortiClient GUI 启动失败
[2026-03-08 04:13:15] 重试 2 失败：无法启动 FortiClient
[2026-03-08 04:13:25] 尝试 3/3...
[2026-03-08 04:13:25] 启动 FortiClient GUI...
[2026-03-08 04:13:28] ❌ FortiClient GUI 启动失败
[2026-03-08 04:13:28] 重试 3 失败：无法启动 FortiClient
[2026-03-08 04:13:38] ❌ VPN 重连失败（已尝试 3 次）
[2026-03-08 04:13:38] ========== VPN 重连失败 ==========
[2026-03-08 04:14:38] ========== VPN 重连开始 ==========
[2026-03-08 04:14:38] 尝试 1/3...
[2026-03-08 04:14:38] 启动 FortiClient GUI...
[2026-03-08 04:14:41] ❌ FortiClient GUI 启动失败
[2026-03-08 04:14:41] 重试 1 失败：无法启动 FortiClient
[2026-03-08 04:14:51] 尝试 2/3...
[2026-03-08 04:14:51] 启动 FortiClient GUI...
[2026-03-08 04:14:54] ❌ FortiClient GUI 启动失败
[2026-03-08 04:14:54] 重试 2 失败：无法启动 FortiClient
[2026-03-08 04:15:04] 尝试 3/3...
[2026-03-08 04:15:04] 启动 FortiClient GUI...
[2026-03-08 04:15:07] ❌ FortiClient GUI 启动失败
[2026-03-08 04:15:07] 重试 3 失败：无法启动 FortiClient
[2026-03-08 04:15:17] ❌ VPN 重连失败（已尝试 3 次）
[2026-03-08 04:15:17] ========== VPN 重连失败 ==========
[2026-03-08 12:15:40] ========== VPN 重连开始 ==========
[2026-03-08 12:15:40] 尝试 1/3...
[2026-03-08 12:15:40] 启动 FortiClient GUI...
[2026-03-08 12:15:43] ❌ FortiClient GUI 启动失败
[2026-03-08 12:15:43] 重试 1 失败：无法启动 FortiClient
[2026-03-08 12:15:53] 尝试 2/3...
[2026-03-08 12:15:53] 启动 FortiClient GUI...
[2026-03-08 12:15:56] ❌ FortiClient GUI 启动失败
[2026-03-08 12:15:56] 重试 2 失败：无法启动 FortiClient
[2026-03-08 12:16:06] 尝试 3/3...
[2026-03-08 12:16:06] 启动 FortiClient GUI...
[2026-03-08 12:16:09] ❌ FortiClient GUI 启动失败
[2026-03-08 12:16:09] 重试 3 失败：无法启动 FortiClient
[2026-03-08 12:16:19] ❌ VPN 重连失败（已尝试 3 次）
[2026-03-08 12:16:19] ========== VPN 重连失败 ==========
[2026-03-08 12:17:19] ========== VPN 重连开始 ==========
[2026-03-08 12:17:19] 尝试 1/3...
[2026-03-08 12:17:19] 启动 FortiClient GUI...
[2026-03-08 12:17:22] ❌ FortiClient GUI 启动失败
[2026-03-08 12:17:22] 重试 1 失败：无法启动 FortiClient
[2026-03-08 12:17:32] 尝试 2/3...
[2026-03-08 12:17:32] 启动 FortiClient GUI...
[2026-03-08 12:17:35] ❌ FortiClient GUI 启动失败
[2026-03-08 12:17:35] 重试 2 失败：无法启动 FortiClient
[2026-03-08 12:17:45] 尝试 3/3...
[2026-03-08 12:17:45] 启动 FortiClient GUI...
[2026-03-08 12:17:48] ❌ FortiClient GUI 启动失败
[2026-03-08 12:17:48] 重试 3 失败：无法启动 FortiClient
[2026-03-08 12:17:58] ❌ VPN 重连失败（已尝试 3 次）
[2026-03-08 12:17:58] ========== VPN 重连失败 ==========
[2026-03-08 19:57:20] ========== VPN 重连开始 ==========
[2026-03-08 19:57:20] 尝试 1/3...
[2026-03-08 19:57:20] 启动 FortiClient GUI...
[2026-03-08 19:57:23] ❌ FortiClient GUI 启动失败
[2026-03-08 19:57:23] 重试 1 失败：无法启动 FortiClient
[2026-03-08 19:57:33] 尝试 2/3...
[2026-03-08 19:57:33] 启动 FortiClient GUI...
[2026-03-08 19:57:36] ❌ FortiClient GUI 启动失败
[2026-03-08 19:57:36] 重试 2 失败：无法启动 FortiClient
[2026-03-08 19:57:46] 尝试 3/3...
[2026-03-08 19:57:46] 启动 FortiClient GUI...
[2026-03-08 19:57:49] ❌ FortiClient GUI 启动失败
[2026-03-08 19:57:49] 重试 3 失败：无法启动 FortiClient
[2026-03-08 19:57:59] ❌ VPN 重连失败（已尝试 3 次）
[2026-03-08 19:57:59] ========== VPN 重连失败 ==========
[2026-03-08 20:19:00] ========== VPN 重连开始 ==========
[2026-03-08 20:19:00] 尝试 1/3...
[2026-03-08 20:19:00] 启动 FortiClient GUI...
[2026-03-08 20:19:03] ✅ FortiClient GUI 已启动
[2026-03-08 20:19:03] 触发 VPN 连接（Playwright 自动化）...
[INFO] 启动 Playwright 自动登录...
[INFO] 访问 VPN SAML 登录页面...
[INFO] 等待 Microsoft 登录页面...
[INFO] 输入用户名...
[INFO] 等待密码输入框...
[INFO] 输入密码...
[INFO] 等待认证完成...
[INFO] 当前 URL: https://login.microsoftonline.com/25dfd0e1-efae-4b13-8d6b-b82c74544999/login
[INFO] 找到按钮: 
[INFO] 等待重定向到 VPN...
[WARN] 等待重定向超时，检查当前状态...
[INFO] 最终 URL: https://login.microsoftonline.com/25dfd0e1-efae-4b13-8d6b-b82c74544999/login
[ERROR] ❌ 自动登录失败: 未能重定向到 VPN 页面
[2026-03-08 20:20:13] 重试 1 失败：自动登录失败
[2026-03-08 20:20:23] 尝试 2/3...
[2026-03-08 20:20:23] 启动 FortiClient GUI...
[2026-03-08 20:20:26] ❌ FortiClient GUI 启动失败
[2026-03-08 20:20:26] 重试 2 失败：无法启动 FortiClient
[2026-03-08 20:20:36] 尝试 3/3...
[2026-03-08 20:20:36] 启动 FortiClient GUI...
[2026-03-08 20:20:39] ❌ FortiClient GUI 启动失败
[2026-03-08 20:20:39] 重试 3 失败：无法启动 FortiClient
[2026-03-08 20:20:49] ❌ VPN 重连失败（已尝试 3 次）
[2026-03-08 20:20:49] ========== VPN 重连失败 ==========
[2026-03-09 04:21:12] ========== VPN 重连开始 ==========
[2026-03-09 04:21:12] 尝试 1/3...
[2026-03-09 04:21:12] 启动 FortiClient GUI...
[2026-03-09 04:21:15] ❌ FortiClient GUI 启动失败
[2026-03-09 04:21:15] 重试 1 失败：无法启动 FortiClient
[2026-03-09 04:21:25] 尝试 2/3...
[2026-03-09 04:21:25] 启动 FortiClient GUI...
[2026-03-09 04:21:28] ❌ FortiClient GUI 启动失败
[2026-03-09 04:21:28] 重试 2 失败：无法启动 FortiClient
[2026-03-09 04:21:38] 尝试 3/3...
[2026-03-09 04:21:38] 启动 FortiClient GUI...
[2026-03-09 04:21:41] ❌ FortiClient GUI 启动失败
[2026-03-09 04:21:41] 重试 3 失败：无法启动 FortiClient
[2026-03-09 04:21:51] ❌ VPN 重连失败（已尝试 3 次）
[2026-03-09 04:21:51] ========== VPN 重连失败 ==========
[2026-03-09 04:22:51] ========== VPN 重连开始 ==========
[2026-03-09 04:22:51] 尝试 1/3...
[2026-03-09 04:22:51] 启动 FortiClient GUI...
[2026-03-09 04:22:54] ❌ FortiClient GUI 启动失败
[2026-03-09 04:22:54] 重试 1 失败：无法启动 FortiClient
[2026-03-09 04:23:04] 尝试 2/3...
[2026-03-09 04:23:04] 启动 FortiClient GUI...
[2026-03-09 04:23:07] ❌ FortiClient GUI 启动失败
[2026-03-09 04:23:07] 重试 2 失败：无法启动 FortiClient
[2026-03-09 04:23:17] 尝试 3/3...
[2026-03-09 04:23:17] 启动 FortiClient GUI...
[2026-03-09 04:23:20] ❌ FortiClient GUI 启动失败
[2026-03-09 04:23:20] 重试 3 失败：无法启动 FortiClient
[2026-03-09 04:23:30] ❌ VPN 重连失败（已尝试 3 次）
[2026-03-09 04:23:30] ========== VPN 重连失败 ==========
[2026-03-09 12:24:53] ========== VPN 重连开始 ==========
[2026-03-09 12:24:53] 尝试 1/3...
[2026-03-09 12:24:53] 启动 FortiClient GUI...
[2026-03-09 12:24:56] ❌ FortiClient GUI 启动失败
[2026-03-09 12:24:56] 重试 1 失败：无法启动 FortiClient
[2026-03-09 12:25:06] 尝试 2/3...
[2026-03-09 12:25:06] 启动 FortiClient GUI...
[2026-03-09 12:25:09] ❌ FortiClient GUI 启动失败
[2026-03-09 12:25:09] 重试 2 失败：无法启动 FortiClient
[2026-03-09 12:25:19] 尝试 3/3...
[2026-03-09 12:25:19] 启动 FortiClient GUI...
[2026-03-09 12:25:22] ❌ FortiClient GUI 启动失败
[2026-03-09 12:25:22] 重试 3 失败：无法启动 FortiClient
[2026-03-09 12:25:32] ❌ VPN 重连失败（已尝试 3 次）
[2026-03-09 12:25:32] ========== VPN 重连失败 ==========
[2026-03-09 12:26:32] ========== VPN 重连开始 ==========
[2026-03-09 12:26:32] 尝试 1/3...
[2026-03-09 12:26:32] 启动 FortiClient GUI...
[2026-03-09 12:26:32] FortiClient 已在运行，先关闭...
[2026-03-09 12:26:37] ❌ FortiClient GUI 启动失败
[2026-03-09 12:26:37] 重试 1 失败：无法启动 FortiClient
[2026-03-09 12:26:47] 尝试 2/3...
[2026-03-09 12:26:47] 启动 FortiClient GUI...
[2026-03-09 12:26:50] ❌ FortiClient GUI 启动失败
[2026-03-09 12:26:50] 重试 2 失败：无法启动 FortiClient
[2026-03-09 12:27:00] 尝试 3/3...
[2026-03-09 12:27:00] 启动 FortiClient GUI...
[2026-03-09 12:27:03] ❌ FortiClient GUI 启动失败
[2026-03-09 12:27:03] 重试 3 失败：无法启动 FortiClient
[2026-03-09 12:27:13] ❌ VPN 重连失败（已尝试 3 次）
[2026-03-09 12:27:13] ========== VPN 重连失败 ==========
[2026-03-09 12:28:13] ========== VPN 重连开始 ==========
[2026-03-09 12:28:13] 尝试 1/3...
[2026-03-09 12:28:13] 启动 FortiClient GUI...
[2026-03-09 12:28:16] ❌ FortiClient GUI 启动失败
[2026-03-09 12:28:16] 重试 1 失败：无法启动 FortiClient
[2026-03-09 12:28:26] 尝试 2/3...
[2026-03-09 12:28:26] 启动 FortiClient GUI...
[2026-03-09 12:28:29] ❌ FortiClient GUI 启动失败
[2026-03-09 12:28:29] 重试 2 失败：无法启动 FortiClient
[2026-03-09 12:28:39] 尝试 3/3...
[2026-03-09 12:28:39] 启动 FortiClient GUI...
[2026-03-09 12:28:43] ❌ FortiClient GUI 启动失败
[2026-03-09 12:28:43] 重试 3 失败：无法启动 FortiClient
[2026-03-09 12:28:53] ❌ VPN 重连失败（已尝试 3 次）
[2026-03-09 12:28:53] ========== VPN 重连失败 ==========
[2026-03-09 12:29:53] ========== VPN 重连开始 ==========
[2026-03-09 12:29:53] 尝试 1/3...
[2026-03-09 12:29:53] 启动 FortiClient GUI...
[2026-03-09 12:29:53] FortiClient 已在运行，先关闭...
[2026-03-09 12:29:58] ❌ FortiClient GUI 启动失败
[2026-03-09 12:29:58] 重试 1 失败：无法启动 FortiClient
[2026-03-09 12:30:08] 尝试 2/3...
[2026-03-09 12:30:08] 启动 FortiClient GUI...
[2026-03-09 12:30:11] ❌ FortiClient GUI 启动失败
[2026-03-09 12:30:11] 重试 2 失败：无法启动 FortiClient
[2026-03-09 12:30:21] 尝试 3/3...
[2026-03-09 12:30:21] 启动 FortiClient GUI...
[2026-03-09 12:30:24] ❌ FortiClient GUI 启动失败
[2026-03-09 12:30:24] 重试 3 失败：无法启动 FortiClient
[2026-03-09 12:30:34] ❌ VPN 重连失败（已尝试 3 次）
[2026-03-09 12:30:34] ========== VPN 重连失败 ==========
[2026-03-09 12:31:34] ========== VPN 重连开始 ==========
[2026-03-09 12:31:34] 尝试 1/3...
[2026-03-09 12:31:34] 启动 FortiClient GUI...
[2026-03-09 12:31:34] FortiClient 已在运行，先关闭...
[2026-03-09 12:31:39] ❌ FortiClient GUI 启动失败
[2026-03-09 12:31:39] 重试 1 失败：无法启动 FortiClient
[2026-03-09 12:31:49] 尝试 2/3...
[2026-03-09 12:31:49] 启动 FortiClient GUI...
[2026-03-09 12:31:52] ❌ FortiClient GUI 启动失败
[2026-03-09 12:31:52] 重试 2 失败：无法启动 FortiClient
[2026-03-09 12:32:02] 尝试 3/3...
[2026-03-09 12:32:02] 启动 FortiClient GUI...
[2026-03-09 12:32:05] ❌ FortiClient GUI 启动失败
[2026-03-09 12:32:05] 重试 3 失败：无法启动 FortiClient
[2026-03-09 12:32:15] ❌ VPN 重连失败（已尝试 3 次）
[2026-03-09 12:32:15] ========== VPN 重连失败 ==========
[2026-03-09 12:33:15] ========== VPN 重连开始 ==========
[2026-03-09 12:33:15] 尝试 1/3...
[2026-03-09 12:33:15] 启动 FortiClient GUI...
[2026-03-09 12:33:18] ❌ FortiClient GUI 启动失败
[2026-03-09 12:33:18] 重试 1 失败：无法启动 FortiClient
[2026-03-09 12:33:28] 尝试 2/3...
[2026-03-09 12:33:28] 启动 FortiClient GUI...
[2026-03-09 12:33:31] ❌ FortiClient GUI 启动失败
[2026-03-09 12:33:31] 重试 2 失败：无法启动 FortiClient
[2026-03-09 12:33:41] 尝试 3/3...
[2026-03-09 12:33:41] 启动 FortiClient GUI...
[2026-03-09 12:33:44] ❌ FortiClient GUI 启动失败
[2026-03-09 12:33:44] 重试 3 失败：无法启动 FortiClient
[2026-03-09 12:33:54] ❌ VPN 重连失败（已尝试 3 次）
[2026-03-09 12:33:54] ========== VPN 重连失败 ==========
[2026-03-09 20:35:17] ========== VPN 重连开始 ==========
[2026-03-09 20:35:17] 尝试 1/3...
[2026-03-09 20:35:17] 启动 FortiClient GUI...
[2026-03-09 20:35:20] ❌ FortiClient GUI 启动失败
[2026-03-09 20:35:20] 重试 1 失败：无法启动 FortiClient
[2026-03-09 20:35:30] 尝试 2/3...
[2026-03-09 20:35:30] 启动 FortiClient GUI...
[2026-03-09 20:35:33] ❌ FortiClient GUI 启动失败
[2026-03-09 20:35:33] 重试 2 失败：无法启动 FortiClient
[2026-03-09 20:35:43] 尝试 3/3...
[2026-03-09 20:35:43] 启动 FortiClient GUI...
[2026-03-09 20:35:46] ❌ FortiClient GUI 启动失败
[2026-03-09 20:35:46] 重试 3 失败：无法启动 FortiClient
[2026-03-09 20:35:56] ❌ VPN 重连失败（已尝试 3 次）
[2026-03-09 20:35:56] ========== VPN 重连失败 ==========
[2026-03-09 20:36:56] ========== VPN 重连开始 ==========
[2026-03-09 20:36:56] 尝试 1/3...
[2026-03-09 20:36:56] 启动 FortiClient GUI...
[2026-03-09 20:36:56] FortiClient 已在运行，先关闭...
[2026-03-09 20:37:01] ❌ FortiClient GUI 启动失败
[2026-03-09 20:37:01] 重试 1 失败：无法启动 FortiClient
[2026-03-09 20:37:11] 尝试 2/3...
[2026-03-09 20:37:11] 启动 FortiClient GUI...
[2026-03-09 20:37:14] ❌ FortiClient GUI 启动失败
[2026-03-09 20:37:14] 重试 2 失败：无法启动 FortiClient
[2026-03-09 20:37:24] 尝试 3/3...
[2026-03-09 20:37:24] 启动 FortiClient GUI...
[2026-03-09 20:37:27] ❌ FortiClient GUI 启动失败
[2026-03-09 20:37:27] 重试 3 失败：无法启动 FortiClient
[2026-03-09 20:37:37] ❌ VPN 重连失败（已尝试 3 次）
[2026-03-09 20:37:37] ========== VPN 重连失败 ==========
[2026-03-09 20:38:38] ========== VPN 重连开始 ==========
[2026-03-09 20:38:38] 尝试 1/3...
[2026-03-09 20:38:38] 启动 FortiClient GUI...
[2026-03-09 20:38:41] ❌ FortiClient GUI 启动失败
[2026-03-09 20:38:41] 重试 1 失败：无法启动 FortiClient
[2026-03-09 20:38:51] 尝试 2/3...
[2026-03-09 20:38:51] 启动 FortiClient GUI...
[2026-03-09 20:38:54] ❌ FortiClient GUI 启动失败
[2026-03-09 20:38:54] 重试 2 失败：无法启动 FortiClient
[2026-03-09 20:39:04] 尝试 3/3...
[2026-03-09 20:39:04] 启动 FortiClient GUI...
[2026-03-09 20:39:07] ❌ FortiClient GUI 启动失败
[2026-03-09 20:39:07] 重试 3 失败：无法启动 FortiClient
[2026-03-09 20:39:17] ❌ VPN 重连失败（已尝试 3 次）
[2026-03-09 20:39:17] ========== VPN 重连失败 ==========
[2026-03-10 04:40:40] ========== VPN 重连开始 ==========
[2026-03-10 04:40:40] 尝试 1/3...
[2026-03-10 04:40:40] 启动 FortiClient GUI...
[2026-03-10 04:40:40] FortiClient 已在运行，先关闭...
[2026-03-10 04:40:45] ❌ FortiClient GUI 启动失败
[2026-03-10 04:40:45] 重试 1 失败：无法启动 FortiClient
[2026-03-10 04:40:55] 尝试 2/3...
[2026-03-10 04:40:55] 启动 FortiClient GUI...
[2026-03-10 04:40:58] ❌ FortiClient GUI 启动失败
[2026-03-10 04:40:58] 重试 2 失败：无法启动 FortiClient
[2026-03-10 04:41:08] 尝试 3/3...
[2026-03-10 04:41:08] 启动 FortiClient GUI...
[2026-03-10 04:41:11] ❌ FortiClient GUI 启动失败
[2026-03-10 04:41:11] 重试 3 失败：无法启动 FortiClient
[2026-03-10 04:41:21] ❌ VPN 重连失败（已尝试 3 次）
[2026-03-10 04:41:21] ========== VPN 重连失败 ==========
[2026-03-10 04:42:21] ========== VPN 重连开始 ==========
[2026-03-10 04:42:21] 尝试 1/3...
[2026-03-10 04:42:21] 启动 FortiClient GUI...
[2026-03-10 04:42:21] FortiClient 已在运行，先关闭...
[2026-03-10 04:42:26] ❌ FortiClient GUI 启动失败
[2026-03-10 04:42:26] 重试 1 失败：无法启动 FortiClient
[2026-03-10 04:42:36] 尝试 2/3...
[2026-03-10 04:42:36] 启动 FortiClient GUI...
[2026-03-10 04:42:39] ❌ FortiClient GUI 启动失败
[2026-03-10 04:42:39] 重试 2 失败：无法启动 FortiClient
[2026-03-10 04:42:49] 尝试 3/3...
[2026-03-10 04:42:49] 启动 FortiClient GUI...
[2026-03-10 04:42:52] ❌ FortiClient GUI 启动失败
[2026-03-10 04:42:52] 重试 3 失败：无法启动 FortiClient
[2026-03-10 04:43:02] ❌ VPN 重连失败（已尝试 3 次）
[2026-03-10 04:43:02] ========== VPN 重连失败 ==========
[2026-03-10 04:44:02] ========== VPN 重连开始 ==========
[2026-03-10 04:44:02] 尝试 1/3...
[2026-03-10 04:44:02] 启动 FortiClient GUI...
[2026-03-10 04:44:05] ❌ FortiClient GUI 启动失败
[2026-03-10 04:44:05] 重试 1 失败：无法启动 FortiClient
[2026-03-10 04:44:15] 尝试 2/3...
[2026-03-10 04:44:15] 启动 FortiClient GUI...
[2026-03-10 04:44:18] ❌ FortiClient GUI 启动失败
[2026-03-10 04:44:18] 重试 2 失败：无法启动 FortiClient
[2026-03-10 04:44:28] 尝试 3/3...
[2026-03-10 04:44:28] 启动 FortiClient GUI...
[2026-03-10 04:44:31] ❌ FortiClient GUI 启动失败
[2026-03-10 04:44:31] 重试 3 失败：无法启动 FortiClient
[2026-03-10 04:44:41] ❌ VPN 重连失败（已尝试 3 次）
[2026-03-10 04:44:41] ========== VPN 重连失败 ==========
[2026-03-10 12:45:04] ========== VPN 重连开始 ==========
[2026-03-10 12:45:04] 尝试 1/3...
[2026-03-10 12:45:04] 启动 FortiClient GUI...
[2026-03-10 12:45:07] ❌ FortiClient GUI 启动失败
[2026-03-10 12:45:07] 重试 1 失败：无法启动 FortiClient
[2026-03-10 12:45:17] 尝试 2/3...
[2026-03-10 12:45:17] 启动 FortiClient GUI...
[2026-03-10 12:45:20] ❌ FortiClient GUI 启动失败
[2026-03-10 12:45:20] 重试 2 失败：无法启动 FortiClient
[2026-03-10 12:45:30] 尝试 3/3...
[2026-03-10 12:45:30] 启动 FortiClient GUI...
[2026-03-10 12:45:33] ✅ FortiClient GUI 已启动
[2026-03-10 12:45:33] 触发 VPN 连接（Playwright 自动化）...
[INFO] 启动 Playwright 自动登录...
[INFO] 访问 VPN SAML 登录页面...
[WARN] 页面加载超时，继续...
[INFO] 等待 Microsoft 登录页面...
[ERROR] ❌ 自动登录失败: page.waitForSelector: Timeout 15000ms exceeded.
Call log:
  - waiting for locator('#i0116') to be visible
    - waiting for" https://login.microsoftonline.com/25dfd0e1-efae-4b13-8d6b-b82c74544999/saml2?SAMLRequest=jZJNb9swDIb%2FiqG7%2FBXZroUkQOo0aIBuM5p0h14GRaZTobLkiXK2%2Ffs6ztZ1hxU9iuID8nnBOYpO93w1%2BCdzD98HQB%2F87LRBPn0s…" navigation to finish...

[2026-03-10 12:46:19] 重试 3 失败：自动登录失败
[2026-03-10 12:46:29] ❌ VPN 重连失败（已尝试 3 次）
[2026-03-10 12:46:29] ========== VPN 重连失败 ==========
[2026-03-10 12:47:29] ========== VPN 重连开始 ==========
[2026-03-10 12:47:29] 尝试 1/3...
[2026-03-10 12:47:29] 启动 FortiClient GUI...
[2026-03-10 12:47:29] FortiClient 已在运行，先关闭...
[2026-03-10 12:47:34] ❌ FortiClient GUI 启动失败
[2026-03-10 12:47:34] 重试 1 失败：无法启动 FortiClient
[2026-03-10 12:47:44] 尝试 2/3...
[2026-03-10 12:47:44] 启动 FortiClient GUI...
[2026-03-10 12:47:47] ❌ FortiClient GUI 启动失败
[2026-03-10 12:47:47] 重试 2 失败：无法启动 FortiClient
[2026-03-10 12:47:57] 尝试 3/3...
[2026-03-10 12:47:57] 启动 FortiClient GUI...
[2026-03-10 12:48:00] ❌ FortiClient GUI 启动失败
[2026-03-10 12:48:00] 重试 3 失败：无法启动 FortiClient
[2026-03-10 12:48:10] ❌ VPN 重连失败（已尝试 3 次）
[2026-03-10 12:48:10] ========== VPN 重连失败 ==========
[2026-03-10 12:49:10] ========== VPN 重连开始 ==========
[2026-03-10 12:49:10] 尝试 1/3...
[2026-03-10 12:49:10] 启动 FortiClient GUI...
[2026-03-10 12:49:13] ❌ FortiClient GUI 启动失败
[2026-03-10 12:49:13] 重试 1 失败：无法启动 FortiClient
[2026-03-10 12:49:23] 尝试 2/3...
[2026-03-10 12:49:23] 启动 FortiClient GUI...
[2026-03-10 12:49:26] ❌ FortiClient GUI 启动失败
[2026-03-10 12:49:26] 重试 2 失败：无法启动 FortiClient
[2026-03-10 12:49:36] 尝试 3/3...
[2026-03-10 12:49:36] 启动 FortiClient GUI...
[2026-03-10 12:49:39] ❌ FortiClient GUI 启动失败
[2026-03-10 12:49:39] 重试 3 失败：无法启动 FortiClient
[2026-03-10 12:49:49] ❌ VPN 重连失败（已尝试 3 次）
[2026-03-10 12:49:49] ========== VPN 重连失败 ==========
[2026-03-10 20:51:12] ========== VPN 重连开始 ==========
[2026-03-10 20:51:12] 尝试 1/3...
[2026-03-10 20:51:12] 启动 FortiClient GUI...
[2026-03-10 20:51:15] ❌ FortiClient GUI 启动失败
[2026-03-10 20:51:15] 重试 1 失败：无法启动 FortiClient
[2026-03-10 20:51:25] 尝试 2/3...
[2026-03-10 20:51:25] 启动 FortiClient GUI...
[2026-03-10 20:51:28] ✅ FortiClient GUI 已启动
[2026-03-10 20:51:28] 触发 VPN 连接（Playwright 自动化）...
[INFO] 启动 Playwright 自动登录...
[INFO] 访问 VPN SAML 登录页面...
[INFO] 等待 Microsoft 登录页面...
[INFO] 输入用户名...
[INFO] 等待密码输入框...
[INFO] 输入密码...
[INFO] 等待认证完成...
[INFO] 当前 URL: https://login.microsoftonline.com/25dfd0e1-efae-4b13-8d6b-b82c74544999/login
[INFO] 找到按钮: 
[INFO] 等待重定向到 VPN...
[WARN] 等待重定向超时，检查当前状态...
[INFO] 最终 URL: https://login.microsoftonline.com/25dfd0e1-efae-4b13-8d6b-b82c74544999/login
[ERROR] ❌ 自动登录失败: 未能重定向到 VPN 页面
[2026-03-10 20:52:37] 重试 2 失败：自动登录失败
[2026-03-10 20:52:47] 尝试 3/3...
[2026-03-10 20:52:47] 启动 FortiClient GUI...
[2026-03-10 20:52:50] ❌ FortiClient GUI 启动失败
[2026-03-10 20:52:50] 重试 3 失败：无法启动 FortiClient
[2026-03-10 20:53:00] ❌ VPN 重连失败（已尝试 3 次）
[2026-03-10 20:53:00] ========== VPN 重连失败 ==========
[2026-03-11 04:53:24] ========== VPN 重连开始 ==========
[2026-03-11 04:53:24] 尝试 1/3...
[2026-03-11 04:53:24] 启动 FortiClient GUI...
[2026-03-11 04:53:27] ❌ FortiClient GUI 启动失败
[2026-03-11 04:53:27] 重试 1 失败：无法启动 FortiClient
[2026-03-11 04:53:37] 尝试 2/3...
[2026-03-11 04:53:37] 启动 FortiClient GUI...
[2026-03-11 04:53:40] ❌ FortiClient GUI 启动失败
[2026-03-11 04:53:40] 重试 2 失败：无法启动 FortiClient
[2026-03-11 04:53:50] 尝试 3/3...
[2026-03-11 04:53:50] 启动 FortiClient GUI...
[2026-03-11 04:53:53] ❌ FortiClient GUI 启动失败
[2026-03-11 04:53:53] 重试 3 失败：无法启动 FortiClient
[2026-03-11 04:54:03] ❌ VPN 重连失败（已尝试 3 次）
[2026-03-11 04:54:03] ========== VPN 重连失败 ==========
[2026-03-11 04:55:03] ========== VPN 重连开始 ==========
[2026-03-11 04:55:03] 尝试 1/3...
[2026-03-11 04:55:03] 启动 FortiClient GUI...
[2026-03-11 04:55:06] ❌ FortiClient GUI 启动失败
[2026-03-11 04:55:06] 重试 1 失败：无法启动 FortiClient
[2026-03-11 04:55:16] 尝试 2/3...
[2026-03-11 04:55:16] 启动 FortiClient GUI...
[2026-03-11 04:55:19] ❌ FortiClient GUI 启动失败
[2026-03-11 04:55:19] 重试 2 失败：无法启动 FortiClient
[2026-03-11 04:55:29] 尝试 3/3...
[2026-03-11 04:55:29] 启动 FortiClient GUI...
[2026-03-11 04:55:32] ❌ FortiClient GUI 启动失败
[2026-03-11 04:55:32] 重试 3 失败：无法启动 FortiClient
[2026-03-11 04:55:42] ❌ VPN 重连失败（已尝试 3 次）
[2026-03-11 04:55:42] ========== VPN 重连失败 ==========
[2026-03-11 12:56:06] ========== VPN 重连开始 ==========
[2026-03-11 12:56:06] 尝试 1/3...
[2026-03-11 12:56:06] 启动 FortiClient GUI...
[2026-03-11 12:56:09] ❌ FortiClient GUI 启动失败
[2026-03-11 12:56:09] 重试 1 失败：无法启动 FortiClient
[2026-03-11 12:56:19] 尝试 2/3...
[2026-03-11 12:56:19] 启动 FortiClient GUI...
[2026-03-11 12:56:22] ❌ FortiClient GUI 启动失败
[2026-03-11 12:56:22] 重试 2 失败：无法启动 FortiClient
[2026-03-11 12:56:32] 尝试 3/3...
[2026-03-11 12:56:32] 启动 FortiClient GUI...
[2026-03-11 12:56:35] ❌ FortiClient GUI 启动失败
[2026-03-11 12:56:35] 重试 3 失败：无法启动 FortiClient
[2026-03-11 12:56:45] ❌ VPN 重连失败（已尝试 3 次）
[2026-03-11 12:56:45] ========== VPN 重连失败 ==========
[2026-03-11 12:57:45] ========== VPN 重连开始 ==========
[2026-03-11 12:57:45] 尝试 1/3...
[2026-03-11 12:57:45] 启动 FortiClient GUI...
[2026-03-11 12:57:48] ❌ FortiClient GUI 启动失败
[2026-03-11 12:57:48] 重试 1 失败：无法启动 FortiClient
[2026-03-11 12:57:58] 尝试 2/3...
[2026-03-11 12:57:58] 启动 FortiClient GUI...
[2026-03-11 12:58:01] ❌ FortiClient GUI 启动失败
[2026-03-11 12:58:01] 重试 2 失败：无法启动 FortiClient
[2026-03-11 12:58:11] 尝试 3/3...
[2026-03-11 12:58:11] 启动 FortiClient GUI...
[2026-03-11 12:58:14] ❌ FortiClient GUI 启动失败
[2026-03-11 12:58:14] 重试 3 失败：无法启动 FortiClient
[2026-03-11 12:58:24] ❌ VPN 重连失败（已尝试 3 次）
[2026-03-11 12:58:24] ========== VPN 重连失败 ==========
[2026-03-11 20:59:50] ========== VPN 重连开始 ==========
[2026-03-11 20:59:50] 尝试 1/3...
[2026-03-11 20:59:50] 启动 FortiClient GUI...
[2026-03-11 20:59:50] FortiClient 已在运行，先关闭...
[2026-03-11 20:59:55] ❌ FortiClient GUI 启动失败
[2026-03-11 20:59:55] 重试 1 失败：无法启动 FortiClient
[2026-03-11 21:00:05] 尝试 2/3...
[2026-03-11 21:00:05] 启动 FortiClient GUI...
[2026-03-11 21:00:08] ❌ FortiClient GUI 启动失败
[2026-03-11 21:00:08] 重试 2 失败：无法启动 FortiClient
[2026-03-11 21:00:18] 尝试 3/3...
[2026-03-11 21:00:18] 启动 FortiClient GUI...
[2026-03-11 21:00:21] ❌ FortiClient GUI 启动失败
[2026-03-11 21:00:21] 重试 3 失败：无法启动 FortiClient
[2026-03-11 21:00:31] ❌ VPN 重连失败（已尝试 3 次）
[2026-03-11 21:00:31] ========== VPN 重连失败 ==========
[2026-03-11 21:01:31] ========== VPN 重连开始 ==========
[2026-03-11 21:01:31] 尝试 1/3...
[2026-03-11 21:01:31] 启动 FortiClient GUI...
[2026-03-11 21:01:34] ❌ FortiClient GUI 启动失败
[2026-03-11 21:01:34] 重试 1 失败：无法启动 FortiClient
[2026-03-11 21:01:44] 尝试 2/3...
[2026-03-11 21:01:44] 启动 FortiClient GUI...
[2026-03-11 21:01:44] FortiClient 已在运行，先关闭...
[2026-03-11 21:01:49] ❌ FortiClient GUI 启动失败
[2026-03-11 21:01:49] 重试 2 失败：无法启动 FortiClient
[2026-03-11 21:01:59] 尝试 3/3...
[2026-03-11 21:01:59] 启动 FortiClient GUI...
[2026-03-11 21:02:02] ❌ FortiClient GUI 启动失败
[2026-03-11 21:02:02] 重试 3 失败：无法启动 FortiClient
[2026-03-11 21:02:12] ❌ VPN 重连失败（已尝试 3 次）
[2026-03-11 21:02:12] ========== VPN 重连失败 ==========
[2026-03-11 21:03:12] ========== VPN 重连开始 ==========
[2026-03-11 21:03:12] 尝试 1/3...
[2026-03-11 21:03:12] 启动 FortiClient GUI...
[2026-03-11 21:03:15] ❌ FortiClient GUI 启动失败
[2026-03-11 21:03:15] 重试 1 失败：无法启动 FortiClient
[2026-03-11 21:03:25] 尝试 2/3...
[2026-03-11 21:03:25] 启动 FortiClient GUI...
[2026-03-11 21:03:28] ❌ FortiClient GUI 启动失败
[2026-03-11 21:03:28] 重试 2 失败：无法启动 FortiClient
[2026-03-11 21:03:38] 尝试 3/3...
[2026-03-11 21:03:38] 启动 FortiClient GUI...
[2026-03-11 21:03:41] ❌ FortiClient GUI 启动失败
[2026-03-11 21:03:41] 重试 3 失败：无法启动 FortiClient
[2026-03-11 21:03:51] ❌ VPN 重连失败（已尝试 3 次）
[2026-03-11 21:03:51] ========== VPN 重连失败 ==========
[2026-03-12 05:05:17] ========== VPN 重连开始 ==========
[2026-03-12 05:05:17] 尝试 1/3...
[2026-03-12 05:05:17] 启动 FortiClient GUI...
[2026-03-12 05:05:20] ❌ FortiClient GUI 启动失败
[2026-03-12 05:05:20] 重试 1 失败：无法启动 FortiClient
[2026-03-12 05:05:30] 尝试 2/3...
[2026-03-12 05:05:30] 启动 FortiClient GUI...
[2026-03-12 05:05:33] ❌ FortiClient GUI 启动失败
[2026-03-12 05:05:33] 重试 2 失败：无法启动 FortiClient
[2026-03-12 05:05:43] 尝试 3/3...
[2026-03-12 05:05:43] 启动 FortiClient GUI...
[2026-03-12 05:05:46] ✅ FortiClient GUI 已启动
[2026-03-12 05:05:46] 触发 VPN 连接（Playwright 自动化）...
[INFO] 启动 Playwright 自动登录...
[INFO] 访问 VPN SAML 登录页面...
[INFO] 等待 Microsoft 登录页面...
[INFO] 输入用户名...
[INFO] 等待密码输入框...
[INFO] 输入密码...
[INFO] 等待认证完成...
[INFO] 当前 URL: https://login.microsoftonline.com/25dfd0e1-efae-4b13-8d6b-b82c74544999/login
[INFO] 找到按钮: 
[INFO] 等待重定向到 VPN...
[WARN] 等待重定向超时，检查当前状态...
[INFO] 最终 URL: https://login.microsoftonline.com/25dfd0e1-efae-4b13-8d6b-b82c74544999/login
[ERROR] ❌ 自动登录失败: 未能重定向到 VPN 页面
[2026-03-12 05:06:56] 重试 3 失败：自动登录失败
[2026-03-12 05:07:06] ❌ VPN 重连失败（已尝试 3 次）
[2026-03-12 05:07:06] ========== VPN 重连失败 ==========
[2026-03-12 08:33:17] ========== VPN 重连开始 ==========
[2026-03-12 08:33:17] 尝试 1/3...
[2026-03-12 08:33:17] 启动 FortiClient GUI...
[2026-03-12 08:33:20] ✅ FortiClient GUI 已启动
[2026-03-12 08:33:20] 触发 VPN 连接（Playwright 自动化）...
[INFO] 启动 Playwright 自动登录...
[INFO] 访问 VPN SAML 登录页面...
[INFO] 等待 Microsoft 登录页面...
[INFO] 输入用户名...
[INFO] 等待密码输入框...
[INFO] 输入密码...
[INFO] 等待认证完成...
[INFO] 当前 URL: https://login.microsoftonline.com/25dfd0e1-efae-4b13-8d6b-b82c74544999/login
[INFO] 找到按钮: 
[INFO] 等待重定向到 VPN...
[WARN] 等待重定向超时，检查当前状态...
[INFO] 最终 URL: https://login.microsoftonline.com/25dfd0e1-efae-4b13-8d6b-b82c74544999/login
[ERROR] ❌ 自动登录失败: 未能重定向到 VPN 页面
[2026-03-12 08:34:29] 重试 1 失败：自动登录失败
[2026-03-12 08:34:39] 尝试 2/3...
[2026-03-12 08:34:39] 启动 FortiClient GUI...
[2026-03-12 08:34:42] ❌ FortiClient GUI 启动失败
[2026-03-12 08:34:42] 重试 2 失败：无法启动 FortiClient
[2026-03-12 08:34:52] 尝试 3/3...
[2026-03-12 08:34:52] 启动 FortiClient GUI...
[2026-03-12 08:34:55] ❌ FortiClient GUI 启动失败
[2026-03-12 08:34:55] 重试 3 失败：无法启动 FortiClient
[2026-03-12 08:35:05] ❌ VPN 重连失败（已尝试 3 次）
[2026-03-12 08:35:05] ========== VPN 重连失败 ==========
[2026-03-12 13:00:20] ========== VPN 重连开始 ==========
[2026-03-12 13:00:20] 尝试 1/3...
[2026-03-12 13:00:20] 启动 FortiClient GUI...
[2026-03-12 13:00:23] ❌ FortiClient GUI 启动失败
[2026-03-12 13:00:23] 重试 1 失败：无法启动 FortiClient
[2026-03-12 13:00:33] 尝试 2/3...
[2026-03-12 13:00:33] 启动 FortiClient GUI...
[2026-03-12 13:00:36] ❌ FortiClient GUI 启动失败
[2026-03-12 13:00:36] 重试 2 失败：无法启动 FortiClient
[2026-03-12 13:00:46] 尝试 3/3...
[2026-03-12 13:00:46] 启动 FortiClient GUI...
[2026-03-12 13:00:49] ❌ FortiClient GUI 启动失败
[2026-03-12 13:00:49] 重试 3 失败：无法启动 FortiClient
[2026-03-12 13:00:59] ❌ VPN 重连失败（已尝试 3 次）
[2026-03-12 13:00:59] ========== VPN 重连失败 ==========
[2026-03-12 13:01:59] ========== VPN 重连开始 ==========
[2026-03-12 13:01:59] 尝试 1/3...
[2026-03-12 13:01:59] 启动 FortiClient GUI...
[2026-03-12 13:02:02] ❌ FortiClient GUI 启动失败
[2026-03-12 13:02:02] 重试 1 失败：无法启动 FortiClient
[2026-03-12 13:02:12] 尝试 2/3...
[2026-03-12 13:02:12] 启动 FortiClient GUI...
[2026-03-12 13:02:12] FortiClient 已在运行，先关闭...
[2026-03-12 13:02:17] ❌ FortiClient GUI 启动失败
[2026-03-12 13:02:17] 重试 2 失败：无法启动 FortiClient
[2026-03-12 13:02:27] 尝试 3/3...
[2026-03-12 13:02:27] 启动 FortiClient GUI...
[2026-03-12 13:02:30] ❌ FortiClient GUI 启动失败
[2026-03-12 13:02:30] 重试 3 失败：无法启动 FortiClient
[2026-03-12 13:02:40] ❌ VPN 重连失败（已尝试 3 次）
[2026-03-12 13:02:40] ========== VPN 重连失败 ==========
[2026-03-12 13:03:40] ========== VPN 重连开始 ==========
[2026-03-12 13:03:40] 尝试 1/3...
[2026-03-12 13:03:40] 启动 FortiClient GUI...
[2026-03-12 13:03:43] ❌ FortiClient GUI 启动失败
[2026-03-12 13:03:43] 重试 1 失败：无法启动 FortiClient
[2026-03-12 13:03:53] 尝试 2/3...
[2026-03-12 13:03:53] 启动 FortiClient GUI...
[2026-03-12 13:03:56] ❌ FortiClient GUI 启动失败
[2026-03-12 13:03:56] 重试 2 失败：无法启动 FortiClient
[2026-03-12 13:04:06] 尝试 3/3...
[2026-03-12 13:04:06] 启动 FortiClient GUI...
[2026-03-12 13:04:09] ❌ FortiClient GUI 启动失败
[2026-03-12 13:04:09] 重试 3 失败：无法启动 FortiClient
[2026-03-12 13:04:19] ❌ VPN 重连失败（已尝试 3 次）
[2026-03-12 13:04:19] ========== VPN 重连失败 ==========
[2026-03-12 21:05:45] ========== VPN 重连开始 ==========
[2026-03-12 21:05:45] 尝试 1/3...
[2026-03-12 21:05:45] 启动 FortiClient GUI...
[2026-03-12 21:05:48] ❌ FortiClient GUI 启动失败
[2026-03-12 21:05:48] 重试 1 失败：无法启动 FortiClient
[2026-03-12 21:05:58] 尝试 2/3...
[2026-03-12 21:05:58] 启动 FortiClient GUI...
[2026-03-12 21:05:58] FortiClient 已在运行，先关闭...
[2026-03-12 21:06:03] ❌ FortiClient GUI 启动失败
[2026-03-12 21:06:03] 重试 2 失败：无法启动 FortiClient
[2026-03-12 21:06:13] 尝试 3/3...
[2026-03-12 21:06:13] 启动 FortiClient GUI...
[2026-03-12 21:06:16] ❌ FortiClient GUI 启动失败
[2026-03-12 21:06:16] 重试 3 失败：无法启动 FortiClient
[2026-03-12 21:06:27] ❌ VPN 重连失败（已尝试 3 次）
[2026-03-12 21:06:27] ========== VPN 重连失败 ==========
[2026-03-12 21:07:27] ========== VPN 重连开始 ==========
[2026-03-12 21:07:27] 尝试 1/3...
[2026-03-12 21:07:27] 启动 FortiClient GUI...
[2026-03-12 21:07:27] FortiClient 已在运行，先关闭...
[2026-03-12 21:07:32] ❌ FortiClient GUI 启动失败
[2026-03-12 21:07:32] 重试 1 失败：无法启动 FortiClient
[2026-03-12 21:07:42] 尝试 2/3...
[2026-03-12 21:07:42] 启动 FortiClient GUI...
[2026-03-12 21:07:45] ❌ FortiClient GUI 启动失败
[2026-03-12 21:07:45] 重试 2 失败：无法启动 FortiClient
[2026-03-12 21:07:55] 尝试 3/3...
[2026-03-12 21:07:55] 启动 FortiClient GUI...
[2026-03-12 21:07:58] ❌ FortiClient GUI 启动失败
[2026-03-12 21:07:58] 重试 3 失败：无法启动 FortiClient
[2026-03-12 21:08:08] ❌ VPN 重连失败（已尝试 3 次）
[2026-03-12 21:08:08] ========== VPN 重连失败 ==========
[2026-03-12 21:09:08] ========== VPN 重连开始 ==========
[2026-03-12 21:09:08] 尝试 1/3...
[2026-03-12 21:09:08] 启动 FortiClient GUI...
[2026-03-12 21:09:11] ❌ FortiClient GUI 启动失败
[2026-03-12 21:09:11] 重试 1 失败：无法启动 FortiClient
[2026-03-12 21:09:21] 尝试 2/3...
[2026-03-12 21:09:21] 启动 FortiClient GUI...
[2026-03-12 21:09:24] ❌ FortiClient GUI 启动失败
[2026-03-12 21:09:24] 重试 2 失败：无法启动 FortiClient
[2026-03-12 21:09:34] 尝试 3/3...
[2026-03-12 21:09:34] 启动 FortiClient GUI...
[2026-03-12 21:09:37] ❌ FortiClient GUI 启动失败
[2026-03-12 21:09:37] 重试 3 失败：无法启动 FortiClient
[2026-03-12 21:09:47] ❌ VPN 重连失败（已尝试 3 次）
[2026-03-12 21:09:47] ========== VPN 重连失败 ==========
[2026-03-13 05:10:12] ========== VPN 重连开始 ==========
[2026-03-13 05:10:12] 尝试 1/3...
[2026-03-13 05:10:12] 启动 FortiClient GUI...
[2026-03-13 05:10:15] ❌ FortiClient GUI 启动失败
[2026-03-13 05:10:15] 重试 1 失败：无法启动 FortiClient
[2026-03-13 05:10:25] 尝试 2/3...
[2026-03-13 05:10:25] 启动 FortiClient GUI...
[2026-03-13 05:10:28] ❌ FortiClient GUI 启动失败
[2026-03-13 05:10:28] 重试 2 失败：无法启动 FortiClient
[2026-03-13 05:10:38] 尝试 3/3...
[2026-03-13 05:10:38] 启动 FortiClient GUI...
[2026-03-13 05:10:41] ❌ FortiClient GUI 启动失败
[2026-03-13 05:10:41] 重试 3 失败：无法启动 FortiClient
[2026-03-13 05:10:51] ❌ VPN 重连失败（已尝试 3 次）
[2026-03-13 05:10:51] ========== VPN 重连失败 ==========
[2026-03-13 05:11:51] ========== VPN 重连开始 ==========
[2026-03-13 05:11:51] 尝试 1/3...
[2026-03-13 05:11:51] 启动 FortiClient GUI...
[2026-03-13 05:11:54] ❌ FortiClient GUI 启动失败
[2026-03-13 05:11:54] 重试 1 失败：无法启动 FortiClient
[2026-03-13 05:12:04] 尝试 2/3...
[2026-03-13 05:12:04] 启动 FortiClient GUI...
[2026-03-13 05:12:07] ❌ FortiClient GUI 启动失败
[2026-03-13 05:12:07] 重试 2 失败：无法启动 FortiClient
[2026-03-13 05:12:17] 尝试 3/3...
[2026-03-13 05:12:17] 启动 FortiClient GUI...
[2026-03-13 05:12:20] ❌ FortiClient GUI 启动失败
[2026-03-13 05:12:20] 重试 3 失败：无法启动 FortiClient
[2026-03-13 05:12:30] ❌ VPN 重连失败（已尝试 3 次）
[2026-03-13 05:12:30] ========== VPN 重连失败 ==========
[2026-03-13 13:13:57] ========== VPN 重连开始 ==========
[2026-03-13 13:13:57] 尝试 1/3...
[2026-03-13 13:13:57] 启动 FortiClient GUI...
[2026-03-13 13:14:00] ❌ FortiClient GUI 启动失败
[2026-03-13 13:14:00] 重试 1 失败：无法启动 FortiClient
[2026-03-13 13:14:10] 尝试 2/3...
[2026-03-13 13:14:10] 启动 FortiClient GUI...
[2026-03-13 13:14:13] ❌ FortiClient GUI 启动失败
[2026-03-13 13:14:13] 重试 2 失败：无法启动 FortiClient
[2026-03-13 13:14:23] 尝试 3/3...
[2026-03-13 13:14:23] 启动 FortiClient GUI...
[2026-03-13 13:14:26] ❌ FortiClient GUI 启动失败
[2026-03-13 13:14:26] 重试 3 失败：无法启动 FortiClient
[2026-03-13 13:14:36] ❌ VPN 重连失败（已尝试 3 次）
[2026-03-13 13:14:36] ========== VPN 重连失败 ==========
[2026-03-13 13:15:36] ========== VPN 重连开始 ==========
[2026-03-13 13:15:36] 尝试 1/3...
[2026-03-13 13:15:36] 启动 FortiClient GUI...
[2026-03-13 13:15:39] ❌ FortiClient GUI 启动失败
[2026-03-13 13:15:39] 重试 1 失败：无法启动 FortiClient
[2026-03-13 13:15:49] 尝试 2/3...
[2026-03-13 13:15:49] 启动 FortiClient GUI...
[2026-03-13 13:15:52] ❌ FortiClient GUI 启动失败
[2026-03-13 13:15:52] 重试 2 失败：无法启动 FortiClient
[2026-03-13 13:16:02] 尝试 3/3...
[2026-03-13 13:16:02] 启动 FortiClient GUI...
[2026-03-13 13:16:05] ❌ FortiClient GUI 启动失败
[2026-03-13 13:16:05] 重试 3 失败：无法启动 FortiClient
[2026-03-13 13:16:15] ❌ VPN 重连失败（已尝试 3 次）
[2026-03-13 13:16:15] ========== VPN 重连失败 ==========
[2026-03-13 21:16:45] ========== VPN 重连开始 ==========
[2026-03-13 21:16:45] 尝试 1/3...
[2026-03-13 21:16:45] 启动 FortiClient GUI...
[2026-03-13 21:16:45] FortiClient 已在运行，先关闭...
[2026-03-13 21:16:50] ❌ FortiClient GUI 启动失败
[2026-03-13 21:16:50] 重试 1 失败：无法启动 FortiClient
[2026-03-13 21:17:00] 尝试 2/3...
[2026-03-13 21:17:00] 启动 FortiClient GUI...
[2026-03-13 21:17:03] ❌ FortiClient GUI 启动失败
[2026-03-13 21:17:03] 重试 2 失败：无法启动 FortiClient
[2026-03-13 21:17:13] 尝试 3/3...
[2026-03-13 21:17:13] 启动 FortiClient GUI...
[2026-03-13 21:17:16] ❌ FortiClient GUI 启动失败
[2026-03-13 21:17:16] 重试 3 失败：无法启动 FortiClient
[2026-03-13 21:17:26] ❌ VPN 重连失败（已尝试 3 次）
[2026-03-13 21:17:26] ========== VPN 重连失败 ==========
[2026-03-13 21:18:26] ========== VPN 重连开始 ==========
[2026-03-13 21:18:26] 尝试 1/3...
[2026-03-13 21:18:26] 启动 FortiClient GUI...
[2026-03-13 21:18:29] ❌ FortiClient GUI 启动失败
[2026-03-13 21:18:29] 重试 1 失败：无法启动 FortiClient
[2026-03-13 21:18:39] 尝试 2/3...
[2026-03-13 21:18:39] 启动 FortiClient GUI...
[2026-03-13 21:18:42] ❌ FortiClient GUI 启动失败
[2026-03-13 21:18:42] 重试 2 失败：无法启动 FortiClient
[2026-03-13 21:18:52] 尝试 3/3...
[2026-03-13 21:18:52] 启动 FortiClient GUI...
[2026-03-13 21:18:55] ❌ FortiClient GUI 启动失败
[2026-03-13 21:18:55] 重试 3 失败：无法启动 FortiClient
[2026-03-13 21:19:05] ❌ VPN 重连失败（已尝试 3 次）
[2026-03-13 21:19:05] ========== VPN 重连失败 ==========
[2026-03-13 23:24:13] ========== VPN 重连开始 ==========
[2026-03-13 23:24:13] 尝试 1/3...
[2026-03-13 23:24:13] 启动 FortiClient GUI...
[2026-03-13 23:24:16] ❌ FortiClient GUI 启动失败
[2026-03-13 23:24:16] 重试 1 失败：无法启动 FortiClient
[2026-03-13 23:24:26] 尝试 2/3...
[2026-03-13 23:24:26] 启动 FortiClient GUI...
[2026-03-13 23:24:29] ❌ FortiClient GUI 启动失败
[2026-03-13 23:24:29] 重试 2 失败：无法启动 FortiClient
[2026-03-13 23:24:39] 尝试 3/3...
[2026-03-13 23:24:39] 启动 FortiClient GUI...
[2026-03-13 23:24:42] ❌ FortiClient GUI 启动失败
[2026-03-13 23:24:42] 重试 3 失败：无法启动 FortiClient
[2026-03-13 23:24:52] ❌ VPN 重连失败（已尝试 3 次）
[2026-03-13 23:24:52] ========== VPN 重连失败 ==========
[2026-03-14 05:20:12] ========== VPN 重连开始 ==========
[2026-03-14 05:20:12] 尝试 1/3...
[2026-03-14 05:20:12] 启动 FortiClient GUI...
[2026-03-14 05:20:15] ❌ FortiClient GUI 启动失败
[2026-03-14 05:20:15] 重试 1 失败：无法启动 FortiClient
[2026-03-14 05:20:25] 尝试 2/3...
[2026-03-14 05:20:25] 启动 FortiClient GUI...
[2026-03-14 05:20:28] ❌ FortiClient GUI 启动失败
[2026-03-14 05:20:28] 重试 2 失败：无法启动 FortiClient
[2026-03-14 05:20:38] 尝试 3/3...
[2026-03-14 05:20:38] 启动 FortiClient GUI...
[2026-03-14 05:20:41] ✅ FortiClient GUI 已启动
[2026-03-14 05:20:41] 触发 VPN 连接（Playwright 自动化）...
[INFO] 启动 Playwright 自动登录...
[INFO] 访问 VPN SAML 登录页面...
[INFO] 等待 Microsoft 登录页面...
[INFO] 输入用户名...
[INFO] 等待密码输入框...
[INFO] 输入密码...
[INFO] 等待认证完成...
[INFO] 当前 URL: https://login.microsoftonline.com/25dfd0e1-efae-4b13-8d6b-b82c74544999/login
[INFO] 找到按钮: 
[INFO] 等待重定向到 VPN...
[WARN] 等待重定向超时，检查当前状态...
[INFO] 最终 URL: https://login.microsoftonline.com/25dfd0e1-efae-4b13-8d6b-b82c74544999/login
[ERROR] ❌ 自动登录失败: 未能重定向到 VPN 页面
[2026-03-14 05:21:51] 重试 3 失败：自动登录失败
[2026-03-14 05:22:01] ❌ VPN 重连失败（已尝试 3 次）
[2026-03-14 05:22:01] ========== VPN 重连失败 ==========
[2026-03-14 13:23:28] ========== VPN 重连开始 ==========
[2026-03-14 13:23:28] 尝试 1/3...
[2026-03-14 13:23:28] 启动 FortiClient GUI...
[2026-03-14 13:23:28] FortiClient 已在运行，先关闭...
[2026-03-14 13:23:33] ❌ FortiClient GUI 启动失败
[2026-03-14 13:23:33] 重试 1 失败：无法启动 FortiClient
[2026-03-14 13:23:43] 尝试 2/3...
[2026-03-14 13:23:43] 启动 FortiClient GUI...
[2026-03-14 13:23:46] ❌ FortiClient GUI 启动失败
[2026-03-14 13:23:46] 重试 2 失败：无法启动 FortiClient
[2026-03-14 13:23:56] 尝试 3/3...
[2026-03-14 13:23:56] 启动 FortiClient GUI...
[2026-03-14 13:23:59] ❌ FortiClient GUI 启动失败
[2026-03-14 13:23:59] 重试 3 失败：无法启动 FortiClient
[2026-03-14 13:24:09] ❌ VPN 重连失败（已尝试 3 次）
[2026-03-14 13:24:09] ========== VPN 重连失败 ==========
[2026-03-14 13:25:09] ========== VPN 重连开始 ==========
[2026-03-14 13:25:09] 尝试 1/3...
[2026-03-14 13:25:09] 启动 FortiClient GUI...
[2026-03-14 13:25:09] FortiClient 已在运行，先关闭...
[2026-03-14 13:25:14] ❌ FortiClient GUI 启动失败
[2026-03-14 13:25:14] 重试 1 失败：无法启动 FortiClient
[2026-03-14 13:25:24] 尝试 2/3...
[2026-03-14 13:25:25] 启动 FortiClient GUI...
[2026-03-14 13:25:28] ❌ FortiClient GUI 启动失败
[2026-03-14 13:25:28] 重试 2 失败：无法启动 FortiClient
[2026-03-14 13:25:38] 尝试 3/3...
[2026-03-14 13:25:38] 启动 FortiClient GUI...
[2026-03-14 13:25:41] ❌ FortiClient GUI 启动失败
[2026-03-14 13:25:41] 重试 3 失败：无法启动 FortiClient
[2026-03-14 13:25:51] ❌ VPN 重连失败（已尝试 3 次）
[2026-03-14 13:25:51] ========== VPN 重连失败 ==========
[2026-03-14 13:26:51] ========== VPN 重连开始 ==========
[2026-03-14 13:26:51] 尝试 1/3...
[2026-03-14 13:26:51] 启动 FortiClient GUI...
[2026-03-14 13:26:54] ❌ FortiClient GUI 启动失败
[2026-03-14 13:26:54] 重试 1 失败：无法启动 FortiClient
[2026-03-14 13:27:04] 尝试 2/3...
[2026-03-14 13:27:04] 启动 FortiClient GUI...
[2026-03-14 13:27:07] ❌ FortiClient GUI 启动失败
[2026-03-14 13:27:07] 重试 2 失败：无法启动 FortiClient
[2026-03-14 13:27:17] 尝试 3/3...
[2026-03-14 13:27:17] 启动 FortiClient GUI...
[2026-03-14 13:27:20] ❌ FortiClient GUI 启动失败
[2026-03-14 13:27:20] 重试 3 失败：无法启动 FortiClient
[2026-03-14 13:27:30] ❌ VPN 重连失败（已尝试 3 次）
[2026-03-14 13:27:30] ========== VPN 重连失败 ==========
[2026-03-14 21:27:57] ========== VPN 重连开始 ==========
[2026-03-14 21:27:57] 尝试 1/3...
[2026-03-14 21:27:57] 启动 FortiClient GUI...
[2026-03-14 21:28:00] ❌ FortiClient GUI 启动失败
[2026-03-14 21:28:00] 重试 1 失败：无法启动 FortiClient
[2026-03-14 21:28:10] 尝试 2/3...
[2026-03-14 21:28:10] 启动 FortiClient GUI...
[2026-03-14 21:28:13] ❌ FortiClient GUI 启动失败
[2026-03-14 21:28:13] 重试 2 失败：无法启动 FortiClient
[2026-03-14 21:28:23] 尝试 3/3...
[2026-03-14 21:28:23] 启动 FortiClient GUI...
[2026-03-14 21:28:26] ✅ FortiClient GUI 已启动
[2026-03-14 21:28:26] 触发 VPN 连接（Playwright 自动化）...
[INFO] 启动 Playwright 自动登录...
[INFO] 访问 VPN SAML 登录页面...
[INFO] 等待 Microsoft 登录页面...
[INFO] 输入用户名...
[INFO] 等待密码输入框...
[INFO] 输入密码...
[INFO] 等待认证完成...
[INFO] 当前 URL: https://login.microsoftonline.com/25dfd0e1-efae-4b13-8d6b-b82c74544999/login
[INFO] 找到按钮: 
[INFO] 等待重定向到 VPN...
[WARN] 等待重定向超时，检查当前状态...
[INFO] 最终 URL: https://login.microsoftonline.com/25dfd0e1-efae-4b13-8d6b-b82c74544999/login
[ERROR] ❌ 自动登录失败: 未能重定向到 VPN 页面
[2026-03-14 21:29:36] 重试 3 失败：自动登录失败
[2026-03-14 21:29:46] ❌ VPN 重连失败（已尝试 3 次）
[2026-03-14 21:29:46] ========== VPN 重连失败 ==========
[2026-03-15 05:31:11] ========== VPN 重连开始 ==========
[2026-03-15 05:31:11] 尝试 1/3...
[2026-03-15 05:31:11] 启动 FortiClient GUI...
[2026-03-15 05:31:14] ❌ FortiClient GUI 启动失败
[2026-03-15 05:31:14] 重试 1 失败：无法启动 FortiClient
[2026-03-15 05:31:24] 尝试 2/3...
[2026-03-15 05:31:24] 启动 FortiClient GUI...
[2026-03-15 05:31:27] ❌ FortiClient GUI 启动失败
[2026-03-15 05:31:27] 重试 2 失败：无法启动 FortiClient
[2026-03-15 05:31:37] 尝试 3/3...
[2026-03-15 05:31:37] 启动 FortiClient GUI...
[2026-03-15 05:31:40] ❌ FortiClient GUI 启动失败
[2026-03-15 05:31:40] 重试 3 失败：无法启动 FortiClient
[2026-03-15 05:31:50] ❌ VPN 重连失败（已尝试 3 次）
[2026-03-15 05:31:50] ========== VPN 重连失败 ==========
[2026-03-15 05:32:51] ========== VPN 重连开始 ==========
[2026-03-15 05:32:51] 尝试 1/3...
[2026-03-15 05:32:51] 启动 FortiClient GUI...
[2026-03-15 05:32:54] ❌ FortiClient GUI 启动失败
[2026-03-15 05:32:54] 重试 1 失败：无法启动 FortiClient
[2026-03-15 05:33:04] 尝试 2/3...
[2026-03-15 05:33:04] 启动 FortiClient GUI...
[2026-03-15 05:33:07] ❌ FortiClient GUI 启动失败
[2026-03-15 05:33:07] 重试 2 失败：无法启动 FortiClient
[2026-03-15 05:33:17] 尝试 3/3...
[2026-03-15 05:33:17] 启动 FortiClient GUI...
[2026-03-15 05:33:17] FortiClient 已在运行，先关闭...
[2026-03-15 05:33:22] ❌ FortiClient GUI 启动失败
[2026-03-15 05:33:22] 重试 3 失败：无法启动 FortiClient
[2026-03-15 05:33:32] ❌ VPN 重连失败（已尝试 3 次）
[2026-03-15 05:33:32] ========== VPN 重连失败 ==========
[2026-03-15 05:34:32] ========== VPN 重连开始 ==========
[2026-03-15 05:34:32] 尝试 1/3...
[2026-03-15 05:34:32] 启动 FortiClient GUI...
[2026-03-15 05:34:35] ❌ FortiClient GUI 启动失败
[2026-03-15 05:34:35] 重试 1 失败：无法启动 FortiClient
[2026-03-15 05:34:45] 尝试 2/3...
[2026-03-15 05:34:45] 启动 FortiClient GUI...
[2026-03-15 05:34:48] ❌ FortiClient GUI 启动失败
[2026-03-15 05:34:48] 重试 2 失败：无法启动 FortiClient
[2026-03-15 05:34:58] 尝试 3/3...
[2026-03-15 05:34:58] 启动 FortiClient GUI...
[2026-03-15 05:35:01] ❌ FortiClient GUI 启动失败
[2026-03-15 05:35:01] 重试 3 失败：无法启动 FortiClient
[2026-03-15 05:35:11] ❌ VPN 重连失败（已尝试 3 次）
[2026-03-15 05:35:11] ========== VPN 重连失败 ==========
[2026-03-15 05:36:11] ========== VPN 重连开始 ==========
[2026-03-15 05:36:11] 尝试 1/3...
[2026-03-15 05:36:11] 启动 FortiClient GUI...
[2026-03-15 05:36:14] ❌ FortiClient GUI 启动失败
[2026-03-15 05:36:14] 重试 1 失败：无法启动 FortiClient
[2026-03-15 05:36:24] 尝试 2/3...
[2026-03-15 05:36:24] 启动 FortiClient GUI...
[2026-03-15 05:36:27] ❌ FortiClient GUI 启动失败
[2026-03-15 05:36:27] 重试 2 失败：无法启动 FortiClient
[2026-03-15 05:36:37] 尝试 3/3...
[2026-03-15 05:36:37] 启动 FortiClient GUI...
[2026-03-15 05:36:40] ❌ FortiClient GUI 启动失败
[2026-03-15 05:36:40] 重试 3 失败：无法启动 FortiClient
[2026-03-15 05:36:50] ❌ VPN 重连失败（已尝试 3 次）
[2026-03-15 05:36:50] ========== VPN 重连失败 ==========
[2026-03-15 05:37:50] ========== VPN 重连开始 ==========
[2026-03-15 05:37:50] 尝试 1/3...
[2026-03-15 05:37:50] 启动 FortiClient GUI...
[2026-03-15 05:37:53] ❌ FortiClient GUI 启动失败
[2026-03-15 05:37:53] 重试 1 失败：无法启动 FortiClient
[2026-03-15 05:38:03] 尝试 2/3...
[2026-03-15 05:38:03] 启动 FortiClient GUI...
[2026-03-15 05:38:06] ❌ FortiClient GUI 启动失败
[2026-03-15 05:38:06] 重试 2 失败：无法启动 FortiClient
[2026-03-15 05:38:16] 尝试 3/3...
[2026-03-15 05:38:16] 启动 FortiClient GUI...
[2026-03-15 05:38:19] ❌ FortiClient GUI 启动失败
[2026-03-15 05:38:19] 重试 3 失败：无法启动 FortiClient
[2026-03-15 05:38:29] ❌ VPN 重连失败（已尝试 3 次）
[2026-03-15 05:38:29] ========== VPN 重连失败 ==========
[2026-03-15 05:39:29] ========== VPN 重连开始 ==========
[2026-03-15 05:39:29] 尝试 1/3...
[2026-03-15 05:39:29] 启动 FortiClient GUI...
[2026-03-15 05:39:32] ❌ FortiClient GUI 启动失败
[2026-03-15 05:39:32] 重试 1 失败：无法启动 FortiClient
[2026-03-15 05:39:42] 尝试 2/3...
[2026-03-15 05:39:42] 启动 FortiClient GUI...
[2026-03-15 05:39:45] ❌ FortiClient GUI 启动失败
[2026-03-15 05:39:45] 重试 2 失败：无法启动 FortiClient
[2026-03-15 05:39:56] 尝试 3/3...
[2026-03-15 05:39:56] 启动 FortiClient GUI...
[2026-03-15 05:39:59] ❌ FortiClient GUI 启动失败
[2026-03-15 05:39:59] 重试 3 失败：无法启动 FortiClient
[2026-03-15 05:40:09] ❌ VPN 重连失败（已尝试 3 次）
[2026-03-15 05:40:09] ========== VPN 重连失败 ==========
[2026-03-15 05:41:09] ========== VPN 重连开始 ==========
[2026-03-15 05:41:09] 尝试 1/3...
[2026-03-15 05:41:09] 启动 FortiClient GUI...
[2026-03-15 05:41:12] ❌ FortiClient GUI 启动失败
[2026-03-15 05:41:12] 重试 1 失败：无法启动 FortiClient
[2026-03-15 05:41:22] 尝试 2/3...
[2026-03-15 05:41:22] 启动 FortiClient GUI...
[2026-03-15 05:41:25] ❌ FortiClient GUI 启动失败
[2026-03-15 05:41:25] 重试 2 失败：无法启动 FortiClient
[2026-03-15 05:41:35] 尝试 3/3...
[2026-03-15 05:41:35] 启动 FortiClient GUI...
[2026-03-15 05:41:38] ❌ FortiClient GUI 启动失败
[2026-03-15 05:41:38] 重试 3 失败：无法启动 FortiClient
[2026-03-15 05:41:48] ❌ VPN 重连失败（已尝试 3 次）
[2026-03-15 05:41:48] ========== VPN 重连失败 ==========
[2026-03-15 05:42:48] ========== VPN 重连开始 ==========
[2026-03-15 05:42:48] 尝试 1/3...
[2026-03-15 05:42:48] 启动 FortiClient GUI...
[2026-03-15 05:42:51] ❌ FortiClient GUI 启动失败
[2026-03-15 05:42:51] 重试 1 失败：无法启动 FortiClient
[2026-03-15 05:43:01] 尝试 2/3...
[2026-03-15 05:43:01] 启动 FortiClient GUI...
[2026-03-15 05:43:04] ❌ FortiClient GUI 启动失败
[2026-03-15 05:43:04] 重试 2 失败：无法启动 FortiClient
[2026-03-15 05:43:14] 尝试 3/3...
[2026-03-15 05:43:14] 启动 FortiClient GUI...
[2026-03-15 05:43:17] ❌ FortiClient GUI 启动失败
[2026-03-15 05:43:17] 重试 3 失败：无法启动 FortiClient
[2026-03-15 05:43:27] ❌ VPN 重连失败（已尝试 3 次）
[2026-03-15 05:43:27] ========== VPN 重连失败 ==========
[2026-03-15 05:44:27] ========== VPN 重连开始 ==========
[2026-03-15 05:44:27] 尝试 1/3...
[2026-03-15 05:44:27] 启动 FortiClient GUI...
[2026-03-15 05:44:30] ❌ FortiClient GUI 启动失败
[2026-03-15 05:44:30] 重试 1 失败：无法启动 FortiClient
[2026-03-15 05:44:40] 尝试 2/3...
[2026-03-15 05:44:40] 启动 FortiClient GUI...
[2026-03-15 05:44:43] ❌ FortiClient GUI 启动失败
[2026-03-15 05:44:43] 重试 2 失败：无法启动 FortiClient
[2026-03-15 05:44:53] 尝试 3/3...
[2026-03-15 05:44:53] 启动 FortiClient GUI...
[2026-03-15 05:44:56] ❌ FortiClient GUI 启动失败
[2026-03-15 05:44:56] 重试 3 失败：无法启动 FortiClient
[2026-03-15 05:45:06] ❌ VPN 重连失败（已尝试 3 次）
[2026-03-15 05:45:06] ========== VPN 重连失败 ==========
[2026-03-15 13:45:32] ========== VPN 重连开始 ==========
[2026-03-15 13:45:32] 尝试 1/3...
[2026-03-15 13:45:32] 启动 FortiClient GUI...
[2026-03-15 13:45:35] ❌ FortiClient GUI 启动失败
[2026-03-15 13:45:35] 重试 1 失败：无法启动 FortiClient
[2026-03-15 13:45:45] 尝试 2/3...
[2026-03-15 13:45:45] 启动 FortiClient GUI...
[2026-03-15 13:45:45] FortiClient 已在运行，先关闭...
[2026-03-15 13:45:50] ❌ FortiClient GUI 启动失败
[2026-03-15 13:45:50] 重试 2 失败：无法启动 FortiClient
[2026-03-15 13:46:00] 尝试 3/3...
[2026-03-15 13:46:00] 启动 FortiClient GUI...
[2026-03-15 13:46:03] ❌ FortiClient GUI 启动失败
[2026-03-15 13:46:03] 重试 3 失败：无法启动 FortiClient
[2026-03-15 13:46:13] ❌ VPN 重连失败（已尝试 3 次）
[2026-03-15 13:46:13] ========== VPN 重连失败 ==========
[2026-03-15 13:47:13] ========== VPN 重连开始 ==========
[2026-03-15 13:47:13] 尝试 1/3...
[2026-03-15 13:47:13] 启动 FortiClient GUI...
[2026-03-15 13:47:16] ❌ FortiClient GUI 启动失败
[2026-03-15 13:47:16] 重试 1 失败：无法启动 FortiClient
[2026-03-15 13:47:26] 尝试 2/3...
[2026-03-15 13:47:26] 启动 FortiClient GUI...
[2026-03-15 13:47:29] ❌ FortiClient GUI 启动失败
[2026-03-15 13:47:29] 重试 2 失败：无法启动 FortiClient
[2026-03-15 13:47:39] 尝试 3/3...
[2026-03-15 13:47:39] 启动 FortiClient GUI...
[2026-03-15 13:47:42] ❌ FortiClient GUI 启动失败
[2026-03-15 13:47:42] 重试 3 失败：无法启动 FortiClient
[2026-03-15 13:47:52] ❌ VPN 重连失败（已尝试 3 次）
[2026-03-15 13:47:52] ========== VPN 重连失败 ==========
[2026-03-15 21:49:18] ========== VPN 重连开始 ==========
[2026-03-15 21:49:18] 尝试 1/3...
[2026-03-15 21:49:18] 启动 FortiClient GUI...
[2026-03-15 21:49:22] ❌ FortiClient GUI 启动失败
[2026-03-15 21:49:22] 重试 1 失败：无法启动 FortiClient
[2026-03-15 21:49:32] 尝试 2/3...
[2026-03-15 21:49:32] 启动 FortiClient GUI...
[2026-03-15 21:49:35] ❌ FortiClient GUI 启动失败
[2026-03-15 21:49:35] 重试 2 失败：无法启动 FortiClient
[2026-03-15 21:49:45] 尝试 3/3...
[2026-03-15 21:49:45] 启动 FortiClient GUI...
[2026-03-15 21:49:48] ❌ FortiClient GUI 启动失败
[2026-03-15 21:49:48] 重试 3 失败：无法启动 FortiClient
[2026-03-15 21:49:58] ❌ VPN 重连失败（已尝试 3 次）
[2026-03-15 21:49:58] ========== VPN 重连失败 ==========
[2026-03-15 21:50:58] ========== VPN 重连开始 ==========
[2026-03-15 21:50:58] 尝试 1/3...
[2026-03-15 21:50:58] 启动 FortiClient GUI...
[2026-03-15 21:50:58] FortiClient 已在运行，先关闭...
[2026-03-15 21:51:03] ❌ FortiClient GUI 启动失败
[2026-03-15 21:51:03] 重试 1 失败：无法启动 FortiClient
[2026-03-15 21:51:13] 尝试 2/3...
[2026-03-15 21:51:13] 启动 FortiClient GUI...
[2026-03-15 21:51:16] ❌ FortiClient GUI 启动失败
[2026-03-15 21:51:16] 重试 2 失败：无法启动 FortiClient
[2026-03-15 21:51:26] 尝试 3/3...
[2026-03-15 21:51:26] 启动 FortiClient GUI...
[2026-03-15 21:51:29] ❌ FortiClient GUI 启动失败
[2026-03-15 21:51:29] 重试 3 失败：无法启动 FortiClient
[2026-03-15 21:51:39] ❌ VPN 重连失败（已尝试 3 次）
[2026-03-15 21:51:39] ========== VPN 重连失败 ==========
[2026-03-15 21:52:39] ========== VPN 重连开始 ==========
[2026-03-15 21:52:39] 尝试 1/3...
[2026-03-15 21:52:39] 启动 FortiClient GUI...
[2026-03-15 21:52:42] ❌ FortiClient GUI 启动失败
[2026-03-15 21:52:42] 重试 1 失败：无法启动 FortiClient
[2026-03-15 21:52:52] 尝试 2/3...
[2026-03-15 21:52:52] 启动 FortiClient GUI...
[2026-03-15 21:52:55] ❌ FortiClient GUI 启动失败
[2026-03-15 21:52:55] 重试 2 失败：无法启动 FortiClient
[2026-03-15 21:53:05] 尝试 3/3...
[2026-03-15 21:53:05] 启动 FortiClient GUI...
[2026-03-15 21:53:08] ❌ FortiClient GUI 启动失败
[2026-03-15 21:53:08] 重试 3 失败：无法启动 FortiClient
[2026-03-15 21:53:18] ❌ VPN 重连失败（已尝试 3 次）
[2026-03-15 21:53:18] ========== VPN 重连失败 ==========
[2026-03-16 05:54:45] ========== VPN 重连开始 ==========
[2026-03-16 05:54:45] 尝试 1/3...
[2026-03-16 05:54:45] 启动 FortiClient GUI...
[2026-03-16 05:54:48] ❌ FortiClient GUI 启动失败
[2026-03-16 05:54:48] 重试 1 失败：无法启动 FortiClient
[2026-03-16 05:54:58] 尝试 2/3...
[2026-03-16 05:54:58] 启动 FortiClient GUI...
[2026-03-16 05:55:01] ❌ FortiClient GUI 启动失败
[2026-03-16 05:55:01] 重试 2 失败：无法启动 FortiClient
[2026-03-16 05:55:11] 尝试 3/3...
[2026-03-16 05:55:11] 启动 FortiClient GUI...
[2026-03-16 05:55:14] ❌ FortiClient GUI 启动失败
[2026-03-16 05:55:14] 重试 3 失败：无法启动 FortiClient
[2026-03-16 05:55:24] ❌ VPN 重连失败（已尝试 3 次）
[2026-03-16 05:55:24] ========== VPN 重连失败 ==========
[2026-03-16 05:56:24] ========== VPN 重连开始 ==========
[2026-03-16 05:56:24] 尝试 1/3...
[2026-03-16 05:56:24] 启动 FortiClient GUI...
[2026-03-16 05:56:24] FortiClient 已在运行，先关闭...
[2026-03-16 05:56:29] ❌ FortiClient GUI 启动失败
[2026-03-16 05:56:29] 重试 1 失败：无法启动 FortiClient
[2026-03-16 05:56:39] 尝试 2/3...
[2026-03-16 05:56:39] 启动 FortiClient GUI...
[2026-03-16 05:56:42] ❌ FortiClient GUI 启动失败
[2026-03-16 05:56:42] 重试 2 失败：无法启动 FortiClient
[2026-03-16 05:56:52] 尝试 3/3...
[2026-03-16 05:56:52] 启动 FortiClient GUI...
[2026-03-16 05:56:55] ❌ FortiClient GUI 启动失败
[2026-03-16 05:56:55] 重试 3 失败：无法启动 FortiClient
[2026-03-16 05:57:05] ❌ VPN 重连失败（已尝试 3 次）
[2026-03-16 05:57:05] ========== VPN 重连失败 ==========
[2026-03-16 05:58:05] ========== VPN 重连开始 ==========
[2026-03-16 05:58:05] 尝试 1/3...
[2026-03-16 05:58:05] 启动 FortiClient GUI...
[2026-03-16 05:58:08] ❌ FortiClient GUI 启动失败
[2026-03-16 05:58:08] 重试 1 失败：无法启动 FortiClient
[2026-03-16 05:58:18] 尝试 2/3...
[2026-03-16 05:58:18] 启动 FortiClient GUI...
[2026-03-16 05:58:21] ❌ FortiClient GUI 启动失败
[2026-03-16 05:58:21] 重试 2 失败：无法启动 FortiClient
[2026-03-16 05:58:31] 尝试 3/3...
[2026-03-16 05:58:31] 启动 FortiClient GUI...
[2026-03-16 05:58:34] ❌ FortiClient GUI 启动失败
[2026-03-16 05:58:34] 重试 3 失败：无法启动 FortiClient
[2026-03-16 05:58:44] ❌ VPN 重连失败（已尝试 3 次）
[2026-03-16 05:58:44] ========== VPN 重连失败 ==========
[2026-03-16 12:45:11] ========== VPN 重连开始 ==========
[2026-03-16 12:45:11] 尝试 1/3...
[2026-03-16 12:45:11] 启动 FortiClient GUI...
[2026-03-16 12:45:14] ❌ FortiClient GUI 启动失败
[2026-03-16 12:45:14] 重试 1 失败：无法启动 FortiClient
[2026-03-16 12:45:24] 尝试 2/3...
[2026-03-16 12:45:24] 启动 FortiClient GUI...
[2026-03-16 12:45:27] ❌ FortiClient GUI 启动失败
[2026-03-16 12:45:27] 重试 2 失败：无法启动 FortiClient
[2026-03-16 12:45:37] 尝试 3/3...
[2026-03-16 12:45:37] 启动 FortiClient GUI...
[2026-03-16 12:45:40] ❌ FortiClient GUI 启动失败
[2026-03-16 12:45:40] 重试 3 失败：无法启动 FortiClient
[2026-03-16 12:45:50] ❌ VPN 重连失败（已尝试 3 次）
[2026-03-16 12:45:50] ========== VPN 重连失败 ==========
[2026-03-16 13:59:56] ========== VPN 重连开始 ==========
[2026-03-16 13:59:56] 尝试 1/3...
[2026-03-16 13:59:56] 启动 FortiClient GUI...
[2026-03-16 13:59:59] ❌ FortiClient GUI 启动失败
[2026-03-16 13:59:59] 重试 1 失败：无法启动 FortiClient
[2026-03-16 14:00:09] 尝试 2/3...
[2026-03-16 14:00:09] 启动 FortiClient GUI...
[2026-03-16 14:00:12] ❌ FortiClient GUI 启动失败
[2026-03-16 14:00:12] 重试 2 失败：无法启动 FortiClient
[2026-03-16 14:00:22] 尝试 3/3...
[2026-03-16 14:00:22] 启动 FortiClient GUI...
[2026-03-16 14:00:25] ❌ FortiClient GUI 启动失败
[2026-03-16 14:00:25] 重试 3 失败：无法启动 FortiClient
[2026-03-16 14:00:35] ❌ VPN 重连失败（已尝试 3 次）
[2026-03-16 14:00:35] ========== VPN 重连失败 ==========
[2026-03-16 14:01:35] ========== VPN 重连开始 ==========
[2026-03-16 14:01:35] 尝试 1/3...
[2026-03-16 14:01:35] 启动 FortiClient GUI...
[2026-03-16 14:01:38] ❌ FortiClient GUI 启动失败
[2026-03-16 14:01:38] 重试 1 失败：无法启动 FortiClient
[2026-03-16 14:01:48] 尝试 2/3...
[2026-03-16 14:01:48] 启动 FortiClient GUI...
[2026-03-16 14:01:51] ❌ FortiClient GUI 启动失败
[2026-03-16 14:01:51] 重试 2 失败：无法启动 FortiClient
[2026-03-16 14:02:01] 尝试 3/3...
[2026-03-16 14:02:01] 启动 FortiClient GUI...
[2026-03-16 14:02:04] ❌ FortiClient GUI 启动失败
[2026-03-16 14:02:04] 重试 3 失败：无法启动 FortiClient
[2026-03-16 14:02:14] ❌ VPN 重连失败（已尝试 3 次）
[2026-03-16 14:02:14] ========== VPN 重连失败 ==========
[2026-03-16 14:03:14] ========== VPN 重连开始 ==========
[2026-03-16 14:03:14] 尝试 1/3...
[2026-03-16 14:03:14] 启动 FortiClient GUI...
[2026-03-16 14:03:17] ❌ FortiClient GUI 启动失败
[2026-03-16 14:03:17] 重试 1 失败：无法启动 FortiClient
[2026-03-16 14:03:27] 尝试 2/3...
[2026-03-16 14:03:27] 启动 FortiClient GUI...
[2026-03-16 14:03:30] ❌ FortiClient GUI 启动失败
[2026-03-16 14:03:30] 重试 2 失败：无法启动 FortiClient
[2026-03-16 14:03:40] 尝试 3/3...
[2026-03-16 14:03:40] 启动 FortiClient GUI...
[2026-03-16 14:03:43] ❌ FortiClient GUI 启动失败
[2026-03-16 14:03:43] 重试 3 失败：无法启动 FortiClient
[2026-03-16 14:03:53] ❌ VPN 重连失败（已尝试 3 次）
[2026-03-16 14:03:53] ========== VPN 重连失败 ==========
[2026-03-16 14:04:53] ========== VPN 重连开始 ==========
[2026-03-16 14:04:53] 尝试 1/3...
[2026-03-16 14:04:53] 启动 FortiClient GUI...
[2026-03-16 14:04:56] ❌ FortiClient GUI 启动失败
[2026-03-16 14:04:56] 重试 1 失败：无法启动 FortiClient
[2026-03-16 14:05:06] 尝试 2/3...
[2026-03-16 14:05:06] 启动 FortiClient GUI...
[2026-03-16 14:05:09] ❌ FortiClient GUI 启动失败
[2026-03-16 14:05:09] 重试 2 失败：无法启动 FortiClient
[2026-03-16 14:05:19] 尝试 3/3...
[2026-03-16 14:05:19] 启动 FortiClient GUI...
[2026-03-16 14:05:22] ❌ FortiClient GUI 启动失败
[2026-03-16 14:05:22] 重试 3 失败：无法启动 FortiClient
[2026-03-16 14:05:33] ❌ VPN 重连失败（已尝试 3 次）
[2026-03-16 14:05:33] ========== VPN 重连失败 ==========
[2026-03-16 14:06:33] ========== VPN 重连开始 ==========
[2026-03-16 14:06:33] 尝试 1/3...
[2026-03-16 14:06:33] 启动 FortiClient GUI...
[2026-03-16 14:06:36] ❌ FortiClient GUI 启动失败
[2026-03-16 14:06:36] 重试 1 失败：无法启动 FortiClient
[2026-03-16 14:06:46] 尝试 2/3...
[2026-03-16 14:06:46] 启动 FortiClient GUI...
[2026-03-16 14:06:49] ❌ FortiClient GUI 启动失败
[2026-03-16 14:06:49] 重试 2 失败：无法启动 FortiClient
[2026-03-16 14:06:59] 尝试 3/3...
[2026-03-16 14:06:59] 启动 FortiClient GUI...
[2026-03-16 14:07:02] ❌ FortiClient GUI 启动失败
[2026-03-16 14:07:02] 重试 3 失败：无法启动 FortiClient
[2026-03-16 14:07:12] ❌ VPN 重连失败（已尝试 3 次）
[2026-03-16 14:07:12] ========== VPN 重连失败 ==========
[2026-03-16 14:08:12] ========== VPN 重连开始 ==========
[2026-03-16 14:08:12] 尝试 1/3...
[2026-03-16 14:08:12] 启动 FortiClient GUI...
[2026-03-16 14:08:15] ❌ FortiClient GUI 启动失败
[2026-03-16 14:08:15] 重试 1 失败：无法启动 FortiClient
[2026-03-16 14:08:25] 尝试 2/3...
[2026-03-16 14:08:25] 启动 FortiClient GUI...
[2026-03-16 14:08:28] ❌ FortiClient GUI 启动失败
[2026-03-16 14:08:28] 重试 2 失败：无法启动 FortiClient
[2026-03-16 14:08:38] 尝试 3/3...
[2026-03-16 14:08:38] 启动 FortiClient GUI...
[2026-03-16 14:08:41] ❌ FortiClient GUI 启动失败
[2026-03-16 14:08:41] 重试 3 失败：无法启动 FortiClient
[2026-03-16 14:08:51] ❌ VPN 重连失败（已尝试 3 次）
[2026-03-16 14:08:51] ========== VPN 重连失败 ==========
[2026-03-16 14:09:51] ========== VPN 重连开始 ==========
[2026-03-16 14:09:51] 尝试 1/3...
[2026-03-16 14:09:51] 启动 FortiClient GUI...
[2026-03-16 14:09:54] ❌ FortiClient GUI 启动失败
[2026-03-16 14:09:54] 重试 1 失败：无法启动 FortiClient
[2026-03-16 14:10:04] 尝试 2/3...
[2026-03-16 14:10:04] 启动 FortiClient GUI...
[2026-03-16 14:10:07] ❌ FortiClient GUI 启动失败
[2026-03-16 14:10:07] 重试 2 失败：无法启动 FortiClient
[2026-03-16 14:10:17] 尝试 3/3...
[2026-03-16 14:10:17] 启动 FortiClient GUI...
[2026-03-16 14:10:20] ❌ FortiClient GUI 启动失败
[2026-03-16 14:10:20] 重试 3 失败：无法启动 FortiClient
[2026-03-16 14:10:30] ❌ VPN 重连失败（已尝试 3 次）
[2026-03-16 14:10:30] ========== VPN 重连失败 ==========
[2026-03-16 14:11:30] ========== VPN 重连开始 ==========
[2026-03-16 14:11:30] 尝试 1/3...
[2026-03-16 14:11:30] 启动 FortiClient GUI...
[2026-03-16 14:11:33] ❌ FortiClient GUI 启动失败
[2026-03-16 14:11:33] 重试 1 失败：无法启动 FortiClient
[2026-03-16 14:11:43] 尝试 2/3...
[2026-03-16 14:11:43] 启动 FortiClient GUI...
[2026-03-16 14:11:46] ❌ FortiClient GUI 启动失败
[2026-03-16 14:11:46] 重试 2 失败：无法启动 FortiClient
[2026-03-16 14:11:56] 尝试 3/3...
[2026-03-16 14:11:56] 启动 FortiClient GUI...
[2026-03-16 14:11:59] ❌ FortiClient GUI 启动失败
[2026-03-16 14:11:59] 重试 3 失败：无法启动 FortiClient
[2026-03-16 14:12:09] ❌ VPN 重连失败（已尝试 3 次）
[2026-03-16 14:12:09] ========== VPN 重连失败 ==========
[2026-03-16 14:13:09] ========== VPN 重连开始 ==========
[2026-03-16 14:13:09] 尝试 1/3...
[2026-03-16 14:13:09] 启动 FortiClient GUI...
[2026-03-16 14:13:12] ❌ FortiClient GUI 启动失败
[2026-03-16 14:13:12] 重试 1 失败：无法启动 FortiClient
[2026-03-16 14:13:22] 尝试 2/3...
[2026-03-16 14:13:22] 启动 FortiClient GUI...
[2026-03-16 14:13:25] ❌ FortiClient GUI 启动失败
[2026-03-16 14:13:25] 重试 2 失败：无法启动 FortiClient
[2026-03-16 14:13:35] 尝试 3/3...
[2026-03-16 14:13:35] 启动 FortiClient GUI...
[2026-03-16 14:13:38] ❌ FortiClient GUI 启动失败
[2026-03-16 14:13:38] 重试 3 失败：无法启动 FortiClient
[2026-03-16 14:13:48] ❌ VPN 重连失败（已尝试 3 次）
[2026-03-16 14:13:48] ========== VPN 重连失败 ==========
[2026-03-16 14:14:48] ========== VPN 重连开始 ==========
[2026-03-16 14:14:48] 尝试 1/3...
[2026-03-16 14:14:48] 启动 FortiClient GUI...
[2026-03-16 14:14:51] ❌ FortiClient GUI 启动失败
[2026-03-16 14:14:51] 重试 1 失败：无法启动 FortiClient
[2026-03-16 14:15:01] 尝试 2/3...
[2026-03-16 14:15:01] 启动 FortiClient GUI...
[2026-03-16 14:15:04] ❌ FortiClient GUI 启动失败
[2026-03-16 14:15:04] 重试 2 失败：无法启动 FortiClient
[2026-03-16 14:15:15] 尝试 3/3...
[2026-03-16 14:15:15] 启动 FortiClient GUI...
[2026-03-16 14:15:18] ❌ FortiClient GUI 启动失败
[2026-03-16 14:15:18] 重试 3 失败：无法启动 FortiClient
[2026-03-16 14:15:28] ❌ VPN 重连失败（已尝试 3 次）
[2026-03-16 14:15:28] ========== VPN 重连失败 ==========
[2026-03-16 14:16:28] ========== VPN 重连开始 ==========
[2026-03-16 14:16:28] 尝试 1/3...
[2026-03-16 14:16:28] 启动 FortiClient GUI...
[2026-03-16 14:16:31] ❌ FortiClient GUI 启动失败
[2026-03-16 14:16:31] 重试 1 失败：无法启动 FortiClient
[2026-03-16 14:16:41] 尝试 2/3...
[2026-03-16 14:16:41] 启动 FortiClient GUI...
[2026-03-16 14:16:44] ❌ FortiClient GUI 启动失败
[2026-03-16 14:16:44] 重试 2 失败：无法启动 FortiClient
[2026-03-16 14:16:54] 尝试 3/3...
[2026-03-16 14:16:54] 启动 FortiClient GUI...
[2026-03-16 14:16:57] ❌ FortiClient GUI 启动失败
[2026-03-16 14:16:57] 重试 3 失败：无法启动 FortiClient
[2026-03-16 14:17:07] ❌ VPN 重连失败（已尝试 3 次）
[2026-03-16 14:17:07] ========== VPN 重连失败 ==========
[2026-03-16 14:18:07] ========== VPN 重连开始 ==========
[2026-03-16 14:18:07] 尝试 1/3...
[2026-03-16 14:18:07] 启动 FortiClient GUI...
[2026-03-16 14:18:10] ❌ FortiClient GUI 启动失败
[2026-03-16 14:18:10] 重试 1 失败：无法启动 FortiClient
[2026-03-16 14:18:20] 尝试 2/3...
[2026-03-16 14:18:20] 启动 FortiClient GUI...
[2026-03-16 14:18:23] ❌ FortiClient GUI 启动失败
[2026-03-16 14:18:23] 重试 2 失败：无法启动 FortiClient
[2026-03-16 14:18:33] 尝试 3/3...
[2026-03-16 14:18:33] 启动 FortiClient GUI...
[2026-03-16 14:18:36] ❌ FortiClient GUI 启动失败
[2026-03-16 14:18:36] 重试 3 失败：无法启动 FortiClient
[2026-03-16 14:18:46] ❌ VPN 重连失败（已尝试 3 次）
[2026-03-16 14:18:46] ========== VPN 重连失败 ==========
[2026-03-16 14:19:46] ========== VPN 重连开始 ==========
[2026-03-16 14:19:46] 尝试 1/3...
[2026-03-16 14:19:46] 启动 FortiClient GUI...
[2026-03-16 14:19:58] ❌ FortiClient GUI 启动失败
[2026-03-16 14:19:58] 重试 1 失败：无法启动 FortiClient
[2026-03-16 14:20:30] 尝试 2/3...
[2026-03-16 14:20:32] 启动 FortiClient GUI...
[2026-03-16 14:21:09] ❌ FortiClient GUI 启动失败
[2026-03-16 14:21:09] 重试 2 失败：无法启动 FortiClient
[2026-03-16 14:21:20] 尝试 3/3...
[2026-03-16 14:21:20] 启动 FortiClient GUI...
[2026-03-16 14:22:45] ❌ FortiClient GUI 启动失败
[2026-03-16 14:22:47] 重试 3 失败：无法启动 FortiClient
[2026-03-16 14:23:01] ❌ VPN 重连失败（已尝试 3 次）
[2026-03-16 14:23:04] ========== VPN 重连失败 ==========
[2026-03-16 14:27:59] ========== VPN 重连开始 ==========
[2026-03-16 14:27:59] 尝试 1/3...
[2026-03-16 14:27:59] 启动 FortiClient GUI...
[2026-03-16 14:28:04] ❌ FortiClient GUI 启动失败
[2026-03-16 14:28:04] 重试 1 失败：无法启动 FortiClient
[2026-03-16 14:28:16] 尝试 2/3...
[2026-03-16 14:28:17] 启动 FortiClient GUI...
[2026-03-16 14:29:55] ========== VPN 重连开始 ==========
[2026-03-16 14:29:55] 尝试 1/3...
[2026-03-16 14:29:55] 启动 FortiClient GUI...
[2026-03-16 14:29:55] FortiClient 已在运行，先关闭...
[2026-03-16 14:30:00] ❌ FortiClient GUI 启动失败
[2026-03-16 14:30:00] 重试 1 失败：无法启动 FortiClient
[2026-03-16 14:30:10] 尝试 2/3...
[2026-03-16 14:30:10] 启动 FortiClient GUI...
[2026-03-16 14:30:13] ❌ FortiClient GUI 启动失败
[2026-03-16 14:30:13] 重试 2 失败：无法启动 FortiClient
[2026-03-16 14:30:23] 尝试 3/3...
[2026-03-16 14:30:23] 启动 FortiClient GUI...
[2026-03-16 14:30:26] ❌ FortiClient GUI 启动失败
[2026-03-16 14:30:26] 重试 3 失败：无法启动 FortiClient
[2026-03-16 14:30:36] ❌ VPN 重连失败（已尝试 3 次）
[2026-03-16 14:30:36] ========== VPN 重连失败 ==========
[2026-03-16 14:31:36] ========== VPN 重连开始 ==========
[2026-03-16 14:31:36] 尝试 1/3...
[2026-03-16 14:31:36] 启动 FortiClient GUI...
[2026-03-16 14:31:39] ❌ FortiClient GUI 启动失败
[2026-03-16 14:31:39] 重试 1 失败：无法启动 FortiClient
[2026-03-16 14:31:49] 尝试 2/3...
[2026-03-16 14:31:49] 启动 FortiClient GUI...
[2026-03-16 14:31:52] ❌ FortiClient GUI 启动失败
[2026-03-16 14:31:52] 重试 2 失败：无法启动 FortiClient
[2026-03-16 14:32:02] 尝试 3/3...
[2026-03-16 14:32:02] 启动 FortiClient GUI...
[2026-03-16 14:32:05] ❌ FortiClient GUI 启动失败
[2026-03-16 14:32:05] 重试 3 失败：无法启动 FortiClient
[2026-03-16 14:32:15] ❌ VPN 重连失败（已尝试 3 次）
[2026-03-16 14:32:15] ========== VPN 重连失败 ==========
[2026-03-16 21:04:39] ========== VPN 重连开始 ==========
[2026-03-16 21:04:39] 尝试 1/3...
[2026-03-16 21:04:39] 启动 FortiClient GUI...
[2026-03-16 21:04:42] ❌ FortiClient GUI 启动失败
[2026-03-16 21:04:42] 重试 1 失败：无法启动 FortiClient
[2026-03-16 21:04:52] 尝试 2/3...
[2026-03-16 21:04:52] 启动 FortiClient GUI...
[2026-03-16 21:04:55] ✅ FortiClient GUI 已启动
[2026-03-16 21:04:55] 触发 VPN 连接（Playwright 自动化）...
[INFO] 启动 Playwright 自动登录...
[INFO] 访问 VPN SAML 登录页面...
[INFO] 等待 Microsoft 登录页面...
[INFO] 输入用户名...
[INFO] 等待密码输入框...
[INFO] 输入密码...
[INFO] 等待认证完成...
[INFO] 当前 URL: https://login.microsoftonline.com/25dfd0e1-efae-4b13-8d6b-b82c74544999/login
[INFO] 找到按钮: 
[INFO] 等待重定向到 VPN...
[WARN] 等待重定向超时，检查当前状态...
[INFO] 最终 URL: https://login.microsoftonline.com/25dfd0e1-efae-4b13-8d6b-b82c74544999/login
[ERROR] ❌ 自动登录失败: 未能重定向到 VPN 页面
[2026-03-16 21:06:06] 重试 2 失败：自动登录失败
[2026-03-16 21:06:16] 尝试 3/3...
[2026-03-16 21:06:16] 启动 FortiClient GUI...
[2026-03-16 21:06:16] FortiClient 已在运行，先关闭...
[2026-03-16 21:06:21] ❌ FortiClient GUI 启动失败
[2026-03-16 21:06:21] 重试 3 失败：无法启动 FortiClient
[2026-03-16 21:06:31] ❌ VPN 重连失败（已尝试 3 次）
[2026-03-16 21:06:31] ========== VPN 重连失败 ==========
[2026-03-16 21:07:31] ========== VPN 重连开始 ==========
[2026-03-16 21:07:31] 尝试 1/3...
[2026-03-16 21:07:31] 启动 FortiClient GUI...
[2026-03-16 21:07:31] FortiClient 已在运行，先关闭...
[2026-03-16 21:07:36] ❌ FortiClient GUI 启动失败
[2026-03-16 21:07:36] 重试 1 失败：无法启动 FortiClient
[2026-03-16 21:07:46] 尝试 2/3...
[2026-03-16 21:07:46] 启动 FortiClient GUI...
[2026-03-16 21:07:49] ❌ FortiClient GUI 启动失败
[2026-03-16 21:07:49] 重试 2 失败：无法启动 FortiClient
[2026-03-16 21:07:59] 尝试 3/3...
[2026-03-16 21:07:59] 启动 FortiClient GUI...
[2026-03-16 21:08:02] ❌ FortiClient GUI 启动失败
[2026-03-16 21:08:02] 重试 3 失败：无法启动 FortiClient
[2026-03-16 21:08:12] ❌ VPN 重连失败（已尝试 3 次）
[2026-03-16 21:08:12] ========== VPN 重连失败 ==========
[2026-03-17 05:09:36] ========== VPN 重连开始 ==========
[2026-03-17 05:09:36] 尝试 1/3...
[2026-03-17 05:09:36] 启动 FortiClient GUI...
[2026-03-17 05:09:40] ❌ FortiClient GUI 启动失败
[2026-03-17 05:09:40] 重试 1 失败：无法启动 FortiClient
[2026-03-17 05:09:50] 尝试 2/3...
[2026-03-17 05:09:50] 启动 FortiClient GUI...
[2026-03-17 05:09:50] FortiClient 已在运行，先关闭...
[2026-03-17 05:09:55] ❌ FortiClient GUI 启动失败
[2026-03-17 05:09:55] 重试 2 失败：无法启动 FortiClient
[2026-03-17 05:10:05] 尝试 3/3...
[2026-03-17 05:10:05] 启动 FortiClient GUI...
[2026-03-17 05:10:08] ❌ FortiClient GUI 启动失败
[2026-03-17 05:10:08] 重试 3 失败：无法启动 FortiClient
[2026-03-17 05:10:18] ❌ VPN 重连失败（已尝试 3 次）
[2026-03-17 05:10:18] ========== VPN 重连失败 ==========
[2026-03-17 05:11:18] ========== VPN 重连开始 ==========
[2026-03-17 05:11:18] 尝试 1/3...
[2026-03-17 05:11:18] 启动 FortiClient GUI...
[2026-03-17 05:11:21] ❌ FortiClient GUI 启动失败
[2026-03-17 05:11:21] 重试 1 失败：无法启动 FortiClient
[2026-03-17 05:11:31] 尝试 2/3...
[2026-03-17 05:11:31] 启动 FortiClient GUI...
[2026-03-17 05:11:34] ✅ FortiClient GUI 已启动
[2026-03-17 05:11:34] 触发 VPN 连接（Playwright 自动化）...
[INFO] 启动 Playwright 自动登录...
[INFO] 访问 VPN SAML 登录页面...
[INFO] 等待 Microsoft 登录页面...
[INFO] 输入用户名...
[INFO] 等待密码输入框...
[INFO] 输入密码...
[INFO] 等待认证完成...
[INFO] 当前 URL: https://login.microsoftonline.com/25dfd0e1-efae-4b13-8d6b-b82c74544999/login
[INFO] 找到按钮: 
[INFO] 等待重定向到 VPN...
[WARN] 等待重定向超时，检查当前状态...
[INFO] 最终 URL: https://login.microsoftonline.com/25dfd0e1-efae-4b13-8d6b-b82c74544999/login
[ERROR] ❌ 自动登录失败: 未能重定向到 VPN 页面
[2026-03-17 05:12:44] 重试 2 失败：自动登录失败
[2026-03-17 05:12:54] 尝试 3/3...
[2026-03-17 05:12:54] 启动 FortiClient GUI...
[2026-03-17 05:12:57] ❌ FortiClient GUI 启动失败
[2026-03-17 05:12:57] 重试 3 失败：无法启动 FortiClient
[2026-03-17 05:13:07] ❌ VPN 重连失败（已尝试 3 次）
[2026-03-17 05:13:07] ========== VPN 重连失败 ==========
[2026-03-17 13:12:33] ========== VPN 重连开始 ==========
[2026-03-17 13:12:33] 尝试 1/3...
[2026-03-17 13:12:33] 启动 FortiClient GUI...
[2026-03-17 13:12:36] ✅ FortiClient GUI 已启动
[2026-03-17 13:12:36] 触发 VPN 连接（Playwright 自动化）...
[INFO] 启动 Playwright 自动登录...
[INFO] 访问 VPN SAML 登录页面...
[INFO] 等待 Microsoft 登录页面...
[INFO] 输入用户名...
[INFO] 等待密码输入框...
[INFO] 输入密码...
[INFO] 等待认证完成...
[INFO] 当前 URL: https://login.microsoftonline.com/25dfd0e1-efae-4b13-8d6b-b82c74544999/login
[INFO] 找到按钮: 
[INFO] 等待重定向到 VPN...
[WARN] 等待重定向超时，检查当前状态...
[INFO] 最终 URL: https://login.microsoftonline.com/25dfd0e1-efae-4b13-8d6b-b82c74544999/login
[ERROR] ❌ 自动登录失败: 未能重定向到 VPN 页面
[2026-03-17 13:13:46] 重试 1 失败：自动登录失败
[2026-03-17 13:13:56] 尝试 2/3...
[2026-03-17 13:13:56] 启动 FortiClient GUI...
[2026-03-17 13:13:59] ❌ FortiClient GUI 启动失败
[2026-03-17 13:13:59] 重试 2 失败：无法启动 FortiClient
[2026-03-17 13:14:09] 尝试 3/3...
[2026-03-17 13:14:09] 启动 FortiClient GUI...
[2026-03-17 13:14:12] ❌ FortiClient GUI 启动失败
[2026-03-17 13:14:12] 重试 3 失败：无法启动 FortiClient
[2026-03-17 13:14:22] ❌ VPN 重连失败（已尝试 3 次）
[2026-03-17 13:14:22] ========== VPN 重连失败 ==========
[2026-03-17 19:25:33] ========== VPN 重连开始 ==========
[2026-03-17 19:25:33] 尝试 1/3...
[2026-03-17 19:25:33] 启动 FortiClient GUI...
[2026-03-17 19:25:33] FortiClient 已在运行，先关闭...
[2026-03-17 19:25:38] ❌ FortiClient GUI 启动失败
[2026-03-17 19:25:38] 重试 1 失败：无法启动 FortiClient
[2026-03-17 19:25:48] 尝试 2/3...
[2026-03-17 19:25:48] 启动 FortiClient GUI...
[2026-03-17 19:25:51] ❌ FortiClient GUI 启动失败
[2026-03-17 19:25:51] 重试 2 失败：无法启动 FortiClient
[2026-03-17 19:26:01] 尝试 3/3...
[2026-03-17 19:26:01] 启动 FortiClient GUI...
[2026-03-17 19:26:04] ❌ FortiClient GUI 启动失败
[2026-03-17 19:26:04] 重试 3 失败：无法启动 FortiClient
[2026-03-17 19:26:14] ❌ VPN 重连失败（已尝试 3 次）
[2026-03-17 19:26:14] ========== VPN 重连失败 ==========
[2026-03-17 19:27:14] ========== VPN 重连开始 ==========
[2026-03-17 19:27:14] 尝试 1/3...
[2026-03-17 19:27:14] 启动 FortiClient GUI...
[2026-03-17 19:27:17] ❌ FortiClient GUI 启动失败
[2026-03-17 19:27:17] 重试 1 失败：无法启动 FortiClient
[2026-03-17 19:27:27] 尝试 2/3...
[2026-03-17 19:27:27] 启动 FortiClient GUI...
[2026-03-17 19:27:30] ❌ FortiClient GUI 启动失败
[2026-03-17 19:27:30] 重试 2 失败：无法启动 FortiClient
[2026-03-17 19:27:40] 尝试 3/3...
[2026-03-17 19:27:40] 启动 FortiClient GUI...
[2026-03-17 19:27:43] ❌ FortiClient GUI 启动失败
[2026-03-17 19:27:43] 重试 3 失败：无法启动 FortiClient
[2026-03-17 19:27:53] ❌ VPN 重连失败（已尝试 3 次）
[2026-03-17 19:27:53] ========== VPN 重连失败 ==========
[2026-03-18 03:28:17] ========== VPN 重连开始 ==========
[2026-03-18 03:28:17] 尝试 1/3...
[2026-03-18 03:28:17] 启动 FortiClient GUI...
[2026-03-18 03:28:20] ❌ FortiClient GUI 启动失败
[2026-03-18 03:28:20] 重试 1 失败：无法启动 FortiClient
[2026-03-18 03:28:30] 尝试 2/3...
[2026-03-18 03:28:30] 启动 FortiClient GUI...
[2026-03-18 03:28:33] ❌ FortiClient GUI 启动失败
[2026-03-18 03:28:33] 重试 2 失败：无法启动 FortiClient
[2026-03-18 03:28:43] 尝试 3/3...
[2026-03-18 03:28:43] 启动 FortiClient GUI...
[2026-03-18 03:28:46] ❌ FortiClient GUI 启动失败
[2026-03-18 03:28:46] 重试 3 失败：无法启动 FortiClient
[2026-03-18 03:28:56] ❌ VPN 重连失败（已尝试 3 次）
[2026-03-18 03:28:56] ========== VPN 重连失败 ==========
[2026-03-18 03:29:56] ========== VPN 重连开始 ==========
[2026-03-18 03:29:56] 尝试 1/3...
[2026-03-18 03:29:56] 启动 FortiClient GUI...
[2026-03-18 03:29:59] ❌ FortiClient GUI 启动失败
[2026-03-18 03:29:59] 重试 1 失败：无法启动 FortiClient
[2026-03-18 03:30:09] 尝试 2/3...
[2026-03-18 03:30:09] 启动 FortiClient GUI...
[2026-03-18 03:30:12] ❌ FortiClient GUI 启动失败
[2026-03-18 03:30:13] 重试 2 失败：无法启动 FortiClient
[2026-03-18 03:30:23] 尝试 3/3...
[2026-03-18 03:30:23] 启动 FortiClient GUI...
[2026-03-18 03:30:26] ❌ FortiClient GUI 启动失败
[2026-03-18 03:30:26] 重试 3 失败：无法启动 FortiClient
[2026-03-18 03:30:36] ❌ VPN 重连失败（已尝试 3 次）
[2026-03-18 03:30:36] ========== VPN 重连失败 ==========
[2026-03-18 11:32:00] ========== VPN 重连开始 ==========
[2026-03-18 11:32:00] 尝试 1/3...
[2026-03-18 11:32:00] 启动 FortiClient GUI...
[2026-03-18 11:32:03] ❌ FortiClient GUI 启动失败
[2026-03-18 11:32:03] 重试 1 失败：无法启动 FortiClient
[2026-03-18 11:32:13] 尝试 2/3...
[2026-03-18 11:32:13] 启动 FortiClient GUI...
[2026-03-18 11:32:16] ❌ FortiClient GUI 启动失败
[2026-03-18 11:32:16] 重试 2 失败：无法启动 FortiClient
[2026-03-18 11:32:26] 尝试 3/3...
[2026-03-18 11:32:26] 启动 FortiClient GUI...
[2026-03-18 11:32:29] ❌ FortiClient GUI 启动失败
[2026-03-18 11:32:29] 重试 3 失败：无法启动 FortiClient
[2026-03-18 11:32:39] ❌ VPN 重连失败（已尝试 3 次）
[2026-03-18 11:32:39] ========== VPN 重连失败 ==========
[2026-03-18 11:33:39] ========== VPN 重连开始 ==========
[2026-03-18 11:33:39] 尝试 1/3...
[2026-03-18 11:33:39] 启动 FortiClient GUI...
[2026-03-18 11:33:39] FortiClient 已在运行，先关闭...
[2026-03-18 11:33:44] ❌ FortiClient GUI 启动失败
[2026-03-18 11:33:44] 重试 1 失败：无法启动 FortiClient
[2026-03-18 11:33:54] 尝试 2/3...
[2026-03-18 11:33:54] 启动 FortiClient GUI...
[2026-03-18 11:33:57] ❌ FortiClient GUI 启动失败
[2026-03-18 11:33:57] 重试 2 失败：无法启动 FortiClient
[2026-03-18 11:34:07] 尝试 3/3...
[2026-03-18 11:34:07] 启动 FortiClient GUI...
[2026-03-18 11:34:10] ❌ FortiClient GUI 启动失败
[2026-03-18 11:34:10] 重试 3 失败：无法启动 FortiClient
[2026-03-18 11:34:20] ❌ VPN 重连失败（已尝试 3 次）
[2026-03-18 11:34:20] ========== VPN 重连失败 ==========
[2026-03-18 18:50:39] ========== VPN 重连开始 ==========
[2026-03-18 18:50:39] 尝试 1/3...
[2026-03-18 18:50:39] 启动 FortiClient GUI...
[2026-03-18 18:50:39] FortiClient 已在运行，先关闭...
[2026-03-18 18:50:44] ❌ FortiClient GUI 启动失败
[2026-03-18 18:50:44] 重试 1 失败：无法启动 FortiClient
[2026-03-18 18:50:54] 尝试 2/3...
[2026-03-18 18:50:54] 启动 FortiClient GUI...
[2026-03-18 18:50:57] ❌ FortiClient GUI 启动失败
[2026-03-18 18:50:57] 重试 2 失败：无法启动 FortiClient
[2026-03-18 18:51:07] 尝试 3/3...
[2026-03-18 18:51:07] 启动 FortiClient GUI...
[2026-03-18 18:51:10] ❌ FortiClient GUI 启动失败
[2026-03-18 18:51:10] 重试 3 失败：无法启动 FortiClient
[2026-03-18 18:51:20] ❌ VPN 重连失败（已尝试 3 次）
[2026-03-18 18:51:20] ========== VPN 重连失败 ==========
[2026-03-18 18:52:20] ========== VPN 重连开始 ==========
[2026-03-18 18:52:20] 尝试 1/3...
[2026-03-18 18:52:20] 启动 FortiClient GUI...
[2026-03-18 18:52:23] ❌ FortiClient GUI 启动失败
[2026-03-18 18:52:23] 重试 1 失败：无法启动 FortiClient
[2026-03-18 18:52:33] 尝试 2/3...
[2026-03-18 18:52:33] 启动 FortiClient GUI...
[2026-03-18 18:52:36] ❌ FortiClient GUI 启动失败
[2026-03-18 18:52:36] 重试 2 失败：无法启动 FortiClient
[2026-03-18 18:52:46] 尝试 3/3...
[2026-03-18 18:52:46] 启动 FortiClient GUI...
[2026-03-18 18:52:49] ❌ FortiClient GUI 启动失败
[2026-03-18 18:52:49] 重试 3 失败：无法启动 FortiClient
[2026-03-18 18:52:59] ❌ VPN 重连失败（已尝试 3 次）
[2026-03-18 18:52:59] ========== VPN 重连失败 ==========
[2026-03-18 20:06:07] ========== VPN 重连开始 ==========
[2026-03-18 20:06:08] 尝试 1/3...
[2026-03-18 20:06:08] 启动 FortiClient GUI...
[2026-03-18 20:06:14] ❌ FortiClient GUI 启动失败
[2026-03-18 20:06:19] 重试 1 失败：无法启动 FortiClient
[2026-03-18 20:06:30] 尝试 2/3...
[2026-03-18 20:06:30] 启动 FortiClient GUI...
[2026-03-18 20:06:34] ❌ FortiClient GUI 启动失败
[2026-03-18 20:06:35] 重试 2 失败：无法启动 FortiClient
[2026-03-18 20:06:53] 尝试 3/3...
[2026-03-18 20:07:23] 启动 FortiClient GUI...
[2026-03-18 20:21:51] ❌ FortiClient GUI 启动失败
[2026-03-18 20:21:51] 重试 3 失败：无法启动 FortiClient
[2026-03-18 20:22:01] ❌ VPN 重连失败（已尝试 3 次）
[2026-03-18 20:22:01] ========== VPN 重连失败 ==========
[2026-03-18 20:23:48] ========== VPN 重连开始 ==========
[2026-03-18 20:23:48] 尝试 1/3...
[2026-03-18 20:23:50] 启动 FortiClient GUI...
[2026-03-18 20:23:55] FortiClient 已在运行，先关闭...
[2026-03-18 20:24:07] ✅ FortiClient GUI 已启动
[2026-03-18 20:24:07] 触发 VPN 连接（Playwright 自动化）...
[INFO] 启动 Playwright 自动登录...
[FATAL] 脚本执行失败: browserType.launch: Timeout 180000ms exceeded.
Call log:
  - <launching> /home/tsl/.cache/ms-playwright/chromium_headless_shell-1208/chrome-headless-shell-linux64/chrome-headless-shell --disable-field-trial-config --disable-background-networking --disable-background-timer-throttling --disable-backgrounding-occluded-windows --disable-back-forward-cache --disable-breakpad --disable-client-side-phishing-detection --disable-component-extensions-with-background-pages --disable-component-update --no-default-browser-check --disable-default-apps --disable-dev-shm-usage --disable-extensions --disable-features=AvoidUnnecessaryBeforeUnloadCheckSync,BoundaryEventDispatchTracksNodeRemoval,DestroyProfileOnBrowserClose,DialMediaRouteProvider,GlobalMediaControls,HttpsUpgrades,LensOverlay,MediaRouter,PaintHolding,ThirdPartyStoragePartitioning,Translate,AutoDeElevate,RenderDocument,OptimizationHints --enable-features=CDPScreenshotNewSurface --allow-pre-commit-input --disable-hang-monitor --disable-ipc-flooding-protection --disable-popup-blocking --disable-prompt-on-repost --disable-renderer-backgrounding --force-color-profile=srgb --metrics-recording-only --no-first-run --password-store=basic --use-mock-keychain --no-service-autorun --export-tagged-pdf --disable-search-engine-choice-screen --unsafely-disable-devtools-self-xss-warnings --edge-skip-compat-layer-relaunch --enable-automation --disable-infobars --disable-search-engine-choice-screen --disable-sync --enable-unsafe-swiftshader --headless --hide-scrollbars --mute-audio --blink-settings=primaryHoverType=2,availableHoverTypes=2,primaryPointerType=4,availablePointerTypes=4 --no-sandbox --no-sandbox --disable-setuid-sandbox --user-data-dir=/tmp/playwright_chromiumdev_profile-nBmO2h --remote-debugging-pipe --no-startup-window
  - <launched> pid=92728

    at autoSamlLogin (/home/tsl/openclaw/vpn-auto/auto-saml-login.js:25:34)
    at /home/tsl/openclaw/vpn-auto/auto-saml-login.js:132:27
    at Object.<anonymous> (/home/tsl/openclaw/vpn-auto/auto-saml-login.js:138:3) {
  name: 'TimeoutError'
}
[2026-03-18 20:35:17] 重试 1 失败：自动登录失败
[2026-03-18 20:35:27] 尝试 2/3...
[2026-03-18 20:35:27] 启动 FortiClient GUI...
[2026-03-18 20:35:27] FortiClient 已在运行，先关闭...
[2026-03-18 20:35:32] ❌ FortiClient GUI 启动失败
[2026-03-18 20:35:32] 重试 2 失败：无法启动 FortiClient
[2026-03-18 20:35:42] 尝试 3/3...
[2026-03-18 20:35:42] 启动 FortiClient GUI...
[2026-03-18 20:35:45] ❌ FortiClient GUI 启动失败
[2026-03-18 20:35:45] 重试 3 失败：无法启动 FortiClient
[2026-03-18 20:35:55] ❌ VPN 重连失败（已尝试 3 次）
[2026-03-18 20:35:55] ========== VPN 重连失败 ==========
[2026-03-18 20:36:55] ========== VPN 重连开始 ==========
[2026-03-18 20:36:55] 尝试 1/3...
[2026-03-18 20:36:55] 启动 FortiClient GUI...
[2026-03-18 20:36:55] FortiClient 已在运行，先关闭...
[2026-03-18 20:37:00] ❌ FortiClient GUI 启动失败
[2026-03-18 20:37:00] 重试 1 失败：无法启动 FortiClient
[2026-03-18 20:37:10] 尝试 2/3...
[2026-03-18 20:37:10] 启动 FortiClient GUI...
[2026-03-18 20:37:13] ❌ FortiClient GUI 启动失败
[2026-03-18 20:37:13] 重试 2 失败：无法启动 FortiClient
[2026-03-18 20:37:23] 尝试 3/3...
[2026-03-18 20:37:23] 启动 FortiClient GUI...
[2026-03-18 20:37:26] ❌ FortiClient GUI 启动失败
[2026-03-18 20:37:26] 重试 3 失败：无法启动 FortiClient
[2026-03-18 20:37:36] ❌ VPN 重连失败（已尝试 3 次）
[2026-03-18 20:37:36] ========== VPN 重连失败 ==========
[2026-03-18 20:38:36] ========== VPN 重连开始 ==========
[2026-03-18 20:38:36] 尝试 1/3...
[2026-03-18 20:38:36] 启动 FortiClient GUI...
[2026-03-18 20:38:40] ❌ FortiClient GUI 启动失败
[2026-03-18 20:38:40] 重试 1 失败：无法启动 FortiClient
[2026-03-18 20:38:50] 尝试 2/3...
[2026-03-18 20:38:50] 启动 FortiClient GUI...
[2026-03-18 20:38:53] ❌ FortiClient GUI 启动失败
[2026-03-18 20:38:53] 重试 2 失败：无法启动 FortiClient
[2026-03-18 20:39:03] 尝试 3/3...
[2026-03-18 20:39:03] 启动 FortiClient GUI...
[2026-03-18 20:39:06] ❌ FortiClient GUI 启动失败
[2026-03-18 20:39:06] 重试 3 失败：无法启动 FortiClient
[2026-03-18 20:39:16] ❌ VPN 重连失败（已尝试 3 次）
[2026-03-18 20:39:16] ========== VPN 重连失败 ==========
[2026-03-19 04:39:47] ========== VPN 重连开始 ==========
[2026-03-19 04:39:47] 尝试 1/3...
[2026-03-19 04:39:47] 启动 FortiClient GUI...
[2026-03-19 04:39:51] ❌ FortiClient GUI 启动失败
[2026-03-19 04:39:51] 重试 1 失败：无法启动 FortiClient
[2026-03-19 04:40:01] 尝试 2/3...
[2026-03-19 04:40:01] 启动 FortiClient GUI...
[2026-03-19 04:40:04] ❌ FortiClient GUI 启动失败
[2026-03-19 04:40:04] 重试 2 失败：无法启动 FortiClient
[2026-03-19 04:40:14] 尝试 3/3...
[2026-03-19 04:40:14] 启动 FortiClient GUI...
[2026-03-19 04:40:14] FortiClient 已在运行，先关闭...
[2026-03-19 04:40:19] ❌ FortiClient GUI 启动失败
[2026-03-19 04:40:19] 重试 3 失败：无法启动 FortiClient
[2026-03-19 04:40:29] ❌ VPN 重连失败（已尝试 3 次）
[2026-03-19 04:40:29] ========== VPN 重连失败 ==========
[2026-03-19 04:41:29] ========== VPN 重连开始 ==========
[2026-03-19 04:41:29] 尝试 1/3...
[2026-03-19 04:41:29] 启动 FortiClient GUI...
[2026-03-19 04:41:32] ❌ FortiClient GUI 启动失败
[2026-03-19 04:41:32] 重试 1 失败：无法启动 FortiClient
[2026-03-19 04:41:42] 尝试 2/3...
[2026-03-19 04:41:42] 启动 FortiClient GUI...
[2026-03-19 04:41:45] ❌ FortiClient GUI 启动失败
[2026-03-19 04:41:45] 重试 2 失败：无法启动 FortiClient
[2026-03-19 04:41:55] 尝试 3/3...
[2026-03-19 04:41:55] 启动 FortiClient GUI...
[2026-03-19 04:41:58] ❌ FortiClient GUI 启动失败
[2026-03-19 04:41:58] 重试 3 失败：无法启动 FortiClient
[2026-03-19 04:42:08] ❌ VPN 重连失败（已尝试 3 次）
[2026-03-19 04:42:08] ========== VPN 重连失败 ==========
[2026-03-19 09:21:24] ========== VPN 重连开始 ==========
[2026-03-19 09:22:12] 尝试 1/3...
[2026-03-19 09:22:13] 启动 FortiClient GUI...
[2026-03-19 09:22:21] ❌ FortiClient GUI 启动失败
[2026-03-19 09:22:25] 重试 1 失败：无法启动 FortiClient
[2026-03-19 09:22:40] 尝试 2/3...
[2026-03-19 09:22:41] 启动 FortiClient GUI...
[2026-03-19 09:22:56] ❌ FortiClient GUI 启动失败
[2026-03-19 09:22:57] 重试 2 失败：无法启动 FortiClient
[2026-03-19 09:23:09] 尝试 3/3...
[2026-03-19 09:23:12] 启动 FortiClient GUI...
[2026-03-19 09:23:34] ❌ FortiClient GUI 启动失败
[2026-03-19 09:23:35] 重试 3 失败：无法启动 FortiClient
[2026-03-19 09:23:48] ❌ VPN 重连失败（已尝试 3 次）
[2026-03-19 09:23:51] ========== VPN 重连失败 ==========
[2026-03-19 09:50:13] ========== VPN 重连开始 ==========
[2026-03-19 09:50:13] 尝试 1/3...
[2026-03-19 09:50:13] 启动 FortiClient GUI...
[2026-03-19 09:50:13] FortiClient 已在运行，先关闭...
[2026-03-19 09:50:18] ❌ FortiClient GUI 启动失败
[2026-03-19 09:50:18] 重试 1 失败：无法启动 FortiClient
[2026-03-19 09:50:28] 尝试 2/3...
[2026-03-19 09:50:28] 启动 FortiClient GUI...
[2026-03-19 09:50:31] ✅ FortiClient GUI 已启动
[2026-03-19 09:50:31] 触发 VPN 连接（Playwright 自动化）...
[INFO] 启动 Playwright 自动登录...
[INFO] 访问 VPN SAML 登录页面...
[INFO] 等待 Microsoft 登录页面...
[ERROR] ❌ 自动登录失败: page.waitForSelector: Timeout 15000ms exceeded.
Call log:
  - waiting for locator('#i0116') to be visible

[2026-03-19 09:51:02] 重试 2 失败：自动登录失败
[2026-03-19 09:51:12] 尝试 3/3...
[2026-03-19 09:51:12] 启动 FortiClient GUI...
[2026-03-19 09:51:15] ❌ FortiClient GUI 启动失败
[2026-03-19 09:51:15] 重试 3 失败：无法启动 FortiClient
[2026-03-19 09:51:25] ❌ VPN 重连失败（已尝试 3 次）
[2026-03-19 09:51:25] ========== VPN 重连失败 ==========
[2026-03-19 10:32:20] ========== VPN 重连开始 ==========
[2026-03-19 10:32:20] 尝试 1/3...
[2026-03-19 10:32:20] 启动 FortiClient GUI...
[2026-03-19 10:32:24] ❌ FortiClient GUI 启动失败
[2026-03-19 10:32:24] 重试 1 失败：无法启动 FortiClient
[2026-03-19 10:32:36] 尝试 2/3...
[2026-03-19 10:32:38] 启动 FortiClient GUI...
[2026-03-19 10:33:06] ❌ FortiClient GUI 启动失败
[2026-03-19 10:33:11] 重试 2 失败：无法启动 FortiClient
[2026-03-19 10:33:32] 尝试 3/3...
[2026-03-19 10:33:45] 启动 FortiClient GUI...
[2026-03-19 10:34:53] ❌ FortiClient GUI 启动失败
[2026-03-19 10:34:55] 重试 3 失败：无法启动 FortiClient
[2026-03-19 10:35:08] ❌ VPN 重连失败（已尝试 3 次）
[2026-03-19 10:35:09] ========== VPN 重连失败 ==========
[2026-03-19 10:35:59] ========== VPN 重连开始 ==========
[2026-03-19 10:35:59] 尝试 1/3...
[2026-03-19 10:35:59] 启动 FortiClient GUI...
[2026-03-19 10:35:59] FortiClient 已在运行，先关闭...
[2026-03-19 10:36:04] ❌ FortiClient GUI 启动失败
[2026-03-19 10:36:04] 重试 1 失败：无法启动 FortiClient
[2026-03-19 10:36:14] 尝试 2/3...
[2026-03-19 10:36:14] 启动 FortiClient GUI...
[2026-03-19 10:36:17] ❌ FortiClient GUI 启动失败
[2026-03-19 10:36:17] 重试 2 失败：无法启动 FortiClient
[2026-03-19 10:36:27] 尝试 3/3...
[2026-03-19 10:36:27] 启动 FortiClient GUI...
[2026-03-19 10:36:30] ❌ FortiClient GUI 启动失败
[2026-03-19 10:36:30] 重试 3 失败：无法启动 FortiClient
[2026-03-19 10:36:40] ❌ VPN 重连失败（已尝试 3 次）
[2026-03-19 10:36:40] ========== VPN 重连失败 ==========
[2026-03-19 10:37:40] ========== VPN 重连开始 ==========
[2026-03-19 10:37:40] 尝试 1/3...
[2026-03-19 10:37:40] 启动 FortiClient GUI...
[2026-03-19 10:37:43] ❌ FortiClient GUI 启动失败
[2026-03-19 10:37:43] 重试 1 失败：无法启动 FortiClient
[2026-03-19 10:37:53] 尝试 2/3...
[2026-03-19 10:37:53] 启动 FortiClient GUI...
[2026-03-19 10:37:56] ❌ FortiClient GUI 启动失败
[2026-03-19 10:37:56] 重试 2 失败：无法启动 FortiClient
[2026-03-19 10:38:06] 尝试 3/3...
[2026-03-19 10:38:06] 启动 FortiClient GUI...
[2026-03-19 10:38:09] ❌ FortiClient GUI 启动失败
[2026-03-19 10:38:09] 重试 3 失败：无法启动 FortiClient
[2026-03-19 10:38:19] ❌ VPN 重连失败（已尝试 3 次）
[2026-03-19 10:38:19] ========== VPN 重连失败 ==========
[2026-03-19 10:39:19] ========== VPN 重连开始 ==========
[2026-03-19 10:39:19] 尝试 1/3...
[2026-03-19 10:39:19] 启动 FortiClient GUI...
[2026-03-19 10:39:22] ❌ FortiClient GUI 启动失败
[2026-03-19 10:39:22] 重试 1 失败：无法启动 FortiClient
[2026-03-19 10:39:32] 尝试 2/3...
[2026-03-19 10:39:32] 启动 FortiClient GUI...
[2026-03-19 10:39:35] ❌ FortiClient GUI 启动失败
[2026-03-19 10:39:35] 重试 2 失败：无法启动 FortiClient
[2026-03-19 10:39:45] 尝试 3/3...
[2026-03-19 10:39:45] 启动 FortiClient GUI...
[2026-03-19 10:39:48] ❌ FortiClient GUI 启动失败
[2026-03-19 10:39:48] 重试 3 失败：无法启动 FortiClient
[2026-03-19 10:39:58] ❌ VPN 重连失败（已尝试 3 次）
[2026-03-19 10:39:58] ========== VPN 重连失败 ==========
[2026-03-19 10:40:58] ========== VPN 重连开始 ==========
[2026-03-19 10:40:58] 尝试 1/3...
[2026-03-19 10:40:58] 启动 FortiClient GUI...
[2026-03-19 10:41:01] ❌ FortiClient GUI 启动失败
[2026-03-19 10:41:01] 重试 1 失败：无法启动 FortiClient
[2026-03-19 10:41:12] 尝试 2/3...
[2026-03-19 10:41:12] 启动 FortiClient GUI...
[2026-03-19 10:41:15] ❌ FortiClient GUI 启动失败
[2026-03-19 10:41:15] 重试 2 失败：无法启动 FortiClient
[2026-03-19 10:41:25] 尝试 3/3...
[2026-03-19 10:41:25] 启动 FortiClient GUI...
[2026-03-19 10:41:28] ❌ FortiClient GUI 启动失败
[2026-03-19 10:41:28] 重试 3 失败：无法启动 FortiClient
[2026-03-19 10:41:38] ❌ VPN 重连失败（已尝试 3 次）
[2026-03-19 10:41:38] ========== VPN 重连失败 ==========
[2026-03-19 11:53:42] ========== VPN 重连开始 ==========
[2026-03-19 11:53:42] 尝试 1/3...
[2026-03-19 11:53:42] 启动 FortiClient GUI...
[2026-03-19 11:53:45] ❌ FortiClient GUI 启动失败
[2026-03-19 11:53:45] 重试 1 失败：无法启动 FortiClient
[2026-03-19 11:53:55] 尝试 2/3...
[2026-03-19 11:53:55] 启动 FortiClient GUI...
[2026-03-19 11:53:58] ❌ FortiClient GUI 启动失败
[2026-03-19 11:53:58] 重试 2 失败：无法启动 FortiClient
[2026-03-19 11:54:08] 尝试 3/3...
[2026-03-19 11:54:08] 启动 FortiClient GUI...
[2026-03-19 11:54:08] FortiClient 已在运行，先关闭...
[2026-03-19 11:54:13] ❌ FortiClient GUI 启动失败
[2026-03-19 11:54:13] 重试 3 失败：无法启动 FortiClient
[2026-03-19 11:54:23] ❌ VPN 重连失败（已尝试 3 次）
[2026-03-19 11:54:23] ========== VPN 重连失败 ==========
[2026-03-19 11:55:23] ========== VPN 重连开始 ==========
[2026-03-19 11:55:23] 尝试 1/3...
[2026-03-19 11:55:23] 启动 FortiClient GUI...
[2026-03-19 11:55:26] ❌ FortiClient GUI 启动失败
[2026-03-19 11:55:26] 重试 1 失败：无法启动 FortiClient
[2026-03-19 11:55:36] 尝试 2/3...
[2026-03-19 11:55:36] 启动 FortiClient GUI...
[2026-03-19 11:55:39] ❌ FortiClient GUI 启动失败
[2026-03-19 11:55:39] 重试 2 失败：无法启动 FortiClient
[2026-03-19 11:55:49] 尝试 3/3...
[2026-03-19 11:55:49] 启动 FortiClient GUI...
[2026-03-19 11:55:52] ❌ FortiClient GUI 启动失败
[2026-03-19 11:55:52] 重试 3 失败：无法启动 FortiClient
[2026-03-19 11:56:02] ❌ VPN 重连失败（已尝试 3 次）
[2026-03-19 11:56:02] ========== VPN 重连失败 ==========
[2026-03-19 11:57:02] ========== VPN 重连开始 ==========
[2026-03-19 11:57:02] 尝试 1/3...
[2026-03-19 11:57:02] 启动 FortiClient GUI...
[2026-03-19 11:57:02] FortiClient 已在运行，先关闭...
[2026-03-19 11:57:07] ❌ FortiClient GUI 启动失败
[2026-03-19 11:57:07] 重试 1 失败：无法启动 FortiClient
[2026-03-19 11:57:17] 尝试 2/3...
[2026-03-19 11:57:17] 启动 FortiClient GUI...
[2026-03-19 11:57:20] ❌ FortiClient GUI 启动失败
[2026-03-19 11:57:20] 重试 2 失败：无法启动 FortiClient
[2026-03-19 11:57:30] 尝试 3/3...
[2026-03-19 11:57:30] 启动 FortiClient GUI...
[2026-03-19 11:57:33] ❌ FortiClient GUI 启动失败
[2026-03-19 11:57:33] 重试 3 失败：无法启动 FortiClient
[2026-03-19 11:57:43] ❌ VPN 重连失败（已尝试 3 次）
[2026-03-19 11:57:43] ========== VPN 重连失败 ==========
[2026-03-19 11:58:43] ========== VPN 重连开始 ==========
[2026-03-19 11:58:43] 尝试 1/3...
[2026-03-19 11:58:43] 启动 FortiClient GUI...
[2026-03-19 11:58:43] FortiClient 已在运行，先关闭...
[2026-03-19 11:58:48] ❌ FortiClient GUI 启动失败
[2026-03-19 11:58:48] 重试 1 失败：无法启动 FortiClient
[2026-03-19 11:58:58] 尝试 2/3...
[2026-03-19 11:58:58] 启动 FortiClient GUI...
[2026-03-19 11:59:02] ❌ FortiClient GUI 启动失败
[2026-03-19 11:59:02] 重试 2 失败：无法启动 FortiClient
[2026-03-19 11:59:12] 尝试 3/3...
[2026-03-19 11:59:12] 启动 FortiClient GUI...
[2026-03-19 11:59:15] ❌ FortiClient GUI 启动失败
[2026-03-19 11:59:15] 重试 3 失败：无法启动 FortiClient
[2026-03-19 11:59:25] ❌ VPN 重连失败（已尝试 3 次）
[2026-03-19 11:59:25] ========== VPN 重连失败 ==========
[2026-03-19 12:00:25] ========== VPN 重连开始 ==========
[2026-03-19 12:00:25] 尝试 1/3...
[2026-03-19 12:00:25] 启动 FortiClient GUI...
[2026-03-19 12:00:25] FortiClient 已在运行，先关闭...
[2026-03-19 12:00:30] ❌ FortiClient GUI 启动失败
[2026-03-19 12:00:30] 重试 1 失败：无法启动 FortiClient
[2026-03-19 12:00:40] 尝试 2/3...
[2026-03-19 12:00:40] 启动 FortiClient GUI...
[2026-03-19 12:00:43] ❌ FortiClient GUI 启动失败
[2026-03-19 12:00:43] 重试 2 失败：无法启动 FortiClient
[2026-03-19 12:00:53] 尝试 3/3...
[2026-03-19 12:00:53] 启动 FortiClient GUI...
[2026-03-19 12:00:56] ❌ FortiClient GUI 启动失败
[2026-03-19 12:00:56] 重试 3 失败：无法启动 FortiClient
[2026-03-19 12:01:06] ❌ VPN 重连失败（已尝试 3 次）
[2026-03-19 12:01:06] ========== VPN 重连失败 ==========
[2026-03-19 12:02:06] ========== VPN 重连开始 ==========
[2026-03-19 12:02:06] 尝试 1/3...
[2026-03-19 12:02:06] 启动 FortiClient GUI...
[2026-03-19 12:02:06] FortiClient 已在运行，先关闭...
[2026-03-19 12:02:11] ❌ FortiClient GUI 启动失败
[2026-03-19 12:02:11] 重试 1 失败：无法启动 FortiClient
[2026-03-19 12:02:21] 尝试 2/3...
[2026-03-19 12:02:21] 启动 FortiClient GUI...
[2026-03-19 12:02:24] ❌ FortiClient GUI 启动失败
[2026-03-19 12:02:24] 重试 2 失败：无法启动 FortiClient
[2026-03-19 12:02:34] 尝试 3/3...
[2026-03-19 12:02:34] 启动 FortiClient GUI...
[2026-03-19 12:02:37] ✅ FortiClient GUI 已启动
[2026-03-19 12:02:37] 触发 VPN 连接（Playwright 自动化）...
[INFO] 启动 Playwright 自动登录...
[INFO] 访问 VPN SAML 登录页面...
[WARN] 页面加载超时，继续...
[INFO] 等待 Microsoft 登录页面...
[ERROR] ❌ 自动登录失败: page.waitForSelector: Timeout 15000ms exceeded.
Call log:
  - waiting for locator('#i0116') to be visible
    - waiting for" https://vpn-krgc.dasanns.com/remote/saml/start" navigation to finish...

[2026-03-19 12:03:23] 重试 3 失败：自动登录失败
[2026-03-19 12:03:33] ❌ VPN 重连失败（已尝试 3 次）
[2026-03-19 12:03:33] ========== VPN 重连失败 ==========
[2026-03-19 12:04:33] ========== VPN 重连开始 ==========
[2026-03-19 12:04:33] 尝试 1/3...
[2026-03-19 12:04:33] 启动 FortiClient GUI...
[2026-03-19 12:04:33] FortiClient 已在运行，先关闭...
[2026-03-19 12:04:38] ❌ FortiClient GUI 启动失败
[2026-03-19 12:04:38] 重试 1 失败：无法启动 FortiClient
[2026-03-19 12:04:48] 尝试 2/3...
[2026-03-19 12:04:48] 启动 FortiClient GUI...
[2026-03-19 12:04:51] ❌ FortiClient GUI 启动失败
[2026-03-19 12:04:51] 重试 2 失败：无法启动 FortiClient
[2026-03-19 12:05:01] 尝试 3/3...
[2026-03-19 12:05:01] 启动 FortiClient GUI...
[2026-03-19 12:05:04] ❌ FortiClient GUI 启动失败
[2026-03-19 12:05:04] 重试 3 失败：无法启动 FortiClient
[2026-03-19 12:05:14] ❌ VPN 重连失败（已尝试 3 次）
[2026-03-19 12:05:14] ========== VPN 重连失败 ==========
[2026-03-19 12:06:14] ========== VPN 重连开始 ==========
[2026-03-19 12:06:14] 尝试 1/3...
[2026-03-19 12:06:14] 启动 FortiClient GUI...
[2026-03-19 12:06:14] FortiClient 已在运行，先关闭...
[2026-03-19 12:06:19] ❌ FortiClient GUI 启动失败
[2026-03-19 12:06:19] 重试 1 失败：无法启动 FortiClient
[2026-03-19 12:06:29] 尝试 2/3...
[2026-03-19 12:06:29] 启动 FortiClient GUI...
[2026-03-19 12:06:32] ❌ FortiClient GUI 启动失败
[2026-03-19 12:06:32] 重试 2 失败：无法启动 FortiClient
[2026-03-19 12:06:42] 尝试 3/3...
[2026-03-19 12:06:42] 启动 FortiClient GUI...
[2026-03-19 12:06:45] ❌ FortiClient GUI 启动失败
[2026-03-19 12:06:45] 重试 3 失败：无法启动 FortiClient
[2026-03-19 12:06:55] ❌ VPN 重连失败（已尝试 3 次）
[2026-03-19 12:06:55] ========== VPN 重连失败 ==========
[2026-03-19 12:07:55] ========== VPN 重连开始 ==========
[2026-03-19 12:07:55] 尝试 1/3...
[2026-03-19 12:07:55] 启动 FortiClient GUI...
[2026-03-19 12:07:55] FortiClient 已在运行，先关闭...
[2026-03-19 12:08:00] ❌ FortiClient GUI 启动失败
[2026-03-19 12:08:00] 重试 1 失败：无法启动 FortiClient
[2026-03-19 12:08:10] 尝试 2/3...
[2026-03-19 12:08:10] 启动 FortiClient GUI...
[2026-03-19 12:08:14] ❌ FortiClient GUI 启动失败
[2026-03-19 12:08:14] 重试 2 失败：无法启动 FortiClient
[2026-03-19 12:08:24] 尝试 3/3...
[2026-03-19 12:08:24] 启动 FortiClient GUI...
[2026-03-19 12:08:27] ❌ FortiClient GUI 启动失败
[2026-03-19 12:08:27] 重试 3 失败：无法启动 FortiClient
[2026-03-19 12:08:37] ❌ VPN 重连失败（已尝试 3 次）
[2026-03-19 12:08:37] ========== VPN 重连失败 ==========
[2026-03-19 12:09:37] ========== VPN 重连开始 ==========
[2026-03-19 12:09:37] 尝试 1/3...
[2026-03-19 12:09:37] 启动 FortiClient GUI...
[2026-03-19 12:09:37] FortiClient 已在运行，先关闭...
[2026-03-19 12:09:42] ❌ FortiClient GUI 启动失败
[2026-03-19 12:09:42] 重试 1 失败：无法启动 FortiClient
[2026-03-19 12:09:52] 尝试 2/3...
[2026-03-19 12:09:52] 启动 FortiClient GUI...
[2026-03-19 12:09:55] ❌ FortiClient GUI 启动失败
[2026-03-19 12:09:55] 重试 2 失败：无法启动 FortiClient
[2026-03-19 12:10:05] 尝试 3/3...
[2026-03-19 12:10:05] 启动 FortiClient GUI...
[2026-03-19 12:10:08] ❌ FortiClient GUI 启动失败
[2026-03-19 12:10:08] 重试 3 失败：无法启动 FortiClient
[2026-03-19 12:10:18] ❌ VPN 重连失败（已尝试 3 次）
[2026-03-19 12:10:18] ========== VPN 重连失败 ==========
[2026-03-19 12:11:18] ========== VPN 重连开始 ==========
[2026-03-19 12:11:18] 尝试 1/3...
[2026-03-19 12:11:18] 启动 FortiClient GUI...
[2026-03-19 12:11:18] FortiClient 已在运行，先关闭...
[2026-03-19 12:11:23] ❌ FortiClient GUI 启动失败
[2026-03-19 12:11:23] 重试 1 失败：无法启动 FortiClient
[2026-03-19 12:11:33] 尝试 2/3...
[2026-03-19 12:11:33] 启动 FortiClient GUI...
[2026-03-19 12:11:36] ❌ FortiClient GUI 启动失败
[2026-03-19 12:11:36] 重试 2 失败：无法启动 FortiClient
[2026-03-19 12:11:46] 尝试 3/3...
[2026-03-19 12:11:46] 启动 FortiClient GUI...
[2026-03-19 12:11:49] ✅ FortiClient GUI 已启动
[2026-03-19 12:11:49] 触发 VPN 连接（Playwright 自动化）...
[INFO] 启动 Playwright 自动登录...
[INFO] 访问 VPN SAML 登录页面...
[WARN] 页面加载超时，继续...
[INFO] 等待 Microsoft 登录页面...
[ERROR] ❌ 自动登录失败: page.waitForSelector: Timeout 15000ms exceeded.
Call log:
  - waiting for locator('#i0116') to be visible
    - waiting for" https://vpn-krgc.dasanns.com/remote/saml/start" navigation to finish...

[2026-03-19 12:12:35] 重试 3 失败：自动登录失败
[2026-03-19 12:12:45] ❌ VPN 重连失败（已尝试 3 次）
[2026-03-19 12:12:45] ========== VPN 重连失败 ==========
[2026-03-19 12:13:45] ========== VPN 重连开始 ==========
[2026-03-19 12:13:45] 尝试 1/3...
[2026-03-19 12:13:45] 启动 FortiClient GUI...
[2026-03-19 12:13:45] FortiClient 已在运行，先关闭...
[2026-03-19 12:13:50] ❌ FortiClient GUI 启动失败
[2026-03-19 12:13:50] 重试 1 失败：无法启动 FortiClient
[2026-03-19 12:14:00] 尝试 2/3...
[2026-03-19 12:14:00] 启动 FortiClient GUI...
[2026-03-19 12:14:03] ❌ FortiClient GUI 启动失败
[2026-03-19 12:14:03] 重试 2 失败：无法启动 FortiClient
[2026-03-19 12:14:13] 尝试 3/3...
[2026-03-19 12:14:13] 启动 FortiClient GUI...
[2026-03-19 12:14:16] ❌ FortiClient GUI 启动失败
[2026-03-19 12:14:16] 重试 3 失败：无法启动 FortiClient
[2026-03-19 12:14:26] ❌ VPN 重连失败（已尝试 3 次）
[2026-03-19 12:14:26] ========== VPN 重连失败 ==========
[2026-03-19 12:15:26] ========== VPN 重连开始 ==========
[2026-03-19 12:15:26] 尝试 1/3...
[2026-03-19 12:15:26] 启动 FortiClient GUI...
[2026-03-19 12:15:26] FortiClient 已在运行，先关闭...
[2026-03-19 12:15:31] ❌ FortiClient GUI 启动失败
[2026-03-19 12:15:31] 重试 1 失败：无法启动 FortiClient
[2026-03-19 12:15:41] 尝试 2/3...
[2026-03-19 12:15:41] 启动 FortiClient GUI...
[2026-03-19 12:15:44] ❌ FortiClient GUI 启动失败
[2026-03-19 12:15:44] 重试 2 失败：无法启动 FortiClient
[2026-03-19 12:15:54] 尝试 3/3...
[2026-03-19 12:15:54] 启动 FortiClient GUI...
[2026-03-19 12:15:57] ❌ FortiClient GUI 启动失败
[2026-03-19 12:15:57] 重试 3 失败：无法启动 FortiClient
[2026-03-19 12:16:07] ❌ VPN 重连失败（已尝试 3 次）
[2026-03-19 12:16:07] ========== VPN 重连失败 ==========
[2026-03-19 12:17:07] ========== VPN 重连开始 ==========
[2026-03-19 12:17:07] 尝试 1/3...
[2026-03-19 12:17:07] 启动 FortiClient GUI...
[2026-03-19 12:17:07] FortiClient 已在运行，先关闭...
[2026-03-19 12:17:12] ❌ FortiClient GUI 启动失败
[2026-03-19 12:17:12] 重试 1 失败：无法启动 FortiClient
[2026-03-19 12:17:22] 尝试 2/3...
[2026-03-19 12:17:22] 启动 FortiClient GUI...
[2026-03-19 12:17:25] ❌ FortiClient GUI 启动失败
[2026-03-19 12:17:25] 重试 2 失败：无法启动 FortiClient
[2026-03-19 12:17:35] 尝试 3/3...
[2026-03-19 12:17:35] 启动 FortiClient GUI...
[2026-03-19 12:17:38] ❌ FortiClient GUI 启动失败
[2026-03-19 12:17:38] 重试 3 失败：无法启动 FortiClient
[2026-03-19 12:17:48] ❌ VPN 重连失败（已尝试 3 次）
[2026-03-19 12:17:48] ========== VPN 重连失败 ==========
[2026-03-19 12:18:48] ========== VPN 重连开始 ==========
[2026-03-19 12:18:48] 尝试 1/3...
[2026-03-19 12:18:48] 启动 FortiClient GUI...
[2026-03-19 12:18:48] FortiClient 已在运行，先关闭...
[2026-03-19 12:18:53] ❌ FortiClient GUI 启动失败
[2026-03-19 12:18:53] 重试 1 失败：无法启动 FortiClient
[2026-03-19 12:19:03] 尝试 2/3...
[2026-03-19 12:19:03] 启动 FortiClient GUI...
[2026-03-19 12:19:06] ❌ FortiClient GUI 启动失败
[2026-03-19 12:19:07] 重试 2 失败：无法启动 FortiClient
[2026-03-19 12:19:17] 尝试 3/3...
[2026-03-19 12:19:17] 启动 FortiClient GUI...
[2026-03-19 12:19:20] ❌ FortiClient GUI 启动失败
[2026-03-19 12:19:20] 重试 3 失败：无法启动 FortiClient
[2026-03-19 12:19:30] ❌ VPN 重连失败（已尝试 3 次）
[2026-03-19 12:19:30] ========== VPN 重连失败 ==========
[2026-03-19 12:20:30] ========== VPN 重连开始 ==========
[2026-03-19 12:20:30] 尝试 1/3...
[2026-03-19 12:20:30] 启动 FortiClient GUI...
[2026-03-19 12:20:30] FortiClient 已在运行，先关闭...
[2026-03-19 12:20:35] ❌ FortiClient GUI 启动失败
[2026-03-19 12:20:35] 重试 1 失败：无法启动 FortiClient
[2026-03-19 12:20:45] 尝试 2/3...
[2026-03-19 12:20:45] 启动 FortiClient GUI...
[2026-03-19 12:20:48] ❌ FortiClient GUI 启动失败
[2026-03-19 12:20:48] 重试 2 失败：无法启动 FortiClient
[2026-03-19 12:20:58] 尝试 3/3...
[2026-03-19 12:20:58] 启动 FortiClient GUI...
[2026-03-19 12:21:01] ❌ FortiClient GUI 启动失败
[2026-03-19 12:21:01] 重试 3 失败：无法启动 FortiClient
[2026-03-19 12:21:11] ❌ VPN 重连失败（已尝试 3 次）
[2026-03-19 12:21:11] ========== VPN 重连失败 ==========
[2026-03-19 12:22:11] ========== VPN 重连开始 ==========
[2026-03-19 12:22:11] 尝试 1/3...
[2026-03-19 12:22:11] 启动 FortiClient GUI...
[2026-03-19 12:22:11] FortiClient 已在运行，先关闭...
[2026-03-19 12:22:16] ❌ FortiClient GUI 启动失败
[2026-03-19 12:22:16] 重试 1 失败：无法启动 FortiClient
[2026-03-19 12:22:26] 尝试 2/3...
[2026-03-19 12:22:26] 启动 FortiClient GUI...
[2026-03-19 12:22:29] ❌ FortiClient GUI 启动失败
[2026-03-19 12:22:29] 重试 2 失败：无法启动 FortiClient
[2026-03-19 12:22:39] 尝试 3/3...
[2026-03-19 12:22:39] 启动 FortiClient GUI...
[2026-03-19 12:22:39] FortiClient 已在运行，先关闭...
[2026-03-19 12:22:44] ❌ FortiClient GUI 启动失败
[2026-03-19 12:22:44] 重试 3 失败：无法启动 FortiClient
[2026-03-19 12:22:54] ❌ VPN 重连失败（已尝试 3 次）
[2026-03-19 12:22:54] ========== VPN 重连失败 ==========
[2026-03-19 12:23:54] ========== VPN 重连开始 ==========
[2026-03-19 12:23:54] 尝试 1/3...
[2026-03-19 12:23:54] 启动 FortiClient GUI...
[2026-03-19 12:23:57] ❌ FortiClient GUI 启动失败
[2026-03-19 12:23:57] 重试 1 失败：无法启动 FortiClient
[2026-03-19 12:24:07] 尝试 2/3...
[2026-03-19 12:24:07] 启动 FortiClient GUI...
[2026-03-19 12:24:07] FortiClient 已在运行，先关闭...
[2026-03-19 12:24:12] ❌ FortiClient GUI 启动失败
[2026-03-19 12:24:12] 重试 2 失败：无法启动 FortiClient
[2026-03-19 12:24:22] 尝试 3/3...
[2026-03-19 12:24:22] 启动 FortiClient GUI...
[2026-03-19 12:24:25] ❌ FortiClient GUI 启动失败
[2026-03-19 12:24:25] 重试 3 失败：无法启动 FortiClient
[2026-03-19 12:24:35] ❌ VPN 重连失败（已尝试 3 次）
[2026-03-19 12:24:35] ========== VPN 重连失败 ==========
[2026-03-19 12:25:35] ========== VPN 重连开始 ==========
[2026-03-19 12:25:35] 尝试 1/3...
[2026-03-19 12:25:35] 启动 FortiClient GUI...
[2026-03-19 12:25:35] FortiClient 已在运行，先关闭...
[2026-03-19 12:25:40] ❌ FortiClient GUI 启动失败
[2026-03-19 12:25:40] 重试 1 失败：无法启动 FortiClient
[2026-03-19 12:25:50] 尝试 2/3...
[2026-03-19 12:25:50] 启动 FortiClient GUI...
[2026-03-19 12:25:54] ❌ FortiClient GUI 启动失败
[2026-03-19 12:25:54] 重试 2 失败：无法启动 FortiClient
[2026-03-19 12:26:04] 尝试 3/3...
[2026-03-19 12:26:04] 启动 FortiClient GUI...
[2026-03-19 12:26:07] ❌ FortiClient GUI 启动失败
[2026-03-19 12:26:07] 重试 3 失败：无法启动 FortiClient
[2026-03-19 12:26:17] ❌ VPN 重连失败（已尝试 3 次）
[2026-03-19 12:26:17] ========== VPN 重连失败 ==========
[2026-03-19 12:27:17] ========== VPN 重连开始 ==========
[2026-03-19 12:27:17] 尝试 1/3...
[2026-03-19 12:27:17] 启动 FortiClient GUI...
[2026-03-19 12:27:17] FortiClient 已在运行，先关闭...
[2026-03-19 12:27:22] ❌ FortiClient GUI 启动失败
[2026-03-19 12:27:22] 重试 1 失败：无法启动 FortiClient
[2026-03-19 12:27:32] 尝试 2/3...
[2026-03-19 12:27:32] 启动 FortiClient GUI...
[2026-03-19 12:27:35] ❌ FortiClient GUI 启动失败
[2026-03-19 12:27:35] 重试 2 失败：无法启动 FortiClient
[2026-03-19 12:27:45] 尝试 3/3...
[2026-03-19 12:27:45] 启动 FortiClient GUI...
[2026-03-19 12:27:48] ✅ FortiClient GUI 已启动
[2026-03-19 12:27:48] 触发 VPN 连接（Playwright 自动化）...
[INFO] 启动 Playwright 自动登录...
[INFO] 访问 VPN SAML 登录页面...
[WARN] 页面加载超时，继续...
[INFO] 等待 Microsoft 登录页面...
[ERROR] ❌ 自动登录失败: page.waitForSelector: Timeout 15000ms exceeded.
Call log:
  - waiting for locator('#i0116') to be visible
    - waiting for" https://vpn-krgc.dasanns.com/remote/saml/start" navigation to finish...

[2026-03-19 12:28:33] 重试 3 失败：自动登录失败
[2026-03-19 12:28:43] ❌ VPN 重连失败（已尝试 3 次）
[2026-03-19 12:28:43] ========== VPN 重连失败 ==========
[2026-03-19 12:29:43] ========== VPN 重连开始 ==========
[2026-03-19 12:29:43] 尝试 1/3...
[2026-03-19 12:29:43] 启动 FortiClient GUI...
[2026-03-19 12:29:43] FortiClient 已在运行，先关闭...
[2026-03-19 12:29:48] ❌ FortiClient GUI 启动失败
[2026-03-19 12:29:48] 重试 1 失败：无法启动 FortiClient
[2026-03-19 12:29:58] 尝试 2/3...
[2026-03-19 12:29:58] 启动 FortiClient GUI...
[2026-03-19 12:30:01] ❌ FortiClient GUI 启动失败
[2026-03-19 12:30:01] 重试 2 失败：无法启动 FortiClient
[2026-03-19 12:30:12] 尝试 3/3...
[2026-03-19 12:30:12] 启动 FortiClient GUI...
[2026-03-19 12:30:15] ❌ FortiClient GUI 启动失败
[2026-03-19 12:30:15] 重试 3 失败：无法启动 FortiClient
[2026-03-19 12:30:25] ❌ VPN 重连失败（已尝试 3 次）
[2026-03-19 12:30:25] ========== VPN 重连失败 ==========
[2026-03-19 12:31:25] ========== VPN 重连开始 ==========
[2026-03-19 12:31:25] 尝试 1/3...
[2026-03-19 12:31:25] 启动 FortiClient GUI...
[2026-03-19 12:31:25] FortiClient 已在运行，先关闭...
[2026-03-19 12:31:30] ❌ FortiClient GUI 启动失败
[2026-03-19 12:31:30] 重试 1 失败：无法启动 FortiClient
[2026-03-19 12:31:40] 尝试 2/3...
[2026-03-19 12:31:40] 启动 FortiClient GUI...
[2026-03-19 12:31:43] ❌ FortiClient GUI 启动失败
[2026-03-19 12:31:43] 重试 2 失败：无法启动 FortiClient
[2026-03-19 12:31:53] 尝试 3/3...
[2026-03-19 12:31:53] 启动 FortiClient GUI...
[2026-03-19 12:31:56] ❌ FortiClient GUI 启动失败
[2026-03-19 12:31:56] 重试 3 失败：无法启动 FortiClient
[2026-03-19 12:32:06] ❌ VPN 重连失败（已尝试 3 次）
[2026-03-19 12:32:06] ========== VPN 重连失败 ==========
[2026-03-19 12:33:06] ========== VPN 重连开始 ==========
[2026-03-19 12:33:06] 尝试 1/3...
[2026-03-19 12:33:06] 启动 FortiClient GUI...
[2026-03-19 12:33:06] FortiClient 已在运行，先关闭...
[2026-03-19 12:33:11] ❌ FortiClient GUI 启动失败
[2026-03-19 12:33:11] 重试 1 失败：无法启动 FortiClient
[2026-03-19 12:33:21] 尝试 2/3...
[2026-03-19 12:33:21] 启动 FortiClient GUI...
[2026-03-19 12:33:24] ❌ FortiClient GUI 启动失败
[2026-03-19 12:33:24] 重试 2 失败：无法启动 FortiClient
[2026-03-19 12:33:34] 尝试 3/3...
[2026-03-19 12:33:34] 启动 FortiClient GUI...
[2026-03-19 12:33:37] ❌ FortiClient GUI 启动失败
[2026-03-19 12:33:37] 重试 3 失败：无法启动 FortiClient
[2026-03-19 12:33:47] ❌ VPN 重连失败（已尝试 3 次）
[2026-03-19 12:33:47] ========== VPN 重连失败 ==========
[2026-03-19 12:34:47] ========== VPN 重连开始 ==========
[2026-03-19 12:34:47] 尝试 1/3...
[2026-03-19 12:34:47] 启动 FortiClient GUI...
[2026-03-19 12:34:47] FortiClient 已在运行，先关闭...
[2026-03-19 12:34:52] ❌ FortiClient GUI 启动失败
[2026-03-19 12:34:52] 重试 1 失败：无法启动 FortiClient
[2026-03-19 12:35:02] 尝试 2/3...
[2026-03-19 12:35:02] 启动 FortiClient GUI...
[2026-03-19 12:35:05] ❌ FortiClient GUI 启动失败
[2026-03-19 12:35:05] 重试 2 失败：无法启动 FortiClient
[2026-03-19 12:35:15] 尝试 3/3...
[2026-03-19 12:35:15] 启动 FortiClient GUI...
[2026-03-19 12:35:18] ❌ FortiClient GUI 启动失败
[2026-03-19 12:35:18] 重试 3 失败：无法启动 FortiClient
[2026-03-19 12:35:28] ❌ VPN 重连失败（已尝试 3 次）
[2026-03-19 12:35:28] ========== VPN 重连失败 ==========
[2026-03-19 12:36:28] ========== VPN 重连开始 ==========
[2026-03-19 12:36:28] 尝试 1/3...
[2026-03-19 12:36:28] 启动 FortiClient GUI...
[2026-03-19 12:36:28] FortiClient 已在运行，先关闭...
[2026-03-19 12:36:33] ❌ FortiClient GUI 启动失败
[2026-03-19 12:36:33] 重试 1 失败：无法启动 FortiClient
[2026-03-19 12:36:43] 尝试 2/3...
[2026-03-19 12:36:43] 启动 FortiClient GUI...
[2026-03-19 12:36:46] ❌ FortiClient GUI 启动失败
[2026-03-19 12:36:46] 重试 2 失败：无法启动 FortiClient
[2026-03-19 12:36:56] 尝试 3/3...
[2026-03-19 12:36:56] 启动 FortiClient GUI...
[2026-03-19 12:36:59] ✅ FortiClient GUI 已启动
[2026-03-19 12:36:59] 触发 VPN 连接（Playwright 自动化）...
[INFO] 启动 Playwright 自动登录...
[INFO] 访问 VPN SAML 登录页面...
[WARN] 页面加载超时，继续...
[INFO] 等待 Microsoft 登录页面...
[ERROR] ❌ 自动登录失败: page.waitForSelector: Timeout 15000ms exceeded.
Call log:
  - waiting for locator('#i0116') to be visible
    - waiting for" https://vpn-krgc.dasanns.com/remote/saml/start" navigation to finish...

[2026-03-19 12:37:45] 重试 3 失败：自动登录失败
[2026-03-19 12:37:55] ❌ VPN 重连失败（已尝试 3 次）
[2026-03-19 12:37:55] ========== VPN 重连失败 ==========
[2026-03-19 12:38:55] ========== VPN 重连开始 ==========
[2026-03-19 12:38:55] 尝试 1/3...
[2026-03-19 12:38:55] 启动 FortiClient GUI...
[2026-03-19 12:38:55] FortiClient 已在运行，先关闭...
[2026-03-19 12:39:00] ❌ FortiClient GUI 启动失败
[2026-03-19 12:39:00] 重试 1 失败：无法启动 FortiClient
[2026-03-19 12:39:10] 尝试 2/3...
[2026-03-19 12:39:10] 启动 FortiClient GUI...
[2026-03-19 12:39:13] ❌ FortiClient GUI 启动失败
[2026-03-19 12:39:13] 重试 2 失败：无法启动 FortiClient
[2026-03-19 12:39:23] 尝试 3/3...
[2026-03-19 12:39:23] 启动 FortiClient GUI...
[2026-03-19 12:39:26] ❌ FortiClient GUI 启动失败
[2026-03-19 12:39:26] 重试 3 失败：无法启动 FortiClient
[2026-03-19 12:39:36] ❌ VPN 重连失败（已尝试 3 次）
[2026-03-19 12:39:36] ========== VPN 重连失败 ==========
[2026-03-19 12:40:36] ========== VPN 重连开始 ==========
[2026-03-19 12:40:36] 尝试 1/3...
[2026-03-19 12:40:36] 启动 FortiClient GUI...
[2026-03-19 12:40:36] FortiClient 已在运行，先关闭...
[2026-03-19 12:40:41] ❌ FortiClient GUI 启动失败
[2026-03-19 12:40:41] 重试 1 失败：无法启动 FortiClient
[2026-03-19 12:40:51] 尝试 2/3...
[2026-03-19 12:40:51] 启动 FortiClient GUI...
[2026-03-19 12:40:54] ❌ FortiClient GUI 启动失败
[2026-03-19 12:40:54] 重试 2 失败：无法启动 FortiClient
[2026-03-19 12:41:04] 尝试 3/3...
[2026-03-19 12:41:04] 启动 FortiClient GUI...
[2026-03-19 12:41:07] ❌ FortiClient GUI 启动失败
[2026-03-19 12:41:07] 重试 3 失败：无法启动 FortiClient
[2026-03-19 12:41:17] ❌ VPN 重连失败（已尝试 3 次）
[2026-03-19 12:41:17] ========== VPN 重连失败 ==========
[2026-03-19 12:42:17] ========== VPN 重连开始 ==========
[2026-03-19 12:42:17] 尝试 1/3...
[2026-03-19 12:42:17] 启动 FortiClient GUI...
[2026-03-19 12:42:17] FortiClient 已在运行，先关闭...
[2026-03-19 12:42:22] ❌ FortiClient GUI 启动失败
[2026-03-19 12:42:22] 重试 1 失败：无法启动 FortiClient
[2026-03-19 12:42:32] 尝试 2/3...
[2026-03-19 12:42:32] 启动 FortiClient GUI...
[2026-03-19 12:42:35] ❌ FortiClient GUI 启动失败
[2026-03-19 12:42:35] 重试 2 失败：无法启动 FortiClient
[2026-03-19 12:42:45] 尝试 3/3...
[2026-03-19 12:42:45] 启动 FortiClient GUI...
[2026-03-19 12:42:48] ❌ FortiClient GUI 启动失败
[2026-03-19 12:42:48] 重试 3 失败：无法启动 FortiClient
[2026-03-19 12:42:58] ❌ VPN 重连失败（已尝试 3 次）
[2026-03-19 12:42:58] ========== VPN 重连失败 ==========
[2026-03-19 12:43:58] ========== VPN 重连开始 ==========
[2026-03-19 12:43:58] 尝试 1/3...
[2026-03-19 12:43:58] 启动 FortiClient GUI...
[2026-03-19 12:43:58] FortiClient 已在运行，先关闭...
[2026-03-19 12:44:03] ❌ FortiClient GUI 启动失败
[2026-03-19 12:44:03] 重试 1 失败：无法启动 FortiClient
[2026-03-19 12:44:13] 尝试 2/3...
[2026-03-19 12:44:13] 启动 FortiClient GUI...
[2026-03-19 12:44:16] ❌ FortiClient GUI 启动失败
[2026-03-19 12:44:16] 重试 2 失败：无法启动 FortiClient
[2026-03-19 12:44:26] 尝试 3/3...
[2026-03-19 12:44:26] 启动 FortiClient GUI...
[2026-03-19 12:44:30] ❌ FortiClient GUI 启动失败
[2026-03-19 12:44:30] 重试 3 失败：无法启动 FortiClient
[2026-03-19 12:44:40] ❌ VPN 重连失败（已尝试 3 次）
[2026-03-19 12:44:40] ========== VPN 重连失败 ==========
[2026-03-19 12:45:40] ========== VPN 重连开始 ==========
[2026-03-19 12:45:40] 尝试 1/3...
[2026-03-19 12:45:40] 启动 FortiClient GUI...
[2026-03-19 12:45:40] FortiClient 已在运行，先关闭...
[2026-03-19 12:45:45] ❌ FortiClient GUI 启动失败
[2026-03-19 12:45:45] 重试 1 失败：无法启动 FortiClient
[2026-03-19 12:45:55] 尝试 2/3...
[2026-03-19 12:45:55] 启动 FortiClient GUI...
[2026-03-19 12:45:58] ❌ FortiClient GUI 启动失败
[2026-03-19 12:45:58] 重试 2 失败：无法启动 FortiClient
[2026-03-19 12:46:08] 尝试 3/3...
[2026-03-19 12:46:08] 启动 FortiClient GUI...
[2026-03-19 12:46:11] ❌ FortiClient GUI 启动失败
[2026-03-19 12:46:11] 重试 3 失败：无法启动 FortiClient
[2026-03-19 12:46:21] ❌ VPN 重连失败（已尝试 3 次）
[2026-03-19 12:46:21] ========== VPN 重连失败 ==========
[2026-03-19 12:47:21] ========== VPN 重连开始 ==========
[2026-03-19 12:47:21] 尝试 1/3...
[2026-03-19 12:47:21] 启动 FortiClient GUI...
[2026-03-19 12:47:21] FortiClient 已在运行，先关闭...
[2026-03-19 12:47:26] ❌ FortiClient GUI 启动失败
[2026-03-19 12:47:26] 重试 1 失败：无法启动 FortiClient
[2026-03-19 12:47:36] 尝试 2/3...
[2026-03-19 12:47:36] 启动 FortiClient GUI...
[2026-03-19 12:47:39] ❌ FortiClient GUI 启动失败
[2026-03-19 12:47:39] 重试 2 失败：无法启动 FortiClient
[2026-03-19 12:47:49] 尝试 3/3...
[2026-03-19 12:47:49] 启动 FortiClient GUI...
[2026-03-19 12:47:49] FortiClient 已在运行，先关闭...
[2026-03-19 12:47:54] ❌ FortiClient GUI 启动失败
[2026-03-19 12:47:54] 重试 3 失败：无法启动 FortiClient
[2026-03-19 12:48:04] ❌ VPN 重连失败（已尝试 3 次）
[2026-03-19 12:48:04] ========== VPN 重连失败 ==========
[2026-03-19 12:49:04] ========== VPN 重连开始 ==========
[2026-03-19 12:49:04] 尝试 1/3...
[2026-03-19 12:49:04] 启动 FortiClient GUI...
[2026-03-19 12:49:07] ❌ FortiClient GUI 启动失败
[2026-03-19 12:49:07] 重试 1 失败：无法启动 FortiClient
[2026-03-19 12:49:17] 尝试 2/3...
[2026-03-19 12:49:17] 启动 FortiClient GUI...
[2026-03-19 12:49:17] FortiClient 已在运行，先关闭...
[2026-03-19 12:49:22] ❌ FortiClient GUI 启动失败
[2026-03-19 12:49:22] 重试 2 失败：无法启动 FortiClient
[2026-03-19 12:49:32] 尝试 3/3...
[2026-03-19 12:49:32] 启动 FortiClient GUI...
[2026-03-19 12:49:35] ❌ FortiClient GUI 启动失败
[2026-03-19 12:49:35] 重试 3 失败：无法启动 FortiClient
[2026-03-19 12:49:45] ❌ VPN 重连失败（已尝试 3 次）
[2026-03-19 12:49:45] ========== VPN 重连失败 ==========
[2026-03-19 12:50:45] ========== VPN 重连开始 ==========
[2026-03-19 12:50:45] 尝试 1/3...
[2026-03-19 12:50:45] 启动 FortiClient GUI...
[2026-03-19 12:50:45] FortiClient 已在运行，先关闭...
[2026-03-19 12:50:50] ❌ FortiClient GUI 启动失败
[2026-03-19 12:50:50] 重试 1 失败：无法启动 FortiClient
[2026-03-19 12:51:00] 尝试 2/3...
[2026-03-19 12:51:00] 启动 FortiClient GUI...
[2026-03-19 12:51:03] ❌ FortiClient GUI 启动失败
[2026-03-19 12:51:03] 重试 2 失败：无法启动 FortiClient
[2026-03-19 12:51:13] 尝试 3/3...
[2026-03-19 12:51:13] 启动 FortiClient GUI...
[2026-03-19 12:51:16] ❌ FortiClient GUI 启动失败
[2026-03-19 12:51:16] 重试 3 失败：无法启动 FortiClient
[2026-03-19 13:36:08] ========== VPN 重连开始 ==========
[2026-03-19 13:36:08] 尝试 1/3...
[2026-03-19 13:36:08] 启动 FortiClient GUI...
[2026-03-19 13:36:11] ❌ FortiClient GUI 启动失败
[2026-03-19 13:36:11] 重试 1 失败：无法启动 FortiClient
[2026-03-19 13:36:21] 尝试 2/3...
[2026-03-19 13:36:21] 启动 FortiClient GUI...
[2026-03-19 13:36:24] ❌ FortiClient GUI 启动失败
[2026-03-19 13:36:24] 重试 2 失败：无法启动 FortiClient
[2026-03-19 13:36:34] 尝试 3/3...
[2026-03-19 13:36:34] 启动 FortiClient GUI...
[2026-03-19 13:36:37] ❌ FortiClient GUI 启动失败
[2026-03-19 13:36:37] 重试 3 失败：无法启动 FortiClient
[2026-03-19 13:36:47] ❌ VPN 重连失败（已尝试 3 次）
[2026-03-19 13:36:47] ========== VPN 重连失败 ==========
[2026-03-19 13:37:47] ========== VPN 重连开始 ==========
[2026-03-19 13:37:47] 尝试 1/3...
[2026-03-19 13:37:47] 启动 FortiClient GUI...
[2026-03-19 13:37:50] ❌ FortiClient GUI 启动失败
[2026-03-19 13:37:50] 重试 1 失败：无法启动 FortiClient
[2026-03-19 13:39:11] ========== VPN 重连开始 ==========
[2026-03-19 13:39:11] 尝试 1/3...
[2026-03-19 13:39:11] 启动 FortiClient GUI...
[2026-03-19 13:39:14] ❌ FortiClient GUI 启动失败
[2026-03-19 13:39:14] 重试 1 失败：无法启动 FortiClient
[2026-03-19 13:39:24] 尝试 2/3...
[2026-03-19 13:39:24] 启动 FortiClient GUI...
[2026-03-19 13:39:27] ❌ FortiClient GUI 启动失败
[2026-03-19 13:39:27] 重试 2 失败：无法启动 FortiClient
[2026-03-19 13:39:37] 尝试 3/3...
[2026-03-19 13:39:37] 启动 FortiClient GUI...
[2026-03-19 13:39:40] ❌ FortiClient GUI 启动失败
[2026-03-19 13:39:40] 重试 3 失败：无法启动 FortiClient
[2026-03-19 13:39:50] ❌ VPN 重连失败（已尝试 3 次）
[2026-03-19 13:39:50] ========== VPN 重连失败 ==========
[2026-03-19 13:40:50] ========== VPN 重连开始 ==========
[2026-03-19 13:40:50] 尝试 1/3...
[2026-03-19 13:40:50] 启动 FortiClient GUI...
[2026-03-19 13:40:53] ❌ FortiClient GUI 启动失败
[2026-03-19 13:40:53] 重试 1 失败：无法启动 FortiClient
[2026-03-19 13:41:03] 尝试 2/3...
[2026-03-19 13:41:03] 启动 FortiClient GUI...
[2026-03-19 13:41:06] ❌ FortiClient GUI 启动失败
[2026-03-19 13:41:06] 重试 2 失败：无法启动 FortiClient
[2026-03-19 13:41:16] 尝试 3/3...
[2026-03-19 13:41:16] 启动 FortiClient GUI...
[2026-03-19 13:41:19] ❌ FortiClient GUI 启动失败[2026-03-19 14:57:44] ========== VPN 重连开始 ==========
[2026-03-19 14:57:44] 尝试 1/3...
[2026-03-19 14:57:44] 启动 FortiClient GUI...
[2026-03-19 14:57:44] FortiClient 已在运行，先关闭...
[2026-03-19 14:57:50] ❌ FortiClient GUI 启动失败
[2026-03-19 14:57:50] 重试 1 失败：无法启动 FortiClient
[2026-03-19 14:58:00] 尝试 2/3...
[2026-03-19 14:58:00] 启动 FortiClient GUI...
[2026-03-19 14:58:03] ❌ FortiClient GUI 启动失败
[2026-03-19 14:58:03] 重试 2 失败：无法启动 FortiClient
[2026-03-19 14:58:13] 尝试 3/3...
[2026-03-19 14:58:13] 启动 FortiClient GUI...
[2026-03-19 14:58:16] ❌ FortiClient GUI 启动失败
[2026-03-19 14:58:16] 重试 3 失败：无法启动 FortiClient
[2026-03-19 14:58:26] ❌ VPN 重连失败（已尝试 3 次）
[2026-03-19 14:58:26] ========== VPN 重连失败 ==========
[2026-03-19 14:59:26] ========== VPN 重连开始 ==========
[2026-03-19 14:59:26] 尝试 1/3...
[2026-03-19 14:59:26] 启动 FortiClient GUI...
[2026-03-19 14:59:29] ❌ FortiClient GUI 启动失败
[2026-03-19 14:59:29] 重试 1 失败：无法启动 FortiClient
[2026-03-19 14:59:39] 尝试 2/3...
[2026-03-19 14:59:39] 启动 FortiClient GUI...
[2026-03-19 14:59:42] ❌ FortiClient GUI 启动失败
[2026-03-19 14:59:42] 重试 2 失败：无法启动 FortiClient
[2026-03-19 14:59:52] 尝试 3/3...
[2026-03-19 14:59:52] 启动 FortiClient GUI...
[2026-03-19 14:59:55] ❌ FortiClient GUI 启动失败
[2026-03-19 14:59:55] 重试 3 失败：无法启动 FortiClient
[2026-03-19 15:00:05] ❌ VPN 重连失败（已尝试 3 次）
[2026-03-19 15:00:05] ========== VPN 重连失败 ==========
[2026-03-19 16:35:45] ========== VPN 重连开始 ==========
[2026-03-19 16:35:46] 尝试 1/3...
[2026-03-19 16:35:47] 启动 FortiClient GUI...
[2026-03-19 16:35:48] FortiClient 已在运行，先关闭...
[2026-03-19 16:35:56] ✅ FortiClient GUI 已启动
[2026-03-19 16:35:57] 触发 VPN 连接（Playwright 自动化）...
[INFO] 启动 Playwright 自动登录...
[INFO] 访问 VPN SAML 登录页面...
[WARN] 页面加载超时，继续...
[INFO] 等待 Microsoft 登录页面...
[ERROR] ❌ 自动登录失败: page.waitForSelector: Timeout 15000ms exceeded.
Call log:
  - waiting for locator('#i0116') to be visible

[2026-03-19 16:59:48] 重试 1 失败：自动登录失败
[2026-03-19 16:59:58] 尝试 2/3...
[2026-03-19 16:59:58] 启动 FortiClient GUI...
[2026-03-19 17:00:01] ❌ FortiClient GUI 启动失败
[2026-03-19 17:00:01] 重试 2 失败：无法启动 FortiClient
[2026-03-19 17:00:11] 尝试 3/3...
[2026-03-19 17:00:11] 启动 FortiClient GUI...
[2026-03-19 17:00:14] ❌ FortiClient GUI 启动失败
[2026-03-19 17:00:14] 重试 3 失败：无法启动 FortiClient
[2026-03-19 17:00:24] ❌ VPN 重连失败（已尝试 3 次）
[2026-03-19 17:00:24] ========== VPN 重连失败 ==========
[2026-03-19 17:41:28] ========== VPN 重连开始 ==========
[2026-03-19 17:41:28] 尝试 1/3...
[2026-03-19 17:41:28] 启动 FortiClient GUI...
[2026-03-19 17:41:31] ❌ FortiClient GUI 启动失败
[2026-03-19 17:41:31] 重试 1 失败：无法启动 FortiClient
[2026-03-19 17:41:41] 尝试 2/3...
[2026-03-19 17:41:41] 启动 FortiClient GUI...
[2026-03-19 17:41:44] ❌ FortiClient GUI 启动失败
[2026-03-19 17:41:44] 重试 2 失败：无法启动 FortiClient
[2026-03-19 17:41:54] 尝试 3/3...
[2026-03-19 17:41:54] 启动 FortiClient GUI...
[2026-03-19 17:41:57] ❌ FortiClient GUI 启动失败
[2026-03-19 17:41:57] 重试 3 失败：无法启动 FortiClient
[2026-03-19 17:42:07] ❌ VPN 重连失败（已尝试 3 次）
[2026-03-19 17:42:07] ========== VPN 重连失败 ==========
[2026-03-19 17:43:07] ========== VPN 重连开始 ==========
[2026-03-19 17:43:07] 尝试 1/3...
[2026-03-19 17:43:07] 启动 FortiClient GUI...
[2026-03-19 17:43:07] FortiClient 已在运行，先关闭...
[2026-03-19 17:43:12] ❌ FortiClient GUI 启动失败
[2026-03-19 17:43:12] 重试 1 失败：无法启动 FortiClient
[2026-03-19 17:43:22] 尝试 2/3...
[2026-03-19 17:43:22] 启动 FortiClient GUI...
[2026-03-19 17:43:25] ❌ FortiClient GUI 启动失败
[2026-03-19 17:43:25] 重试 2 失败：无法启动 FortiClient
[2026-03-19 17:43:35] 尝试 3/3...
[2026-03-19 17:43:35] 启动 FortiClient GUI...
[2026-03-19 17:43:38] ❌ FortiClient GUI 启动失败
[2026-03-19 17:43:38] 重试 3 失败：无法启动 FortiClient
[2026-03-19 17:43:48] ❌ VPN 重连失败（已尝试 3 次）
[2026-03-19 17:43:48] ========== VPN 重连失败 ==========
[2026-03-19 18:25:50] ========== VPN 重连开始 ==========
[2026-03-19 18:25:50] 尝试 1/3...
[2026-03-19 18:25:50] 启动 FortiClient GUI...
[2026-03-19 18:25:54] ❌ FortiClient GUI 启动失败
[2026-03-19 18:25:54] 重试 1 失败：无法启动 FortiClient
[2026-03-19 18:26:04] 尝试 2/3...
[2026-03-19 18:26:04] 启动 FortiClient GUI...
[2026-03-19 18:26:07] ❌ FortiClient GUI 启动失败
[2026-03-19 18:26:07] 重试 2 失败：无法启动 FortiClient
[2026-03-19 18:26:17] 尝试 3/3...
[2026-03-19 18:26:17] 启动 FortiClient GUI...
[2026-03-19 18:26:17] FortiClient 已在运行，先关闭...
[2026-03-19 18:26:23] ❌ FortiClient GUI 启动失败
[2026-03-19 18:26:23] 重试 3 失败：无法启动 FortiClient
[2026-03-19 18:26:33] ❌ VPN 重连失败（已尝试 3 次）
[2026-03-19 18:26:33] ========== VPN 重连失败 ==========
[2026-03-19 19:01:09] ========== VPN 重连开始 ==========
[2026-03-19 19:01:09] 尝试 1/3...
[2026-03-19 19:01:09] 启动 FortiClient GUI...
[2026-03-19 19:01:09] FortiClient 已在运行，先关闭...
[2026-03-19 19:01:14] ❌ FortiClient GUI 启动失败
[2026-03-19 19:01:14] 重试 1 失败：无法启动 FortiClient
[2026-03-19 19:01:24] 尝试 2/3...
[2026-03-19 19:01:24] 启动 FortiClient GUI...
[2026-03-19 19:01:27] ❌ FortiClient GUI 启动失败
[2026-03-19 19:01:27] 重试 2 失败：无法启动 FortiClient
[2026-03-19 19:01:37] 尝试 3/3...
[2026-03-19 19:01:37] 启动 FortiClient GUI...
[2026-03-19 19:01:40] ❌ FortiClient GUI 启动失败
[2026-03-19 19:01:40] 重试 3 失败：无法启动 FortiClient
[2026-03-19 19:01:50] ❌ VPN 重连失败（已尝试 3 次）
[2026-03-19 19:01:50] ========== VPN 重连失败 ==========
[2026-03-19 19:02:50] ========== VPN 重连开始 ==========
[2026-03-19 19:02:50] 尝试 1/3...
[2026-03-19 19:02:50] 启动 FortiClient GUI...
[2026-03-19 19:02:53] ❌ FortiClient GUI 启动失败
[2026-03-19 19:02:53] 重试 1 失败：无法启动 FortiClient
[2026-03-19 19:03:03] 尝试 2/3...
[2026-03-19 19:03:03] 启动 FortiClient GUI...
[2026-03-19 19:03:06] ❌ FortiClient GUI 启动失败
[2026-03-19 19:03:06] 重试 2 失败：无法启动 FortiClient
[2026-03-19 19:03:16] 尝试 3/3...
[2026-03-19 19:03:16] 启动 FortiClient GUI...
[2026-03-19 19:03:19] ❌ FortiClient GUI 启动失败
[2026-03-19 19:03:19] 重试 3 失败：无法启动 FortiClient
[2026-03-19 19:03:29] ❌ VPN 重连失败（已尝试 3 次）
[2026-03-19 19:03:29] ========== VPN 重连失败 ==========
[2026-03-20 03:03:59] ========== VPN 重连开始 ==========
[2026-03-20 03:03:59] 尝试 1/3...
[2026-03-20 03:03:59] 启动 FortiClient GUI...
[2026-03-20 03:04:03] ❌ FortiClient GUI 启动失败
[2026-03-20 03:04:03] 重试 1 失败：无法启动 FortiClient
[2026-03-20 03:04:13] 尝试 2/3...
[2026-03-20 03:04:13] 启动 FortiClient GUI...
[2026-03-20 03:04:16] ❌ FortiClient GUI 启动失败
[2026-03-20 03:04:16] 重试 2 失败：无法启动 FortiClient
[2026-03-20 03:04:26] 尝试 3/3...
[2026-03-20 03:04:26] 启动 FortiClient GUI...
[2026-03-20 03:04:29] ❌ FortiClient GUI 启动失败
[2026-03-20 03:04:29] 重试 3 失败：无法启动 FortiClient
[2026-03-20 03:04:39] ❌ VPN 重连失败（已尝试 3 次）
[2026-03-20 03:04:39] ========== VPN 重连失败 ==========
[2026-03-20 03:05:39] ========== VPN 重连开始 ==========
[2026-03-20 03:05:39] 尝试 1/3...
[2026-03-20 03:05:39] 启动 FortiClient GUI...
[2026-03-20 03:05:42] ❌ FortiClient GUI 启动失败
[2026-03-20 03:05:42] 重试 1 失败：无法启动 FortiClient
[2026-03-20 03:05:52] 尝试 2/3...
[2026-03-20 03:05:52] 启动 FortiClient GUI...
[2026-03-20 03:05:55] ❌ FortiClient GUI 启动失败
[2026-03-20 03:05:55] 重试 2 失败：无法启动 FortiClient
[2026-03-20 03:06:05] 尝试 3/3...
[2026-03-20 03:06:05] 启动 FortiClient GUI...
[2026-03-20 03:06:08] ❌ FortiClient GUI 启动失败
[2026-03-20 03:06:08] 重试 3 失败：无法启动 FortiClient
[2026-03-20 03:06:18] ❌ VPN 重连失败（已尝试 3 次）
[2026-03-20 03:06:18] ========== VPN 重连失败 ==========
[2026-03-20 11:06:56] ========== VPN 重连开始 ==========
[2026-03-20 11:06:56] 尝试 1/3...
[2026-03-20 11:06:56] 启动 FortiClient GUI...
[2026-03-20 11:06:59] ❌ FortiClient GUI 启动失败
[2026-03-20 11:06:59] 重试 1 失败：无法启动 FortiClient
[2026-03-20 11:07:09] 尝试 2/3...
[2026-03-20 11:07:09] 启动 FortiClient GUI...
[2026-03-20 11:07:12] ❌ FortiClient GUI 启动失败
[2026-03-20 11:07:12] 重试 2 失败：无法启动 FortiClient
[2026-03-20 11:07:22] 尝试 3/3...
[2026-03-20 11:07:22] 启动 FortiClient GUI...
[2026-03-20 11:07:25] ❌ FortiClient GUI 启动失败
[2026-03-20 11:07:25] 重试 3 失败：无法启动 FortiClient
[2026-03-20 11:07:35] ❌ VPN 重连失败（已尝试 3 次）
[2026-03-20 11:07:35] ========== VPN 重连失败 ==========
[2026-03-20 11:08:35] ========== VPN 重连开始 ==========
[2026-03-20 11:08:35] 尝试 1/3...
[2026-03-20 11:08:35] 启动 FortiClient GUI...
[2026-03-20 11:08:38] ❌ FortiClient GUI 启动失败
[2026-03-20 11:08:38] 重试 1 失败：无法启动 FortiClient
[2026-03-20 11:08:48] 尝试 2/3...
[2026-03-20 11:08:48] 启动 FortiClient GUI...
[2026-03-20 11:08:51] ❌ FortiClient GUI 启动失败
[2026-03-20 11:08:51] 重试 2 失败：无法启动 FortiClient
[2026-03-20 11:09:01] 尝试 3/3...
[2026-03-20 11:09:01] 启动 FortiClient GUI...
[2026-03-20 11:09:04] ❌ FortiClient GUI 启动失败
[2026-03-20 11:09:04] 重试 3 失败：无法启动 FortiClient
[2026-03-20 11:09:14] ❌ VPN 重连失败（已尝试 3 次）
[2026-03-20 11:09:14] ========== VPN 重连失败 ==========
[2026-03-20 18:13:48] ========== VPN 重连开始 ==========
[2026-03-20 18:13:48] 尝试 1/3...
[2026-03-20 18:13:48] 启动 FortiClient GUI...
[2026-03-20 18:13:51] ❌ FortiClient GUI 启动失败
[2026-03-20 18:13:51] 重试 1 失败：无法启动 FortiClient
[2026-03-20 18:14:02] 尝试 2/3...
[2026-03-20 18:14:03] 启动 FortiClient GUI...
[2026-03-20 18:14:21] ❌ FortiClient GUI 启动失败
[2026-03-20 18:14:22] 重试 2 失败：无法启动 FortiClient
[2026-03-20 18:14:41] 尝试 3/3...
[2026-03-20 18:15:03] 启动 FortiClient GUI...
[2026-03-20 18:17:43] ❌ FortiClient GUI 启动失败
[2026-03-20 18:17:44] 重试 3 失败：无法启动 FortiClient
[2026-03-20 18:17:54] ❌ VPN 重连失败（已尝试 3 次）
[2026-03-20 18:17:54] ========== VPN 重连失败 ==========
[2026-03-20 18:26:08] ========== VPN 重连开始 ==========
[2026-03-20 18:26:08] 尝试 1/3...
[2026-03-20 18:26:08] 启动 FortiClient GUI...
[2026-03-20 18:26:08] FortiClient 已在运行，先关闭...
[2026-03-20 18:26:14] ❌ FortiClient GUI 启动失败
[2026-03-20 18:26:14] 重试 1 失败：无法启动 FortiClient
[2026-03-20 18:26:24] 尝试 2/3...
[2026-03-20 18:26:24] 启动 FortiClient GUI...
[2026-03-20 18:26:27] ❌ FortiClient GUI 启动失败
[2026-03-20 18:26:27] 重试 2 失败：无法启动 FortiClient
[2026-03-20 18:26:37] 尝试 3/3...
[2026-03-20 18:26:37] 启动 FortiClient GUI...
[2026-03-20 18:26:40] ❌ FortiClient GUI 启动失败
[2026-03-20 18:26:40] 重试 3 失败：无法启动 FortiClient
[2026-03-20 18:26:50] ❌ VPN 重连失败（已尝试 3 次）
[2026-03-20 18:26:50] ========== VPN 重连失败 ==========
[2026-03-20 18:27:50] ========== VPN 重连开始 ==========
[2026-03-20 18:27:50] 尝试 1/3...
[2026-03-20 18:27:50] 启动 FortiClient GUI...
[2026-03-20 18:27:53] ❌ FortiClient GUI 启动失败
[2026-03-20 18:27:53] 重试 1 失败：无法启动 FortiClient
[2026-03-20 18:28:03] 尝试 2/3...
[2026-03-20 18:28:03] 启动 FortiClient GUI...
[2026-03-20 18:28:06] ❌ FortiClient GUI 启动失败
[2026-03-20 18:28:06] 重试 2 失败：无法启动 FortiClient
[2026-03-20 18:28:16] 尝试 3/3...
[2026-03-20 18:28:16] 启动 FortiClient GUI...
[2026-03-20 18:28:19] ❌ FortiClient GUI 启动失败
[2026-03-20 18:28:19] 重试 3 失败：无法启动 FortiClient
[2026-03-20 18:28:29] ❌ VPN 重连失败（已尝试 3 次）
[2026-03-20 18:28:29] ========== VPN 重连失败 ==========
[2026-03-20 18:29:29] ========== VPN 重连开始 ==========
[2026-03-20 18:29:29] 尝试 1/3...
[2026-03-20 18:29:29] 启动 FortiClient GUI...
[2026-03-20 18:29:32] ❌ FortiClient GUI 启动失败
[2026-03-20 18:29:32] 重试 1 失败：无法启动 FortiClient
[2026-03-20 18:29:42] 尝试 2/3...
[2026-03-20 18:29:42] 启动 FortiClient GUI...
[2026-03-20 18:29:45] ❌ FortiClient GUI 启动失败
[2026-03-20 18:29:45] 重试 2 失败：无法启动 FortiClient
[2026-03-20 18:29:55] 尝试 3/3...
[2026-03-20 18:29:55] 启动 FortiClient GUI...
[2026-03-20 18:29:58] ❌ FortiClient GUI 启动失败
[2026-03-20 18:29:58] 重试 3 失败：无法启动 FortiClient
[2026-03-20 18:30:08] ❌ VPN 重连失败（已尝试 3 次）
[2026-03-20 18:30:08] ========== VPN 重连失败 ==========
[2026-03-20 18:31:08] ========== VPN 重连开始 ==========
[2026-03-20 18:31:08] 尝试 1/3...
[2026-03-20 18:31:08] 启动 FortiClient GUI...
[2026-03-20 18:31:11] ❌ FortiClient GUI 启动失败
[2026-03-20 18:31:11] 重试 1 失败：无法启动 FortiClient
[2026-03-20 18:31:21] 尝试 2/3...
[2026-03-20 18:31:21] 启动 FortiClient GUI...
[2026-03-20 18:31:24] ❌ FortiClient GUI 启动失败
[2026-03-20 18:31:24] 重试 2 失败：无法启动 FortiClient
[2026-03-20 18:31:34] 尝试 3/3...
[2026-03-20 18:31:34] 启动 FortiClient GUI...
[2026-03-20 18:31:37] ❌ FortiClient GUI 启动失败
[2026-03-20 18:31:37] 重试 3 失败：无法启动 FortiClient
[2026-03-20 18:31:47] ❌ VPN 重连失败（已尝试 3 次）
[2026-03-20 18:31:47] ========== VPN 重连失败 ==========
[2026-03-20 18:32:47] ========== VPN 重连开始 ==========
[2026-03-20 18:32:47] 尝试 1/3...
[2026-03-20 18:32:47] 启动 FortiClient GUI...
[2026-03-20 18:32:47] FortiClient 已在运行，先关闭...
[2026-03-20 18:32:52] ❌ FortiClient GUI 启动失败
[2026-03-20 18:32:52] 重试 1 失败：无法启动 FortiClient
[2026-03-20 18:33:02] 尝试 2/3...
[2026-03-20 18:33:02] 启动 FortiClient GUI...
[2026-03-20 18:33:02] FortiClient 已在运行，先关闭...
[2026-03-20 18:33:07] ❌ FortiClient GUI 启动失败
[2026-03-20 18:33:07] 重试 2 失败：无法启动 FortiClient
[2026-03-20 18:33:17] 尝试 3/3...
[2026-03-20 18:33:17] 启动 FortiClient GUI...
[2026-03-20 18:33:20] ❌ FortiClient GUI 启动失败
[2026-03-20 18:33:20] 重试 3 失败：无法启动 FortiClient
[2026-03-20 18:33:30] ❌ VPN 重连失败（已尝试 3 次）
[2026-03-20 18:33:30] ========== VPN 重连失败 ==========
[2026-03-21 02:33:02] ========== VPN 重连开始 ==========
[2026-03-21 02:33:02] 尝试 1/3...
[2026-03-21 02:33:02] 启动 FortiClient GUI...
[2026-03-21 02:33:05] ❌ FortiClient GUI 启动失败
[2026-03-21 02:33:05] 重试 1 失败：无法启动 FortiClient
[2026-03-21 02:33:15] 尝试 2/3...
[2026-03-21 02:33:15] 启动 FortiClient GUI...
[2026-03-21 02:33:18] ❌ FortiClient GUI 启动失败
[2026-03-21 02:33:18] 重试 2 失败：无法启动 FortiClient
[2026-03-21 02:33:28] 尝试 3/3...
[2026-03-21 02:33:28] 启动 FortiClient GUI...
[2026-03-21 02:33:28] FortiClient 已在运行，先关闭...
[2026-03-21 02:33:33] ❌ FortiClient GUI 启动失败
[2026-03-21 02:33:33] 重试 3 失败：无法启动 FortiClient
[2026-03-21 02:33:43] ❌ VPN 重连失败（已尝试 3 次）
[2026-03-21 02:33:43] ========== VPN 重连失败 ==========
[2026-03-21 02:34:43] ========== VPN 重连开始 ==========
[2026-03-21 02:34:43] 尝试 1/3...
[2026-03-21 02:34:43] 启动 FortiClient GUI...
[2026-03-21 02:34:46] ❌ FortiClient GUI 启动失败
[2026-03-21 02:34:46] 重试 1 失败：无法启动 FortiClient
[2026-03-21 02:34:56] 尝试 2/3...
[2026-03-21 02:34:56] 启动 FortiClient GUI...
[2026-03-21 02:34:59] ❌ FortiClient GUI 启动失败
[2026-03-21 02:34:59] 重试 2 失败：无法启动 FortiClient
[2026-03-21 02:35:09] 尝试 3/3...
[2026-03-21 02:35:09] 启动 FortiClient GUI...
[2026-03-21 02:35:12] ❌ FortiClient GUI 启动失败
[2026-03-21 02:35:12] 重试 3 失败：无法启动 FortiClient
[2026-03-21 02:35:22] ❌ VPN 重连失败（已尝试 3 次）
[2026-03-21 02:35:22] ========== VPN 重连失败 ==========
[2026-03-21 10:36:54] ========== VPN 重连开始 ==========
[2026-03-21 10:36:54] 尝试 1/3...
[2026-03-21 10:36:54] 启动 FortiClient GUI...
[2026-03-21 10:36:57] ❌ FortiClient GUI 启动失败
[2026-03-21 10:36:57] 重试 1 失败：无法启动 FortiClient
[2026-03-21 10:37:07] 尝试 2/3...
[2026-03-21 10:37:07] 启动 FortiClient GUI...
[2026-03-21 10:37:10] ❌ FortiClient GUI 启动失败
[2026-03-21 10:37:10] 重试 2 失败：无法启动 FortiClient
[2026-03-21 10:37:20] 尝试 3/3...
[2026-03-21 10:37:20] 启动 FortiClient GUI...
[2026-03-21 10:37:23] ❌ FortiClient GUI 启动失败
[2026-03-21 10:37:23] 重试 3 失败：无法启动 FortiClient
[2026-03-21 10:37:33] ❌ VPN 重连失败（已尝试 3 次）
[2026-03-21 10:37:33] ========== VPN 重连失败 ==========
[2026-03-21 10:38:33] ========== VPN 重连开始 ==========
[2026-03-21 10:38:33] 尝试 1/3...
[2026-03-21 10:38:33] 启动 FortiClient GUI...
[2026-03-21 10:38:36] ❌ FortiClient GUI 启动失败
[2026-03-21 10:38:36] 重试 1 失败：无法启动 FortiClient
[2026-03-21 10:38:46] 尝试 2/3...
[2026-03-21 10:38:46] 启动 FortiClient GUI...
[2026-03-21 10:38:46] FortiClient 已在运行，先关闭...
[2026-03-21 10:38:51] ❌ FortiClient GUI 启动失败
[2026-03-21 10:38:51] 重试 2 失败：无法启动 FortiClient
[2026-03-21 10:39:01] 尝试 3/3...
[2026-03-21 10:39:01] 启动 FortiClient GUI...
[2026-03-21 10:39:04] ❌ FortiClient GUI 启动失败
[2026-03-21 10:39:04] 重试 3 失败：无法启动 FortiClient
[2026-03-21 10:39:14] ❌ VPN 重连失败（已尝试 3 次）
[2026-03-21 10:39:14] ========== VPN 重连失败 ==========
[2026-03-21 10:40:14] ========== VPN 重连开始 ==========
[2026-03-21 10:40:14] 尝试 1/3...
[2026-03-21 10:40:14] 启动 FortiClient GUI...
[2026-03-21 10:40:14] FortiClient 已在运行，先关闭...
[2026-03-21 10:40:19] ❌ FortiClient GUI 启动失败
[2026-03-21 10:40:19] 重试 1 失败：无法启动 FortiClient
[2026-03-21 10:40:29] 尝试 2/3...
[2026-03-21 10:40:29] 启动 FortiClient GUI...
[2026-03-21 10:40:32] ❌ FortiClient GUI 启动失败
[2026-03-21 10:40:32] 重试 2 失败：无法启动 FortiClient
[2026-03-21 10:40:42] 尝试 3/3...
[2026-03-21 10:40:42] 启动 FortiClient GUI...
[2026-03-21 10:40:45] ❌ FortiClient GUI 启动失败
[2026-03-21 10:40:45] 重试 3 失败：无法启动 FortiClient
[2026-03-21 10:40:55] ❌ VPN 重连失败（已尝试 3 次）
[2026-03-21 10:40:55] ========== VPN 重连失败 ==========
[2026-03-21 18:42:26] ========== VPN 重连开始 ==========
[2026-03-21 18:42:26] 尝试 1/3...
[2026-03-21 18:42:26] 启动 FortiClient GUI...
[2026-03-21 18:42:29] ❌ FortiClient GUI 启动失败
[2026-03-21 18:42:29] 重试 1 失败：无法启动 FortiClient
[2026-03-21 18:42:39] 尝试 2/3...
[2026-03-21 18:42:39] 启动 FortiClient GUI...
[2026-03-21 18:42:42] ❌ FortiClient GUI 启动失败
[2026-03-21 18:42:42] 重试 2 失败：无法启动 FortiClient
[2026-03-21 18:42:52] 尝试 3/3...
[2026-03-21 18:42:52] 启动 FortiClient GUI...
[2026-03-21 18:42:55] ❌ FortiClient GUI 启动失败
[2026-03-21 18:42:55] 重试 3 失败：无法启动 FortiClient
[2026-03-21 18:43:05] ❌ VPN 重连失败（已尝试 3 次）
[2026-03-21 18:43:05] ========== VPN 重连失败 ==========
[2026-03-21 18:44:06] ========== VPN 重连开始 ==========
[2026-03-21 18:44:06] 尝试 1/3...
[2026-03-21 18:44:06] 启动 FortiClient GUI...
[2026-03-21 18:44:09] ❌ FortiClient GUI 启动失败
[2026-03-21 18:44:09] 重试 1 失败：无法启动 FortiClient
[2026-03-21 18:44:19] 尝试 2/3...
[2026-03-21 18:44:19] 启动 FortiClient GUI...
[2026-03-21 18:44:22] ✅ FortiClient GUI 已启动
[2026-03-21 18:44:22] 触发 VPN 连接（Playwright 自动化）...
[INFO] 启动 Playwright 自动登录...
[INFO] 访问 VPN SAML 登录页面...
[INFO] 等待 Microsoft 登录页面...
[INFO] 输入用户名...
[INFO] 等待密码输入框...
[INFO] 输入密码...
[INFO] 等待认证完成...
[INFO] 当前 URL: https://login.microsoftonline.com/25dfd0e1-efae-4b13-8d6b-b82c74544999/login
[INFO] 找到按钮: 
[INFO] 等待重定向到 VPN...
[WARN] 等待重定向超时，检查当前状态...
[INFO] 最终 URL: https://login.microsoftonline.com/25dfd0e1-efae-4b13-8d6b-b82c74544999/login
[ERROR] ❌ 自动登录失败: 未能重定向到 VPN 页面
[2026-03-21 18:45:32] 重试 2 失败：自动登录失败
[2026-03-21 18:45:42] 尝试 3/3...
[2026-03-21 18:45:42] 启动 FortiClient GUI...
[2026-03-21 18:45:45] ❌ FortiClient GUI 启动失败
[2026-03-21 18:45:45] 重试 3 失败：无法启动 FortiClient
[2026-03-21 18:45:55] ❌ VPN 重连失败（已尝试 3 次）
[2026-03-21 18:45:55] ========== VPN 重连失败 ==========
[2026-03-22 02:45:26] ========== VPN 重连开始 ==========
[2026-03-22 02:45:26] 尝试 1/3...
[2026-03-22 02:45:26] 启动 FortiClient GUI...
[2026-03-22 02:45:29] ✅ FortiClient GUI 已启动
[2026-03-22 02:45:29] 触发 VPN 连接（Playwright 自动化）...
[INFO] 启动 Playwright 自动登录...
[INFO] 访问 VPN SAML 登录页面...
[INFO] 等待 Microsoft 登录页面...
[INFO] 输入用户名...
[INFO] 等待密码输入框...
[INFO] 输入密码...
[INFO] 等待认证完成...
[INFO] 当前 URL: https://login.microsoftonline.com/25dfd0e1-efae-4b13-8d6b-b82c74544999/login
[INFO] 找到按钮: 
[INFO] 等待重定向到 VPN...
[WARN] 等待重定向超时，检查当前状态...
[INFO] 最终 URL: https://login.microsoftonline.com/25dfd0e1-efae-4b13-8d6b-b82c74544999/login
[ERROR] ❌ 自动登录失败: 未能重定向到 VPN 页面
[2026-03-22 02:46:39] 重试 1 失败：自动登录失败
[2026-03-22 02:46:49] 尝试 2/3...
[2026-03-22 02:46:49] 启动 FortiClient GUI...
[2026-03-22 02:46:52] ❌ FortiClient GUI 启动失败
[2026-03-22 02:46:52] 重试 2 失败：无法启动 FortiClient
[2026-03-22 02:47:02] 尝试 3/3...
[2026-03-22 02:47:02] 启动 FortiClient GUI...
[2026-03-22 02:47:05] ❌ FortiClient GUI 启动失败
[2026-03-22 02:47:05] 重试 3 失败：无法启动 FortiClient
[2026-03-22 02:47:15] ❌ VPN 重连失败（已尝试 3 次）
[2026-03-22 02:47:15] ========== VPN 重连失败 ==========
[2026-03-22 10:47:47] ========== VPN 重连开始 ==========
[2026-03-22 10:47:47] 尝试 1/3...
[2026-03-22 10:47:47] 启动 FortiClient GUI...
[2026-03-22 10:47:50] ❌ FortiClient GUI 启动失败
[2026-03-22 10:47:50] 重试 1 失败：无法启动 FortiClient
[2026-03-22 10:48:00] 尝试 2/3...
[2026-03-22 10:48:00] 启动 FortiClient GUI...
[2026-03-22 10:48:03] ❌ FortiClient GUI 启动失败
[2026-03-22 10:48:03] 重试 2 失败：无法启动 FortiClient
[2026-03-22 10:48:13] 尝试 3/3...
[2026-03-22 10:48:13] 启动 FortiClient GUI...
[2026-03-22 10:48:16] ❌ FortiClient GUI 启动失败
[2026-03-22 10:48:16] 重试 3 失败：无法启动 FortiClient
[2026-03-22 10:48:26] ❌ VPN 重连失败（已尝试 3 次）
[2026-03-22 10:48:26] ========== VPN 重连失败 ==========
[2026-03-22 10:49:26] ========== VPN 重连开始 ==========
[2026-03-22 10:49:26] 尝试 1/3...
[2026-03-22 10:49:26] 启动 FortiClient GUI...
[2026-03-22 10:49:29] ❌ FortiClient GUI 启动失败
[2026-03-22 10:49:29] 重试 1 失败：无法启动 FortiClient
[2026-03-22 10:49:39] 尝试 2/3...
[2026-03-22 10:49:39] 启动 FortiClient GUI...
[2026-03-22 10:49:42] ❌ FortiClient GUI 启动失败
[2026-03-22 10:49:42] 重试 2 失败：无法启动 FortiClient
[2026-03-22 10:49:52] 尝试 3/3...
[2026-03-22 10:49:52] 启动 FortiClient GUI...
[2026-03-22 10:49:55] ❌ FortiClient GUI 启动失败
[2026-03-22 10:49:55] 重试 3 失败：无法启动 FortiClient
[2026-03-22 10:50:05] ❌ VPN 重连失败（已尝试 3 次）
[2026-03-22 10:50:05] ========== VPN 重连失败 ==========
[2026-03-22 18:50:37] ========== VPN 重连开始 ==========
[2026-03-22 18:50:37] 尝试 1/3...
[2026-03-22 18:50:37] 启动 FortiClient GUI...
[2026-03-22 18:50:40] ❌ FortiClient GUI 启动失败
[2026-03-22 18:50:40] 重试 1 失败：无法启动 FortiClient
[2026-03-22 18:50:50] 尝试 2/3...
[2026-03-22 18:50:50] 启动 FortiClient GUI...
[2026-03-22 18:50:53] ❌ FortiClient GUI 启动失败
[2026-03-22 18:50:53] 重试 2 失败：无法启动 FortiClient
[2026-03-22 18:51:03] 尝试 3/3...
[2026-03-22 18:51:03] 启动 FortiClient GUI...
[2026-03-22 18:51:06] ❌ FortiClient GUI 启动失败
[2026-03-22 18:51:06] 重试 3 失败：无法启动 FortiClient
[2026-03-22 18:51:16] ❌ VPN 重连失败（已尝试 3 次）
[2026-03-22 18:51:16] ========== VPN 重连失败 ==========
[2026-03-22 18:52:16] ========== VPN 重连开始 ==========
[2026-03-22 18:52:16] 尝试 1/3...
[2026-03-22 18:52:16] 启动 FortiClient GUI...
[2026-03-22 18:52:19] ❌ FortiClient GUI 启动失败
[2026-03-22 18:52:19] 重试 1 失败：无法启动 FortiClient
[2026-03-22 18:52:29] 尝试 2/3...
[2026-03-22 18:52:29] 启动 FortiClient GUI...
[2026-03-22 18:52:32] ❌ FortiClient GUI 启动失败
[2026-03-22 18:52:32] 重试 2 失败：无法启动 FortiClient
[2026-03-22 18:52:42] 尝试 3/3...
[2026-03-22 18:52:42] 启动 FortiClient GUI...
[2026-03-22 18:52:45] ❌ FortiClient GUI 启动失败
[2026-03-22 18:52:45] 重试 3 失败：无法启动 FortiClient
[2026-03-22 18:52:55] ❌ VPN 重连失败（已尝试 3 次）
[2026-03-22 18:52:55] ========== VPN 重连失败 ==========
[2026-03-23 02:54:27] ========== VPN 重连开始 ==========
[2026-03-23 02:54:27] 尝试 1/3...
[2026-03-23 02:54:27] 启动 FortiClient GUI...
[2026-03-23 02:54:30] ❌ FortiClient GUI 启动失败
[2026-03-23 02:54:30] 重试 1 失败：无法启动 FortiClient
[2026-03-23 02:54:40] 尝试 2/3...
[2026-03-23 02:54:40] 启动 FortiClient GUI...
[2026-03-23 02:54:43] ❌ FortiClient GUI 启动失败
[2026-03-23 02:54:43] 重试 2 失败：无法启动 FortiClient
[2026-03-23 02:54:53] 尝试 3/3...
[2026-03-23 02:54:53] 启动 FortiClient GUI...
[2026-03-23 02:54:56] ❌ FortiClient GUI 启动失败
[2026-03-23 02:54:56] 重试 3 失败：无法启动 FortiClient
[2026-03-23 02:55:06] ❌ VPN 重连失败（已尝试 3 次）
[2026-03-23 02:55:06] ========== VPN 重连失败 ==========
[2026-03-23 02:56:06] ========== VPN 重连开始 ==========
[2026-03-23 02:56:06] 尝试 1/3...
[2026-03-23 02:56:06] 启动 FortiClient GUI...
[2026-03-23 02:56:06] FortiClient 已在运行，先关闭...
[2026-03-23 02:56:11] ❌ FortiClient GUI 启动失败
[2026-03-23 02:56:11] 重试 1 失败：无法启动 FortiClient
[2026-03-23 02:56:21] 尝试 2/3...
[2026-03-23 02:56:21] 启动 FortiClient GUI...
[2026-03-23 02:56:24] ❌ FortiClient GUI 启动失败
[2026-03-23 02:56:24] 重试 2 失败：无法启动 FortiClient
[2026-03-23 02:56:34] 尝试 3/3...
[2026-03-23 02:56:34] 启动 FortiClient GUI...
[2026-03-23 02:56:37] ❌ FortiClient GUI 启动失败
[2026-03-23 02:56:37] 重试 3 失败：无法启动 FortiClient
[2026-03-23 02:56:47] ❌ VPN 重连失败（已尝试 3 次）
[2026-03-23 02:56:47] ========== VPN 重连失败 ==========
[2026-03-23 10:58:19] ========== VPN 重连开始 ==========
[2026-03-23 10:58:19] 尝试 1/3...
[2026-03-23 10:58:19] 启动 FortiClient GUI...
[2026-03-23 10:58:22] ✅ FortiClient GUI 已启动
[2026-03-23 10:58:22] 触发 VPN 连接（Playwright 自动化）...
[INFO] 启动 Playwright 自动登录...
[INFO] 访问 VPN SAML 登录页面...
[INFO] 等待 Microsoft 登录页面...
[INFO] 输入用户名...
[INFO] 等待密码输入框...
[INFO] 输入密码...
[INFO] 等待认证完成...
[INFO] 当前 URL: https://login.microsoftonline.com/25dfd0e1-efae-4b13-8d6b-b82c74544999/login
[INFO] 找到按钮: 
[INFO] 等待重定向到 VPN...
[WARN] 等待重定向超时，检查当前状态...
[INFO] 最终 URL: https://login.microsoftonline.com/25dfd0e1-efae-4b13-8d6b-b82c74544999/login
[ERROR] ❌ 自动登录失败: 未能重定向到 VPN 页面
[2026-03-23 10:59:35] 重试 1 失败：自动登录失败
[2026-03-23 10:59:45] 尝试 2/3...
[2026-03-23 10:59:45] 启动 FortiClient GUI...
[2026-03-23 10:59:48] ❌ FortiClient GUI 启动失败
[2026-03-23 10:59:48] 重试 2 失败：无法启动 FortiClient
[2026-03-23 10:59:58] 尝试 3/3...
[2026-03-23 10:59:58] 启动 FortiClient GUI...
[2026-03-23 11:00:01] ❌ FortiClient GUI 启动失败
[2026-03-23 11:00:01] 重试 3 失败：无法启动 FortiClient
[2026-03-23 11:00:11] ❌ VPN 重连失败（已尝试 3 次）
[2026-03-23 11:00:11] ========== VPN 重连失败 ==========
[2026-03-23 19:00:43] ========== VPN 重连开始 ==========
[2026-03-23 19:00:43] 尝试 1/3...
[2026-03-23 19:00:43] 启动 FortiClient GUI...
[2026-03-23 19:00:46] ❌ FortiClient GUI 启动失败
[2026-03-23 19:00:46] 重试 1 失败：无法启动 FortiClient
[2026-03-23 19:00:56] 尝试 2/3...
[2026-03-23 19:00:56] 启动 FortiClient GUI...
[2026-03-23 19:01:00] ❌ FortiClient GUI 启动失败
[2026-03-23 19:01:00] 重试 2 失败：无法启动 FortiClient
[2026-03-23 19:01:10] 尝试 3/3...
[2026-03-23 19:01:10] 启动 FortiClient GUI...
[2026-03-23 19:01:13] ❌ FortiClient GUI 启动失败
[2026-03-23 19:01:13] 重试 3 失败：无法启动 FortiClient
[2026-03-23 19:01:23] ❌ VPN 重连失败（已尝试 3 次）
[2026-03-23 19:01:23] ========== VPN 重连失败 ==========
[2026-03-23 19:02:23] ========== VPN 重连开始 ==========
[2026-03-23 19:02:23] 尝试 1/3...
[2026-03-23 19:02:23] 启动 FortiClient GUI...
[2026-03-23 19:02:26] ❌ FortiClient GUI 启动失败
[2026-03-23 19:02:26] 重试 1 失败：无法启动 FortiClient
[2026-03-23 19:02:36] 尝试 2/3...
[2026-03-23 19:02:36] 启动 FortiClient GUI...
[2026-03-23 19:02:39] ❌ FortiClient GUI 启动失败
[2026-03-23 19:02:39] 重试 2 失败：无法启动 FortiClient
[2026-03-23 19:02:49] 尝试 3/3...
[2026-03-23 19:02:49] 启动 FortiClient GUI...
[2026-03-23 19:02:52] ❌ FortiClient GUI 启动失败
[2026-03-23 19:02:52] 重试 3 失败：无法启动 FortiClient
[2026-03-23 19:03:02] ❌ VPN 重连失败（已尝试 3 次）
[2026-03-23 19:03:02] ========== VPN 重连失败 ==========
[2026-03-24 03:04:32] ========== VPN 重连开始 ==========
[2026-03-24 03:04:32] 尝试 1/3...
[2026-03-24 03:04:32] 启动 FortiClient GUI...
[2026-03-24 03:04:35] ❌ FortiClient GUI 启动失败
[2026-03-24 03:04:35] 重试 1 失败：无法启动 FortiClient
[2026-03-24 03:04:45] 尝试 2/3...
[2026-03-24 03:04:45] 启动 FortiClient GUI...
[2026-03-24 03:04:48] ❌ FortiClient GUI 启动失败
[2026-03-24 03:04:48] 重试 2 失败：无法启动 FortiClient
[2026-03-24 03:04:58] 尝试 3/3...
[2026-03-24 03:04:58] 启动 FortiClient GUI...
[2026-03-24 03:05:01] ❌ FortiClient GUI 启动失败
[2026-03-24 03:05:01] 重试 3 失败：无法启动 FortiClient
[2026-03-24 03:05:11] ❌ VPN 重连失败（已尝试 3 次）
[2026-03-24 03:05:11] ========== VPN 重连失败 ==========
[2026-03-24 03:06:11] ========== VPN 重连开始 ==========
[2026-03-24 03:06:11] 尝试 1/3...
[2026-03-24 03:06:11] 启动 FortiClient GUI...
[2026-03-24 03:06:11] FortiClient 已在运行，先关闭...
[2026-03-24 03:06:17] ❌ FortiClient GUI 启动失败
[2026-03-24 03:06:17] 重试 1 失败：无法启动 FortiClient
[2026-03-24 03:06:27] 尝试 2/3...
[2026-03-24 03:06:27] 启动 FortiClient GUI...
[2026-03-24 03:06:30] ❌ FortiClient GUI 启动失败
[2026-03-24 03:06:30] 重试 2 失败：无法启动 FortiClient
[2026-03-24 03:06:40] 尝试 3/3...
[2026-03-24 03:06:40] 启动 FortiClient GUI...
[2026-03-24 03:06:43] ❌ FortiClient GUI 启动失败
[2026-03-24 03:06:43] 重试 3 失败：无法启动 FortiClient
[2026-03-24 03:06:53] ❌ VPN 重连失败（已尝试 3 次）
[2026-03-24 03:06:53] ========== VPN 重连失败 ==========
[2026-03-24 11:07:25] ========== VPN 重连开始 ==========
[2026-03-24 11:07:25] 尝试 1/3...
[2026-03-24 11:07:25] 启动 FortiClient GUI...
[2026-03-24 11:07:28] ❌ FortiClient GUI 启动失败
[2026-03-24 11:07:28] 重试 1 失败：无法启动 FortiClient
[2026-03-24 11:07:38] 尝试 2/3...
[2026-03-24 11:07:38] 启动 FortiClient GUI...
[2026-03-24 11:07:41] ❌ FortiClient GUI 启动失败
[2026-03-24 11:07:41] 重试 2 失败：无法启动 FortiClient
[2026-03-24 11:07:51] 尝试 3/3...
[2026-03-24 11:07:51] 启动 FortiClient GUI...
[2026-03-24 11:07:54] ❌ FortiClient GUI 启动失败
[2026-03-24 11:07:54] 重试 3 失败：无法启动 FortiClient
[2026-03-24 11:08:04] ❌ VPN 重连失败（已尝试 3 次）
[2026-03-24 11:08:04] ========== VPN 重连失败 ==========
[2026-03-24 11:09:04] ========== VPN 重连开始 ==========
[2026-03-24 11:09:04] 尝试 1/3...
[2026-03-24 11:09:04] 启动 FortiClient GUI...
[2026-03-24 11:09:07] ❌ FortiClient GUI 启动失败
[2026-03-24 11:09:07] 重试 1 失败：无法启动 FortiClient
[2026-03-24 11:09:17] 尝试 2/3...
[2026-03-24 11:09:17] 启动 FortiClient GUI...
[2026-03-24 11:09:20] ❌ FortiClient GUI 启动失败
[2026-03-24 11:09:20] 重试 2 失败：无法启动 FortiClient
[2026-03-24 11:09:30] 尝试 3/3...
[2026-03-24 11:09:30] 启动 FortiClient GUI...
[2026-03-24 11:09:33] ❌ FortiClient GUI 启动失败
[2026-03-24 11:09:33] 重试 3 失败：无法启动 FortiClient
[2026-03-24 11:09:43] ❌ VPN 重连失败（已尝试 3 次）
[2026-03-24 11:09:43] ========== VPN 重连失败 ==========
[2026-03-24 19:10:17] ========== VPN 重连开始 ==========
[2026-03-24 19:10:17] 尝试 1/3...
[2026-03-24 19:10:17] 启动 FortiClient GUI...
[2026-03-24 19:10:20] ❌ FortiClient GUI 启动失败
[2026-03-24 19:10:20] 重试 1 失败：无法启动 FortiClient
[2026-03-24 19:10:30] 尝试 2/3...
[2026-03-24 19:10:30] 启动 FortiClient GUI...
[2026-03-24 19:10:33] ❌ FortiClient GUI 启动失败
[2026-03-24 19:10:33] 重试 2 失败：无法启动 FortiClient
[2026-03-24 19:10:43] 尝试 3/3...
[2026-03-24 19:10:43] 启动 FortiClient GUI...
[2026-03-24 19:10:46] ❌ FortiClient GUI 启动失败
[2026-03-24 19:10:46] 重试 3 失败：无法启动 FortiClient
[2026-03-24 19:10:56] ❌ VPN 重连失败（已尝试 3 次）
[2026-03-24 19:10:56] ========== VPN 重连失败 ==========
[2026-03-24 19:11:56] ========== VPN 重连开始 ==========
[2026-03-24 19:11:56] 尝试 1/3...
[2026-03-24 19:11:56] 启动 FortiClient GUI...
[2026-03-24 19:11:59] ❌ FortiClient GUI 启动失败
[2026-03-24 19:11:59] 重试 1 失败：无法启动 FortiClient
[2026-03-24 19:12:09] 尝试 2/3...
[2026-03-24 19:12:09] 启动 FortiClient GUI...
[2026-03-24 19:12:12] ❌ FortiClient GUI 启动失败
[2026-03-24 19:12:12] 重试 2 失败：无法启动 FortiClient
[2026-03-24 19:12:22] 尝试 3/3...
[2026-03-24 19:12:22] 启动 FortiClient GUI...
[2026-03-24 19:12:25] ❌ FortiClient GUI 启动失败
[2026-03-24 19:12:25] 重试 3 失败：无法启动 FortiClient
[2026-03-24 19:12:35] ❌ VPN 重连失败（已尝试 3 次）
[2026-03-24 19:12:35] ========== VPN 重连失败 ==========
[2026-03-25 03:13:09] ========== VPN 重连开始 ==========
[2026-03-25 03:13:09] 尝试 1/3...
[2026-03-25 03:13:09] 启动 FortiClient GUI...
[2026-03-25 03:13:12] ❌ FortiClient GUI 启动失败
[2026-03-25 03:13:12] 重试 1 失败：无法启动 FortiClient
[2026-03-25 03:13:22] 尝试 2/3...
[2026-03-25 03:13:22] 启动 FortiClient GUI...
[2026-03-25 03:13:22] FortiClient 已在运行，先关闭...
[2026-03-25 03:13:27] ❌ FortiClient GUI 启动失败
[2026-03-25 03:13:27] 重试 2 失败：无法启动 FortiClient
[2026-03-25 03:13:37] 尝试 3/3...
[2026-03-25 03:13:37] 启动 FortiClient GUI...
[2026-03-25 03:13:40] ❌ FortiClient GUI 启动失败
[2026-03-25 03:13:40] 重试 3 失败：无法启动 FortiClient
[2026-03-25 03:13:50] ❌ VPN 重连失败（已尝试 3 次）
[2026-03-25 03:13:50] ========== VPN 重连失败 ==========
[2026-03-25 03:14:50] ========== VPN 重连开始 ==========
[2026-03-25 03:14:50] 尝试 1/3...
[2026-03-25 03:14:50] 启动 FortiClient GUI...
[2026-03-25 03:14:53] ❌ FortiClient GUI 启动失败
[2026-03-25 03:14:53] 重试 1 失败：无法启动 FortiClient
[2026-03-25 03:15:03] 尝试 2/3...
[2026-03-25 03:15:03] 启动 FortiClient GUI...
[2026-03-25 03:15:06] ❌ FortiClient GUI 启动失败
[2026-03-25 03:15:06] 重试 2 失败：无法启动 FortiClient
[2026-03-25 03:15:16] 尝试 3/3...
[2026-03-25 03:15:16] 启动 FortiClient GUI...
[2026-03-25 03:15:19] ❌ FortiClient GUI 启动失败
[2026-03-25 03:15:19] 重试 3 失败：无法启动 FortiClient
[2026-03-25 03:15:29] ❌ VPN 重连失败（已尝试 3 次）
[2026-03-25 03:15:29] ========== VPN 重连失败 ==========
[2026-03-25 03:16:29] ========== VPN 重连开始 ==========
[2026-03-25 03:16:29] 尝试 1/3...
[2026-03-25 03:16:29] 启动 FortiClient GUI...
[2026-03-25 03:16:29] FortiClient 已在运行，先关闭...
[2026-03-25 03:16:34] ❌ FortiClient GUI 启动失败
[2026-03-25 03:16:34] 重试 1 失败：无法启动 FortiClient
[2026-03-25 03:16:44] 尝试 2/3...
[2026-03-25 03:16:44] 启动 FortiClient GUI...
[2026-03-25 03:16:47] ❌ FortiClient GUI 启动失败
[2026-03-25 03:16:47] 重试 2 失败：无法启动 FortiClient
[2026-03-25 03:16:57] 尝试 3/3...
[2026-03-25 03:16:57] 启动 FortiClient GUI...
[2026-03-25 03:17:01] ❌ FortiClient GUI 启动失败
[2026-03-25 03:17:01] 重试 3 失败：无法启动 FortiClient
[2026-03-25 03:17:11] ❌ VPN 重连失败（已尝试 3 次）
[2026-03-25 03:17:11] ========== VPN 重连失败 ==========
[2026-03-25 11:18:43] ========== VPN 重连开始 ==========
[2026-03-25 11:18:43] 尝试 1/3...
[2026-03-25 11:18:43] 启动 FortiClient GUI...
[2026-03-25 11:18:46] ❌ FortiClient GUI 启动失败
[2026-03-25 11:18:46] 重试 1 失败：无法启动 FortiClient
[2026-03-25 11:18:56] 尝试 2/3...
[2026-03-25 11:18:56] 启动 FortiClient GUI...
[2026-03-25 11:19:00] ❌ FortiClient GUI 启动失败
[2026-03-25 11:19:00] 重试 2 失败：无法启动 FortiClient
[2026-03-25 11:19:10] 尝试 3/3...
[2026-03-25 11:19:10] 启动 FortiClient GUI...
[2026-03-25 11:19:13] ❌ FortiClient GUI 启动失败
[2026-03-25 11:19:13] 重试 3 失败：无法启动 FortiClient
[2026-03-25 11:19:23] ❌ VPN 重连失败（已尝试 3 次）
[2026-03-25 11:19:23] ========== VPN 重连失败 ==========
[2026-03-25 11:20:23] ========== VPN 重连开始 ==========
[2026-03-25 11:20:23] 尝试 1/3...
[2026-03-25 11:20:23] 启动 FortiClient GUI...
[2026-03-25 11:20:26] ❌ FortiClient GUI 启动失败
[2026-03-25 11:20:26] 重试 1 失败：无法启动 FortiClient
[2026-03-25 11:20:36] 尝试 2/3...
[2026-03-25 11:20:36] 启动 FortiClient GUI...
[2026-03-25 11:20:39] ❌ FortiClient GUI 启动失败
[2026-03-25 11:20:39] 重试 2 失败：无法启动 FortiClient
[2026-03-25 11:20:49] 尝试 3/3...
[2026-03-25 11:20:49] 启动 FortiClient GUI...
[2026-03-25 11:20:49] FortiClient 已在运行，先关闭...
[2026-03-25 11:20:54] ❌ FortiClient GUI 启动失败
[2026-03-25 11:20:54] 重试 3 失败：无法启动 FortiClient
[2026-03-25 11:21:04] ❌ VPN 重连失败（已尝试 3 次）
[2026-03-25 11:21:04] ========== VPN 重连失败 ==========
[2026-03-25 11:22:04] ========== VPN 重连开始 ==========
[2026-03-25 11:22:04] 尝试 1/3...
[2026-03-25 11:22:04] 启动 FortiClient GUI...
[2026-03-25 11:22:07] ✅ FortiClient GUI 已启动
[2026-03-25 11:22:07] 触发 VPN 连接（Playwright 自动化）...
[INFO] 启动 Playwright 自动登录...
[INFO] 访问 VPN SAML 登录页面...
[INFO] 等待 Microsoft 登录页面...
[INFO] 输入用户名...
[INFO] 等待密码输入框...
[INFO] 输入密码...
[INFO] 等待认证完成...
[INFO] 当前 URL: https://login.microsoftonline.com/25dfd0e1-efae-4b13-8d6b-b82c74544999/login
[INFO] 找到按钮: 
[INFO] 等待重定向到 VPN...
[WARN] 等待重定向超时，检查当前状态...
[INFO] 最终 URL: https://login.microsoftonline.com/25dfd0e1-efae-4b13-8d6b-b82c74544999/login
[ERROR] ❌ 自动登录失败: 未能重定向到 VPN 页面
[2026-03-25 11:23:17] 重试 1 失败：自动登录失败
[2026-03-25 11:23:27] 尝试 2/3...
[2026-03-25 11:23:27] 启动 FortiClient GUI...
[2026-03-25 11:23:30] ❌ FortiClient GUI 启动失败
[2026-03-25 11:23:30] 重试 2 失败：无法启动 FortiClient
[2026-03-25 11:23:40] 尝试 3/3...
[2026-03-25 11:23:40] 启动 FortiClient GUI...
[2026-03-25 11:23:43] ❌ FortiClient GUI 启动失败
[2026-03-25 11:23:43] 重试 3 失败：无法启动 FortiClient
[2026-03-25 11:23:53] ❌ VPN 重连失败（已尝试 3 次）
[2026-03-25 11:23:53] ========== VPN 重连失败 ==========
[2026-03-25 12:57:28] ========== VPN 重连开始 ==========
[2026-03-25 12:57:28] 尝试 1/3...
[2026-03-25 12:57:28] 启动 FortiClient GUI...
[2026-03-25 12:57:28] FortiClient 已在运行，先关闭...
[2026-03-25 12:57:33] ❌ FortiClient GUI 启动失败
[2026-03-25 12:57:33] 重试 1 失败：无法启动 FortiClient
[2026-03-25 12:57:43] 尝试 2/3...
[2026-03-25 12:57:43] 启动 FortiClient GUI...
[2026-03-25 12:57:46] ❌ FortiClient GUI 启动失败
[2026-03-25 12:57:46] 重试 2 失败：无法启动 FortiClient
[2026-03-25 12:57:56] 尝试 3/3...
[2026-03-25 12:57:56] 启动 FortiClient GUI...
[2026-03-25 12:57:59] ❌ FortiClient GUI 启动失败
[2026-03-25 12:57:59] 重试 3 失败：无法启动 FortiClient
[2026-03-25 12:58:09] ❌ VPN 重连失败（已尝试 3 次）
[2026-03-25 12:58:09] ========== VPN 重连失败 ==========
[2026-03-25 12:59:09] ========== VPN 重连开始 ==========
[2026-03-25 12:59:09] 尝试 1/3...
[2026-03-25 12:59:09] 启动 FortiClient GUI...
[2026-03-25 12:59:12] ❌ FortiClient GUI 启动失败
[2026-03-25 12:59:12] 重试 1 失败：无法启动 FortiClient
[2026-03-25 12:59:22] 尝试 2/3...
[2026-03-25 12:59:22] 启动 FortiClient GUI...
[2026-03-25 12:59:25] ❌ FortiClient GUI 启动失败
[2026-03-25 12:59:25] 重试 2 失败：无法启动 FortiClient
[2026-03-25 12:59:35] 尝试 3/3...
[2026-03-25 12:59:35] 启动 FortiClient GUI...
[2026-03-25 12:59:38] ❌ FortiClient GUI 启动失败
[2026-03-25 12:59:38] 重试 3 失败：无法启动 FortiClient
[2026-03-25 12:59:48] ❌ VPN 重连失败（已尝试 3 次）
[2026-03-25 12:59:48] ========== VPN 重连失败 ==========
[2026-03-25 14:58:01] ========== VPN 重连开始 ==========
[2026-03-25 14:58:01] 尝试 1/3...
[2026-03-25 14:58:01] 启动 FortiClient GUI...
[2026-03-25 14:58:04] ❌ FortiClient GUI 启动失败
[2026-03-25 14:58:04] 重试 1 失败：无法启动 FortiClient
[2026-03-25 14:58:14] 尝试 2/3...
[2026-03-25 14:58:14] 启动 FortiClient GUI...
[2026-03-25 14:58:17] ❌ FortiClient GUI 启动失败
[2026-03-25 14:58:17] 重试 2 失败：无法启动 FortiClient
[2026-03-25 14:58:27] 尝试 3/3...
[2026-03-25 14:58:27] 启动 FortiClient GUI...
[2026-03-25 14:58:30] ❌ FortiClient GUI 启动失败
[2026-03-25 14:58:30] 重试 3 失败：无法启动 FortiClient
[2026-03-25 14:58:40] ❌ VPN 重连失败（已尝试 3 次）
[2026-03-25 14:58:40] ========== VPN 重连失败 ==========
[2026-03-25 14:59:40] ========== VPN 重连开始 ==========
[2026-03-25 14:59:40] 尝试 1/3...
[2026-03-25 14:59:40] 启动 FortiClient GUI...
[2026-03-25 14:59:43] ❌ FortiClient GUI 启动失败
[2026-03-25 14:59:43] 重试 1 失败：无法启动 FortiClient
[2026-03-25 14:59:53] 尝试 2/3...
[2026-03-25 14:59:53] 启动 FortiClient GUI...
[2026-03-25 14:59:53] FortiClient 已在运行，先关闭...
[2026-03-25 14:59:58] ❌ FortiClient GUI 启动失败
[2026-03-25 14:59:58] 重试 2 失败：无法启动 FortiClient
[2026-03-25 15:00:08] 尝试 3/3...
[2026-03-25 15:00:08] 启动 FortiClient GUI...
[2026-03-25 15:00:12] ❌ FortiClient GUI 启动失败
[2026-03-25 15:00:12] 重试 3 失败：无法启动 FortiClient
[2026-03-25 15:00:22] ❌ VPN 重连失败（已尝试 3 次）
[2026-03-25 15:00:22] ========== VPN 重连失败 ==========
[2026-03-25 15:01:22] ========== VPN 重连开始 ==========
[2026-03-25 15:01:22] 尝试 1/3...
[2026-03-25 15:01:22] 启动 FortiClient GUI...
[2026-03-25 15:01:22] FortiClient 已在运行，先关闭...
[2026-03-25 15:01:27] ❌ FortiClient GUI 启动失败
[2026-03-25 15:01:27] 重试 1 失败：无法启动 FortiClient
[2026-03-25 15:01:37] 尝试 2/3...
[2026-03-25 15:01:37] 启动 FortiClient GUI...
[2026-03-25 15:01:40] ❌ FortiClient GUI 启动失败
[2026-03-25 15:01:40] 重试 2 失败：无法启动 FortiClient
[2026-03-25 15:01:50] 尝试 3/3...
[2026-03-25 15:01:50] 启动 FortiClient GUI...
[2026-03-25 15:01:53] ❌ FortiClient GUI 启动失败
[2026-03-25 15:01:53] 重试 3 失败：无法启动 FortiClient
[2026-03-25 15:02:03] ❌ VPN 重连失败（已尝试 3 次）
[2026-03-25 15:02:03] ========== VPN 重连失败 ==========
[2026-03-25 15:03:03] ========== VPN 重连开始 ==========
[2026-03-25 15:03:03] 尝试 1/3...
[2026-03-25 15:03:03] 启动 FortiClient GUI...
[2026-03-25 15:03:03] FortiClient 已在运行，先关闭...
[2026-03-25 15:03:08] ❌ FortiClient GUI 启动失败
[2026-03-25 15:03:08] 重试 1 失败：无法启动 FortiClient
[2026-03-25 15:03:18] 尝试 2/3...
[2026-03-25 15:03:18] 启动 FortiClient GUI...
[2026-03-25 15:03:21] ❌ FortiClient GUI 启动失败
[2026-03-25 15:03:21] 重试 2 失败：无法启动 FortiClient
[2026-03-25 15:03:31] 尝试 3/3...
[2026-03-25 15:03:31] 启动 FortiClient GUI...
[2026-03-25 15:03:34] ❌ FortiClient GUI 启动失败
[2026-03-25 15:03:34] 重试 3 失败：无法启动 FortiClient
[2026-03-25 15:03:44] ❌ VPN 重连失败（已尝试 3 次）
[2026-03-25 15:03:44] ========== VPN 重连失败 ==========
[2026-03-25 15:04:44] ========== VPN 重连开始 ==========
[2026-03-25 15:04:44] 尝试 1/3...
[2026-03-25 15:04:44] 启动 FortiClient GUI...
[2026-03-25 15:04:47] ❌ FortiClient GUI 启动失败
[2026-03-25 15:04:47] 重试 1 失败：无法启动 FortiClient
[2026-03-25 15:04:57] 尝试 2/3...
[2026-03-25 15:04:57] 启动 FortiClient GUI...
[2026-03-25 15:05:01] ❌ FortiClient GUI 启动失败
[2026-03-25 15:05:01] 重试 2 失败：无法启动 FortiClient
[2026-03-25 15:05:11] 尝试 3/3...
[2026-03-25 15:05:11] 启动 FortiClient GUI...
[2026-03-25 15:05:14] ❌ FortiClient GUI 启动失败
[2026-03-25 15:05:14] 重试 3 失败：无法启动 FortiClient
[2026-03-25 15:05:24] ❌ VPN 重连失败（已尝试 3 次）
[2026-03-25 15:05:24] ========== VPN 重连失败 ==========
[2026-03-25 23:06:08] ========== VPN 重连开始 ==========
[2026-03-25 23:06:08] 尝试 1/3...
[2026-03-25 23:06:08] 启动 FortiClient GUI...
[2026-03-25 23:06:08] FortiClient 已在运行，先关闭...
[2026-03-25 23:06:13] ❌ FortiClient GUI 启动失败
[2026-03-25 23:06:13] 重试 1 失败：无法启动 FortiClient
[2026-03-25 23:06:23] 尝试 2/3...
[2026-03-25 23:06:23] 启动 FortiClient GUI...
[2026-03-25 23:06:26] ❌ FortiClient GUI 启动失败
[2026-03-25 23:06:26] 重试 2 失败：无法启动 FortiClient
[2026-03-25 23:06:36] 尝试 3/3...
[2026-03-25 23:06:36] 启动 FortiClient GUI...
[2026-03-25 23:06:39] ❌ FortiClient GUI 启动失败
[2026-03-25 23:06:39] 重试 3 失败：无法启动 FortiClient
[2026-03-25 23:06:49] ❌ VPN 重连失败（已尝试 3 次）
[2026-03-25 23:06:49] ========== VPN 重连失败 ==========
[2026-03-25 23:07:49] ========== VPN 重连开始 ==========
[2026-03-25 23:07:49] 尝试 1/3...
[2026-03-25 23:07:49] 启动 FortiClient GUI...
[2026-03-25 23:07:52] ❌ FortiClient GUI 启动失败
[2026-03-25 23:07:52] 重试 1 失败：无法启动 FortiClient
[2026-03-25 23:08:02] 尝试 2/3...
[2026-03-25 23:08:02] 启动 FortiClient GUI...
[2026-03-25 23:08:05] ❌ FortiClient GUI 启动失败
[2026-03-25 23:08:05] 重试 2 失败：无法启动 FortiClient
[2026-03-25 23:08:15] 尝试 3/3...
[2026-03-25 23:08:15] 启动 FortiClient GUI...
[2026-03-25 23:08:18] ❌ FortiClient GUI 启动失败
[2026-03-25 23:08:18] 重试 3 失败：无法启动 FortiClient
[2026-03-25 23:08:28] ❌ VPN 重连失败（已尝试 3 次）
[2026-03-25 23:08:28] ========== VPN 重连失败 ==========
[2026-03-26 07:09:14] ========== VPN 重连开始 ==========
[2026-03-26 07:09:14] 尝试 1/3...
[2026-03-26 07:09:14] 启动 FortiClient GUI...
[2026-03-26 07:09:17] ❌ FortiClient GUI 启动失败
[2026-03-26 07:09:17] 重试 1 失败：无法启动 FortiClient
[2026-03-26 07:09:27] 尝试 2/3...
[2026-03-26 07:09:27] 启动 FortiClient GUI...
[2026-03-26 07:09:31] ❌ FortiClient GUI 启动失败
[2026-03-26 07:09:31] 重试 2 失败：无法启动 FortiClient
[2026-03-26 07:09:41] 尝试 3/3...
[2026-03-26 07:09:41] 启动 FortiClient GUI...
[2026-03-26 07:09:44] ❌ FortiClient GUI 启动失败
[2026-03-26 07:09:44] 重试 3 失败：无法启动 FortiClient
[2026-03-26 07:09:54] ❌ VPN 重连失败（已尝试 3 次）
[2026-03-26 07:09:54] ========== VPN 重连失败 ==========
[2026-03-26 07:10:54] ========== VPN 重连开始 ==========
[2026-03-26 07:10:54] 尝试 1/3...
[2026-03-26 07:10:54] 启动 FortiClient GUI...
[2026-03-26 07:10:57] ❌ FortiClient GUI 启动失败
[2026-03-26 07:10:57] 重试 1 失败：无法启动 FortiClient
[2026-03-26 07:11:07] 尝试 2/3...
[2026-03-26 07:11:07] 启动 FortiClient GUI...
[2026-03-26 07:11:10] ❌ FortiClient GUI 启动失败
[2026-03-26 07:11:10] 重试 2 失败：无法启动 FortiClient
[2026-03-26 07:11:20] 尝试 3/3...
[2026-03-26 07:11:20] 启动 FortiClient GUI...
[2026-03-26 07:11:23] ❌ FortiClient GUI 启动失败
[2026-03-26 07:11:23] 重试 3 失败：无法启动 FortiClient
[2026-03-26 07:11:33] ❌ VPN 重连失败（已尝试 3 次）
[2026-03-26 07:11:33] ========== VPN 重连失败 ==========
[2026-03-26 15:13:18] ========== VPN 重连开始 ==========
[2026-03-26 15:13:18] 尝试 1/3...
[2026-03-26 15:13:18] 启动 FortiClient GUI...
[2026-03-26 15:13:21] ❌ FortiClient GUI 启动失败
[2026-03-26 15:13:21] 重试 1 失败：无法启动 FortiClient
[2026-03-26 15:13:31] 尝试 2/3...
[2026-03-26 15:13:31] 启动 FortiClient GUI...
[2026-03-26 15:13:31] FortiClient 已在运行，先关闭...
[2026-03-26 15:13:36] ❌ FortiClient GUI 启动失败
[2026-03-26 15:13:36] 重试 2 失败：无法启动 FortiClient
[2026-03-26 15:13:46] 尝试 3/3...
[2026-03-26 15:13:46] 启动 FortiClient GUI...
[2026-03-26 15:13:49] ❌ FortiClient GUI 启动失败
[2026-03-26 15:13:49] 重试 3 失败：无法启动 FortiClient
[2026-03-26 15:13:59] ❌ VPN 重连失败（已尝试 3 次）
[2026-03-26 15:13:59] ========== VPN 重连失败 ==========
[2026-03-26 15:14:59] ========== VPN 重连开始 ==========
[2026-03-26 15:14:59] 尝试 1/3...
[2026-03-26 15:14:59] 启动 FortiClient GUI...
[2026-03-26 15:15:02] ❌ FortiClient GUI 启动失败
[2026-03-26 15:15:02] 重试 1 失败：无法启动 FortiClient
[2026-03-26 15:15:12] 尝试 2/3...
[2026-03-26 15:15:12] 启动 FortiClient GUI...
[2026-03-26 15:15:16] ❌ FortiClient GUI 启动失败
[2026-03-26 15:15:16] 重试 2 失败：无法启动 FortiClient
[2026-03-26 15:15:26] 尝试 3/3...
[2026-03-26 15:15:26] 启动 FortiClient GUI...
[2026-03-26 15:15:26] FortiClient 已在运行，先关闭...
[2026-03-26 15:15:31] ❌ FortiClient GUI 启动失败
[2026-03-26 15:15:31] 重试 3 失败：无法启动 FortiClient
[2026-03-26 15:15:41] ❌ VPN 重连失败（已尝试 3 次）
[2026-03-26 15:15:41] ========== VPN 重连失败 ==========
[2026-03-26 15:16:41] ========== VPN 重连开始 ==========
[2026-03-26 15:16:41] 尝试 1/3...
[2026-03-26 15:16:41] 启动 FortiClient GUI...
[2026-03-26 15:16:44] ✅ FortiClient GUI 已启动
[2026-03-26 15:16:44] 触发 VPN 连接（Playwright 自动化）...
[INFO] 启动 Playwright 自动登录...
[INFO] 访问 VPN SAML 登录页面...
[INFO] 等待 Microsoft 登录页面...
[INFO] 输入用户名...
[INFO] 等待密码输入框...
[INFO] 输入密码...
[INFO] 等待认证完成...
[INFO] 当前 URL: https://login.microsoftonline.com/25dfd0e1-efae-4b13-8d6b-b82c74544999/login
[INFO] 找到按钮: 
[INFO] 等待重定向到 VPN...
[WARN] 等待重定向超时，检查当前状态...
[INFO] 最终 URL: https://login.microsoftonline.com/25dfd0e1-efae-4b13-8d6b-b82c74544999/login
[ERROR] ❌ 自动登录失败: 未能重定向到 VPN 页面
[2026-03-26 15:17:54] 重试 1 失败：自动登录失败
[2026-03-26 15:18:04] 尝试 2/3...
[2026-03-26 15:18:04] 启动 FortiClient GUI...
[2026-03-26 15:18:07] ❌ FortiClient GUI 启动失败
[2026-03-26 15:18:07] 重试 2 失败：无法启动 FortiClient
[2026-03-26 15:18:17] 尝试 3/3...
[2026-03-26 15:18:17] 启动 FortiClient GUI...
[2026-03-26 15:18:20] ❌ FortiClient GUI 启动失败
[2026-03-26 15:18:20] 重试 3 失败：无法启动 FortiClient
[2026-03-26 15:18:30] ❌ VPN 重连失败（已尝试 3 次）
[2026-03-26 15:18:30] ========== VPN 重连失败 ==========
[2026-03-26 23:17:13] ========== VPN 重连开始 ==========
[2026-03-26 23:17:13] 尝试 1/3...
[2026-03-26 23:17:13] 启动 FortiClient GUI...
[2026-03-26 23:17:16] ❌ FortiClient GUI 启动失败
[2026-03-26 23:17:16] 重试 1 失败：无法启动 FortiClient
[2026-03-26 23:17:26] 尝试 2/3...
[2026-03-26 23:17:26] 启动 FortiClient GUI...
[2026-03-26 23:17:29] ❌ FortiClient GUI 启动失败
[2026-03-26 23:17:29] 重试 2 失败：无法启动 FortiClient
[2026-03-26 23:17:39] 尝试 3/3...
[2026-03-26 23:17:39] 启动 FortiClient GUI...
[2026-03-26 23:17:42] ✅ FortiClient GUI 已启动
[2026-03-26 23:17:42] 触发 VPN 连接（Playwright 自动化）...
[INFO] 启动 Playwright 自动登录...
[INFO] 访问 VPN SAML 登录页面...
[INFO] 等待 Microsoft 登录页面...
[INFO] 输入用户名...
[INFO] 等待密码输入框...
[INFO] 输入密码...
[INFO] 等待认证完成...
[INFO] 当前 URL: https://login.microsoftonline.com/25dfd0e1-efae-4b13-8d6b-b82c74544999/login
[INFO] 找到按钮: 
[INFO] 等待重定向到 VPN...
[WARN] 等待重定向超时，检查当前状态...
[INFO] 最终 URL: https://login.microsoftonline.com/25dfd0e1-efae-4b13-8d6b-b82c74544999/login
[ERROR] ❌ 自动登录失败: 未能重定向到 VPN 页面
[2026-03-26 23:18:53] 重试 3 失败：自动登录失败
[2026-03-26 23:19:03] ❌ VPN 重连失败（已尝试 3 次）
[2026-03-26 23:19:03] ========== VPN 重连失败 ==========
[2026-03-26 23:20:04] ========== VPN 重连开始 ==========
[2026-03-26 23:20:04] 尝试 1/3...
[2026-03-26 23:20:04] 启动 FortiClient GUI...
[2026-03-26 23:20:04] FortiClient 已在运行，先关闭...
[2026-03-26 23:20:09] ❌ FortiClient GUI 启动失败
[2026-03-26 23:20:09] 重试 1 失败：无法启动 FortiClient
[2026-03-26 23:20:19] 尝试 2/3...
[2026-03-26 23:20:19] 启动 FortiClient GUI...
[2026-03-26 23:20:22] ❌ FortiClient GUI 启动失败
[2026-03-26 23:20:22] 重试 2 失败：无法启动 FortiClient
[2026-03-26 23:20:32] 尝试 3/3...
[2026-03-26 23:20:32] 启动 FortiClient GUI...
[2026-03-26 23:20:35] ❌ FortiClient GUI 启动失败
[2026-03-26 23:20:35] 重试 3 失败：无法启动 FortiClient
[2026-03-26 23:20:45] ❌ VPN 重连失败（已尝试 3 次）
[2026-03-26 23:20:45] ========== VPN 重连失败 ==========
