[2026-03-02 14:06:44] VPN Watchdog 启动
[2026-03-02 14:06:44] ❌ VPN 未连接，触发重连...
[2026-03-02 14:06:44] ========== VPN 重连开始 ==========
[2026-03-02 14:06:44] 尝试 1/3...
[2026-03-02 14:06:44] 启动 FortiClient GUI...
[2026-03-02 14:06:47] ❌ FortiClient GUI 启动失败
[2026-03-02 14:06:47] 重试 1 失败：无法启动 FortiClient
[2026-03-02 14:06:57] 尝试 2/3...
[2026-03-02 14:06:57] 启动 FortiClient GUI...
[2026-03-02 14:07:00] ❌ FortiClient GUI 启动失败
[2026-03-02 14:07:00] 重试 2 失败：无法启动 FortiClient
[2026-03-02 14:07:10] 尝试 3/3...
[2026-03-02 14:07:10] 启动 FortiClient GUI...
[2026-03-02 14:07:13] ❌ FortiClient GUI 启动失败
[2026-03-02 14:07:13] 重试 3 失败：无法启动 FortiClient
[2026-03-02 14:07:23] ❌ VPN 重连失败（已尝试 3 次）
[2026-03-02 14:07:23] ========== VPN 重连失败 ==========
[2026-03-02 14:08:23] ❌ VPN 未连接，触发重连...
[2026-03-02 14:08:23] ========== VPN 重连开始 ==========
[2026-03-02 14:08:23] 尝试 1/3...
[2026-03-02 14:08:23] 启动 FortiClient GUI...
[2026-03-02 14:08:26] ❌ FortiClient GUI 启动失败
[2026-03-02 14:08:26] 重试 1 失败：无法启动 FortiClient
[2026-03-02 14:08:36] 尝试 2/3...
[2026-03-02 14:08:36] 启动 FortiClient GUI...
[2026-03-02 14:08:39] ❌ FortiClient GUI 启动失败
[2026-03-02 14:08:39] 重试 2 失败：无法启动 FortiClient
[2026-03-02 14:08:49] 尝试 3/3...
[2026-03-02 14:08:49] 启动 FortiClient GUI...
[2026-03-02 14:08:52] ❌ FortiClient GUI 启动失败
[2026-03-02 14:08:52] 重试 3 失败：无法启动 FortiClient
[2026-03-02 14:09:02] ❌ VPN 重连失败（已尝试 3 次）
[2026-03-02 14:09:02] ========== VPN 重连失败 ==========
[2026-03-02 14:10:03] ❌ VPN 未连接，触发重连...
[2026-03-02 14:10:03] ========== VPN 重连开始 ==========
[2026-03-02 14:10:03] 尝试 1/3...
[2026-03-02 14:10:03] 启动 FortiClient GUI...
[2026-03-02 14:10:06] ❌ FortiClient GUI 启动失败
[2026-03-02 14:10:06] 重试 1 失败：无法启动 FortiClient
[2026-03-02 14:10:16] 尝试 2/3...
[2026-03-02 14:10:16] 启动 FortiClient GUI...
[2026-03-02 14:10:19] ❌ FortiClient GUI 启动失败
[2026-03-02 14:10:19] 重试 2 失败：无法启动 FortiClient
[2026-03-02 14:10:29] 尝试 3/3...
[2026-03-02 14:10:29] 启动 FortiClient GUI...
[2026-03-02 14:10:32] ❌ FortiClient GUI 启动失败
[2026-03-02 14:10:32] 重试 3 失败：无法启动 FortiClient
[2026-03-03 11:21:30] VPN Watchdog 启动
[2026-03-03 11:21:30] ❌ VPN 未连接，触发重连...
[2026-03-03 11:21:30] ========== VPN 重连开始 ==========
[2026-03-03 11:21:30] 尝试 1/3...
[2026-03-03 11:21:30] 启动 FortiClient GUI...
[2026-03-03 11:21:30] FortiClient 已在运行，先关闭...
[2026-03-03 11:21:35] ❌ FortiClient GUI 启动失败
[2026-03-03 11:21:35] 重试 1 失败：无法启动 FortiClient
[2026-03-03 11:21:45] 尝试 2/3...
[2026-03-03 11:21:45] 启动 FortiClient GUI...
[2026-03-03 11:21:48] ❌ FortiClient GUI 启动失败
[2026-03-03 11:21:48] 重试 2 失败：无法启动 FortiClient
[2026-03-03 11:21:58] 尝试 3/3...
[2026-03-03 11:21:58] 启动 FortiClient GUI...
[2026-03-03 11:22:01] ❌ FortiClient GUI 启动失败
[2026-03-03 11:22:01] 重试 3 失败：无法启动 FortiClient
[2026-03-03 11:22:11] ❌ VPN 重连失败（已尝试 3 次）
[2026-03-03 11:22:11] ========== VPN 重连失败 ==========
[2026-03-03 11:23:11] ❌ VPN 未连接，触发重连...
[2026-03-03 11:23:11] ========== VPN 重连开始 ==========
[2026-03-03 11:23:11] 尝试 1/3...
[2026-03-03 11:23:11] 启动 FortiClient GUI...
[2026-03-03 11:23:14] ❌ FortiClient GUI 启动失败
[2026-03-03 11:23:14] 重试 1 失败：无法启动 FortiClient
[2026-03-03 11:23:24] 尝试 2/3...
[2026-03-03 11:23:24] 启动 FortiClient GUI...
[2026-03-03 11:23:27] ❌ FortiClient GUI 启动失败
[2026-03-03 11:23:27] 重试 2 失败：无法启动 FortiClient
[2026-03-03 11:23:37] 尝试 3/3...
[2026-03-03 11:23:37] 启动 FortiClient GUI...
[2026-03-03 11:23:40] ❌ FortiClient GUI 启动失败
[2026-03-03 11:23:40] 重试 3 失败：无法启动 FortiClient
[2026-03-03 11:23:50] ❌ VPN 重连失败（已尝试 3 次）
[2026-03-03 11:23:50] ========== VPN 重连失败 ==========
[2026-03-03 11:24:50] ✅ VPN 已连接
[2026-03-03 11:25:50] ✅ VPN 已连接
[2026-03-03 11:26:50] ✅ VPN 已连接
[2026-03-03 11:27:50] ✅ VPN 已连接
[2026-03-03 11:28:50] ✅ VPN 已连接
[2026-03-03 11:29:50] ✅ VPN 已连接
[2026-03-03 11:30:50] ✅ VPN 已连接
[2026-03-03 11:31:50] ✅ VPN 已连接
[2026-03-03 11:32:50] ✅ VPN 已连接
[2026-03-03 11:33:50] ✅ VPN 已连接
[2026-03-03 11:34:50] ✅ VPN 已连接
[2026-03-03 11:35:50] ✅ VPN 已连接
[2026-03-03 11:36:50] ✅ VPN 已连接
[2026-03-03 11:37:51] ✅ VPN 已连接
[2026-03-03 11:38:51] ✅ VPN 已连接
[2026-03-03 11:39:51] ✅ VPN 已连接
[2026-03-03 11:40:51] ✅ VPN 已连接
[2026-03-03 11:41:51] ✅ VPN 已连接
[2026-03-03 11:42:51] ✅ VPN 已连接
[2026-03-03 11:43:51] ✅ VPN 已连接
[2026-03-03 11:44:51] ✅ VPN 已连接
[2026-03-03 11:45:51] ✅ VPN 已连接
[2026-03-03 11:46:51] ✅ VPN 已连接
[2026-03-03 11:47:51] ✅ VPN 已连接
[2026-03-03 11:48:51] ✅ VPN 已连接
[2026-03-03 11:49:51] ✅ VPN 已连接
[2026-03-03 11:50:51] ✅ VPN 已连接
[2026-03-03 11:51:51] ✅ VPN 已连接
[2026-03-03 11:52:51] ✅ VPN 已连接
[2026-03-03 11:53:51] ✅ VPN 已连接
[2026-03-03 11:54:51] ✅ VPN 已连接
[2026-03-03 11:55:52] ✅ VPN 已连接
[2026-03-03 11:56:52] ✅ VPN 已连接
[2026-03-03 11:57:52] ✅ VPN 已连接
[2026-03-03 11:58:52] ✅ VPN 已连接
[2026-03-03 11:59:52] ✅ VPN 已连接
[2026-03-03 12:00:52] ✅ VPN 已连接
[2026-03-03 12:01:52] ✅ VPN 已连接
[2026-03-03 12:02:52] ✅ VPN 已连接
[2026-03-03 12:03:52] ✅ VPN 已连接
[2026-03-03 12:04:52] ✅ VPN 已连接
[2026-03-03 12:05:52] ✅ VPN 已连接
[2026-03-03 12:06:52] ✅ VPN 已连接
[2026-03-03 12:07:52] ✅ VPN 已连接
[2026-03-03 12:08:52] ✅ VPN 已连接
[2026-03-03 12:09:52] ✅ VPN 已连接
[2026-03-03 12:10:53] ✅ VPN 已连接
[2026-03-03 12:11:53] ✅ VPN 已连接
[2026-03-03 12:12:53] ✅ VPN 已连接
[2026-03-03 12:13:53] ✅ VPN 已连接
[2026-03-03 12:14:53] ✅ VPN 已连接
[2026-03-03 12:15:53] ✅ VPN 已连接
[2026-03-03 12:16:53] ✅ VPN 已连接
[2026-03-03 12:17:53] ✅ VPN 已连接
[2026-03-03 12:18:53] ✅ VPN 已连接
[2026-03-03 12:19:53] ✅ VPN 已连接
[2026-03-03 12:20:53] ✅ VPN 已连接
[2026-03-03 12:21:53] ✅ VPN 已连接
[2026-03-03 12:22:53] ✅ VPN 已连接
[2026-03-03 12:23:53] ✅ VPN 已连接
[2026-03-03 12:24:53] ✅ VPN 已连接
[2026-03-03 12:25:53] ✅ VPN 已连接
[2026-03-03 12:26:53] ✅ VPN 已连接
[2026-03-03 12:27:54] ✅ VPN 已连接
[2026-03-03 12:28:54] ✅ VPN 已连接
[2026-03-03 12:29:54] ✅ VPN 已连接
[2026-03-03 12:30:54] ✅ VPN 已连接
[2026-03-03 12:31:54] ✅ VPN 已连接
[2026-03-03 12:32:54] ✅ VPN 已连接
[2026-03-03 12:33:54] ✅ VPN 已连接
[2026-03-03 12:34:54] ✅ VPN 已连接
[2026-03-03 12:35:54] ✅ VPN 已连接
[2026-03-03 12:36:54] ✅ VPN 已连接
[2026-03-03 12:37:54] ✅ VPN 已连接
[2026-03-03 12:38:54] ✅ VPN 已连接
[2026-03-03 12:39:54] ✅ VPN 已连接
[2026-03-03 12:40:54] ✅ VPN 已连接
[2026-03-03 12:41:54] ✅ VPN 已连接
[2026-03-03 12:42:54] ✅ VPN 已连接
[2026-03-03 12:43:54] ✅ VPN 已连接
[2026-03-03 12:44:54] ✅ VPN 已连接
[2026-03-03 12:45:55] ✅ VPN 已连接
[2026-03-03 12:46:55] ✅ VPN 已连接
[2026-03-03 12:47:55] ✅ VPN 已连接
[2026-03-03 12:48:55] ✅ VPN 已连接
[2026-03-03 12:49:55] ✅ VPN 已连接
[2026-03-03 12:50:55] ✅ VPN 已连接
[2026-03-03 12:51:55] ✅ VPN 已连接
[2026-03-03 12:52:55] ❌ VPN 未连接，触发重连...
[2026-03-03 12:52:55] ========== VPN 重连开始 ==========
[2026-03-03 12:52:55] 尝试 1/3...
[2026-03-03 12:52:55] 启动 FortiClient GUI...
[2026-03-03 12:52:55] FortiClient 已在运行，先关闭...
[2026-03-03 12:53:00] ❌ FortiClient GUI 启动失败
[2026-03-03 12:53:00] 重试 1 失败：无法启动 FortiClient
[2026-03-03 12:53:10] 尝试 2/3...
[2026-03-03 12:53:10] 启动 FortiClient GUI...
[2026-03-03 12:53:10] FortiClient 已在运行，先关闭...
[2026-03-03 12:53:15] ❌ FortiClient GUI 启动失败
[2026-03-03 12:53:15] 重试 2 失败：无法启动 FortiClient
[2026-03-03 12:53:25] 尝试 3/3...
[2026-03-03 12:53:25] 启动 FortiClient GUI...
[2026-03-03 12:53:28] ❌ FortiClient GUI 启动失败
[2026-03-03 12:53:28] 重试 3 失败：无法启动 FortiClient
[2026-03-03 12:53:38] ❌ VPN 重连失败（已尝试 3 次）
[2026-03-03 12:53:38] ========== VPN 重连失败 ==========
[2026-03-03 12:54:38] ❌ VPN 未连接，触发重连...
[2026-03-03 12:54:38] ========== VPN 重连开始 ==========
[2026-03-03 12:54:38] 尝试 1/3...
[2026-03-03 12:54:38] 启动 FortiClient GUI...
[2026-03-03 12:54:41] ❌ FortiClient GUI 启动失败
[2026-03-03 12:54:41] 重试 1 失败：无法启动 FortiClient
[2026-03-03 12:54:51] 尝试 2/3...
[2026-03-03 12:54:51] 启动 FortiClient GUI...
[2026-03-03 12:54:54] ❌ FortiClient GUI 启动失败
[2026-03-03 12:54:54] 重试 2 失败：无法启动 FortiClient
[2026-03-03 12:55:04] 尝试 3/3...
[2026-03-03 12:55:04] 启动 FortiClient GUI...
[2026-03-03 12:55:04] FortiClient 已在运行，先关闭...
[2026-03-03 12:55:09] ❌ FortiClient GUI 启动失败
[2026-03-03 12:55:09] 重试 3 失败：无法启动 FortiClient
[2026-03-03 12:55:19] ❌ VPN 重连失败（已尝试 3 次）
[2026-03-03 12:55:19] ========== VPN 重连失败 ==========
[2026-03-03 12:56:19] ❌ VPN 未连接，触发重连...
[2026-03-03 12:56:19] ========== VPN 重连开始 ==========
[2026-03-03 12:56:19] 尝试 1/3...
[2026-03-03 12:56:19] 启动 FortiClient GUI...
[2026-03-03 12:56:19] FortiClient 已在运行，先关闭...
[2026-03-03 12:56:25] ❌ FortiClient GUI 启动失败
[2026-03-03 12:56:25] 重试 1 失败：无法启动 FortiClient
[2026-03-03 12:56:35] 尝试 2/3...
[2026-03-03 12:56:35] 启动 FortiClient GUI...
[2026-03-03 12:56:38] ❌ FortiClient GUI 启动失败
[2026-03-03 12:56:38] 重试 2 失败：无法启动 FortiClient
[2026-03-03 12:56:48] 尝试 3/3...
[2026-03-03 12:56:48] 启动 FortiClient GUI...
[2026-03-03 12:56:48] FortiClient 已在运行，先关闭...
[2026-03-03 12:56:53] ✅ FortiClient GUI 已启动
[2026-03-03 12:56:53] 触发 VPN 连接（Playwright 自动化）...
[2026-03-03 12:57:11] 重试 3 失败：自动登录失败
[2026-03-03 12:57:21] ❌ VPN 重连失败（已尝试 3 次）
[2026-03-03 12:57:21] ========== VPN 重连失败 ==========
[2026-03-03 12:58:21] ✅ VPN 已连接
[2026-03-03 12:59:21] ✅ VPN 已连接
[2026-03-03 13:00:21] ✅ VPN 已连接
[2026-03-03 13:01:21] ✅ VPN 已连接
[2026-03-03 13:02:21] ✅ VPN 已连接
[2026-03-03 13:03:21] ✅ VPN 已连接
[2026-03-03 13:04:21] ✅ VPN 已连接
[2026-03-03 13:05:21] ✅ VPN 已连接
[2026-03-03 13:06:21] ✅ VPN 已连接
[2026-03-03 13:07:21] ✅ VPN 已连接
[2026-03-03 13:08:22] ✅ VPN 已连接
[2026-03-03 13:09:22] ✅ VPN 已连接
[2026-03-03 13:10:22] ✅ VPN 已连接
[2026-03-03 13:11:22] ✅ VPN 已连接
[2026-03-03 13:12:22] ✅ VPN 已连接
[2026-03-03 13:13:22] ✅ VPN 已连接
[2026-03-03 13:14:22] ✅ VPN 已连接
[2026-03-03 13:15:22] ✅ VPN 已连接
[2026-03-03 13:16:22] ✅ VPN 已连接
[2026-03-03 13:17:22] ✅ VPN 已连接
[2026-03-03 13:18:22] ✅ VPN 已连接
[2026-03-03 13:19:22] ✅ VPN 已连接
[2026-03-03 13:20:22] ✅ VPN 已连接
[2026-03-03 13:21:22] ✅ VPN 已连接
[2026-03-03 13:22:22] ✅ VPN 已连接
[2026-03-03 13:23:22] ✅ VPN 已连接
[2026-03-03 13:24:23] ✅ VPN 已连接
[2026-03-03 13:25:23] ✅ VPN 已连接
[2026-03-03 13:26:23] ✅ VPN 已连接
[2026-03-03 13:27:23] ✅ VPN 已连接
[2026-03-03 13:28:23] ✅ VPN 已连接
[2026-03-03 13:29:23] ✅ VPN 已连接
[2026-03-03 13:30:23] ❌ VPN 未连接，触发重连...
[2026-03-03 13:30:23] ========== VPN 重连开始 ==========
[2026-03-03 13:30:23] 尝试 1/3...
[2026-03-03 13:30:23] 启动 FortiClient GUI...
[2026-03-03 13:30:23] FortiClient 已在运行，先关闭...
[2026-03-03 13:30:28] ❌ FortiClient GUI 启动失败
[2026-03-03 13:30:28] 重试 1 失败：无法启动 FortiClient
[2026-03-03 13:30:38] 尝试 2/3...
[2026-03-03 13:30:38] 启动 FortiClient GUI...
[2026-03-03 13:30:38] FortiClient 已在运行，先关闭...
[2026-03-03 13:30:43] ❌ FortiClient GUI 启动失败
[2026-03-03 13:30:43] 重试 2 失败：无法启动 FortiClient
[2026-03-03 13:30:53] 尝试 3/3...
[2026-03-03 13:30:53] 启动 FortiClient GUI...
[2026-03-03 13:30:56] ❌ FortiClient GUI 启动失败
[2026-03-03 13:30:56] 重试 3 失败：无法启动 FortiClient
[2026-03-03 13:31:06] ❌ VPN 重连失败（已尝试 3 次）
[2026-03-03 13:31:06] ========== VPN 重连失败 ==========
[2026-03-03 13:32:06] ❌ VPN 未连接，触发重连...
[2026-03-03 13:32:06] ========== VPN 重连开始 ==========
[2026-03-03 13:32:06] 尝试 1/3...
[2026-03-03 13:32:06] 启动 FortiClient GUI...
[2026-03-03 13:32:09] ❌ FortiClient GUI 启动失败
[2026-03-03 13:32:09] 重试 1 失败：无法启动 FortiClient
[2026-03-03 13:32:19] 尝试 2/3...
[2026-03-03 13:32:19] 启动 FortiClient GUI...
[2026-03-03 13:32:22] ❌ FortiClient GUI 启动失败
[2026-03-03 13:32:22] 重试 2 失败：无法启动 FortiClient
[2026-03-03 13:32:32] 尝试 3/3...
[2026-03-03 13:32:32] 启动 FortiClient GUI...
[2026-03-03 13:32:35] ❌ FortiClient GUI 启动失败
[2026-03-03 13:32:35] 重试 3 失败：无法启动 FortiClient
[2026-03-03 13:32:45] ❌ VPN 重连失败（已尝试 3 次）
[2026-03-03 13:32:45] ========== VPN 重连失败 ==========
[2026-03-03 13:33:45] ❌ VPN 未连接，触发重连...
[2026-03-03 13:33:45] ========== VPN 重连开始 ==========
[2026-03-03 13:33:45] 尝试 1/3...
[2026-03-03 13:33:45] 启动 FortiClient GUI...
[2026-03-03 13:33:48] ❌ FortiClient GUI 启动失败
[2026-03-03 13:33:48] 重试 1 失败：无法启动 FortiClient
[2026-03-03 13:33:58] 尝试 2/3...
[2026-03-03 13:33:58] 启动 FortiClient GUI...
[2026-03-03 13:34:01] ❌ FortiClient GUI 启动失败
[2026-03-03 13:34:01] 重试 2 失败：无法启动 FortiClient
[2026-03-03 13:34:11] 尝试 3/3...
[2026-03-03 13:34:11] 启动 FortiClient GUI...
[2026-03-03 13:34:14] ❌ FortiClient GUI 启动失败
[2026-03-03 13:34:14] 重试 3 失败：无法启动 FortiClient
[2026-03-03 13:34:24] ❌ VPN 重连失败（已尝试 3 次）
[2026-03-03 13:34:24] ========== VPN 重连失败 ==========
[2026-03-03 13:35:25] ❌ VPN 未连接，触发重连...
[2026-03-03 13:35:25] ========== VPN 重连开始 ==========
[2026-03-03 13:35:25] 尝试 1/3...
[2026-03-03 13:35:25] 启动 FortiClient GUI...
[2026-03-03 13:35:28] ❌ FortiClient GUI 启动失败
[2026-03-03 13:35:28] 重试 1 失败：无法启动 FortiClient
[2026-03-03 13:35:38] 尝试 2/3...
[2026-03-03 13:35:38] 启动 FortiClient GUI...
[2026-03-03 13:35:41] ❌ FortiClient GUI 启动失败
[2026-03-03 13:35:41] 重试 2 失败：无法启动 FortiClient
[2026-03-03 13:35:51] 尝试 3/3...
[2026-03-03 13:35:51] 启动 FortiClient GUI...
[2026-03-03 13:35:54] ❌ FortiClient GUI 启动失败
[2026-03-03 13:35:54] 重试 3 失败：无法启动 FortiClient
[2026-03-03 13:36:04] ❌ VPN 重连失败（已尝试 3 次）
[2026-03-03 13:36:04] ========== VPN 重连失败 ==========
[2026-03-03 13:37:04] ❌ VPN 未连接，触发重连...
[2026-03-03 13:37:04] ========== VPN 重连开始 ==========
[2026-03-03 13:37:04] 尝试 1/3...
[2026-03-03 13:37:04] 启动 FortiClient GUI...
[2026-03-03 13:37:07] ❌ FortiClient GUI 启动失败
[2026-03-03 13:37:07] 重试 1 失败：无法启动 FortiClient
[2026-03-03 13:37:17] 尝试 2/3...
[2026-03-03 13:37:17] 启动 FortiClient GUI...
[2026-03-03 13:37:20] ❌ FortiClient GUI 启动失败
[2026-03-03 13:37:20] 重试 2 失败：无法启动 FortiClient
[2026-03-03 13:37:30] 尝试 3/3...
[2026-03-03 13:37:30] 启动 FortiClient GUI...
[2026-03-03 13:37:33] ❌ FortiClient GUI 启动失败
[2026-03-03 13:37:33] 重试 3 失败：无法启动 FortiClient
[2026-03-03 13:37:43] ❌ VPN 重连失败（已尝试 3 次）
[2026-03-03 13:37:43] ========== VPN 重连失败 ==========
[2026-03-03 13:38:43] ❌ VPN 未连接，触发重连...
[2026-03-03 13:38:43] ========== VPN 重连开始 ==========
[2026-03-03 13:38:43] 尝试 1/3...
[2026-03-03 13:38:43] 启动 FortiClient GUI...
[2026-03-03 13:38:46] ❌ FortiClient GUI 启动失败
[2026-03-03 13:38:46] 重试 1 失败：无法启动 FortiClient
[2026-03-03 13:38:56] 尝试 2/3...
[2026-03-03 13:38:56] 启动 FortiClient GUI...
[2026-03-03 13:38:59] ❌ FortiClient GUI 启动失败
[2026-03-03 13:38:59] 重试 2 失败：无法启动 FortiClient
[2026-03-03 13:39:09] 尝试 3/3...
[2026-03-03 13:39:09] 启动 FortiClient GUI...
[2026-03-03 13:39:12] ❌ FortiClient GUI 启动失败
[2026-03-03 13:39:12] 重试 3 失败：无法启动 FortiClient
[2026-03-03 13:39:22] ❌ VPN 重连失败（已尝试 3 次）
[2026-03-03 13:39:22] ========== VPN 重连失败 ==========
[2026-03-03 13:40:22] ✅ VPN 已连接
[2026-03-03 13:41:22] ✅ VPN 已连接
[2026-03-03 13:42:22] ✅ VPN 已连接
[2026-03-03 13:43:22] ✅ VPN 已连接
[2026-03-03 13:44:22] ✅ VPN 已连接
[2026-03-03 13:45:23] ✅ VPN 已连接
[2026-03-03 13:46:23] ✅ VPN 已连接
[2026-03-03 13:47:23] ✅ VPN 已连接
[2026-03-03 13:48:23] ✅ VPN 已连接
[2026-03-03 13:49:23] ✅ VPN 已连接
[2026-03-03 13:50:23] ✅ VPN 已连接
[2026-03-03 13:51:23] ✅ VPN 已连接
[2026-03-03 13:52:23] ✅ VPN 已连接
[2026-03-03 13:53:23] ❌ VPN 未连接，触发重连...
[2026-03-03 13:53:23] ========== VPN 重连开始 ==========
[2026-03-03 13:53:23] 尝试 1/3...
[2026-03-03 13:53:23] 启动 FortiClient GUI...
[2026-03-03 13:53:23] FortiClient 已在运行，先关闭...
[2026-03-03 13:53:28] ❌ FortiClient GUI 启动失败
[2026-03-03 13:53:28] 重试 1 失败：无法启动 FortiClient
[2026-03-03 13:53:38] 尝试 2/3...
[2026-03-03 13:53:38] 启动 FortiClient GUI...
[2026-03-03 13:53:41] ❌ FortiClient GUI 启动失败
[2026-03-03 13:53:41] 重试 2 失败：无法启动 FortiClient
[2026-03-03 13:53:51] 尝试 3/3...
[2026-03-03 13:53:51] 启动 FortiClient GUI...
[2026-03-03 13:53:54] ❌ FortiClient GUI 启动失败
[2026-03-03 13:53:54] 重试 3 失败：无法启动 FortiClient
[2026-03-03 13:54:04] ❌ VPN 重连失败（已尝试 3 次）
[2026-03-03 13:54:04] ========== VPN 重连失败 ==========
[2026-03-03 13:55:04] ❌ VPN 未连接，触发重连...
[2026-03-03 13:55:04] ========== VPN 重连开始 ==========
[2026-03-03 13:55:04] 尝试 1/3...
[2026-03-03 13:55:04] 启动 FortiClient GUI...
[2026-03-03 13:55:07] ❌ FortiClient GUI 启动失败
[2026-03-03 13:55:07] 重试 1 失败：无法启动 FortiClient
[2026-03-03 13:55:17] 尝试 2/3...
[2026-03-03 13:55:17] 启动 FortiClient GUI...
[2026-03-03 13:55:20] ❌ FortiClient GUI 启动失败
[2026-03-03 13:55:20] 重试 2 失败：无法启动 FortiClient
[2026-03-03 13:55:30] 尝试 3/3...
[2026-03-03 13:55:30] 启动 FortiClient GUI...
[2026-03-03 13:55:33] ❌ FortiClient GUI 启动失败
[2026-03-03 13:55:33] 重试 3 失败：无法启动 FortiClient
[2026-03-03 13:55:43] ❌ VPN 重连失败（已尝试 3 次）
[2026-03-03 13:55:43] ========== VPN 重连失败 ==========
[2026-03-03 13:56:43] ❌ VPN 未连接，触发重连...
[2026-03-03 13:56:43] ========== VPN 重连开始 ==========
[2026-03-03 13:56:43] 尝试 1/3...
[2026-03-03 13:56:43] 启动 FortiClient GUI...
[2026-03-03 13:56:46] ❌ FortiClient GUI 启动失败
[2026-03-03 13:56:46] 重试 1 失败：无法启动 FortiClient
[2026-03-03 13:56:56] 尝试 2/3...
[2026-03-03 13:56:56] 启动 FortiClient GUI...
[2026-03-03 13:56:59] ❌ FortiClient GUI 启动失败
[2026-03-03 13:56:59] 重试 2 失败：无法启动 FortiClient
[2026-03-03 13:57:09] 尝试 3/3...
[2026-03-03 13:57:09] 启动 FortiClient GUI...
[2026-03-03 13:57:13] ❌ FortiClient GUI 启动失败
[2026-03-03 13:57:13] 重试 3 失败：无法启动 FortiClient
[2026-03-03 13:57:23] ❌ VPN 重连失败（已尝试 3 次）
[2026-03-03 13:57:23] ========== VPN 重连失败 ==========
[2026-03-03 13:58:23] ❌ VPN 未连接，触发重连...
[2026-03-03 13:58:23] ========== VPN 重连开始 ==========
[2026-03-03 13:58:23] 尝试 1/3...
[2026-03-03 13:58:23] 启动 FortiClient GUI...
[2026-03-03 13:58:26] ❌ FortiClient GUI 启动失败
[2026-03-03 13:58:26] 重试 1 失败：无法启动 FortiClient
[2026-03-03 13:58:36] 尝试 2/3...
[2026-03-03 13:58:36] 启动 FortiClient GUI...
[2026-03-03 13:58:39] ❌ FortiClient GUI 启动失败
[2026-03-03 13:58:39] 重试 2 失败：无法启动 FortiClient
[2026-03-03 13:58:49] 尝试 3/3...
[2026-03-03 13:58:49] 启动 FortiClient GUI...
[2026-03-03 13:58:52] ❌ FortiClient GUI 启动失败
[2026-03-03 13:58:52] 重试 3 失败：无法启动 FortiClient
[2026-03-03 13:59:02] ❌ VPN 重连失败（已尝试 3 次）
[2026-03-03 13:59:02] ========== VPN 重连失败 ==========
[2026-03-03 14:00:02] ❌ VPN 未连接，触发重连...
[2026-03-03 14:00:02] ========== VPN 重连开始 ==========
[2026-03-03 14:00:02] 尝试 1/3...
[2026-03-03 14:00:02] 启动 FortiClient GUI...
[2026-03-03 14:00:02] FortiClient 已在运行，先关闭...
[2026-03-03 14:00:07] ❌ FortiClient GUI 启动失败
[2026-03-03 14:00:07] 重试 1 失败：无法启动 FortiClient
[2026-03-03 14:00:17] 尝试 2/3...
[2026-03-03 14:00:17] 启动 FortiClient GUI...
[2026-03-03 14:00:20] ❌ FortiClient GUI 启动失败
[2026-03-03 14:00:20] 重试 2 失败：无法启动 FortiClient
[2026-03-03 14:00:30] 尝试 3/3...
[2026-03-03 14:00:30] 启动 FortiClient GUI...
[2026-03-03 14:00:33] ❌ FortiClient GUI 启动失败
[2026-03-03 14:00:33] 重试 3 失败：无法启动 FortiClient
[2026-03-03 14:00:43] ❌ VPN 重连失败（已尝试 3 次）
[2026-03-03 14:00:43] ========== VPN 重连失败 ==========
[2026-03-03 14:01:43] ❌ VPN 未连接，触发重连...
[2026-03-03 14:01:43] ========== VPN 重连开始 ==========
[2026-03-03 14:01:43] 尝试 1/3...
[2026-03-03 14:01:43] 启动 FortiClient GUI...
[2026-03-03 14:01:43] FortiClient 已在运行，先关闭...
[2026-03-03 14:01:48] ❌ FortiClient GUI 启动失败
[2026-03-03 14:01:48] 重试 1 失败：无法启动 FortiClient
[2026-03-03 14:01:58] 尝试 2/3...
[2026-03-03 14:01:58] 启动 FortiClient GUI...
[2026-03-03 14:02:01] ❌ FortiClient GUI 启动失败
[2026-03-03 14:02:01] 重试 2 失败：无法启动 FortiClient
[2026-03-03 14:02:11] 尝试 3/3...
[2026-03-03 14:02:11] 启动 FortiClient GUI...
[2026-03-03 14:02:14] ❌ FortiClient GUI 启动失败
[2026-03-03 14:02:14] 重试 3 失败：无法启动 FortiClient
[2026-03-03 14:02:24] ❌ VPN 重连失败（已尝试 3 次）
[2026-03-03 14:02:24] ========== VPN 重连失败 ==========
[2026-03-03 14:03:24] ❌ VPN 未连接，触发重连...
[2026-03-03 14:03:24] ========== VPN 重连开始 ==========
[2026-03-03 14:03:24] 尝试 1/3...
[2026-03-03 14:03:24] 启动 FortiClient GUI...
[2026-03-03 14:03:27] ❌ FortiClient GUI 启动失败
[2026-03-03 14:03:27] 重试 1 失败：无法启动 FortiClient
[2026-03-03 14:03:37] 尝试 2/3...
[2026-03-03 14:03:37] 启动 FortiClient GUI...
[2026-03-03 14:03:40] ❌ FortiClient GUI 启动失败
[2026-03-03 14:03:40] 重试 2 失败：无法启动 FortiClient
[2026-03-03 14:03:50] 尝试 3/3...
[2026-03-03 14:03:50] 启动 FortiClient GUI...
[2026-03-03 14:03:54] ❌ FortiClient GUI 启动失败
[2026-03-03 14:03:54] 重试 3 失败：无法启动 FortiClient
[2026-03-03 14:04:04] ❌ VPN 重连失败（已尝试 3 次）
[2026-03-03 14:04:04] ========== VPN 重连失败 ==========
[2026-03-03 14:05:04] ❌ VPN 未连接，触发重连...
[2026-03-03 14:05:04] ========== VPN 重连开始 ==========
[2026-03-03 14:05:04] 尝试 1/3...
[2026-03-03 14:05:04] 启动 FortiClient GUI...
[2026-03-03 14:05:04] FortiClient 已在运行，先关闭...
[2026-03-03 14:05:09] ❌ FortiClient GUI 启动失败
[2026-03-03 14:05:09] 重试 1 失败：无法启动 FortiClient
[2026-03-03 14:05:19] 尝试 2/3...
[2026-03-03 14:05:19] 启动 FortiClient GUI...
[2026-03-03 14:05:22] ❌ FortiClient GUI 启动失败
[2026-03-03 14:05:22] 重试 2 失败：无法启动 FortiClient
[2026-03-03 14:05:32] 尝试 3/3...
[2026-03-03 14:05:32] 启动 FortiClient GUI...
[2026-03-03 14:05:35] ❌ FortiClient GUI 启动失败
[2026-03-03 14:05:35] 重试 3 失败：无法启动 FortiClient
[2026-03-03 14:05:45] ❌ VPN 重连失败（已尝试 3 次）
[2026-03-03 14:05:45] ========== VPN 重连失败 ==========
[2026-03-03 14:06:45] ❌ VPN 未连接，触发重连...
[2026-03-03 14:06:45] ========== VPN 重连开始 ==========
[2026-03-03 14:06:45] 尝试 1/3...
[2026-03-03 14:06:45] 启动 FortiClient GUI...
[2026-03-03 14:06:48] ❌ FortiClient GUI 启动失败
[2026-03-03 14:06:48] 重试 1 失败：无法启动 FortiClient
[2026-03-03 14:06:58] 尝试 2/3...
[2026-03-03 14:06:58] 启动 FortiClient GUI...
[2026-03-03 14:07:01] ❌ FortiClient GUI 启动失败
[2026-03-03 14:07:01] 重试 2 失败：无法启动 FortiClient
[2026-03-03 14:07:11] 尝试 3/3...
[2026-03-03 14:07:11] 启动 FortiClient GUI...
[2026-03-03 14:07:14] ❌ FortiClient GUI 启动失败
[2026-03-03 14:07:14] 重试 3 失败：无法启动 FortiClient
[2026-03-03 14:07:24] ❌ VPN 重连失败（已尝试 3 次）
[2026-03-03 14:07:24] ========== VPN 重连失败 ==========
[2026-03-03 14:08:24] ❌ VPN 未连接，触发重连...
[2026-03-03 14:08:24] ========== VPN 重连开始 ==========
[2026-03-03 14:08:24] 尝试 1/3...
[2026-03-03 14:08:24] 启动 FortiClient GUI...
[2026-03-03 14:08:27] ❌ FortiClient GUI 启动失败
[2026-03-03 14:08:27] 重试 1 失败：无法启动 FortiClient
[2026-03-03 14:08:37] 尝试 2/3...
[2026-03-03 14:08:37] 启动 FortiClient GUI...
[2026-03-03 14:08:40] ❌ FortiClient GUI 启动失败
[2026-03-03 14:08:40] 重试 2 失败：无法启动 FortiClient
[2026-03-03 14:08:50] 尝试 3/3...
[2026-03-03 14:08:50] 启动 FortiClient GUI...
[2026-03-03 14:08:53] ❌ FortiClient GUI 启动失败
[2026-03-03 14:08:53] 重试 3 失败：无法启动 FortiClient
[2026-03-03 14:09:03] ❌ VPN 重连失败（已尝试 3 次）
[2026-03-03 14:09:03] ========== VPN 重连失败 ==========
[2026-03-03 14:10:03] ❌ VPN 未连接，触发重连...
[2026-03-03 14:10:03] ========== VPN 重连开始 ==========
[2026-03-03 14:10:03] 尝试 1/3...
[2026-03-03 14:10:03] 启动 FortiClient GUI...
[2026-03-03 14:10:06] ❌ FortiClient GUI 启动失败
[2026-03-03 14:10:06] 重试 1 失败：无法启动 FortiClient
[2026-03-03 14:10:16] 尝试 2/3...
[2026-03-03 14:10:16] 启动 FortiClient GUI...
[2026-03-03 14:10:19] ❌ FortiClient GUI 启动失败
[2026-03-03 14:10:19] 重试 2 失败：无法启动 FortiClient
[2026-03-03 14:10:29] 尝试 3/3...
[2026-03-03 14:10:29] 启动 FortiClient GUI...
[2026-03-03 14:10:29] FortiClient 已在运行，先关闭...
[2026-03-03 14:10:34] ❌ FortiClient GUI 启动失败
[2026-03-03 14:10:34] 重试 3 失败：无法启动 FortiClient
[2026-03-03 14:10:44] ❌ VPN 重连失败（已尝试 3 次）
[2026-03-03 14:10:44] ========== VPN 重连失败 ==========
[2026-03-03 14:11:44] ❌ VPN 未连接，触发重连...
[2026-03-03 14:11:44] ========== VPN 重连开始 ==========
[2026-03-03 14:11:44] 尝试 1/3...
[2026-03-03 14:11:44] 启动 FortiClient GUI...
[2026-03-03 14:11:47] ❌ FortiClient GUI 启动失败
[2026-03-03 14:11:47] 重试 1 失败：无法启动 FortiClient
[2026-03-03 14:11:57] 尝试 2/3...
[2026-03-03 14:11:57] 启动 FortiClient GUI...
[2026-03-03 14:12:00] ❌ FortiClient GUI 启动失败
[2026-03-03 14:12:00] 重试 2 失败：无法启动 FortiClient
[2026-03-03 14:12:10] 尝试 3/3...
[2026-03-03 14:12:10] 启动 FortiClient GUI...
[2026-03-03 14:12:14] ❌ FortiClient GUI 启动失败
[2026-03-03 14:12:14] 重试 3 失败：无法启动 FortiClient
[2026-03-03 14:12:24] ❌ VPN 重连失败（已尝试 3 次）
[2026-03-03 14:12:24] ========== VPN 重连失败 ==========
[2026-03-03 14:13:24] ❌ VPN 未连接，触发重连...
[2026-03-03 14:13:24] ========== VPN 重连开始 ==========
[2026-03-03 14:13:24] 尝试 1/3...
[2026-03-03 14:13:24] 启动 FortiClient GUI...
[2026-03-03 14:13:24] FortiClient 已在运行，先关闭...
[2026-03-03 14:13:29] ❌ FortiClient GUI 启动失败
[2026-03-03 14:13:29] 重试 1 失败：无法启动 FortiClient
[2026-03-03 14:13:39] 尝试 2/3...
[2026-03-03 14:13:39] 启动 FortiClient GUI...
[2026-03-03 14:13:42] ❌ FortiClient GUI 启动失败
[2026-03-03 14:13:42] 重试 2 失败：无法启动 FortiClient
[2026-03-03 14:13:52] 尝试 3/3...
[2026-03-03 14:13:52] 启动 FortiClient GUI...
[2026-03-03 14:13:55] ❌ FortiClient GUI 启动失败
[2026-03-03 14:13:55] 重试 3 失败：无法启动 FortiClient
[2026-03-03 14:14:05] ❌ VPN 重连失败（已尝试 3 次）
[2026-03-03 14:14:05] ========== VPN 重连失败 ==========
[2026-03-03 14:15:05] ❌ VPN 未连接，触发重连...
[2026-03-03 14:15:05] ========== VPN 重连开始 ==========
[2026-03-03 14:15:05] 尝试 1/3...
[2026-03-03 14:15:05] 启动 FortiClient GUI...
[2026-03-03 14:15:08] ❌ FortiClient GUI 启动失败
[2026-03-03 14:15:08] 重试 1 失败：无法启动 FortiClient
[2026-03-03 14:15:18] 尝试 2/3...
[2026-03-03 14:15:18] 启动 FortiClient GUI...
[2026-03-03 14:15:21] ❌ FortiClient GUI 启动失败
[2026-03-03 14:15:21] 重试 2 失败：无法启动 FortiClient
[2026-03-03 14:15:31] 尝试 3/3...
[2026-03-03 14:15:31] 启动 FortiClient GUI...
[2026-03-03 14:15:31] FortiClient 已在运行，先关闭...
[2026-03-03 14:15:36] ❌ FortiClient GUI 启动失败
[2026-03-03 14:15:36] 重试 3 失败：无法启动 FortiClient
[2026-03-03 14:15:46] ❌ VPN 重连失败（已尝试 3 次）
[2026-03-03 14:15:46] ========== VPN 重连失败 ==========
[2026-03-03 14:16:46] ❌ VPN 未连接，触发重连...
[2026-03-03 14:16:46] ========== VPN 重连开始 ==========
[2026-03-03 14:16:46] 尝试 1/3...
[2026-03-03 14:16:46] 启动 FortiClient GUI...
[2026-03-03 14:16:49] ❌ FortiClient GUI 启动失败
[2026-03-03 14:16:49] 重试 1 失败：无法启动 FortiClient
[2026-03-03 14:16:59] 尝试 2/3...
[2026-03-03 14:16:59] 启动 FortiClient GUI...
[2026-03-03 14:17:02] ❌ FortiClient GUI 启动失败
[2026-03-03 14:17:02] 重试 2 失败：无法启动 FortiClient
[2026-03-03 14:17:12] 尝试 3/3...
[2026-03-03 14:17:12] 启动 FortiClient GUI...
[2026-03-03 14:17:15] ❌ FortiClient GUI 启动失败
[2026-03-03 14:17:15] 重试 3 失败：无法启动 FortiClient
[2026-03-03 14:17:25] ❌ VPN 重连失败（已尝试 3 次）
[2026-03-03 14:17:25] ========== VPN 重连失败 ==========
[2026-03-03 14:18:25] ❌ VPN 未连接，触发重连...
[2026-03-03 14:18:25] ========== VPN 重连开始 ==========
[2026-03-03 14:18:25] 尝试 1/3...
[2026-03-03 14:18:25] 启动 FortiClient GUI...
[2026-03-03 14:18:25] FortiClient 已在运行，先关闭...
[2026-03-03 14:18:30] ❌ FortiClient GUI 启动失败
[2026-03-03 14:18:30] 重试 1 失败：无法启动 FortiClient
[2026-03-03 14:18:40] 尝试 2/3...
[2026-03-03 14:18:40] 启动 FortiClient GUI...
[2026-03-03 14:18:43] ❌ FortiClient GUI 启动失败
[2026-03-03 14:18:43] 重试 2 失败：无法启动 FortiClient
[2026-03-03 14:18:53] 尝试 3/3...
[2026-03-03 14:18:53] 启动 FortiClient GUI...
[2026-03-03 14:18:56] ❌ FortiClient GUI 启动失败
[2026-03-03 14:18:56] 重试 3 失败：无法启动 FortiClient
[2026-03-03 14:19:06] ❌ VPN 重连失败（已尝试 3 次）
[2026-03-03 14:19:06] ========== VPN 重连失败 ==========
[2026-03-03 14:20:06] ❌ VPN 未连接，触发重连...
[2026-03-03 14:20:06] ========== VPN 重连开始 ==========
[2026-03-03 14:20:06] 尝试 1/3...
[2026-03-03 14:20:06] 启动 FortiClient GUI...
[2026-03-03 14:20:10] ❌ FortiClient GUI 启动失败
[2026-03-03 14:20:10] 重试 1 失败：无法启动 FortiClient
[2026-03-03 14:20:20] 尝试 2/3...
[2026-03-03 14:20:20] 启动 FortiClient GUI...
[2026-03-03 14:20:23] ❌ FortiClient GUI 启动失败
[2026-03-03 14:20:23] 重试 2 失败：无法启动 FortiClient
[2026-03-03 14:20:33] 尝试 3/3...
[2026-03-03 14:20:33] 启动 FortiClient GUI...
[2026-03-03 14:20:33] FortiClient 已在运行，先关闭...
[2026-03-03 14:20:38] ❌ FortiClient GUI 启动失败
[2026-03-03 14:20:38] 重试 3 失败：无法启动 FortiClient
[2026-03-03 14:20:48] ❌ VPN 重连失败（已尝试 3 次）
[2026-03-03 14:20:48] ========== VPN 重连失败 ==========
[2026-03-03 14:21:48] ❌ VPN 未连接，触发重连...
[2026-03-03 14:21:48] ========== VPN 重连开始 ==========
[2026-03-03 14:21:48] 尝试 1/3...
[2026-03-03 14:21:48] 启动 FortiClient GUI...
[2026-03-03 14:21:51] ❌ FortiClient GUI 启动失败
[2026-03-03 14:21:51] 重试 1 失败：无法启动 FortiClient
[2026-03-03 14:22:01] 尝试 2/3...
[2026-03-03 14:22:01] 启动 FortiClient GUI...
[2026-03-03 14:22:04] ❌ FortiClient GUI 启动失败
[2026-03-03 14:22:04] 重试 2 失败：无法启动 FortiClient
[2026-03-03 14:22:14] 尝试 3/3...
[2026-03-03 14:22:14] 启动 FortiClient GUI...
[2026-03-03 14:22:17] ❌ FortiClient GUI 启动失败
[2026-03-03 14:22:17] 重试 3 失败：无法启动 FortiClient
[2026-03-03 14:22:27] ❌ VPN 重连失败（已尝试 3 次）
[2026-03-03 14:22:27] ========== VPN 重连失败 ==========
[2026-03-03 14:23:27] ❌ VPN 未连接，触发重连...
[2026-03-03 14:23:27] ========== VPN 重连开始 ==========
[2026-03-03 14:23:27] 尝试 1/3...
[2026-03-03 14:23:27] 启动 FortiClient GUI...
[2026-03-03 14:23:30] ❌ FortiClient GUI 启动失败
[2026-03-03 14:23:30] 重试 1 失败：无法启动 FortiClient
[2026-03-03 14:23:40] 尝试 2/3...
[2026-03-03 14:23:40] 启动 FortiClient GUI...
[2026-03-03 14:23:43] ❌ FortiClient GUI 启动失败
[2026-03-03 14:23:43] 重试 2 失败：无法启动 FortiClient
[2026-03-03 14:23:53] 尝试 3/3...
[2026-03-03 14:23:53] 启动 FortiClient GUI...
[2026-03-03 14:23:56] ❌ FortiClient GUI 启动失败
[2026-03-03 14:23:56] 重试 3 失败：无法启动 FortiClient
[2026-03-03 14:24:06] ❌ VPN 重连失败（已尝试 3 次）
[2026-03-03 14:24:06] ========== VPN 重连失败 ==========
[2026-03-03 14:25:06] ✅ VPN 已连接
[2026-03-03 14:26:06] ✅ VPN 已连接
[2026-03-03 14:27:06] ✅ VPN 已连接
[2026-03-03 14:28:06] ✅ VPN 已连接
[2026-03-03 14:29:06] ✅ VPN 已连接
[2026-03-03 14:30:07] ✅ VPN 已连接
[2026-03-03 14:31:07] ✅ VPN 已连接
[2026-03-03 14:32:07] ✅ VPN 已连接
[2026-03-03 14:33:07] ✅ VPN 已连接
[2026-03-03 14:34:07] ✅ VPN 已连接
[2026-03-03 14:35:07] ✅ VPN 已连接
[2026-03-03 14:36:07] ✅ VPN 已连接
[2026-03-03 14:37:07] ✅ VPN 已连接
[2026-03-03 14:38:07] ❌ VPN 未连接，触发重连...
[2026-03-03 14:38:07] ========== VPN 重连开始 ==========
[2026-03-03 14:38:07] 尝试 1/3...
[2026-03-03 14:38:07] 启动 FortiClient GUI...
[2026-03-03 14:38:07] FortiClient 已在运行，先关闭...
[2026-03-03 14:38:12] ✅ FortiClient GUI 已启动
[2026-03-03 14:38:12] 触发 VPN 连接（Playwright 自动化）...
[2026-03-03 14:39:22] 重试 1 失败：自动登录失败
[2026-03-03 14:39:32] 尝试 2/3...
[2026-03-03 14:39:32] 启动 FortiClient GUI...
[2026-03-03 14:39:35] ❌ FortiClient GUI 启动失败
[2026-03-03 14:39:35] 重试 2 失败：无法启动 FortiClient
[2026-03-03 14:39:45] 尝试 3/3...
[2026-03-03 14:39:45] 启动 FortiClient GUI...
[2026-03-03 14:39:45] FortiClient 已在运行，先关闭...
[2026-03-03 14:39:50] ❌ FortiClient GUI 启动失败
[2026-03-03 14:39:50] 重试 3 失败：无法启动 FortiClient
[2026-03-03 14:40:00] ❌ VPN 重连失败（已尝试 3 次）
[2026-03-03 14:40:00] ========== VPN 重连失败 ==========
[2026-03-03 14:41:00] ❌ VPN 未连接，触发重连...
[2026-03-03 14:41:00] ========== VPN 重连开始 ==========
[2026-03-03 14:41:00] 尝试 1/3...
[2026-03-03 14:41:00] 启动 FortiClient GUI...
[2026-03-03 14:41:03] ❌ FortiClient GUI 启动失败
[2026-03-03 14:41:03] 重试 1 失败：无法启动 FortiClient
[2026-03-03 14:41:13] 尝试 2/3...
[2026-03-03 14:41:13] 启动 FortiClient GUI...
[2026-03-03 14:41:16] ❌ FortiClient GUI 启动失败
[2026-03-03 14:41:16] 重试 2 失败：无法启动 FortiClient
[2026-03-03 14:41:26] 尝试 3/3...
[2026-03-03 14:41:26] 启动 FortiClient GUI...
[2026-03-03 14:41:29] ❌ FortiClient GUI 启动失败
[2026-03-03 14:41:29] 重试 3 失败：无法启动 FortiClient
[2026-03-03 14:41:39] ❌ VPN 重连失败（已尝试 3 次）
[2026-03-03 14:41:39] ========== VPN 重连失败 ==========
[2026-03-03 14:42:40] ✅ VPN 已连接
[2026-03-03 14:43:40] ✅ VPN 已连接
[2026-03-03 14:44:40] ✅ VPN 已连接
[2026-03-03 14:45:40] ✅ VPN 已连接
[2026-03-03 14:46:40] ✅ VPN 已连接
[2026-03-03 14:47:40] ❌ VPN 未连接，触发重连...
[2026-03-03 14:47:40] ========== VPN 重连开始 ==========
[2026-03-03 14:47:40] 尝试 1/3...
[2026-03-03 14:47:40] 启动 FortiClient GUI...
[2026-03-03 14:47:40] FortiClient 已在运行，先关闭...
[2026-03-03 14:47:45] ❌ FortiClient GUI 启动失败
[2026-03-03 14:47:45] 重试 1 失败：无法启动 FortiClient
[2026-03-03 14:47:55] 尝试 2/3...
[2026-03-03 14:47:55] 启动 FortiClient GUI...
[2026-03-03 14:47:58] ❌ FortiClient GUI 启动失败
[2026-03-03 14:47:58] 重试 2 失败：无法启动 FortiClient
[2026-03-03 14:48:08] 尝试 3/3...
[2026-03-03 14:48:08] 启动 FortiClient GUI...
[2026-03-03 14:48:11] ❌ FortiClient GUI 启动失败
[2026-03-03 14:48:11] 重试 3 失败：无法启动 FortiClient
[2026-03-03 14:48:21] ❌ VPN 重连失败（已尝试 3 次）
[2026-03-03 14:48:21] ========== VPN 重连失败 ==========
[2026-03-03 14:49:21] ❌ VPN 未连接，触发重连...
[2026-03-03 14:49:21] ========== VPN 重连开始 ==========
[2026-03-03 14:49:21] 尝试 1/3...
[2026-03-03 14:49:21] 启动 FortiClient GUI...
[2026-03-03 14:49:24] ❌ FortiClient GUI 启动失败
[2026-03-03 14:49:24] 重试 1 失败：无法启动 FortiClient
[2026-03-03 14:49:34] 尝试 2/3...
[2026-03-03 14:49:34] 启动 FortiClient GUI...
[2026-03-03 14:49:37] ❌ FortiClient GUI 启动失败
[2026-03-03 14:49:37] 重试 2 失败：无法启动 FortiClient
[2026-03-03 14:49:47] 尝试 3/3...
[2026-03-03 14:49:47] 启动 FortiClient GUI...
[2026-03-03 14:49:50] ❌ FortiClient GUI 启动失败
[2026-03-03 14:49:50] 重试 3 失败：无法启动 FortiClient
[2026-03-03 14:50:00] ❌ VPN 重连失败（已尝试 3 次）
[2026-03-03 14:50:00] ========== VPN 重连失败 ==========
[2026-03-03 14:51:00] ✅ VPN 已连接
[2026-03-03 14:52:00] ✅ VPN 已连接
[2026-03-03 14:53:00] ✅ VPN 已连接
[2026-03-03 14:54:00] ❌ VPN 未连接，触发重连...
[2026-03-03 14:54:00] ========== VPN 重连开始 ==========
[2026-03-03 14:54:00] 尝试 1/3...
[2026-03-03 14:54:00] 启动 FortiClient GUI...
[2026-03-03 14:54:00] FortiClient 已在运行，先关闭...
[2026-03-03 14:54:05] ✅ FortiClient GUI 已启动
[2026-03-03 14:54:05] 触发 VPN 连接（Playwright 自动化）...
[2026-03-03 14:55:15] 重试 1 失败：自动登录失败
[2026-03-03 14:55:25] 尝试 2/3...
[2026-03-03 14:55:25] 启动 FortiClient GUI...
[2026-03-03 14:55:28] ❌ FortiClient GUI 启动失败
[2026-03-03 14:55:28] 重试 2 失败：无法启动 FortiClient
[2026-03-03 14:55:38] 尝试 3/3...
[2026-03-03 14:55:38] 启动 FortiClient GUI...
[2026-03-03 14:55:41] ❌ FortiClient GUI 启动失败
[2026-03-03 14:55:41] 重试 3 失败：无法启动 FortiClient
[2026-03-03 14:55:51] ❌ VPN 重连失败（已尝试 3 次）
[2026-03-03 14:55:51] ========== VPN 重连失败 ==========
[2026-03-03 14:56:51] ❌ VPN 未连接，触发重连...
[2026-03-03 14:56:51] ========== VPN 重连开始 ==========
[2026-03-03 14:56:51] 尝试 1/3...
[2026-03-03 14:56:51] 启动 FortiClient GUI...
[2026-03-03 14:56:51] FortiClient 已在运行，先关闭...
[2026-03-03 14:56:57] ❌ FortiClient GUI 启动失败
[2026-03-03 14:56:57] 重试 1 失败：无法启动 FortiClient
[2026-03-03 14:57:07] 尝试 2/3...
[2026-03-03 14:57:07] 启动 FortiClient GUI...
[2026-03-03 14:57:10] ❌ FortiClient GUI 启动失败
[2026-03-03 14:57:10] 重试 2 失败：无法启动 FortiClient
[2026-03-03 14:57:20] 尝试 3/3...
[2026-03-03 14:57:20] 启动 FortiClient GUI...
[2026-03-03 14:57:23] ❌ FortiClient GUI 启动失败
[2026-03-03 14:57:23] 重试 3 失败：无法启动 FortiClient
[2026-03-03 14:57:33] ❌ VPN 重连失败（已尝试 3 次）
[2026-03-03 14:57:33] ========== VPN 重连失败 ==========
[2026-03-03 14:58:33] ✅ VPN 已连接
[2026-03-03 14:59:33] ✅ VPN 已连接
[2026-03-03 15:00:33] ✅ VPN 已连接
[2026-03-03 15:01:33] ✅ VPN 已连接
[2026-03-03 15:02:33] ✅ VPN 已连接
[2026-03-03 15:03:33] ✅ VPN 已连接
[2026-03-03 15:04:33] ✅ VPN 已连接
[2026-03-03 15:05:33] ✅ VPN 已连接
[2026-03-03 15:06:33] ✅ VPN 已连接
[2026-03-03 15:07:33] ✅ VPN 已连接
[2026-03-03 15:08:33] ✅ VPN 已连接
[2026-03-03 15:09:33] ✅ VPN 已连接
[2026-03-03 15:10:33] ✅ VPN 已连接
[2026-03-03 15:11:33] ✅ VPN 已连接
[2026-03-03 15:12:33] ✅ VPN 已连接
[2026-03-03 15:13:33] ✅ VPN 已连接
[2026-03-03 15:14:34] ✅ VPN 已连接
[2026-03-03 15:15:34] ✅ VPN 已连接
[2026-03-03 15:16:34] ✅ VPN 已连接
[2026-03-03 15:17:34] ✅ VPN 已连接
[2026-03-03 15:18:34] ✅ VPN 已连接
[2026-03-03 15:19:34] ✅ VPN 已连接
[2026-03-03 15:20:34] ✅ VPN 已连接
[2026-03-03 15:21:34] ✅ VPN 已连接
[2026-03-03 15:22:34] ✅ VPN 已连接
[2026-03-03 15:23:34] ✅ VPN 已连接
[2026-03-03 15:24:34] ✅ VPN 已连接
[2026-03-03 15:25:34] ✅ VPN 已连接
[2026-03-03 15:26:34] ✅ VPN 已连接
[2026-03-03 15:27:34] ✅ VPN 已连接
[2026-03-03 15:28:34] ✅ VPN 已连接
[2026-03-03 15:29:34] ✅ VPN 已连接
[2026-03-03 15:30:34] ✅ VPN 已连接
[2026-03-03 15:31:34] ✅ VPN 已连接
[2026-03-03 15:32:34] ✅ VPN 已连接
[2026-03-03 15:33:35] ✅ VPN 已连接
[2026-03-03 15:34:35] ✅ VPN 已连接
[2026-03-03 15:35:35] ✅ VPN 已连接
[2026-03-03 15:36:35] ✅ VPN 已连接
[2026-03-03 15:37:35] ✅ VPN 已连接
[2026-03-03 15:38:35] ✅ VPN 已连接
[2026-03-03 15:39:35] ✅ VPN 已连接
[2026-03-03 15:40:35] ✅ VPN 已连接
[2026-03-03 15:41:35] ✅ VPN 已连接
[2026-03-03 15:42:35] ✅ VPN 已连接
[2026-03-03 15:43:35] ✅ VPN 已连接
[2026-03-03 15:44:35] ✅ VPN 已连接
[2026-03-03 15:45:35] ✅ VPN 已连接
[2026-03-03 15:46:35] ✅ VPN 已连接
[2026-03-03 15:47:35] ✅ VPN 已连接
[2026-03-03 15:48:35] ✅ VPN 已连接
[2026-03-03 15:49:36] ✅ VPN 已连接
[2026-03-03 15:50:36] ✅ VPN 已连接
[2026-03-03 15:51:36] ✅ VPN 已连接
[2026-03-03 15:52:36] ✅ VPN 已连接
[2026-03-03 15:53:36] ✅ VPN 已连接
[2026-03-03 15:54:36] ✅ VPN 已连接
[2026-03-03 15:55:36] ✅ VPN 已连接
[2026-03-03 15:56:36] ✅ VPN 已连接
[2026-03-03 15:57:36] ✅ VPN 已连接
[2026-03-03 15:58:36] ✅ VPN 已连接
[2026-03-03 15:59:36] ✅ VPN 已连接
[2026-03-03 16:00:36] ✅ VPN 已连接
[2026-03-03 16:01:36] ✅ VPN 已连接
[2026-03-03 16:02:36] ✅ VPN 已连接
[2026-03-03 16:03:36] ✅ VPN 已连接
[2026-03-03 16:04:36] ✅ VPN 已连接
[2026-03-03 16:05:36] ✅ VPN 已连接
[2026-03-03 16:06:36] ✅ VPN 已连接
[2026-03-03 16:07:36] ✅ VPN 已连接
[2026-03-03 16:08:37] ✅ VPN 已连接
[2026-03-03 16:09:37] ✅ VPN 已连接
[2026-03-03 16:10:37] ✅ VPN 已连接
[2026-03-03 16:11:37] ✅ VPN 已连接
[2026-03-03 16:12:37] ✅ VPN 已连接
[2026-03-03 16:13:37] ✅ VPN 已连接
[2026-03-03 16:14:37] ✅ VPN 已连接
[2026-03-03 16:15:37] ✅ VPN 已连接
[2026-03-03 16:16:37] ✅ VPN 已连接
[2026-03-03 16:17:37] ✅ VPN 已连接
[2026-03-03 16:18:37] ✅ VPN 已连接
[2026-03-03 16:19:37] ✅ VPN 已连接
[2026-03-03 16:20:37] ✅ VPN 已连接
[2026-03-03 16:21:37] ✅ VPN 已连接
[2026-03-03 16:22:37] ✅ VPN 已连接
[2026-03-03 16:23:37] ✅ VPN 已连接
[2026-03-03 16:24:38] ✅ VPN 已连接
[2026-03-03 16:25:38] ✅ VPN 已连接
[2026-03-03 16:26:38] ✅ VPN 已连接
[2026-03-03 16:27:38] ✅ VPN 已连接
[2026-03-03 16:28:38] ✅ VPN 已连接
[2026-03-03 16:29:38] ✅ VPN 已连接
[2026-03-03 16:30:38] ✅ VPN 已连接
[2026-03-03 16:31:38] ✅ VPN 已连接
[2026-03-03 16:32:38] ✅ VPN 已连接
[2026-03-03 16:33:38] ✅ VPN 已连接
[2026-03-03 16:34:38] ✅ VPN 已连接
[2026-03-03 16:35:38] ✅ VPN 已连接
[2026-03-03 16:36:38] ✅ VPN 已连接
[2026-03-03 16:37:38] ✅ VPN 已连接
[2026-03-03 16:38:38] ✅ VPN 已连接
[2026-03-03 16:39:38] ✅ VPN 已连接
[2026-03-03 16:40:38] ✅ VPN 已连接
[2026-03-03 16:41:39] ✅ VPN 已连接
[2026-03-03 16:42:39] ✅ VPN 已连接
[2026-03-03 16:43:39] ✅ VPN 已连接
[2026-03-03 16:44:39] ✅ VPN 已连接
[2026-03-03 16:45:39] ✅ VPN 已连接
[2026-03-03 16:46:39] ✅ VPN 已连接
[2026-03-03 16:47:39] ✅ VPN 已连接
[2026-03-03 16:48:39] ✅ VPN 已连接
[2026-03-03 16:49:39] ✅ VPN 已连接
[2026-03-03 16:50:39] ✅ VPN 已连接
[2026-03-03 16:51:39] ✅ VPN 已连接
[2026-03-03 16:52:39] ✅ VPN 已连接
[2026-03-03 16:53:39] ✅ VPN 已连接
[2026-03-03 16:54:39] ✅ VPN 已连接
[2026-03-03 16:55:39] ✅ VPN 已连接
[2026-03-03 16:56:39] ✅ VPN 已连接
[2026-03-03 16:57:39] ✅ VPN 已连接
[2026-03-03 16:58:39] ✅ VPN 已连接
[2026-03-03 16:59:40] ✅ VPN 已连接
[2026-03-03 17:00:40] ✅ VPN 已连接
[2026-03-03 17:01:40] ✅ VPN 已连接
[2026-03-03 17:02:40] ✅ VPN 已连接
[2026-03-03 17:03:40] ✅ VPN 已连接
[2026-03-03 17:04:40] ✅ VPN 已连接
[2026-03-03 17:05:40] ✅ VPN 已连接
[2026-03-03 17:06:40] ✅ VPN 已连接
[2026-03-03 17:07:40] ✅ VPN 已连接
[2026-03-03 17:08:40] ✅ VPN 已连接
[2026-03-03 17:09:40] ✅ VPN 已连接
[2026-03-03 17:10:40] ✅ VPN 已连接
[2026-03-03 17:11:40] ✅ VPN 已连接
[2026-03-03 17:12:40] ✅ VPN 已连接
[2026-03-03 17:13:40] ✅ VPN 已连接
[2026-03-03 17:14:40] ✅ VPN 已连接
[2026-03-03 17:15:40] ✅ VPN 已连接
[2026-03-03 17:16:41] ✅ VPN 已连接
[2026-03-03 17:17:41] ✅ VPN 已连接
[2026-03-03 17:18:41] ✅ VPN 已连接
[2026-03-03 17:19:41] ✅ VPN 已连接
[2026-03-03 17:20:41] ✅ VPN 已连接
[2026-03-03 17:21:41] ✅ VPN 已连接
[2026-03-03 17:22:41] ✅ VPN 已连接
[2026-03-03 17:23:41] ✅ VPN 已连接
[2026-03-03 17:24:41] ✅ VPN 已连接
[2026-03-03 17:25:41] ✅ VPN 已连接
[2026-03-03 17:26:41] ✅ VPN 已连接
[2026-03-03 17:27:41] ✅ VPN 已连接
[2026-03-03 17:28:41] ✅ VPN 已连接
[2026-03-03 17:29:41] ✅ VPN 已连接
[2026-03-03 17:30:41] ✅ VPN 已连接
[2026-03-03 17:31:41] ✅ VPN 已连接
[2026-03-03 17:32:41] ✅ VPN 已连接
[2026-03-03 17:33:41] ✅ VPN 已连接
[2026-03-03 17:34:42] ✅ VPN 已连接
[2026-03-03 17:35:42] ✅ VPN 已连接
[2026-03-03 17:36:42] ✅ VPN 已连接
[2026-03-03 17:37:42] ✅ VPN 已连接
[2026-03-03 17:38:42] ✅ VPN 已连接
[2026-03-03 17:39:42] ✅ VPN 已连接
[2026-03-03 17:40:42] ✅ VPN 已连接
[2026-03-03 17:41:42] ✅ VPN 已连接
[2026-03-03 17:42:42] ✅ VPN 已连接
[2026-03-03 17:43:42] ✅ VPN 已连接
[2026-03-03 17:44:42] ✅ VPN 已连接
[2026-03-03 17:45:42] ✅ VPN 已连接
[2026-03-03 17:46:42] ✅ VPN 已连接
[2026-03-03 17:47:42] ✅ VPN 已连接
[2026-03-03 17:48:42] ✅ VPN 已连接
[2026-03-03 17:49:42] ✅ VPN 已连接
[2026-03-03 17:50:42] ✅ VPN 已连接
[2026-03-03 17:51:43] ✅ VPN 已连接
[2026-03-03 17:52:43] ✅ VPN 已连接
[2026-03-03 17:53:43] ✅ VPN 已连接
[2026-03-03 17:54:43] ✅ VPN 已连接
[2026-03-03 17:55:43] ✅ VPN 已连接
[2026-03-03 17:56:43] ✅ VPN 已连接
[2026-03-03 17:57:43] ✅ VPN 已连接
[2026-03-03 17:58:43] ✅ VPN 已连接
[2026-03-03 17:59:43] ✅ VPN 已连接
[2026-03-03 18:00:43] ✅ VPN 已连接
[2026-03-03 18:01:43] ✅ VPN 已连接
[2026-03-03 18:02:43] ✅ VPN 已连接
[2026-03-03 18:03:43] ✅ VPN 已连接
[2026-03-03 18:04:43] ✅ VPN 已连接
[2026-03-03 18:05:43] ✅ VPN 已连接
[2026-03-03 18:06:43] ✅ VPN 已连接
[2026-03-03 18:07:44] ✅ VPN 已连接
[2026-03-03 18:08:44] ✅ VPN 已连接
[2026-03-03 18:09:44] ✅ VPN 已连接
[2026-03-03 18:10:44] ✅ VPN 已连接
[2026-03-03 18:11:44] ✅ VPN 已连接
[2026-03-03 18:12:44] ✅ VPN 已连接
[2026-03-03 18:13:44] ✅ VPN 已连接
[2026-03-03 18:14:44] ✅ VPN 已连接
[2026-03-03 18:15:44] ✅ VPN 已连接
[2026-03-03 18:16:44] ✅ VPN 已连接
[2026-03-03 18:17:44] ✅ VPN 已连接
[2026-03-03 18:18:44] ✅ VPN 已连接
[2026-03-03 18:19:44] ✅ VPN 已连接
[2026-03-03 18:20:44] ✅ VPN 已连接
[2026-03-03 18:21:44] ✅ VPN 已连接
[2026-03-03 18:22:44] ✅ VPN 已连接
[2026-03-03 18:23:44] ✅ VPN 已连接
[2026-03-03 18:24:45] ✅ VPN 已连接
[2026-03-03 18:25:45] ✅ VPN 已连接
[2026-03-03 18:26:45] ✅ VPN 已连接
[2026-03-03 18:27:45] ✅ VPN 已连接
[2026-03-03 18:28:45] ✅ VPN 已连接
[2026-03-03 18:29:45] ✅ VPN 已连接
[2026-03-03 18:30:45] ✅ VPN 已连接
[2026-03-03 18:31:45] ✅ VPN 已连接
[2026-03-03 18:32:45] ✅ VPN 已连接
[2026-03-03 18:33:45] ✅ VPN 已连接
[2026-03-03 18:34:45] ✅ VPN 已连接
[2026-03-03 18:35:45] ✅ VPN 已连接
[2026-03-03 18:36:45] ✅ VPN 已连接
[2026-03-03 18:37:45] ✅ VPN 已连接
[2026-03-03 18:38:45] ✅ VPN 已连接
[2026-03-03 18:39:46] ✅ VPN 已连接
[2026-03-03 18:40:46] ✅ VPN 已连接
[2026-03-03 18:41:46] ✅ VPN 已连接
[2026-03-03 18:42:46] ✅ VPN 已连接
[2026-03-03 18:43:46] ✅ VPN 已连接
[2026-03-03 18:44:46] ✅ VPN 已连接
[2026-03-03 18:45:46] ✅ VPN 已连接
[2026-03-03 18:46:46] ✅ VPN 已连接
[2026-03-03 18:47:46] ✅ VPN 已连接
[2026-03-03 18:48:46] ✅ VPN 已连接
[2026-03-03 18:49:46] ✅ VPN 已连接
[2026-03-03 18:50:46] ✅ VPN 已连接
[2026-03-03 18:51:46] ✅ VPN 已连接
[2026-03-03 18:52:46] ✅ VPN 已连接
[2026-03-03 18:53:46] ✅ VPN 已连接
[2026-03-03 18:54:46] ✅ VPN 已连接
[2026-03-03 18:55:46] ✅ VPN 已连接
[2026-03-03 18:56:47] ✅ VPN 已连接
[2026-03-03 18:57:47] ✅ VPN 已连接
[2026-03-03 18:58:47] ✅ VPN 已连接
[2026-03-03 18:59:47] ✅ VPN 已连接
[2026-03-03 19:00:47] ✅ VPN 已连接
[2026-03-03 19:01:47] ✅ VPN 已连接
[2026-03-03 19:02:47] ✅ VPN 已连接
[2026-03-03 19:03:47] ✅ VPN 已连接
[2026-03-03 19:04:47] ✅ VPN 已连接
[2026-03-03 19:05:47] ✅ VPN 已连接
[2026-03-03 19:06:47] ✅ VPN 已连接
[2026-03-03 19:07:47] ✅ VPN 已连接
[2026-03-03 19:08:47] ✅ VPN 已连接
[2026-03-03 19:09:47] ✅ VPN 已连接
[2026-03-03 19:10:47] ✅ VPN 已连接
[2026-03-03 19:11:47] ✅ VPN 已连接
[2026-03-03 19:12:48] ✅ VPN 已连接
[2026-03-03 19:13:48] ✅ VPN 已连接
[2026-03-03 19:14:48] ✅ VPN 已连接
[2026-03-03 19:15:48] ✅ VPN 已连接
[2026-03-03 19:16:48] ✅ VPN 已连接
[2026-03-03 19:17:48] ✅ VPN 已连接
[2026-03-03 19:18:48] ✅ VPN 已连接
[2026-03-03 19:19:48] ✅ VPN 已连接
[2026-03-03 19:20:48] ✅ VPN 已连接
[2026-03-03 19:21:48] ✅ VPN 已连接
[2026-03-03 19:22:48] ✅ VPN 已连接
[2026-03-03 19:23:48] ✅ VPN 已连接
[2026-03-03 19:24:48] ✅ VPN 已连接
[2026-03-03 19:25:48] ✅ VPN 已连接
[2026-03-03 19:26:48] ✅ VPN 已连接
[2026-03-03 19:27:49] ✅ VPN 已连接
[2026-03-03 19:28:49] ✅ VPN 已连接
[2026-03-03 19:29:49] ✅ VPN 已连接
[2026-03-03 19:30:49] ✅ VPN 已连接
[2026-03-03 19:31:49] ✅ VPN 已连接
[2026-03-03 19:32:49] ✅ VPN 已连接
[2026-03-03 19:33:49] ✅ VPN 已连接
[2026-03-03 19:34:49] ✅ VPN 已连接
[2026-03-03 19:35:49] ✅ VPN 已连接
[2026-03-03 19:36:49] ✅ VPN 已连接
[2026-03-03 19:37:49] ✅ VPN 已连接
[2026-03-03 19:38:49] ✅ VPN 已连接
[2026-03-03 19:39:49] ✅ VPN 已连接
[2026-03-03 19:40:49] ✅ VPN 已连接
[2026-03-03 19:41:49] ✅ VPN 已连接
[2026-03-03 19:42:49] ✅ VPN 已连接
[2026-03-03 19:43:49] ✅ VPN 已连接
[2026-03-03 19:44:49] ✅ VPN 已连接
[2026-03-03 19:45:49] ✅ VPN 已连接
[2026-03-03 19:46:50] ✅ VPN 已连接
[2026-03-03 19:47:50] ✅ VPN 已连接
[2026-03-03 19:48:50] ✅ VPN 已连接
[2026-03-03 19:49:50] ✅ VPN 已连接
[2026-03-03 19:50:50] ✅ VPN 已连接
[2026-03-03 19:51:50] ✅ VPN 已连接
[2026-03-03 19:52:50] ✅ VPN 已连接
[2026-03-03 19:53:50] ✅ VPN 已连接
[2026-03-03 19:54:50] ✅ VPN 已连接
[2026-03-03 19:55:50] ✅ VPN 已连接
[2026-03-03 19:56:50] ✅ VPN 已连接
[2026-03-03 19:57:50] ✅ VPN 已连接
[2026-03-03 19:58:50] ✅ VPN 已连接
[2026-03-03 19:59:50] ✅ VPN 已连接
[2026-03-03 20:00:50] ✅ VPN 已连接
[2026-03-03 20:01:50] ✅ VPN 已连接
[2026-03-03 20:02:50] ✅ VPN 已连接
[2026-03-03 20:03:51] ✅ VPN 已连接
[2026-03-03 20:04:51] ✅ VPN 已连接
[2026-03-03 20:05:51] ✅ VPN 已连接
[2026-03-03 20:06:51] ✅ VPN 已连接
[2026-03-03 20:07:51] ✅ VPN 已连接
[2026-03-03 20:08:51] ✅ VPN 已连接
[2026-03-03 20:09:51] ✅ VPN 已连接
[2026-03-03 20:10:51] ✅ VPN 已连接
[2026-03-03 20:11:51] ✅ VPN 已连接
[2026-03-03 20:12:51] ✅ VPN 已连接
[2026-03-03 20:13:51] ✅ VPN 已连接
[2026-03-03 20:14:51] ✅ VPN 已连接
[2026-03-03 20:15:51] ✅ VPN 已连接
[2026-03-03 20:16:51] ✅ VPN 已连接
[2026-03-03 20:17:51] ✅ VPN 已连接
[2026-03-03 20:18:51] ✅ VPN 已连接
[2026-03-03 20:19:51] ✅ VPN 已连接
[2026-03-03 20:20:51] ✅ VPN 已连接
[2026-03-03 20:21:51] ✅ VPN 已连接
[2026-03-03 20:22:52] ✅ VPN 已连接
[2026-03-03 20:23:52] ✅ VPN 已连接
[2026-03-03 20:24:52] ✅ VPN 已连接
[2026-03-03 20:25:52] ✅ VPN 已连接
[2026-03-03 20:26:52] ✅ VPN 已连接
[2026-03-03 20:27:52] ✅ VPN 已连接
[2026-03-03 20:28:52] ✅ VPN 已连接
[2026-03-03 20:29:52] ✅ VPN 已连接
[2026-03-03 20:30:52] ✅ VPN 已连接
[2026-03-03 20:31:52] ✅ VPN 已连接
[2026-03-03 20:32:52] ✅ VPN 已连接
[2026-03-03 20:33:52] ✅ VPN 已连接
[2026-03-03 20:34:52] ✅ VPN 已连接
[2026-03-03 20:35:52] ✅ VPN 已连接
[2026-03-03 20:36:52] ✅ VPN 已连接
[2026-03-03 20:37:52] ✅ VPN 已连接
[2026-03-03 20:38:52] ✅ VPN 已连接
[2026-03-03 20:39:52] ✅ VPN 已连接
[2026-03-03 20:40:52] ✅ VPN 已连接
[2026-03-03 20:41:52] ✅ VPN 已连接
[2026-03-03 20:42:53] ✅ VPN 已连接
[2026-03-03 20:43:53] ✅ VPN 已连接
[2026-03-03 20:44:53] ✅ VPN 已连接
[2026-03-03 20:45:53] ✅ VPN 已连接
[2026-03-03 20:46:53] ✅ VPN 已连接
[2026-03-03 20:47:53] ✅ VPN 已连接
[2026-03-03 20:48:53] ✅ VPN 已连接
[2026-03-03 20:49:53] ✅ VPN 已连接
[2026-03-03 20:50:53] ✅ VPN 已连接
[2026-03-03 20:51:53] ✅ VPN 已连接
[2026-03-03 20:52:53] ✅ VPN 已连接
[2026-03-03 20:53:53] ✅ VPN 已连接
[2026-03-03 20:54:53] ✅ VPN 已连接
[2026-03-03 20:55:53] ✅ VPN 已连接
[2026-03-03 20:56:53] ✅ VPN 已连接
[2026-03-03 20:57:53] ✅ VPN 已连接
[2026-03-03 20:58:53] ✅ VPN 已连接
[2026-03-03 20:59:53] ✅ VPN 已连接
[2026-03-03 21:00:53] ✅ VPN 已连接
[2026-03-03 21:01:54] ✅ VPN 已连接
[2026-03-03 21:02:54] ✅ VPN 已连接
[2026-03-03 21:03:54] ✅ VPN 已连接
[2026-03-03 21:04:54] ✅ VPN 已连接
[2026-03-03 21:05:54] ✅ VPN 已连接
[2026-03-03 21:06:54] ✅ VPN 已连接
[2026-03-03 21:07:54] ✅ VPN 已连接
[2026-03-03 21:08:54] ✅ VPN 已连接
[2026-03-03 21:09:54] ✅ VPN 已连接
[2026-03-03 21:10:54] ✅ VPN 已连接
[2026-03-03 21:11:54] ✅ VPN 已连接
[2026-03-03 21:12:54] ✅ VPN 已连接
[2026-03-03 21:13:54] ✅ VPN 已连接
[2026-03-03 21:14:54] ✅ VPN 已连接
[2026-03-03 21:15:54] ✅ VPN 已连接
[2026-03-03 21:16:55] ✅ VPN 已连接
[2026-03-03 21:17:55] ✅ VPN 已连接
[2026-03-03 21:18:55] ✅ VPN 已连接
[2026-03-03 21:19:55] ✅ VPN 已连接
[2026-03-03 21:20:55] ✅ VPN 已连接
[2026-03-03 21:21:55] ✅ VPN 已连接
[2026-03-03 21:22:55] ✅ VPN 已连接
[2026-03-03 21:23:55] ✅ VPN 已连接
[2026-03-03 21:24:55] ✅ VPN 已连接
[2026-03-03 21:25:55] ✅ VPN 已连接
[2026-03-03 21:26:55] ✅ VPN 已连接
[2026-03-03 21:27:55] ✅ VPN 已连接
[2026-03-03 21:28:55] ✅ VPN 已连接
[2026-03-03 21:29:55] ✅ VPN 已连接
[2026-03-03 21:30:55] ✅ VPN 已连接
[2026-03-03 21:31:55] ✅ VPN 已连接
[2026-03-03 21:32:55] ✅ VPN 已连接
[2026-03-03 21:33:56] ✅ VPN 已连接
[2026-03-03 21:34:56] ✅ VPN 已连接
[2026-03-03 21:35:56] ✅ VPN 已连接
[2026-03-03 21:36:56] ✅ VPN 已连接
[2026-03-03 21:37:56] ✅ VPN 已连接
[2026-03-03 21:38:56] ✅ VPN 已连接
[2026-03-03 21:39:56] ✅ VPN 已连接
[2026-03-03 21:40:56] ✅ VPN 已连接
[2026-03-03 21:41:56] ✅ VPN 已连接
[2026-03-03 21:42:56] ✅ VPN 已连接
[2026-03-03 21:43:56] ✅ VPN 已连接
[2026-03-03 21:44:56] ✅ VPN 已连接
[2026-03-03 21:45:56] ✅ VPN 已连接
[2026-03-03 21:46:56] ✅ VPN 已连接
[2026-03-03 21:47:56] ✅ VPN 已连接
[2026-03-03 21:48:56] ✅ VPN 已连接
[2026-03-03 21:49:56] ✅ VPN 已连接
[2026-03-03 21:50:57] ✅ VPN 已连接
[2026-03-03 21:51:57] ✅ VPN 已连接
[2026-03-03 21:52:57] ✅ VPN 已连接
[2026-03-03 21:53:57] ✅ VPN 已连接
[2026-03-03 21:54:57] ✅ VPN 已连接
[2026-03-03 21:55:57] ✅ VPN 已连接
[2026-03-03 21:56:57] ✅ VPN 已连接
[2026-03-03 21:57:57] ✅ VPN 已连接
[2026-03-03 21:58:57] ✅ VPN 已连接
[2026-03-03 21:59:57] ✅ VPN 已连接
[2026-03-03 22:00:57] ✅ VPN 已连接
[2026-03-03 22:01:57] ✅ VPN 已连接
[2026-03-03 22:02:57] ✅ VPN 已连接
[2026-03-03 22:03:57] ✅ VPN 已连接
[2026-03-03 22:04:57] ✅ VPN 已连接
[2026-03-03 22:05:57] ✅ VPN 已连接
[2026-03-03 22:06:57] ✅ VPN 已连接
[2026-03-03 22:07:57] ✅ VPN 已连接
[2026-03-03 22:08:58] ✅ VPN 已连接
[2026-03-03 22:09:58] ✅ VPN 已连接
[2026-03-03 22:10:58] ✅ VPN 已连接
[2026-03-03 22:11:58] ✅ VPN 已连接
[2026-03-03 22:12:58] ✅ VPN 已连接
[2026-03-03 22:13:58] ✅ VPN 已连接
[2026-03-03 22:14:58] ✅ VPN 已连接
[2026-03-03 22:15:58] ✅ VPN 已连接
[2026-03-03 22:16:58] ✅ VPN 已连接
[2026-03-03 22:17:58] ✅ VPN 已连接
[2026-03-03 22:18:58] ✅ VPN 已连接
[2026-03-03 22:19:58] ✅ VPN 已连接
[2026-03-03 22:20:58] ✅ VPN 已连接
[2026-03-03 22:21:58] ✅ VPN 已连接
[2026-03-03 22:22:58] ✅ VPN 已连接
[2026-03-03 22:23:58] ✅ VPN 已连接
[2026-03-03 22:24:59] ✅ VPN 已连接
[2026-03-03 22:25:59] ✅ VPN 已连接
[2026-03-03 22:26:59] ✅ VPN 已连接
[2026-03-03 22:27:59] ✅ VPN 已连接
[2026-03-03 22:28:59] ✅ VPN 已连接
[2026-03-03 22:29:59] ✅ VPN 已连接
[2026-03-03 22:30:59] ✅ VPN 已连接
[2026-03-03 22:31:59] ✅ VPN 已连接
[2026-03-03 22:32:59] ✅ VPN 已连接
[2026-03-03 22:33:59] ✅ VPN 已连接
[2026-03-03 22:34:59] ✅ VPN 已连接
[2026-03-03 22:35:59] ✅ VPN 已连接
[2026-03-03 22:36:59] ✅ VPN 已连接
[2026-03-03 22:37:59] ✅ VPN 已连接
[2026-03-03 22:38:59] ✅ VPN 已连接
[2026-03-03 22:40:00] ✅ VPN 已连接
[2026-03-03 22:41:00] ✅ VPN 已连接
[2026-03-03 22:42:00] ✅ VPN 已连接
[2026-03-03 22:43:00] ✅ VPN 已连接
[2026-03-03 22:44:00] ✅ VPN 已连接
[2026-03-03 22:45:00] ✅ VPN 已连接
[2026-03-03 22:46:00] ✅ VPN 已连接
[2026-03-03 22:47:00] ✅ VPN 已连接
[2026-03-03 22:48:00] ✅ VPN 已连接
[2026-03-03 22:49:00] ✅ VPN 已连接
[2026-03-03 22:50:00] ✅ VPN 已连接
[2026-03-03 22:51:00] ✅ VPN 已连接
[2026-03-03 22:52:00] ✅ VPN 已连接
[2026-03-03 22:53:00] ✅ VPN 已连接
[2026-03-03 22:54:00] ✅ VPN 已连接
[2026-03-03 22:55:00] ✅ VPN 已连接
[2026-03-03 22:56:00] ✅ VPN 已连接
[2026-03-03 22:57:01] ✅ VPN 已连接
[2026-03-03 22:58:01] ✅ VPN 已连接
[2026-03-03 22:59:01] ❌ VPN 未连接，触发重连...
[2026-03-03 22:59:01] ========== VPN 重连开始 ==========
[2026-03-03 22:59:01] 尝试 1/3...
[2026-03-03 22:59:01] 启动 FortiClient GUI...
[2026-03-03 22:59:01] FortiClient 已在运行，先关闭...
[2026-03-03 22:59:06] ❌ FortiClient GUI 启动失败
[2026-03-03 22:59:06] 重试 1 失败：无法启动 FortiClient
[2026-03-03 22:59:16] 尝试 2/3...
[2026-03-03 22:59:16] 启动 FortiClient GUI...
[2026-03-03 22:59:19] ❌ FortiClient GUI 启动失败
[2026-03-03 22:59:19] 重试 2 失败：无法启动 FortiClient
[2026-03-03 22:59:29] 尝试 3/3...
[2026-03-03 22:59:29] 启动 FortiClient GUI...
[2026-03-03 22:59:32] ❌ FortiClient GUI 启动失败
[2026-03-03 22:59:32] 重试 3 失败：无法启动 FortiClient
[2026-03-03 22:59:42] ❌ VPN 重连失败（已尝试 3 次）
[2026-03-03 22:59:42] ========== VPN 重连失败 ==========
[2026-03-03 23:00:42] ❌ VPN 未连接，触发重连...
[2026-03-03 23:00:42] ========== VPN 重连开始 ==========
[2026-03-03 23:00:42] 尝试 1/3...
[2026-03-03 23:00:42] 启动 FortiClient GUI...
[2026-03-03 23:00:45] ❌ FortiClient GUI 启动失败
[2026-03-03 23:00:45] 重试 1 失败：无法启动 FortiClient
[2026-03-03 23:00:55] 尝试 2/3...
[2026-03-03 23:00:55] 启动 FortiClient GUI...
[2026-03-03 23:00:55] FortiClient 已在运行，先关闭...
[2026-03-03 23:01:00] ❌ FortiClient GUI 启动失败
[2026-03-03 23:01:00] 重试 2 失败：无法启动 FortiClient
[2026-03-03 23:01:10] 尝试 3/3...
[2026-03-03 23:01:10] 启动 FortiClient GUI...
[2026-03-03 23:01:13] ❌ FortiClient GUI 启动失败
[2026-03-03 23:01:13] 重试 3 失败：无法启动 FortiClient
[2026-03-03 23:01:23] ❌ VPN 重连失败（已尝试 3 次）
[2026-03-03 23:01:23] ========== VPN 重连失败 ==========
[2026-03-03 23:02:23] ❌ VPN 未连接，触发重连...
[2026-03-03 23:02:23] ========== VPN 重连开始 ==========
[2026-03-03 23:02:23] 尝试 1/3...
[2026-03-03 23:02:23] 启动 FortiClient GUI...
[2026-03-03 23:02:26] ❌ FortiClient GUI 启动失败
[2026-03-03 23:02:26] 重试 1 失败：无法启动 FortiClient
[2026-03-03 23:02:36] 尝试 2/3...
[2026-03-03 23:02:36] 启动 FortiClient GUI...
[2026-03-03 23:02:39] ❌ FortiClient GUI 启动失败
[2026-03-03 23:02:39] 重试 2 失败：无法启动 FortiClient
[2026-03-03 23:02:49] 尝试 3/3...
[2026-03-03 23:02:49] 启动 FortiClient GUI...
[2026-03-03 23:02:52] ❌ FortiClient GUI 启动失败
[2026-03-03 23:02:52] 重试 3 失败：无法启动 FortiClient
[2026-03-03 23:03:02] ❌ VPN 重连失败（已尝试 3 次）
[2026-03-03 23:03:02] ========== VPN 重连失败 ==========
[2026-03-03 23:04:02] ✅ VPN 已连接
[2026-03-03 23:05:02] ✅ VPN 已连接
[2026-03-03 23:06:02] ✅ VPN 已连接
[2026-03-03 23:07:03] ✅ VPN 已连接
[2026-03-03 23:08:03] ✅ VPN 已连接
[2026-03-03 23:09:03] ✅ VPN 已连接
[2026-03-03 23:10:03] ✅ VPN 已连接
[2026-03-03 23:11:03] ✅ VPN 已连接
[2026-03-03 23:12:03] ✅ VPN 已连接
[2026-03-03 23:13:03] ✅ VPN 已连接
[2026-03-03 23:14:03] ✅ VPN 已连接
[2026-03-03 23:15:03] ✅ VPN 已连接
[2026-03-03 23:16:03] ✅ VPN 已连接
[2026-03-03 23:17:03] ✅ VPN 已连接
[2026-03-03 23:18:03] ✅ VPN 已连接
[2026-03-03 23:19:03] ✅ VPN 已连接
[2026-03-03 23:20:03] ✅ VPN 已连接
[2026-03-03 23:21:03] ✅ VPN 已连接
[2026-03-03 23:22:03] ✅ VPN 已连接
[2026-03-03 23:23:04] ✅ VPN 已连接
[2026-03-03 23:24:04] ✅ VPN 已连接
[2026-03-03 23:25:04] ✅ VPN 已连接
[2026-03-03 23:26:04] ✅ VPN 已连接
[2026-03-03 23:27:04] ✅ VPN 已连接
[2026-03-03 23:28:04] ✅ VPN 已连接
[2026-03-03 23:29:04] ✅ VPN 已连接
[2026-03-03 23:30:04] ✅ VPN 已连接
[2026-03-03 23:31:04] ✅ VPN 已连接
[2026-03-03 23:32:04] ✅ VPN 已连接
[2026-03-03 23:33:04] ✅ VPN 已连接
[2026-03-03 23:34:04] ✅ VPN 已连接
[2026-03-03 23:35:04] ✅ VPN 已连接
[2026-03-03 23:36:04] ✅ VPN 已连接
[2026-03-03 23:37:04] ✅ VPN 已连接
[2026-03-03 23:38:04] ✅ VPN 已连接
[2026-03-03 23:39:05] ✅ VPN 已连接
[2026-03-03 23:40:05] ✅ VPN 已连接
[2026-03-03 23:41:05] ✅ VPN 已连接
[2026-03-03 23:42:05] ✅ VPN 已连接
[2026-03-03 23:43:05] ✅ VPN 已连接
[2026-03-03 23:44:05] ✅ VPN 已连接
[2026-03-03 23:45:05] ✅ VPN 已连接
[2026-03-03 23:46:05] ✅ VPN 已连接
[2026-03-03 23:47:05] ✅ VPN 已连接
[2026-03-03 23:48:05] ✅ VPN 已连接
[2026-03-03 23:49:05] ✅ VPN 已连接
[2026-03-03 23:50:05] ✅ VPN 已连接
[2026-03-03 23:51:05] ✅ VPN 已连接
[2026-03-03 23:52:05] ✅ VPN 已连接
[2026-03-03 23:53:06] ✅ VPN 已连接
[2026-03-03 23:54:06] ✅ VPN 已连接
[2026-03-03 23:55:06] ✅ VPN 已连接
[2026-03-03 23:56:06] ✅ VPN 已连接
[2026-03-03 23:57:06] ✅ VPN 已连接
[2026-03-03 23:58:06] ✅ VPN 已连接
[2026-03-03 23:59:06] ✅ VPN 已连接
[2026-03-04 00:00:06] ✅ VPN 已连接
[2026-03-04 00:01:06] ✅ VPN 已连接
[2026-03-04 00:02:06] ✅ VPN 已连接
[2026-03-04 00:03:06] ✅ VPN 已连接
[2026-03-04 00:04:06] ✅ VPN 已连接
[2026-03-04 00:05:06] ✅ VPN 已连接
[2026-03-04 00:06:06] ✅ VPN 已连接
[2026-03-04 00:07:06] ✅ VPN 已连接
[2026-03-04 00:08:07] ✅ VPN 已连接
[2026-03-04 00:09:07] ✅ VPN 已连接
[2026-03-04 00:10:07] ✅ VPN 已连接
[2026-03-04 00:11:07] ✅ VPN 已连接
[2026-03-04 00:12:07] ✅ VPN 已连接
[2026-03-04 00:13:07] ✅ VPN 已连接
[2026-03-04 00:14:07] ✅ VPN 已连接
[2026-03-04 00:15:07] ✅ VPN 已连接
[2026-03-04 00:16:07] ✅ VPN 已连接
[2026-03-04 00:17:07] ✅ VPN 已连接
[2026-03-04 00:18:07] ✅ VPN 已连接
[2026-03-04 00:19:07] ✅ VPN 已连接
[2026-03-04 00:20:07] ✅ VPN 已连接
[2026-03-04 00:21:07] ✅ VPN 已连接
[2026-03-04 00:22:07] ✅ VPN 已连接
[2026-03-04 00:23:08] ✅ VPN 已连接
[2026-03-04 00:24:08] ✅ VPN 已连接
[2026-03-04 00:25:08] ✅ VPN 已连接
[2026-03-04 00:26:08] ✅ VPN 已连接
[2026-03-04 00:27:08] ✅ VPN 已连接
[2026-03-04 00:28:08] ✅ VPN 已连接
[2026-03-04 00:29:08] ✅ VPN 已连接
[2026-03-04 00:30:08] ✅ VPN 已连接
[2026-03-04 00:31:08] ✅ VPN 已连接
[2026-03-04 00:32:08] ✅ VPN 已连接
[2026-03-04 00:33:08] ✅ VPN 已连接
[2026-03-04 00:34:08] ✅ VPN 已连接
[2026-03-04 00:35:08] ✅ VPN 已连接
[2026-03-04 00:36:08] ✅ VPN 已连接
[2026-03-04 00:37:08] ✅ VPN 已连接
[2026-03-04 00:38:09] ✅ VPN 已连接
[2026-03-04 00:39:09] ✅ VPN 已连接
[2026-03-04 00:40:09] ✅ VPN 已连接
[2026-03-04 00:41:09] ✅ VPN 已连接
[2026-03-04 00:42:09] ✅ VPN 已连接
[2026-03-04 00:43:09] ✅ VPN 已连接
[2026-03-04 00:44:09] ✅ VPN 已连接
[2026-03-04 00:45:09] ✅ VPN 已连接
[2026-03-04 00:46:09] ✅ VPN 已连接
[2026-03-04 00:47:09] ✅ VPN 已连接
[2026-03-04 00:48:09] ✅ VPN 已连接
[2026-03-04 00:49:09] ✅ VPN 已连接
[2026-03-04 00:50:09] ✅ VPN 已连接
[2026-03-04 00:51:09] ✅ VPN 已连接
[2026-03-04 00:52:10] ✅ VPN 已连接
[2026-03-04 00:53:10] ✅ VPN 已连接
[2026-03-04 00:54:10] ✅ VPN 已连接
[2026-03-04 00:55:10] ✅ VPN 已连接
[2026-03-04 00:56:10] ✅ VPN 已连接
[2026-03-04 00:57:10] ✅ VPN 已连接
[2026-03-04 00:58:10] ✅ VPN 已连接
[2026-03-04 00:59:10] ✅ VPN 已连接
[2026-03-04 01:00:10] ✅ VPN 已连接
[2026-03-04 01:01:10] ✅ VPN 已连接
[2026-03-04 01:02:10] ✅ VPN 已连接
[2026-03-04 01:03:10] ✅ VPN 已连接
[2026-03-04 01:04:11] ✅ VPN 已连接
[2026-03-04 01:05:11] ✅ VPN 已连接
[2026-03-04 01:06:11] ✅ VPN 已连接
[2026-03-04 01:07:11] ✅ VPN 已连接
[2026-03-04 01:08:11] ✅ VPN 已连接
[2026-03-04 01:09:11] ✅ VPN 已连接
[2026-03-04 01:10:11] ✅ VPN 已连接
[2026-03-04 01:11:11] ✅ VPN 已连接
[2026-03-04 01:12:11] ✅ VPN 已连接
[2026-03-04 01:13:11] ✅ VPN 已连接
[2026-03-04 01:14:11] ✅ VPN 已连接
[2026-03-04 01:15:11] ✅ VPN 已连接
[2026-03-04 01:16:11] ✅ VPN 已连接
[2026-03-04 01:17:11] ✅ VPN 已连接
[2026-03-04 01:18:11] ✅ VPN 已连接
[2026-03-04 01:19:12] ✅ VPN 已连接
[2026-03-04 01:20:12] ✅ VPN 已连接
[2026-03-04 01:21:12] ✅ VPN 已连接
[2026-03-04 01:22:12] ✅ VPN 已连接
[2026-03-04 01:23:12] ✅ VPN 已连接
[2026-03-04 01:24:12] ✅ VPN 已连接
[2026-03-04 01:25:12] ✅ VPN 已连接
[2026-03-04 01:26:12] ✅ VPN 已连接
[2026-03-04 01:27:12] ✅ VPN 已连接
[2026-03-04 01:28:12] ✅ VPN 已连接
[2026-03-04 01:29:12] ✅ VPN 已连接
[2026-03-04 01:30:12] ✅ VPN 已连接
[2026-03-04 01:31:12] ✅ VPN 已连接
[2026-03-04 01:32:12] ✅ VPN 已连接
[2026-03-04 01:33:12] ✅ VPN 已连接
[2026-03-04 01:34:12] ✅ VPN 已连接
[2026-03-04 01:35:12] ✅ VPN 已连接
[2026-03-04 01:36:13] ✅ VPN 已连接
[2026-03-04 01:37:13] ✅ VPN 已连接
[2026-03-04 01:38:13] ✅ VPN 已连接
[2026-03-04 01:39:13] ✅ VPN 已连接
[2026-03-04 01:40:13] ✅ VPN 已连接
[2026-03-04 01:41:13] ✅ VPN 已连接
[2026-03-04 01:42:13] ✅ VPN 已连接
[2026-03-04 01:43:13] ✅ VPN 已连接
[2026-03-04 01:44:13] ✅ VPN 已连接
[2026-03-04 01:45:13] ✅ VPN 已连接
[2026-03-04 01:46:13] ✅ VPN 已连接
[2026-03-04 01:47:13] ✅ VPN 已连接
[2026-03-04 01:48:13] ✅ VPN 已连接
[2026-03-04 01:49:13] ✅ VPN 已连接
[2026-03-04 01:50:13] ✅ VPN 已连接
[2026-03-04 01:51:13] ✅ VPN 已连接
[2026-03-04 01:52:14] ✅ VPN 已连接
[2026-03-04 01:53:14] ✅ VPN 已连接
[2026-03-04 01:54:14] ✅ VPN 已连接
[2026-03-04 01:55:14] ✅ VPN 已连接
[2026-03-04 01:56:14] ✅ VPN 已连接
[2026-03-04 01:57:14] ✅ VPN 已连接
[2026-03-04 01:58:14] ✅ VPN 已连接
[2026-03-04 01:59:14] ✅ VPN 已连接
[2026-03-04 02:00:14] ✅ VPN 已连接
[2026-03-04 02:01:14] ✅ VPN 已连接
[2026-03-04 02:02:14] ✅ VPN 已连接
[2026-03-04 02:03:14] ✅ VPN 已连接
[2026-03-04 02:04:14] ✅ VPN 已连接
[2026-03-04 02:05:14] ✅ VPN 已连接
[2026-03-04 02:06:15] ✅ VPN 已连接
[2026-03-04 02:07:15] ✅ VPN 已连接
[2026-03-04 02:08:15] ✅ VPN 已连接
[2026-03-04 02:09:15] ✅ VPN 已连接
[2026-03-04 02:10:15] ✅ VPN 已连接
[2026-03-04 02:11:15] ✅ VPN 已连接
[2026-03-04 02:12:15] ✅ VPN 已连接
[2026-03-04 02:13:15] ✅ VPN 已连接
[2026-03-04 02:14:15] ✅ VPN 已连接
[2026-03-04 02:15:15] ✅ VPN 已连接
[2026-03-04 02:16:15] ✅ VPN 已连接
[2026-03-04 02:17:15] ✅ VPN 已连接
[2026-03-04 02:18:15] ✅ VPN 已连接
[2026-03-04 02:19:15] ✅ VPN 已连接
[2026-03-04 02:20:16] ✅ VPN 已连接
[2026-03-04 02:21:16] ✅ VPN 已连接
[2026-03-04 02:22:16] ✅ VPN 已连接
[2026-03-04 02:23:16] ✅ VPN 已连接
[2026-03-04 02:24:16] ✅ VPN 已连接
[2026-03-04 02:25:16] ✅ VPN 已连接
[2026-03-04 02:26:16] ✅ VPN 已连接
[2026-03-04 02:27:16] ✅ VPN 已连接
[2026-03-04 02:28:16] ✅ VPN 已连接
[2026-03-04 02:29:16] ✅ VPN 已连接
[2026-03-04 02:30:16] ✅ VPN 已连接
[2026-03-04 02:31:16] ✅ VPN 已连接
[2026-03-04 02:32:16] ✅ VPN 已连接
[2026-03-04 02:33:16] ✅ VPN 已连接
[2026-03-04 02:34:16] ✅ VPN 已连接
[2026-03-04 02:35:16] ✅ VPN 已连接
[2026-03-04 02:36:17] ✅ VPN 已连接
[2026-03-04 02:37:17] ✅ VPN 已连接
[2026-03-04 02:38:17] ✅ VPN 已连接
[2026-03-04 02:39:17] ✅ VPN 已连接
[2026-03-04 02:40:17] ✅ VPN 已连接
[2026-03-04 02:41:17] ✅ VPN 已连接
[2026-03-04 02:42:17] ✅ VPN 已连接
[2026-03-04 02:43:17] ✅ VPN 已连接
[2026-03-04 02:44:17] ✅ VPN 已连接
[2026-03-04 02:45:17] ✅ VPN 已连接
[2026-03-04 02:46:17] ✅ VPN 已连接
[2026-03-04 02:47:17] ✅ VPN 已连接
[2026-03-04 02:48:17] ✅ VPN 已连接
[2026-03-04 02:49:17] ✅ VPN 已连接
[2026-03-04 02:50:17] ✅ VPN 已连接
[2026-03-04 02:51:18] ✅ VPN 已连接
[2026-03-04 02:52:18] ✅ VPN 已连接
[2026-03-04 02:53:18] ✅ VPN 已连接
[2026-03-04 02:54:18] ✅ VPN 已连接
[2026-03-04 02:55:18] ✅ VPN 已连接
[2026-03-04 02:56:18] ✅ VPN 已连接
[2026-03-04 02:57:18] ✅ VPN 已连接
[2026-03-04 02:58:18] ✅ VPN 已连接
[2026-03-04 02:59:18] ✅ VPN 已连接
[2026-03-04 03:00:18] ✅ VPN 已连接
[2026-03-04 03:01:18] ✅ VPN 已连接
[2026-03-04 03:02:18] ✅ VPN 已连接
[2026-03-04 03:03:18] ✅ VPN 已连接
[2026-03-04 03:04:18] ✅ VPN 已连接
[2026-03-04 03:05:19] ✅ VPN 已连接
[2026-03-04 03:06:19] ✅ VPN 已连接
[2026-03-04 03:07:19] ✅ VPN 已连接
[2026-03-04 03:08:19] ✅ VPN 已连接
[2026-03-04 03:09:19] ✅ VPN 已连接
[2026-03-04 03:10:19] ✅ VPN 已连接
[2026-03-04 03:11:19] ✅ VPN 已连接
[2026-03-04 03:12:19] ✅ VPN 已连接
[2026-03-04 03:13:19] ✅ VPN 已连接
[2026-03-04 03:14:19] ✅ VPN 已连接
[2026-03-04 03:15:19] ✅ VPN 已连接
[2026-03-04 03:16:19] ✅ VPN 已连接
[2026-03-04 03:17:19] ✅ VPN 已连接
[2026-03-04 03:18:19] ✅ VPN 已连接
[2026-03-04 03:19:19] ✅ VPN 已连接
[2026-03-04 03:20:19] ✅ VPN 已连接
[2026-03-04 03:21:19] ✅ VPN 已连接
[2026-03-04 03:22:20] ✅ VPN 已连接
[2026-03-04 03:23:20] ✅ VPN 已连接
[2026-03-04 03:24:20] ✅ VPN 已连接
[2026-03-04 03:25:20] ✅ VPN 已连接
[2026-03-04 03:26:20] ✅ VPN 已连接
[2026-03-04 03:27:20] ✅ VPN 已连接
[2026-03-04 03:28:20] ✅ VPN 已连接
[2026-03-04 03:29:20] ✅ VPN 已连接
[2026-03-04 03:30:20] ✅ VPN 已连接
[2026-03-04 03:31:20] ✅ VPN 已连接
[2026-03-04 03:32:20] ✅ VPN 已连接
[2026-03-04 03:33:20] ✅ VPN 已连接
[2026-03-04 03:34:20] ✅ VPN 已连接
[2026-03-04 03:35:20] ✅ VPN 已连接
[2026-03-04 03:36:20] ✅ VPN 已连接
[2026-03-04 03:37:20] ✅ VPN 已连接
[2026-03-04 03:38:21] ✅ VPN 已连接
[2026-03-04 03:39:21] ✅ VPN 已连接
[2026-03-04 03:40:21] ✅ VPN 已连接
[2026-03-04 03:41:21] ✅ VPN 已连接
[2026-03-04 03:42:21] ✅ VPN 已连接
[2026-03-04 03:43:21] ✅ VPN 已连接
[2026-03-04 03:44:21] ✅ VPN 已连接
[2026-03-04 03:45:21] ✅ VPN 已连接
[2026-03-04 03:46:21] ✅ VPN 已连接
[2026-03-04 03:47:21] ✅ VPN 已连接
[2026-03-04 03:48:21] ✅ VPN 已连接
[2026-03-04 03:49:21] ✅ VPN 已连接
[2026-03-04 03:50:21] ✅ VPN 已连接
[2026-03-04 03:51:21] ✅ VPN 已连接
[2026-03-04 03:52:21] ✅ VPN 已连接
[2026-03-04 03:53:22] ✅ VPN 已连接
[2026-03-04 03:54:22] ✅ VPN 已连接
[2026-03-04 03:55:22] ✅ VPN 已连接
[2026-03-04 03:56:22] ✅ VPN 已连接
[2026-03-04 03:57:22] ✅ VPN 已连接
[2026-03-04 03:58:22] ✅ VPN 已连接
[2026-03-04 03:59:22] ✅ VPN 已连接
[2026-03-04 04:00:22] ✅ VPN 已连接
[2026-03-04 04:01:22] ✅ VPN 已连接
[2026-03-04 04:02:22] ✅ VPN 已连接
[2026-03-04 04:03:22] ✅ VPN 已连接
[2026-03-04 04:04:22] ✅ VPN 已连接
[2026-03-04 04:05:22] ✅ VPN 已连接
[2026-03-04 04:06:22] ✅ VPN 已连接
[2026-03-04 04:07:22] ✅ VPN 已连接
[2026-03-04 04:08:22] ✅ VPN 已连接
[2026-03-04 04:09:23] ✅ VPN 已连接
[2026-03-04 04:10:23] ✅ VPN 已连接
[2026-03-04 04:11:23] ✅ VPN 已连接
[2026-03-04 04:12:23] ✅ VPN 已连接
[2026-03-04 04:13:23] ✅ VPN 已连接
[2026-03-04 04:14:23] ✅ VPN 已连接
[2026-03-04 04:15:23] ✅ VPN 已连接
[2026-03-04 04:16:23] ✅ VPN 已连接
[2026-03-04 04:17:23] ✅ VPN 已连接
[2026-03-04 04:18:23] ✅ VPN 已连接
[2026-03-04 04:19:23] ✅ VPN 已连接
[2026-03-04 04:20:23] ✅ VPN 已连接
[2026-03-04 04:21:23] ✅ VPN 已连接
[2026-03-04 04:22:23] ✅ VPN 已连接
[2026-03-04 04:23:23] ✅ VPN 已连接
[2026-03-04 04:24:24] ✅ VPN 已连接
[2026-03-04 04:25:24] ✅ VPN 已连接
[2026-03-04 04:26:24] ✅ VPN 已连接
[2026-03-04 04:27:24] ✅ VPN 已连接
[2026-03-04 04:28:24] ✅ VPN 已连接
[2026-03-04 04:29:24] ✅ VPN 已连接
[2026-03-04 04:30:24] ✅ VPN 已连接
[2026-03-04 04:31:24] ✅ VPN 已连接
[2026-03-04 04:32:24] ✅ VPN 已连接
[2026-03-04 04:33:24] ✅ VPN 已连接
[2026-03-04 04:34:24] ✅ VPN 已连接
[2026-03-04 04:35:24] ✅ VPN 已连接
[2026-03-04 04:36:24] ✅ VPN 已连接
[2026-03-04 04:37:24] ✅ VPN 已连接
[2026-03-04 04:38:24] ✅ VPN 已连接
[2026-03-04 04:39:24] ✅ VPN 已连接
[2026-03-04 04:40:25] ✅ VPN 已连接
[2026-03-04 04:41:25] ✅ VPN 已连接
[2026-03-04 04:42:25] ✅ VPN 已连接
[2026-03-04 04:43:25] ✅ VPN 已连接
[2026-03-04 04:44:25] ✅ VPN 已连接
[2026-03-04 04:45:25] ✅ VPN 已连接
[2026-03-04 04:46:25] ✅ VPN 已连接
[2026-03-04 04:47:25] ✅ VPN 已连接
[2026-03-04 04:48:25] ✅ VPN 已连接
[2026-03-04 04:49:25] ✅ VPN 已连接
[2026-03-04 04:50:25] ✅ VPN 已连接
[2026-03-04 04:51:25] ✅ VPN 已连接
[2026-03-04 04:52:25] ✅ VPN 已连接
[2026-03-04 04:53:25] ✅ VPN 已连接
[2026-03-04 04:54:25] ✅ VPN 已连接
[2026-03-04 04:55:26] ✅ VPN 已连接
[2026-03-04 04:56:26] ✅ VPN 已连接
[2026-03-04 04:57:26] ✅ VPN 已连接
[2026-03-04 04:58:26] ✅ VPN 已连接
[2026-03-04 04:59:26] ✅ VPN 已连接
[2026-03-04 05:00:26] ✅ VPN 已连接
[2026-03-04 05:01:26] ✅ VPN 已连接
[2026-03-04 05:02:26] ✅ VPN 已连接
[2026-03-04 05:03:26] ✅ VPN 已连接
[2026-03-04 05:04:26] ✅ VPN 已连接
[2026-03-04 05:05:26] ✅ VPN 已连接
[2026-03-04 05:06:26] ✅ VPN 已连接
[2026-03-04 05:07:26] ✅ VPN 已连接
[2026-03-04 05:08:26] ✅ VPN 已连接
[2026-03-04 05:09:26] ✅ VPN 已连接
[2026-03-04 05:10:26] ✅ VPN 已连接
[2026-03-04 05:11:26] ✅ VPN 已连接
[2026-03-04 05:12:27] ✅ VPN 已连接
[2026-03-04 05:13:27] ✅ VPN 已连接
[2026-03-04 05:14:27] ✅ VPN 已连接
[2026-03-04 05:15:27] ✅ VPN 已连接
[2026-03-04 05:16:27] ✅ VPN 已连接
[2026-03-04 05:17:27] ✅ VPN 已连接
[2026-03-04 05:18:27] ✅ VPN 已连接
[2026-03-04 05:19:27] ✅ VPN 已连接
[2026-03-04 05:20:27] ✅ VPN 已连接
[2026-03-04 05:21:27] ✅ VPN 已连接
[2026-03-04 05:22:27] ✅ VPN 已连接
[2026-03-04 05:23:27] ✅ VPN 已连接
[2026-03-04 05:24:27] ✅ VPN 已连接
[2026-03-04 05:25:27] ✅ VPN 已连接
[2026-03-04 05:26:28] ✅ VPN 已连接
[2026-03-04 05:27:28] ✅ VPN 已连接
[2026-03-04 05:28:28] ✅ VPN 已连接
[2026-03-04 05:29:28] ✅ VPN 已连接
[2026-03-04 05:30:28] ✅ VPN 已连接
[2026-03-04 05:31:28] ✅ VPN 已连接
[2026-03-04 05:32:28] ✅ VPN 已连接
[2026-03-04 05:33:28] ✅ VPN 已连接
[2026-03-04 05:34:28] ✅ VPN 已连接
[2026-03-04 05:35:28] ✅ VPN 已连接
[2026-03-04 05:36:28] ✅ VPN 已连接
[2026-03-04 05:37:28] ✅ VPN 已连接
[2026-03-04 05:38:28] ✅ VPN 已连接
[2026-03-04 05:39:28] ✅ VPN 已连接
[2026-03-04 05:40:28] ✅ VPN 已连接
[2026-03-04 05:41:29] ✅ VPN 已连接
[2026-03-04 05:42:29] ✅ VPN 已连接
[2026-03-04 05:43:29] ✅ VPN 已连接
[2026-03-04 05:44:29] ✅ VPN 已连接
[2026-03-04 05:45:29] ✅ VPN 已连接
[2026-03-04 05:46:29] ✅ VPN 已连接
[2026-03-04 05:47:29] ✅ VPN 已连接
[2026-03-04 05:48:29] ✅ VPN 已连接
[2026-03-04 05:49:29] ✅ VPN 已连接
[2026-03-04 05:50:29] ✅ VPN 已连接
[2026-03-04 05:51:29] ✅ VPN 已连接
[2026-03-04 05:52:29] ✅ VPN 已连接
[2026-03-04 05:53:29] ✅ VPN 已连接
[2026-03-04 05:54:29] ✅ VPN 已连接
[2026-03-04 05:55:29] ✅ VPN 已连接
[2026-03-04 05:56:29] ✅ VPN 已连接
[2026-03-04 05:57:29] ✅ VPN 已连接
[2026-03-04 05:58:30] ✅ VPN 已连接
[2026-03-04 05:59:30] ✅ VPN 已连接
[2026-03-04 06:00:30] ✅ VPN 已连接
[2026-03-04 06:01:30] ✅ VPN 已连接
[2026-03-04 06:02:30] ✅ VPN 已连接
[2026-03-04 06:03:30] ✅ VPN 已连接
[2026-03-04 06:04:30] ✅ VPN 已连接
[2026-03-04 06:05:30] ✅ VPN 已连接
[2026-03-04 06:06:30] ✅ VPN 已连接
[2026-03-04 06:07:30] ✅ VPN 已连接
[2026-03-04 06:08:30] ✅ VPN 已连接
[2026-03-04 06:09:30] ✅ VPN 已连接
[2026-03-04 06:10:30] ✅ VPN 已连接
[2026-03-04 06:11:30] ✅ VPN 已连接
[2026-03-04 06:12:30] ✅ VPN 已连接
[2026-03-04 06:13:31] ✅ VPN 已连接
[2026-03-04 06:14:31] ✅ VPN 已连接
[2026-03-04 06:15:31] ✅ VPN 已连接
[2026-03-04 06:16:31] ✅ VPN 已连接
[2026-03-04 06:17:31] ✅ VPN 已连接
[2026-03-04 06:18:31] ✅ VPN 已连接
[2026-03-04 06:19:31] ✅ VPN 已连接
[2026-03-04 06:20:31] ✅ VPN 已连接
[2026-03-04 06:21:31] ✅ VPN 已连接
[2026-03-04 06:22:31] ✅ VPN 已连接
[2026-03-04 06:23:31] ✅ VPN 已连接
[2026-03-04 06:24:31] ✅ VPN 已连接
[2026-03-04 06:25:31] ✅ VPN 已连接
[2026-03-04 06:26:31] ✅ VPN 已连接
[2026-03-04 06:27:31] ✅ VPN 已连接
[2026-03-04 06:28:32] ✅ VPN 已连接
[2026-03-04 06:29:32] ✅ VPN 已连接
[2026-03-04 06:30:32] ✅ VPN 已连接
[2026-03-04 06:31:32] ✅ VPN 已连接
[2026-03-04 06:32:32] ✅ VPN 已连接
[2026-03-04 06:33:32] ✅ VPN 已连接
[2026-03-04 06:34:32] ✅ VPN 已连接
[2026-03-04 06:35:32] ✅ VPN 已连接
[2026-03-04 06:36:32] ✅ VPN 已连接
[2026-03-04 06:37:32] ✅ VPN 已连接
[2026-03-04 06:38:32] ✅ VPN 已连接
[2026-03-04 06:39:32] ✅ VPN 已连接
[2026-03-04 06:40:32] ✅ VPN 已连接
[2026-03-04 06:41:32] ✅ VPN 已连接
[2026-03-04 06:42:32] ✅ VPN 已连接
[2026-03-04 06:43:32] ✅ VPN 已连接
[2026-03-04 06:44:33] ✅ VPN 已连接
[2026-03-04 06:45:33] ✅ VPN 已连接
[2026-03-04 06:46:33] ✅ VPN 已连接
[2026-03-04 06:47:33] ✅ VPN 已连接
[2026-03-04 06:48:33] ✅ VPN 已连接
[2026-03-04 06:49:33] ✅ VPN 已连接
[2026-03-04 06:50:33] ✅ VPN 已连接
[2026-03-04 06:51:33] ✅ VPN 已连接
[2026-03-04 06:52:33] ✅ VPN 已连接
[2026-03-04 06:53:33] ✅ VPN 已连接
[2026-03-04 06:54:33] ✅ VPN 已连接
[2026-03-04 06:55:33] ✅ VPN 已连接
[2026-03-04 06:56:33] ✅ VPN 已连接
[2026-03-04 06:57:33] ✅ VPN 已连接
[2026-03-04 06:58:33] ✅ VPN 已连接
[2026-03-04 06:59:33] ✅ VPN 已连接
[2026-03-04 07:00:34] ✅ VPN 已连接
[2026-03-04 07:01:34] ✅ VPN 已连接
[2026-03-04 07:02:34] ✅ VPN 已连接
[2026-03-04 07:03:34] ✅ VPN 已连接
[2026-03-04 07:04:34] ❌ VPN 未连接，触发重连...
[2026-03-04 07:04:34] ========== VPN 重连开始 ==========
[2026-03-04 07:04:34] 尝试 1/3...
[2026-03-04 07:04:34] 启动 FortiClient GUI...
[2026-03-04 07:04:37] ❌ FortiClient GUI 启动失败
[2026-03-04 07:04:37] 重试 1 失败：无法启动 FortiClient
[2026-03-04 07:04:47] 尝试 2/3...
[2026-03-04 07:04:47] 启动 FortiClient GUI...
[2026-03-04 07:04:50] ❌ FortiClient GUI 启动失败
[2026-03-04 07:04:50] 重试 2 失败：无法启动 FortiClient
[2026-03-04 07:05:00] 尝试 3/3...
[2026-03-04 07:05:00] 启动 FortiClient GUI...
[2026-03-04 07:05:00] FortiClient 已在运行，先关闭...
[2026-03-04 07:05:05] ❌ FortiClient GUI 启动失败
[2026-03-04 07:05:05] 重试 3 失败：无法启动 FortiClient
[2026-03-04 07:05:15] ❌ VPN 重连失败（已尝试 3 次）
[2026-03-04 07:05:15] ========== VPN 重连失败 ==========
[2026-03-04 07:06:15] ❌ VPN 未连接，触发重连...
[2026-03-04 07:06:15] ========== VPN 重连开始 ==========
[2026-03-04 07:06:15] 尝试 1/3...
[2026-03-04 07:06:15] 启动 FortiClient GUI...
[2026-03-04 07:06:18] ❌ FortiClient GUI 启动失败
[2026-03-04 07:06:18] 重试 1 失败：无法启动 FortiClient
[2026-03-04 07:06:28] 尝试 2/3...
[2026-03-04 07:06:28] 启动 FortiClient GUI...
[2026-03-04 07:06:28] FortiClient 已在运行，先关闭...
[2026-03-04 07:06:33] ❌ FortiClient GUI 启动失败
[2026-03-04 07:06:33] 重试 2 失败：无法启动 FortiClient
[2026-03-04 07:06:43] 尝试 3/3...
[2026-03-04 07:06:43] 启动 FortiClient GUI...
[2026-03-04 07:06:46] ❌ FortiClient GUI 启动失败
[2026-03-04 07:06:46] 重试 3 失败：无法启动 FortiClient
[2026-03-04 07:06:56] ❌ VPN 重连失败（已尝试 3 次）
[2026-03-04 07:06:56] ========== VPN 重连失败 ==========
[2026-03-04 07:07:56] ❌ VPN 未连接，触发重连...
[2026-03-04 07:07:56] ========== VPN 重连开始 ==========
[2026-03-04 07:07:56] 尝试 1/3...
[2026-03-04 07:07:56] 启动 FortiClient GUI...
[2026-03-04 07:07:59] ❌ FortiClient GUI 启动失败
[2026-03-04 07:07:59] 重试 1 失败：无法启动 FortiClient
[2026-03-04 07:08:09] 尝试 2/3...
[2026-03-04 07:08:09] 启动 FortiClient GUI...
[2026-03-04 07:08:12] ❌ FortiClient GUI 启动失败
[2026-03-04 07:08:12] 重试 2 失败：无法启动 FortiClient
[2026-03-04 07:08:22] 尝试 3/3...
[2026-03-04 07:08:22] 启动 FortiClient GUI...
[2026-03-04 07:08:26] ❌ FortiClient GUI 启动失败
[2026-03-04 07:08:26] 重试 3 失败：无法启动 FortiClient
[2026-03-04 07:08:36] ❌ VPN 重连失败（已尝试 3 次）
[2026-03-04 07:08:36] ========== VPN 重连失败 ==========
[2026-03-04 07:09:36] ✅ VPN 已连接
[2026-03-04 07:10:36] ✅ VPN 已连接
[2026-03-04 07:11:36] ✅ VPN 已连接
[2026-03-04 07:12:36] ✅ VPN 已连接
[2026-03-04 07:13:36] ✅ VPN 已连接
[2026-03-04 07:14:36] ✅ VPN 已连接
[2026-03-04 07:15:36] ✅ VPN 已连接
[2026-03-04 07:16:36] ✅ VPN 已连接
[2026-03-04 07:17:36] ✅ VPN 已连接
[2026-03-04 07:18:36] ✅ VPN 已连接
[2026-03-04 07:19:36] ✅ VPN 已连接
[2026-03-04 07:20:36] ✅ VPN 已连接
[2026-03-04 07:21:36] ✅ VPN 已连接
[2026-03-04 07:22:36] ✅ VPN 已连接
[2026-03-04 07:23:36] ✅ VPN 已连接
[2026-03-04 07:24:36] ✅ VPN 已连接
[2026-03-04 07:25:36] ✅ VPN 已连接
[2026-03-04 07:26:37] ✅ VPN 已连接
[2026-03-04 07:27:37] ✅ VPN 已连接
[2026-03-04 07:28:37] ✅ VPN 已连接
[2026-03-04 07:29:37] ✅ VPN 已连接
[2026-03-04 07:30:37] ✅ VPN 已连接
[2026-03-04 07:31:37] ✅ VPN 已连接
[2026-03-04 07:32:37] ✅ VPN 已连接
[2026-03-04 07:33:37] ✅ VPN 已连接
[2026-03-04 07:34:37] ✅ VPN 已连接
[2026-03-04 07:35:37] ✅ VPN 已连接
[2026-03-04 07:36:37] ✅ VPN 已连接
[2026-03-04 07:37:37] ✅ VPN 已连接
[2026-03-04 07:38:37] ✅ VPN 已连接
[2026-03-04 07:39:37] ✅ VPN 已连接
[2026-03-04 07:40:37] ✅ VPN 已连接
[2026-03-04 07:41:38] ✅ VPN 已连接
[2026-03-04 07:42:38] ✅ VPN 已连接
[2026-03-04 07:43:38] ✅ VPN 已连接
[2026-03-04 07:44:38] ✅ VPN 已连接
[2026-03-04 07:45:38] ✅ VPN 已连接
[2026-03-04 07:46:38] ✅ VPN 已连接
[2026-03-04 07:47:38] ✅ VPN 已连接
[2026-03-04 07:48:38] ✅ VPN 已连接
[2026-03-04 07:49:38] ✅ VPN 已连接
[2026-03-04 07:50:38] ✅ VPN 已连接
[2026-03-04 07:51:38] ✅ VPN 已连接
[2026-03-04 07:52:38] ✅ VPN 已连接
[2026-03-04 07:53:38] ✅ VPN 已连接
[2026-03-04 07:54:38] ✅ VPN 已连接
[2026-03-04 07:55:39] ✅ VPN 已连接
[2026-03-04 07:56:39] ✅ VPN 已连接
[2026-03-04 07:57:39] ✅ VPN 已连接
[2026-03-04 07:58:39] ✅ VPN 已连接
[2026-03-04 07:59:39] ✅ VPN 已连接
[2026-03-04 08:00:39] ✅ VPN 已连接
[2026-03-04 08:01:39] ✅ VPN 已连接
[2026-03-04 08:02:39] ✅ VPN 已连接
[2026-03-04 08:03:39] ✅ VPN 已连接
[2026-03-04 08:04:39] ✅ VPN 已连接
[2026-03-04 08:05:39] ✅ VPN 已连接
[2026-03-04 08:06:39] ✅ VPN 已连接
[2026-03-04 08:07:39] ✅ VPN 已连接
[2026-03-04 08:08:39] ✅ VPN 已连接
[2026-03-04 08:09:39] ✅ VPN 已连接
[2026-03-04 08:10:39] ✅ VPN 已连接
[2026-03-04 08:11:39] ✅ VPN 已连接
[2026-03-04 08:12:39] ✅ VPN 已连接
[2026-03-04 08:13:40] ✅ VPN 已连接
[2026-03-04 08:14:40] ✅ VPN 已连接
[2026-03-04 08:15:40] ✅ VPN 已连接
[2026-03-04 08:16:40] ✅ VPN 已连接
[2026-03-04 08:17:40] ✅ VPN 已连接
[2026-03-04 08:18:40] ✅ VPN 已连接
[2026-03-04 08:19:40] ✅ VPN 已连接
[2026-03-04 08:20:40] ✅ VPN 已连接
[2026-03-04 08:21:40] ✅ VPN 已连接
[2026-03-04 08:22:40] ✅ VPN 已连接
[2026-03-04 08:23:40] ✅ VPN 已连接
[2026-03-04 08:24:40] ✅ VPN 已连接
[2026-03-04 08:25:40] ✅ VPN 已连接
[2026-03-04 08:26:40] ✅ VPN 已连接
[2026-03-04 08:27:40] ✅ VPN 已连接
[2026-03-04 08:28:40] ✅ VPN 已连接
[2026-03-04 08:29:41] ✅ VPN 已连接
[2026-03-04 08:30:41] ✅ VPN 已连接
[2026-03-04 08:31:41] ✅ VPN 已连接
[2026-03-04 08:32:41] ✅ VPN 已连接
[2026-03-04 08:33:41] ✅ VPN 已连接
[2026-03-04 08:34:41] ✅ VPN 已连接
[2026-03-04 08:35:41] ✅ VPN 已连接
[2026-03-04 08:36:41] ✅ VPN 已连接
[2026-03-04 08:37:41] ✅ VPN 已连接
[2026-03-04 08:38:41] ✅ VPN 已连接
[2026-03-04 08:39:41] ✅ VPN 已连接
[2026-03-04 08:40:41] ✅ VPN 已连接
[2026-03-04 08:41:41] ✅ VPN 已连接
[2026-03-04 08:42:41] ✅ VPN 已连接
[2026-03-04 08:43:41] ✅ VPN 已连接
[2026-03-04 08:44:42] ✅ VPN 已连接
[2026-03-04 08:45:42] ✅ VPN 已连接
[2026-03-04 08:46:42] ✅ VPN 已连接
[2026-03-04 08:47:42] ✅ VPN 已连接
[2026-03-04 08:48:42] ✅ VPN 已连接
[2026-03-04 08:49:42] ✅ VPN 已连接
[2026-03-04 08:50:42] ✅ VPN 已连接
[2026-03-04 08:51:42] ✅ VPN 已连接
[2026-03-04 08:52:42] ✅ VPN 已连接
[2026-03-04 08:53:42] ✅ VPN 已连接
[2026-03-04 08:54:42] ✅ VPN 已连接
[2026-03-04 08:55:42] ✅ VPN 已连接
[2026-03-04 08:56:42] ✅ VPN 已连接
[2026-03-04 08:57:42] ✅ VPN 已连接
[2026-03-04 08:58:42] ✅ VPN 已连接
[2026-03-04 08:59:43] ✅ VPN 已连接
[2026-03-04 09:00:43] ✅ VPN 已连接
[2026-03-04 09:01:43] ✅ VPN 已连接
[2026-03-04 09:02:43] ✅ VPN 已连接
[2026-03-04 09:03:43] ✅ VPN 已连接
[2026-03-04 09:04:43] ✅ VPN 已连接
[2026-03-04 09:05:43] ✅ VPN 已连接
[2026-03-04 09:06:43] ✅ VPN 已连接
[2026-03-04 09:07:43] ✅ VPN 已连接
[2026-03-04 09:08:43] ✅ VPN 已连接
[2026-03-04 09:09:43] ✅ VPN 已连接
[2026-03-04 09:10:43] ✅ VPN 已连接
[2026-03-04 09:11:43] ✅ VPN 已连接
[2026-03-04 09:12:43] ✅ VPN 已连接
[2026-03-04 09:13:43] ✅ VPN 已连接
[2026-03-04 09:14:44] ✅ VPN 已连接
[2026-03-04 09:15:44] ✅ VPN 已连接
[2026-03-04 09:16:44] ✅ VPN 已连接
[2026-03-04 09:17:44] ✅ VPN 已连接
[2026-03-04 09:18:44] ✅ VPN 已连接
[2026-03-04 09:19:44] ✅ VPN 已连接
[2026-03-04 09:20:44] ✅ VPN 已连接
[2026-03-04 09:21:44] ✅ VPN 已连接
[2026-03-04 09:22:44] ✅ VPN 已连接
[2026-03-04 09:23:44] ✅ VPN 已连接
[2026-03-04 09:24:44] ✅ VPN 已连接
[2026-03-04 09:25:44] ✅ VPN 已连接
[2026-03-04 09:26:44] ✅ VPN 已连接
[2026-03-04 09:27:44] ✅ VPN 已连接
[2026-03-04 09:28:44] ✅ VPN 已连接
[2026-03-04 09:29:45] ✅ VPN 已连接
[2026-03-04 09:30:45] ✅ VPN 已连接
[2026-03-04 09:31:45] ✅ VPN 已连接
[2026-03-04 09:32:45] ✅ VPN 已连接
[2026-03-04 09:33:45] ✅ VPN 已连接
[2026-03-04 09:34:45] ✅ VPN 已连接
[2026-03-04 09:35:45] ✅ VPN 已连接
[2026-03-04 09:36:45] ✅ VPN 已连接
[2026-03-04 09:37:45] ✅ VPN 已连接
[2026-03-04 09:38:45] ✅ VPN 已连接
[2026-03-04 09:39:45] ✅ VPN 已连接
[2026-03-04 09:40:45] ✅ VPN 已连接
[2026-03-04 09:41:45] ✅ VPN 已连接
[2026-03-04 09:42:45] ✅ VPN 已连接
[2026-03-04 09:43:46] ✅ VPN 已连接
[2026-03-04 09:44:46] ✅ VPN 已连接
[2026-03-04 09:45:46] ✅ VPN 已连接
[2026-03-04 09:46:46] ✅ VPN 已连接
[2026-03-04 09:47:46] ✅ VPN 已连接
[2026-03-04 09:48:46] ✅ VPN 已连接
[2026-03-04 09:49:46] ✅ VPN 已连接
[2026-03-04 09:50:46] ✅ VPN 已连接
[2026-03-04 09:51:46] ✅ VPN 已连接
[2026-03-04 09:52:46] ✅ VPN 已连接
[2026-03-04 09:53:46] ✅ VPN 已连接
[2026-03-04 09:54:46] ✅ VPN 已连接
[2026-03-04 09:55:46] ✅ VPN 已连接
[2026-03-04 09:56:46] ✅ VPN 已连接
[2026-03-04 09:57:46] ✅ VPN 已连接
[2026-03-04 09:58:47] ✅ VPN 已连接
[2026-03-04 09:59:47] ✅ VPN 已连接
[2026-03-04 10:00:47] ✅ VPN 已连接
[2026-03-04 10:01:47] ✅ VPN 已连接
[2026-03-04 10:02:47] ✅ VPN 已连接
[2026-03-04 10:03:47] ✅ VPN 已连接
[2026-03-04 10:04:47] ✅ VPN 已连接
[2026-03-04 10:05:47] ✅ VPN 已连接
[2026-03-04 10:06:47] ✅ VPN 已连接
[2026-03-04 10:07:47] ✅ VPN 已连接
[2026-03-04 10:08:47] ✅ VPN 已连接
[2026-03-04 10:09:47] ✅ VPN 已连接
[2026-03-04 10:10:47] ✅ VPN 已连接
[2026-03-04 10:11:47] ✅ VPN 已连接
[2026-03-04 10:12:47] ✅ VPN 已连接
[2026-03-04 10:13:47] ✅ VPN 已连接
[2026-03-04 10:14:48] ✅ VPN 已连接
[2026-03-04 10:15:48] ✅ VPN 已连接
[2026-03-04 10:16:48] ✅ VPN 已连接
[2026-03-04 10:17:48] ✅ VPN 已连接
[2026-03-04 10:18:48] ✅ VPN 已连接
[2026-03-04 10:19:48] ✅ VPN 已连接
[2026-03-04 10:20:48] ✅ VPN 已连接
[2026-03-04 10:21:48] ✅ VPN 已连接
[2026-03-04 10:22:48] ✅ VPN 已连接
[2026-03-04 10:23:48] ✅ VPN 已连接
[2026-03-04 10:24:48] ✅ VPN 已连接
[2026-03-04 10:25:48] ✅ VPN 已连接
[2026-03-04 10:26:48] ✅ VPN 已连接
[2026-03-04 10:27:48] ✅ VPN 已连接
[2026-03-04 10:28:48] ✅ VPN 已连接
[2026-03-04 10:29:48] ✅ VPN 已连接
[2026-03-04 10:30:48] ✅ VPN 已连接
[2026-03-04 10:31:49] ✅ VPN 已连接
[2026-03-04 10:32:49] ✅ VPN 已连接
[2026-03-04 10:33:49] ✅ VPN 已连接
[2026-03-04 10:34:49] ✅ VPN 已连接
[2026-03-04 10:35:49] ✅ VPN 已连接
[2026-03-04 10:36:49] ✅ VPN 已连接
[2026-03-04 10:37:49] ✅ VPN 已连接
[2026-03-04 10:38:49] ✅ VPN 已连接
[2026-03-04 10:39:49] ✅ VPN 已连接
[2026-03-04 10:40:49] ✅ VPN 已连接
[2026-03-04 10:41:49] ✅ VPN 已连接
[2026-03-04 10:42:49] ✅ VPN 已连接
[2026-03-04 10:43:49] ✅ VPN 已连接
[2026-03-04 10:44:49] ✅ VPN 已连接
[2026-03-04 10:45:49] ✅ VPN 已连接
[2026-03-04 10:46:50] ✅ VPN 已连接
[2026-03-04 10:47:50] ✅ VPN 已连接
[2026-03-04 10:48:50] ✅ VPN 已连接
[2026-03-04 10:49:50] ✅ VPN 已连接
[2026-03-04 10:50:50] ✅ VPN 已连接
[2026-03-04 10:51:50] ✅ VPN 已连接
[2026-03-04 10:52:50] ✅ VPN 已连接
[2026-03-04 10:53:50] ✅ VPN 已连接
[2026-03-04 10:54:50] ✅ VPN 已连接
[2026-03-04 10:55:50] ✅ VPN 已连接
[2026-03-04 10:56:50] ✅ VPN 已连接
[2026-03-04 10:57:50] ✅ VPN 已连接
[2026-03-04 10:58:50] ✅ VPN 已连接
[2026-03-04 10:59:50] ✅ VPN 已连接
[2026-03-04 11:00:51] ✅ VPN 已连接
[2026-03-04 11:01:51] ✅ VPN 已连接
[2026-03-04 11:02:51] ✅ VPN 已连接
[2026-03-04 11:03:51] ✅ VPN 已连接
[2026-03-04 11:04:51] ✅ VPN 已连接
[2026-03-04 11:05:51] ✅ VPN 已连接
[2026-03-04 11:06:51] ✅ VPN 已连接
[2026-03-04 11:07:51] ✅ VPN 已连接
[2026-03-04 11:08:51] ✅ VPN 已连接
[2026-03-04 11:09:51] ✅ VPN 已连接
[2026-03-04 11:10:51] ✅ VPN 已连接
[2026-03-04 11:11:51] ✅ VPN 已连接
[2026-03-04 11:12:51] ✅ VPN 已连接
[2026-03-04 11:13:51] ✅ VPN 已连接
[2026-03-04 11:14:51] ✅ VPN 已连接
[2026-03-04 11:15:52] ✅ VPN 已连接
[2026-03-04 11:16:52] ✅ VPN 已连接
[2026-03-04 11:17:52] ✅ VPN 已连接
[2026-03-04 11:18:52] ✅ VPN 已连接
[2026-03-04 11:19:52] ✅ VPN 已连接
[2026-03-04 11:20:52] ✅ VPN 已连接
[2026-03-04 11:21:52] ✅ VPN 已连接
[2026-03-04 11:22:52] ✅ VPN 已连接
[2026-03-04 11:23:52] ✅ VPN 已连接
[2026-03-04 11:24:52] ✅ VPN 已连接
[2026-03-04 11:25:52] ✅ VPN 已连接
[2026-03-04 11:26:52] ✅ VPN 已连接
[2026-03-04 11:27:52] ✅ VPN 已连接
[2026-03-04 11:28:53] ✅ VPN 已连接
[2026-03-04 11:29:53] ✅ VPN 已连接
[2026-03-04 11:30:53] ✅ VPN 已连接
[2026-03-04 11:31:53] ✅ VPN 已连接
[2026-03-04 11:32:53] ✅ VPN 已连接
[2026-03-04 11:33:53] ✅ VPN 已连接
[2026-03-04 11:34:53] ✅ VPN 已连接
[2026-03-04 11:35:53] ✅ VPN 已连接
[2026-03-04 11:36:53] ✅ VPN 已连接
[2026-03-04 11:37:53] ✅ VPN 已连接
[2026-03-04 11:38:53] ✅ VPN 已连接
[2026-03-04 11:39:53] ✅ VPN 已连接
[2026-03-04 11:40:53] ✅ VPN 已连接
[2026-03-04 11:41:53] ✅ VPN 已连接
[2026-03-04 11:42:53] ✅ VPN 已连接
[2026-03-04 11:43:53] ✅ VPN 已连接
[2026-03-04 11:44:54] ✅ VPN 已连接
[2026-03-04 11:45:54] ✅ VPN 已连接
[2026-03-04 11:46:54] ✅ VPN 已连接
[2026-03-04 11:47:54] ✅ VPN 已连接
[2026-03-04 11:48:54] ✅ VPN 已连接
[2026-03-04 11:49:54] ✅ VPN 已连接
[2026-03-04 11:50:54] ✅ VPN 已连接
[2026-03-04 11:51:54] ✅ VPN 已连接
[2026-03-04 11:52:54] ✅ VPN 已连接
[2026-03-04 11:53:54] ✅ VPN 已连接
[2026-03-04 11:54:54] ✅ VPN 已连接
[2026-03-04 11:55:54] ✅ VPN 已连接
[2026-03-04 11:56:54] ✅ VPN 已连接
[2026-03-04 11:57:54] ✅ VPN 已连接
[2026-03-04 11:58:54] ✅ VPN 已连接
[2026-03-04 11:59:55] ✅ VPN 已连接
[2026-03-04 12:00:55] ✅ VPN 已连接
[2026-03-04 12:01:55] ✅ VPN 已连接
[2026-03-04 12:02:55] ✅ VPN 已连接
[2026-03-04 12:03:55] ✅ VPN 已连接
[2026-03-04 12:04:55] ✅ VPN 已连接
[2026-03-04 12:05:55] ✅ VPN 已连接
[2026-03-04 12:06:55] ✅ VPN 已连接
[2026-03-04 12:07:55] ✅ VPN 已连接
[2026-03-04 12:08:55] ✅ VPN 已连接
[2026-03-04 12:09:55] ✅ VPN 已连接
[2026-03-04 12:10:55] ✅ VPN 已连接
[2026-03-04 12:11:55] ✅ VPN 已连接
[2026-03-04 12:12:56] ✅ VPN 已连接
[2026-03-04 12:13:56] ✅ VPN 已连接
[2026-03-04 12:14:56] ✅ VPN 已连接
[2026-03-04 12:15:56] ✅ VPN 已连接
[2026-03-04 12:16:56] ✅ VPN 已连接
[2026-03-04 12:17:56] ✅ VPN 已连接
[2026-03-04 12:18:56] ✅ VPN 已连接
[2026-03-04 12:19:56] ✅ VPN 已连接
[2026-03-04 12:20:56] ✅ VPN 已连接
[2026-03-04 12:21:56] ✅ VPN 已连接
[2026-03-04 12:22:56] ✅ VPN 已连接
[2026-03-04 12:23:56] ✅ VPN 已连接
[2026-03-04 12:24:56] ✅ VPN 已连接
[2026-03-04 12:25:56] ✅ VPN 已连接
[2026-03-04 12:26:56] ✅ VPN 已连接
[2026-03-04 12:27:57] ✅ VPN 已连接
[2026-03-04 12:28:57] ✅ VPN 已连接
[2026-03-04 12:29:57] ✅ VPN 已连接
[2026-03-04 12:30:57] ✅ VPN 已连接
[2026-03-04 12:31:57] ✅ VPN 已连接
[2026-03-04 12:32:57] ✅ VPN 已连接
[2026-03-04 12:33:57] ✅ VPN 已连接
[2026-03-04 12:34:57] ✅ VPN 已连接
[2026-03-04 12:35:57] ✅ VPN 已连接
[2026-03-04 12:36:57] ✅ VPN 已连接
[2026-03-04 12:37:57] ✅ VPN 已连接
[2026-03-04 12:38:57] ✅ VPN 已连接
[2026-03-04 12:39:57] ✅ VPN 已连接
[2026-03-04 12:40:57] ✅ VPN 已连接
[2026-03-04 12:41:58] ✅ VPN 已连接
[2026-03-04 12:42:58] ✅ VPN 已连接
[2026-03-04 12:43:58] ✅ VPN 已连接
[2026-03-04 12:44:58] ✅ VPN 已连接
[2026-03-04 12:45:58] ✅ VPN 已连接
[2026-03-04 12:46:58] ✅ VPN 已连接
[2026-03-04 12:47:58] ✅ VPN 已连接
[2026-03-04 12:48:58] ✅ VPN 已连接
[2026-03-04 12:49:58] ✅ VPN 已连接
[2026-03-04 12:50:58] ✅ VPN 已连接
[2026-03-04 12:51:58] ✅ VPN 已连接
[2026-03-04 12:52:58] ✅ VPN 已连接
[2026-03-04 12:53:58] ✅ VPN 已连接
[2026-03-04 12:54:58] ✅ VPN 已连接
[2026-03-04 12:55:58] ✅ VPN 已连接
[2026-03-04 12:56:59] ✅ VPN 已连接
[2026-03-04 12:57:59] ✅ VPN 已连接
[2026-03-04 12:58:59] ✅ VPN 已连接
[2026-03-04 12:59:59] ✅ VPN 已连接
[2026-03-04 13:00:59] ✅ VPN 已连接
[2026-03-04 13:01:59] ✅ VPN 已连接
[2026-03-04 13:02:59] ✅ VPN 已连接
[2026-03-04 13:03:59] ✅ VPN 已连接
[2026-03-04 13:04:59] ✅ VPN 已连接
[2026-03-04 13:05:59] ✅ VPN 已连接
[2026-03-04 13:06:59] ✅ VPN 已连接
[2026-03-04 13:07:59] ✅ VPN 已连接
[2026-03-04 13:08:59] ✅ VPN 已连接
[2026-03-04 13:09:59] ✅ VPN 已连接
[2026-03-04 13:10:59] ✅ VPN 已连接
[2026-03-04 13:11:59] ✅ VPN 已连接
[2026-03-04 13:13:00] ✅ VPN 已连接
[2026-03-04 13:14:00] ✅ VPN 已连接
[2026-03-04 13:15:00] ✅ VPN 已连接
[2026-03-04 13:16:00] ✅ VPN 已连接
[2026-03-04 13:17:00] ✅ VPN 已连接
[2026-03-04 13:18:00] ✅ VPN 已连接
[2026-03-04 13:19:00] ✅ VPN 已连接
[2026-03-04 13:20:00] ✅ VPN 已连接
[2026-03-04 13:21:00] ✅ VPN 已连接
[2026-03-04 13:22:00] ✅ VPN 已连接
[2026-03-04 13:23:00] ✅ VPN 已连接
[2026-03-04 13:24:00] ✅ VPN 已连接
[2026-03-04 13:25:00] ✅ VPN 已连接
[2026-03-04 13:26:00] ✅ VPN 已连接
[2026-03-04 13:27:00] ✅ VPN 已连接
[2026-03-04 13:28:00] ✅ VPN 已连接
[2026-03-04 13:29:00] ✅ VPN 已连接
[2026-03-04 13:30:01] ✅ VPN 已连接
[2026-03-04 13:31:01] ✅ VPN 已连接
[2026-03-04 13:32:01] ✅ VPN 已连接
[2026-03-04 13:33:01] ✅ VPN 已连接
[2026-03-04 13:34:01] ✅ VPN 已连接
[2026-03-04 13:35:01] ✅ VPN 已连接
[2026-03-04 13:36:01] ✅ VPN 已连接
[2026-03-04 13:37:01] ✅ VPN 已连接
[2026-03-04 13:38:01] ✅ VPN 已连接
[2026-03-04 13:39:01] ✅ VPN 已连接
[2026-03-04 13:40:01] ✅ VPN 已连接
[2026-03-04 13:41:01] ✅ VPN 已连接
[2026-03-04 13:42:01] ✅ VPN 已连接
[2026-03-04 13:43:01] ✅ VPN 已连接
[2026-03-04 13:44:02] ✅ VPN 已连接
[2026-03-04 13:45:02] ✅ VPN 已连接
[2026-03-04 13:46:02] ✅ VPN 已连接
[2026-03-04 13:47:02] ✅ VPN 已连接
[2026-03-04 13:48:02] ✅ VPN 已连接
[2026-03-04 13:49:02] ✅ VPN 已连接
[2026-03-04 13:50:02] ✅ VPN 已连接
[2026-03-04 13:51:02] ✅ VPN 已连接
[2026-03-04 13:52:02] ✅ VPN 已连接
[2026-03-04 13:53:02] ✅ VPN 已连接
[2026-03-04 13:54:02] ✅ VPN 已连接
[2026-03-04 13:55:02] ✅ VPN 已连接
[2026-03-04 13:56:02] ✅ VPN 已连接
[2026-03-04 13:57:02] ✅ VPN 已连接
[2026-03-04 13:58:02] ✅ VPN 已连接
[2026-03-04 13:59:02] ✅ VPN 已连接
[2026-03-04 14:00:03] ✅ VPN 已连接
[2026-03-04 14:01:03] ✅ VPN 已连接
[2026-03-04 14:02:03] ✅ VPN 已连接
[2026-03-04 14:03:03] ✅ VPN 已连接
[2026-03-04 14:04:03] ✅ VPN 已连接
[2026-03-04 14:05:03] ✅ VPN 已连接
[2026-03-04 14:06:03] ✅ VPN 已连接
[2026-03-04 14:07:03] ✅ VPN 已连接
[2026-03-04 14:08:03] ✅ VPN 已连接
[2026-03-04 14:09:03] ✅ VPN 已连接
[2026-03-04 14:10:03] ✅ VPN 已连接
[2026-03-04 14:11:03] ✅ VPN 已连接
[2026-03-04 14:12:03] ✅ VPN 已连接
[2026-03-04 14:13:03] ✅ VPN 已连接
[2026-03-04 14:14:03] ✅ VPN 已连接
[2026-03-04 14:15:03] ✅ VPN 已连接
[2026-03-04 14:16:04] ✅ VPN 已连接
[2026-03-04 14:17:04] ✅ VPN 已连接
[2026-03-04 14:18:04] ✅ VPN 已连接
[2026-03-04 14:19:04] ✅ VPN 已连接
[2026-03-04 14:20:04] ✅ VPN 已连接
[2026-03-04 14:21:04] ✅ VPN 已连接
[2026-03-04 14:22:04] ✅ VPN 已连接
[2026-03-04 14:23:04] ✅ VPN 已连接
[2026-03-04 14:24:04] ✅ VPN 已连接
[2026-03-04 14:25:04] ✅ VPN 已连接
[2026-03-04 14:26:04] ✅ VPN 已连接
[2026-03-04 14:27:04] ✅ VPN 已连接
[2026-03-04 14:28:04] ✅ VPN 已连接
[2026-03-04 14:29:04] ✅ VPN 已连接
[2026-03-04 14:30:04] ✅ VPN 已连接
[2026-03-04 14:31:05] ✅ VPN 已连接
[2026-03-04 14:32:05] ✅ VPN 已连接
[2026-03-04 14:33:05] ✅ VPN 已连接
[2026-03-04 14:34:05] ✅ VPN 已连接
[2026-03-04 14:35:05] ✅ VPN 已连接
[2026-03-04 14:36:05] ✅ VPN 已连接
[2026-03-04 14:37:05] ✅ VPN 已连接
[2026-03-04 14:38:05] ✅ VPN 已连接
[2026-03-04 14:39:05] ✅ VPN 已连接
[2026-03-04 14:40:05] ✅ VPN 已连接
[2026-03-04 14:41:05] ✅ VPN 已连接
[2026-03-04 14:42:05] ✅ VPN 已连接
[2026-03-04 14:43:05] ✅ VPN 已连接
[2026-03-04 14:44:05] ✅ VPN 已连接
[2026-03-04 14:45:05] ✅ VPN 已连接
[2026-03-04 14:46:05] ✅ VPN 已连接
[2026-03-04 14:47:05] ✅ VPN 已连接
[2026-03-04 14:48:05] ✅ VPN 已连接
[2026-03-04 14:49:06] ✅ VPN 已连接
[2026-03-04 14:50:06] ✅ VPN 已连接
[2026-03-04 14:51:06] ✅ VPN 已连接
[2026-03-04 14:52:06] ✅ VPN 已连接
[2026-03-04 14:53:06] ❌ VPN 未连接，触发重连...
[2026-03-04 14:53:06] ========== VPN 重连开始 ==========
[2026-03-04 14:53:06] 尝试 1/3...
[2026-03-04 14:53:06] 启动 FortiClient GUI...
[2026-03-04 14:53:06] FortiClient 已在运行，先关闭...
[2026-03-04 14:53:11] ❌ FortiClient GUI 启动失败
[2026-03-04 14:53:11] 重试 1 失败：无法启动 FortiClient
[2026-03-04 14:53:21] 尝试 2/3...
[2026-03-04 14:53:21] 启动 FortiClient GUI...
[2026-03-04 14:53:24] ❌ FortiClient GUI 启动失败
[2026-03-04 14:53:24] 重试 2 失败：无法启动 FortiClient
[2026-03-04 14:53:34] 尝试 3/3...
[2026-03-04 14:53:34] 启动 FortiClient GUI...
[2026-03-04 14:53:37] ❌ FortiClient GUI 启动失败
[2026-03-04 14:53:37] 重试 3 失败：无法启动 FortiClient
[2026-03-04 14:53:47] ❌ VPN 重连失败（已尝试 3 次）
[2026-03-04 14:53:47] ========== VPN 重连失败 ==========
[2026-03-04 14:54:47] ❌ VPN 未连接，触发重连...
[2026-03-04 14:54:47] ========== VPN 重连开始 ==========
[2026-03-04 14:54:47] 尝试 1/3...
[2026-03-04 14:54:47] 启动 FortiClient GUI...
[2026-03-04 14:54:50] ❌ FortiClient GUI 启动失败
[2026-03-04 14:54:50] 重试 1 失败：无法启动 FortiClient
[2026-03-04 14:55:00] 尝试 2/3...
[2026-03-04 14:55:00] 启动 FortiClient GUI...
[2026-03-04 14:55:03] ❌ FortiClient GUI 启动失败
[2026-03-04 14:55:03] 重试 2 失败：无法启动 FortiClient
[2026-03-04 14:55:13] 尝试 3/3...
[2026-03-04 14:55:13] 启动 FortiClient GUI...
[2026-03-04 14:55:16] ❌ FortiClient GUI 启动失败
[2026-03-04 14:55:16] 重试 3 失败：无法启动 FortiClient
[2026-03-04 14:55:26] ❌ VPN 重连失败（已尝试 3 次）
[2026-03-04 14:55:26] ========== VPN 重连失败 ==========
[2026-03-04 14:56:26] ✅ VPN 已连接
[2026-03-04 14:57:27] ✅ VPN 已连接
[2026-03-04 14:58:27] ✅ VPN 已连接
[2026-03-04 14:59:27] ✅ VPN 已连接
[2026-03-04 15:00:27] ✅ VPN 已连接
[2026-03-04 15:01:27] ✅ VPN 已连接
[2026-03-04 15:02:27] ✅ VPN 已连接
[2026-03-04 15:03:27] ✅ VPN 已连接
[2026-03-04 15:04:27] ✅ VPN 已连接
[2026-03-04 15:05:27] ✅ VPN 已连接
[2026-03-04 15:06:27] ✅ VPN 已连接
[2026-03-04 15:07:27] ✅ VPN 已连接
[2026-03-04 15:08:27] ✅ VPN 已连接
[2026-03-04 15:09:27] ✅ VPN 已连接
[2026-03-04 15:10:28] ✅ VPN 已连接
[2026-03-04 15:11:28] ✅ VPN 已连接
[2026-03-04 15:12:28] ✅ VPN 已连接
[2026-03-04 15:13:28] ✅ VPN 已连接
[2026-03-04 15:14:28] ✅ VPN 已连接
[2026-03-04 15:15:28] ✅ VPN 已连接
[2026-03-04 15:16:28] ✅ VPN 已连接
[2026-03-04 15:17:28] ✅ VPN 已连接
[2026-03-04 15:18:28] ✅ VPN 已连接
[2026-03-04 15:19:28] ✅ VPN 已连接
[2026-03-04 15:20:28] ✅ VPN 已连接
[2026-03-04 15:21:28] ✅ VPN 已连接
[2026-03-04 15:22:28] ✅ VPN 已连接
[2026-03-04 15:23:28] ✅ VPN 已连接
[2026-03-04 15:24:28] ✅ VPN 已连接
[2026-03-04 15:25:29] ✅ VPN 已连接
[2026-03-04 15:26:29] ✅ VPN 已连接
[2026-03-04 15:27:29] ✅ VPN 已连接
[2026-03-04 15:28:29] ✅ VPN 已连接
[2026-03-04 15:29:29] ✅ VPN 已连接
[2026-03-04 15:30:29] ✅ VPN 已连接
[2026-03-04 15:31:29] ✅ VPN 已连接
[2026-03-04 15:32:29] ✅ VPN 已连接
[2026-03-04 15:33:29] ✅ VPN 已连接
[2026-03-04 15:34:29] ✅ VPN 已连接
[2026-03-04 15:35:29] ✅ VPN 已连接
[2026-03-04 15:36:29] ✅ VPN 已连接
[2026-03-04 15:37:29] ✅ VPN 已连接
[2026-03-04 15:38:29] ✅ VPN 已连接
[2026-03-04 15:39:29] ✅ VPN 已连接
[2026-03-04 15:40:30] ✅ VPN 已连接
[2026-03-04 15:41:30] ✅ VPN 已连接
[2026-03-04 15:42:30] ✅ VPN 已连接
[2026-03-04 15:43:30] ✅ VPN 已连接
[2026-03-04 15:44:30] ✅ VPN 已连接
[2026-03-04 15:45:30] ✅ VPN 已连接
[2026-03-04 15:46:30] ✅ VPN 已连接
[2026-03-04 15:47:30] ✅ VPN 已连接
[2026-03-04 15:48:30] ✅ VPN 已连接
[2026-03-04 15:49:30] ✅ VPN 已连接
[2026-03-04 15:50:30] ✅ VPN 已连接
[2026-03-04 15:51:30] ✅ VPN 已连接
[2026-03-04 15:52:30] ✅ VPN 已连接
[2026-03-04 15:53:30] ✅ VPN 已连接
[2026-03-04 15:54:30] ✅ VPN 已连接
[2026-03-04 15:55:31] ✅ VPN 已连接
[2026-03-04 15:56:31] ✅ VPN 已连接
[2026-03-04 15:57:31] ✅ VPN 已连接
[2026-03-04 15:58:31] ✅ VPN 已连接
[2026-03-04 15:59:31] ✅ VPN 已连接
[2026-03-04 16:00:31] ✅ VPN 已连接
[2026-03-04 16:01:31] ✅ VPN 已连接
[2026-03-04 16:02:31] ✅ VPN 已连接
[2026-03-04 16:03:31] ✅ VPN 已连接
[2026-03-04 16:04:31] ✅ VPN 已连接
[2026-03-04 16:05:31] ✅ VPN 已连接
[2026-03-04 16:06:31] ✅ VPN 已连接
[2026-03-04 16:07:31] ✅ VPN 已连接
[2026-03-04 16:08:31] ✅ VPN 已连接
[2026-03-04 16:09:31] ✅ VPN 已连接
[2026-03-04 16:10:31] ✅ VPN 已连接
[2026-03-04 16:11:32] ✅ VPN 已连接
[2026-03-04 16:12:32] ✅ VPN 已连接
[2026-03-04 16:13:32] ✅ VPN 已连接
[2026-03-04 16:14:32] ✅ VPN 已连接
[2026-03-04 16:15:32] ✅ VPN 已连接
[2026-03-04 16:16:32] ✅ VPN 已连接
[2026-03-04 16:17:32] ✅ VPN 已连接
[2026-03-04 16:18:32] ✅ VPN 已连接
[2026-03-04 16:19:32] ✅ VPN 已连接
[2026-03-04 16:20:32] ✅ VPN 已连接
[2026-03-04 16:21:32] ✅ VPN 已连接
[2026-03-04 16:22:32] ✅ VPN 已连接
[2026-03-04 16:23:32] ✅ VPN 已连接
[2026-03-04 16:24:32] ✅ VPN 已连接
[2026-03-04 16:25:32] ✅ VPN 已连接
[2026-03-04 16:26:32] ✅ VPN 已连接
[2026-03-04 16:27:33] ✅ VPN 已连接
[2026-03-04 16:28:33] ✅ VPN 已连接
[2026-03-04 16:29:33] ✅ VPN 已连接
[2026-03-04 16:30:33] ✅ VPN 已连接
[2026-03-04 16:31:33] ✅ VPN 已连接
[2026-03-04 16:32:33] ✅ VPN 已连接
[2026-03-04 16:33:33] ✅ VPN 已连接
[2026-03-04 16:34:33] ✅ VPN 已连接
[2026-03-04 16:35:33] ✅ VPN 已连接
[2026-03-04 16:36:33] ✅ VPN 已连接
[2026-03-04 16:37:33] ✅ VPN 已连接
[2026-03-04 16:38:33] ✅ VPN 已连接
[2026-03-04 16:39:33] ✅ VPN 已连接
[2026-03-04 16:40:34] ✅ VPN 已连接
[2026-03-04 16:41:34] ✅ VPN 已连接
[2026-03-04 16:42:34] ✅ VPN 已连接
[2026-03-04 16:43:34] ✅ VPN 已连接
[2026-03-04 16:44:34] ✅ VPN 已连接
[2026-03-04 16:45:34] ✅ VPN 已连接
[2026-03-04 16:46:34] ✅ VPN 已连接
[2026-03-04 16:47:34] ✅ VPN 已连接
[2026-03-04 16:48:34] ✅ VPN 已连接
[2026-03-04 16:49:34] ✅ VPN 已连接
[2026-03-04 16:50:34] ✅ VPN 已连接
[2026-03-04 16:51:34] ✅ VPN 已连接
[2026-03-04 16:52:34] ✅ VPN 已连接
[2026-03-04 16:53:34] ✅ VPN 已连接
[2026-03-04 16:54:34] ✅ VPN 已连接
[2026-03-04 16:55:34] ✅ VPN 已连接
[2026-03-04 16:56:35] ✅ VPN 已连接
[2026-03-04 16:57:35] ✅ VPN 已连接
[2026-03-04 16:58:35] ✅ VPN 已连接
[2026-03-04 16:59:35] ✅ VPN 已连接
[2026-03-04 17:00:35] ✅ VPN 已连接
[2026-03-04 17:01:35] ✅ VPN 已连接
[2026-03-04 17:02:35] ✅ VPN 已连接
[2026-03-04 17:03:35] ✅ VPN 已连接
[2026-03-04 17:04:35] ✅ VPN 已连接
[2026-03-04 17:05:35] ✅ VPN 已连接
[2026-03-04 17:06:35] ✅ VPN 已连接
[2026-03-04 17:07:35] ✅ VPN 已连接
[2026-03-04 17:08:35] ✅ VPN 已连接
[2026-03-04 17:09:35] ✅ VPN 已连接
[2026-03-04 17:10:36] ✅ VPN 已连接
[2026-03-04 17:11:36] ✅ VPN 已连接
[2026-03-04 17:12:36] ✅ VPN 已连接
[2026-03-04 17:13:36] ✅ VPN 已连接
[2026-03-04 17:14:36] ✅ VPN 已连接
[2026-03-04 17:15:36] ✅ VPN 已连接
[2026-03-04 17:16:36] ✅ VPN 已连接
[2026-03-04 17:17:36] ✅ VPN 已连接
[2026-03-04 17:18:36] ✅ VPN 已连接
[2026-03-04 17:19:36] ✅ VPN 已连接
[2026-03-04 17:20:36] ✅ VPN 已连接
[2026-03-04 17:21:36] ✅ VPN 已连接
[2026-03-04 17:22:36] ✅ VPN 已连接
[2026-03-04 17:23:36] ✅ VPN 已连接
[2026-03-04 17:24:36] ✅ VPN 已连接
[2026-03-04 17:25:37] ✅ VPN 已连接
[2026-03-04 17:26:37] ✅ VPN 已连接
[2026-03-04 17:27:37] ✅ VPN 已连接
[2026-03-04 17:28:37] ✅ VPN 已连接
[2026-03-04 17:29:37] ✅ VPN 已连接
[2026-03-04 17:30:37] ✅ VPN 已连接
[2026-03-04 17:31:37] ✅ VPN 已连接
[2026-03-04 17:32:37] ✅ VPN 已连接
[2026-03-04 17:33:37] ✅ VPN 已连接
[2026-03-04 17:34:37] ✅ VPN 已连接
[2026-03-04 17:35:37] ✅ VPN 已连接
[2026-03-04 17:36:37] ❌ VPN 未连接，触发重连...
[2026-03-04 17:36:37] ========== VPN 重连开始 ==========
[2026-03-04 17:36:37] 尝试 1/3...
[2026-03-04 17:36:37] 启动 FortiClient GUI...
[2026-03-04 17:36:37] FortiClient 已在运行，先关闭...
[2026-03-04 17:36:42] ❌ FortiClient GUI 启动失败
[2026-03-04 17:36:42] 重试 1 失败：无法启动 FortiClient
[2026-03-04 17:36:52] 尝试 2/3...
[2026-03-04 17:36:52] 启动 FortiClient GUI...
[2026-03-04 17:36:55] ❌ FortiClient GUI 启动失败
[2026-03-04 17:36:55] 重试 2 失败：无法启动 FortiClient
[2026-03-04 17:37:05] 尝试 3/3...
[2026-03-04 17:37:05] 启动 FortiClient GUI...
[2026-03-04 17:37:08] ❌ FortiClient GUI 启动失败
[2026-03-04 17:37:08] 重试 3 失败：无法启动 FortiClient
[2026-03-04 17:37:18] ❌ VPN 重连失败（已尝试 3 次）
[2026-03-04 17:37:18] ========== VPN 重连失败 ==========
[2026-03-04 17:38:18] ❌ VPN 未连接，触发重连...
[2026-03-04 17:38:18] ========== VPN 重连开始 ==========
[2026-03-04 17:38:18] 尝试 1/3...
[2026-03-04 17:38:18] 启动 FortiClient GUI...
[2026-03-04 17:38:18] FortiClient 已在运行，先关闭...
[2026-03-04 17:38:23] ❌ FortiClient GUI 启动失败
[2026-03-04 17:38:23] 重试 1 失败：无法启动 FortiClient
[2026-03-04 17:38:33] 尝试 2/3...
[2026-03-04 17:38:33] 启动 FortiClient GUI...
[2026-03-04 17:38:37] ❌ FortiClient GUI 启动失败
[2026-03-04 17:38:37] 重试 2 失败：无法启动 FortiClient
[2026-03-04 17:38:47] 尝试 3/3...
[2026-03-04 17:38:47] 启动 FortiClient GUI...
[2026-03-04 17:38:50] ❌ FortiClient GUI 启动失败
[2026-03-04 17:38:50] 重试 3 失败：无法启动 FortiClient
[2026-03-04 17:39:00] ❌ VPN 重连失败（已尝试 3 次）
[2026-03-04 17:39:00] ========== VPN 重连失败 ==========
[2026-03-04 17:40:00] ❌ VPN 未连接，触发重连...
[2026-03-04 17:40:00] ========== VPN 重连开始 ==========
[2026-03-04 17:40:00] 尝试 1/3...
[2026-03-04 17:40:00] 启动 FortiClient GUI...
[2026-03-04 17:40:03] ❌ FortiClient GUI 启动失败
[2026-03-04 17:40:03] 重试 1 失败：无法启动 FortiClient
[2026-03-04 17:40:13] 尝试 2/3...
[2026-03-04 17:40:13] 启动 FortiClient GUI...
[2026-03-04 17:40:16] ❌ FortiClient GUI 启动失败
[2026-03-04 17:40:16] 重试 2 失败：无法启动 FortiClient
[2026-03-04 17:40:26] 尝试 3/3...
[2026-03-04 17:40:26] 启动 FortiClient GUI...
[2026-03-04 17:40:29] ❌ FortiClient GUI 启动失败
[2026-03-04 17:40:29] 重试 3 失败：无法启动 FortiClient
[2026-03-04 17:40:39] ❌ VPN 重连失败（已尝试 3 次）
[2026-03-04 17:40:39] ========== VPN 重连失败 ==========
[2026-03-04 17:41:39] ✅ VPN 已连接
[2026-03-04 17:42:39] ✅ VPN 已连接
[2026-03-04 17:43:39] ✅ VPN 已连接
[2026-03-04 17:44:39] ✅ VPN 已连接
[2026-03-04 17:45:39] ✅ VPN 已连接
[2026-03-04 17:46:39] ✅ VPN 已连接
[2026-03-04 17:47:39] ✅ VPN 已连接
[2026-03-04 17:48:39] ✅ VPN 已连接
[2026-03-04 17:49:40] ✅ VPN 已连接
[2026-03-04 17:50:40] ✅ VPN 已连接
[2026-03-04 17:51:40] ✅ VPN 已连接
[2026-03-04 17:52:40] ✅ VPN 已连接
[2026-03-04 17:53:40] ✅ VPN 已连接
[2026-03-04 17:54:40] ✅ VPN 已连接
[2026-03-04 17:55:40] ✅ VPN 已连接
[2026-03-04 17:56:40] ✅ VPN 已连接
[2026-03-04 17:57:40] ✅ VPN 已连接
[2026-03-04 17:58:40] ✅ VPN 已连接
[2026-03-04 17:59:40] ✅ VPN 已连接
[2026-03-04 18:00:40] ✅ VPN 已连接
[2026-03-04 18:01:40] ✅ VPN 已连接
[2026-03-04 18:02:41] ✅ VPN 已连接
[2026-03-04 18:03:41] ✅ VPN 已连接
[2026-03-04 18:04:41] ✅ VPN 已连接
[2026-03-04 18:05:41] ✅ VPN 已连接
[2026-03-04 18:06:41] ✅ VPN 已连接
[2026-03-04 18:07:41] ✅ VPN 已连接
[2026-03-04 18:08:41] ✅ VPN 已连接
[2026-03-04 18:09:41] ✅ VPN 已连接
[2026-03-04 18:10:41] ✅ VPN 已连接
[2026-03-04 18:11:41] ✅ VPN 已连接
[2026-03-04 18:12:41] ✅ VPN 已连接
[2026-03-04 18:13:41] ✅ VPN 已连接
[2026-03-04 18:14:41] ✅ VPN 已连接
[2026-03-04 18:15:42] ✅ VPN 已连接
[2026-03-04 18:16:42] ✅ VPN 已连接
[2026-03-04 18:17:42] ✅ VPN 已连接
[2026-03-04 18:18:42] ✅ VPN 已连接
[2026-03-04 18:19:42] ✅ VPN 已连接
[2026-03-04 18:20:42] ✅ VPN 已连接
[2026-03-04 18:21:42] ✅ VPN 已连接
[2026-03-04 18:22:42] ✅ VPN 已连接
[2026-03-04 18:23:42] ✅ VPN 已连接
[2026-03-04 18:24:42] ✅ VPN 已连接
[2026-03-04 18:25:42] ✅ VPN 已连接
[2026-03-04 18:26:42] ✅ VPN 已连接
[2026-03-04 18:27:42] ✅ VPN 已连接
[2026-03-04 18:28:42] ✅ VPN 已连接
[2026-03-04 18:29:43] ✅ VPN 已连接
[2026-03-04 18:30:43] ✅ VPN 已连接
[2026-03-04 18:31:43] ✅ VPN 已连接
[2026-03-04 18:32:43] ✅ VPN 已连接
[2026-03-04 18:33:43] ✅ VPN 已连接
[2026-03-04 18:34:43] ✅ VPN 已连接
[2026-03-04 18:35:43] ✅ VPN 已连接
[2026-03-04 18:36:43] ✅ VPN 已连接
[2026-03-04 18:37:43] ✅ VPN 已连接
[2026-03-04 18:38:43] ✅ VPN 已连接
[2026-03-04 18:39:43] ✅ VPN 已连接
[2026-03-04 18:40:43] ✅ VPN 已连接
[2026-03-04 18:41:43] ✅ VPN 已连接
[2026-03-04 18:42:44] ✅ VPN 已连接
[2026-03-04 18:43:44] ✅ VPN 已连接
[2026-03-04 18:44:44] ✅ VPN 已连接
[2026-03-04 18:45:44] ✅ VPN 已连接
[2026-03-04 18:46:44] ✅ VPN 已连接
[2026-03-04 18:47:44] ✅ VPN 已连接
[2026-03-04 18:48:44] ✅ VPN 已连接
[2026-03-04 18:49:44] ✅ VPN 已连接
[2026-03-04 18:50:44] ✅ VPN 已连接
[2026-03-04 18:51:44] ✅ VPN 已连接
[2026-03-04 18:52:44] ✅ VPN 已连接
[2026-03-04 18:53:44] ✅ VPN 已连接
[2026-03-04 18:54:44] ✅ VPN 已连接
[2026-03-04 18:55:44] ✅ VPN 已连接
[2026-03-04 18:56:45] ✅ VPN 已连接
[2026-03-04 18:57:45] ✅ VPN 已连接
[2026-03-04 18:58:45] ✅ VPN 已连接
[2026-03-04 18:59:45] ✅ VPN 已连接
[2026-03-04 19:00:45] ✅ VPN 已连接
[2026-03-04 19:01:45] ✅ VPN 已连接
[2026-03-04 19:02:45] ✅ VPN 已连接
[2026-03-04 19:03:45] ✅ VPN 已连接
[2026-03-04 19:04:45] ✅ VPN 已连接
[2026-03-04 19:05:45] ✅ VPN 已连接
[2026-03-04 19:06:45] ✅ VPN 已连接
[2026-03-04 19:07:45] ✅ VPN 已连接
[2026-03-04 19:08:45] ✅ VPN 已连接
[2026-03-04 19:09:45] ✅ VPN 已连接
[2026-03-04 19:10:45] ✅ VPN 已连接
[2026-03-04 19:11:45] ✅ VPN 已连接
[2026-03-04 19:12:46] ✅ VPN 已连接
[2026-03-04 19:13:46] ✅ VPN 已连接
[2026-03-04 19:14:46] ✅ VPN 已连接
[2026-03-04 19:15:46] ✅ VPN 已连接
[2026-03-04 19:16:46] ✅ VPN 已连接
[2026-03-04 19:17:46] ✅ VPN 已连接
[2026-03-04 19:18:46] ✅ VPN 已连接
[2026-03-04 19:19:46] ✅ VPN 已连接
[2026-03-04 19:20:46] ✅ VPN 已连接
[2026-03-04 19:21:46] ✅ VPN 已连接
[2026-03-04 19:22:46] ✅ VPN 已连接
[2026-03-04 19:23:46] ✅ VPN 已连接
[2026-03-04 19:24:46] ✅ VPN 已连接
[2026-03-04 19:25:46] ✅ VPN 已连接
[2026-03-04 19:26:47] ✅ VPN 已连接
[2026-03-04 19:27:47] ✅ VPN 已连接
[2026-03-04 19:28:47] ✅ VPN 已连接
[2026-03-04 19:29:47] ✅ VPN 已连接
[2026-03-04 19:30:47] ✅ VPN 已连接
[2026-03-04 19:31:47] ✅ VPN 已连接
[2026-03-04 19:32:47] ✅ VPN 已连接
[2026-03-04 19:33:47] ✅ VPN 已连接
[2026-03-04 19:34:47] ✅ VPN 已连接
[2026-03-04 19:35:47] ✅ VPN 已连接
[2026-03-04 19:36:47] ✅ VPN 已连接
[2026-03-04 19:37:47] ✅ VPN 已连接
[2026-03-04 19:38:47] ✅ VPN 已连接
[2026-03-04 19:39:48] ✅ VPN 已连接
[2026-03-04 19:40:48] ✅ VPN 已连接
[2026-03-04 19:41:48] ✅ VPN 已连接
[2026-03-04 19:42:48] ✅ VPN 已连接
[2026-03-04 19:43:48] ✅ VPN 已连接
[2026-03-04 19:44:48] ✅ VPN 已连接
[2026-03-04 19:45:48] ✅ VPN 已连接
[2026-03-04 19:46:48] ✅ VPN 已连接
[2026-03-04 19:47:48] ✅ VPN 已连接
[2026-03-04 19:48:48] ✅ VPN 已连接
[2026-03-04 19:49:48] ✅ VPN 已连接
[2026-03-04 19:50:48] ✅ VPN 已连接
[2026-03-04 19:51:48] ✅ VPN 已连接
[2026-03-04 19:52:48] ✅ VPN 已连接
[2026-03-04 19:53:48] ✅ VPN 已连接
[2026-03-04 19:54:48] ✅ VPN 已连接
[2026-03-04 19:55:49] ✅ VPN 已连接
[2026-03-04 19:56:49] ✅ VPN 已连接
[2026-03-04 19:57:49] ✅ VPN 已连接
[2026-03-04 19:58:49] ✅ VPN 已连接
[2026-03-04 19:59:49] ✅ VPN 已连接
[2026-03-04 20:00:49] ✅ VPN 已连接
[2026-03-04 20:01:49] ✅ VPN 已连接
[2026-03-04 20:02:49] ✅ VPN 已连接
[2026-03-04 20:03:49] ✅ VPN 已连接
[2026-03-04 20:04:49] ✅ VPN 已连接
[2026-03-04 20:05:49] ✅ VPN 已连接
[2026-03-04 20:06:49] ✅ VPN 已连接
[2026-03-04 20:07:49] ✅ VPN 已连接
[2026-03-04 20:08:49] ✅ VPN 已连接
[2026-03-04 20:09:49] ✅ VPN 已连接
[2026-03-04 20:10:50] ✅ VPN 已连接
[2026-03-04 20:11:50] ✅ VPN 已连接
[2026-03-04 20:12:50] ✅ VPN 已连接
[2026-03-04 20:13:50] ✅ VPN 已连接
[2026-03-04 20:14:50] ✅ VPN 已连接
[2026-03-04 20:15:50] ✅ VPN 已连接
[2026-03-04 20:16:50] ✅ VPN 已连接
[2026-03-04 20:17:50] ✅ VPN 已连接
[2026-03-04 20:18:50] ✅ VPN 已连接
[2026-03-04 20:19:50] ✅ VPN 已连接
[2026-03-04 20:20:50] ✅ VPN 已连接
[2026-03-04 20:21:50] ✅ VPN 已连接
[2026-03-04 20:22:50] ✅ VPN 已连接
[2026-03-04 20:23:50] ✅ VPN 已连接
[2026-03-04 20:24:50] ✅ VPN 已连接
[2026-03-04 20:25:50] ✅ VPN 已连接
[2026-03-04 20:26:51] ✅ VPN 已连接
[2026-03-04 20:27:51] ✅ VPN 已连接
[2026-03-04 20:28:51] ✅ VPN 已连接
[2026-03-04 20:29:51] ✅ VPN 已连接
[2026-03-04 20:30:51] ✅ VPN 已连接
[2026-03-04 20:31:51] ✅ VPN 已连接
[2026-03-04 20:32:51] ✅ VPN 已连接
[2026-03-04 20:33:51] ✅ VPN 已连接
[2026-03-04 20:34:51] ✅ VPN 已连接
[2026-03-04 20:35:51] ✅ VPN 已连接
[2026-03-04 20:36:51] ✅ VPN 已连接
[2026-03-04 20:37:51] ✅ VPN 已连接
[2026-03-04 20:38:51] ✅ VPN 已连接
[2026-03-04 20:39:51] ✅ VPN 已连接
[2026-03-04 20:40:51] ✅ VPN 已连接
[2026-03-04 20:41:51] ✅ VPN 已连接
[2026-03-04 20:42:52] ✅ VPN 已连接
[2026-03-04 20:43:52] ✅ VPN 已连接
[2026-03-04 20:44:52] ✅ VPN 已连接
[2026-03-04 20:45:52] ✅ VPN 已连接
[2026-03-04 20:46:52] ✅ VPN 已连接
[2026-03-04 20:47:52] ✅ VPN 已连接
[2026-03-04 20:48:52] ✅ VPN 已连接
[2026-03-04 20:49:52] ✅ VPN 已连接
[2026-03-04 20:50:52] ✅ VPN 已连接
[2026-03-04 20:51:52] ✅ VPN 已连接
[2026-03-04 20:52:52] ✅ VPN 已连接
[2026-03-04 20:53:52] ✅ VPN 已连接
[2026-03-04 20:54:52] ✅ VPN 已连接
[2026-03-04 20:55:53] ✅ VPN 已连接
[2026-03-04 20:56:53] ✅ VPN 已连接
[2026-03-04 20:57:53] ✅ VPN 已连接
[2026-03-04 20:58:53] ✅ VPN 已连接
[2026-03-04 20:59:53] ✅ VPN 已连接
[2026-03-04 21:00:53] ✅ VPN 已连接
[2026-03-04 21:01:53] ✅ VPN 已连接
[2026-03-04 21:02:53] ✅ VPN 已连接
[2026-03-04 21:03:53] ✅ VPN 已连接
[2026-03-04 21:04:53] ✅ VPN 已连接
[2026-03-04 21:05:53] ✅ VPN 已连接
[2026-03-04 21:06:53] ✅ VPN 已连接
[2026-03-04 21:07:53] ✅ VPN 已连接
[2026-03-04 21:08:53] ✅ VPN 已连接
[2026-03-04 21:09:53] ✅ VPN 已连接
[2026-03-04 21:10:53] ✅ VPN 已连接
[2026-03-04 21:11:53] ✅ VPN 已连接
[2026-03-04 21:12:54] ✅ VPN 已连接
[2026-03-04 21:13:54] ✅ VPN 已连接
[2026-03-04 21:14:54] ✅ VPN 已连接
[2026-03-04 21:15:54] ✅ VPN 已连接
[2026-03-04 21:16:54] ✅ VPN 已连接
[2026-03-04 21:17:54] ✅ VPN 已连接
[2026-03-04 21:18:54] ✅ VPN 已连接
[2026-03-04 21:19:54] ✅ VPN 已连接
[2026-03-04 21:20:54] ✅ VPN 已连接
[2026-03-04 21:21:54] ✅ VPN 已连接
[2026-03-04 21:22:54] ✅ VPN 已连接
[2026-03-04 21:23:54] ✅ VPN 已连接
[2026-03-04 21:24:54] ✅ VPN 已连接
[2026-03-04 21:25:54] ✅ VPN 已连接
[2026-03-04 21:26:54] ✅ VPN 已连接
[2026-03-04 21:27:54] ✅ VPN 已连接
[2026-03-04 21:28:55] ✅ VPN 已连接
[2026-03-04 21:29:55] ✅ VPN 已连接
[2026-03-04 21:30:55] ✅ VPN 已连接
[2026-03-04 21:31:55] ✅ VPN 已连接
[2026-03-04 21:32:55] ✅ VPN 已连接
[2026-03-04 21:33:55] ✅ VPN 已连接
[2026-03-04 21:34:55] ✅ VPN 已连接
[2026-03-04 21:35:55] ✅ VPN 已连接
[2026-03-04 21:36:55] ✅ VPN 已连接
[2026-03-04 21:37:55] ✅ VPN 已连接
[2026-03-04 21:38:55] ✅ VPN 已连接
[2026-03-04 21:39:55] ✅ VPN 已连接
[2026-03-04 21:40:55] ✅ VPN 已连接
[2026-03-04 21:41:55] ✅ VPN 已连接
[2026-03-04 21:42:55] ✅ VPN 已连接
[2026-03-04 21:43:55] ✅ VPN 已连接
[2026-03-04 21:44:56] ✅ VPN 已连接
[2026-03-04 21:45:56] ✅ VPN 已连接
[2026-03-04 21:46:56] ✅ VPN 已连接
[2026-03-04 21:47:56] ✅ VPN 已连接
[2026-03-04 21:48:56] ✅ VPN 已连接
[2026-03-04 21:49:56] ✅ VPN 已连接
[2026-03-04 21:50:56] ✅ VPN 已连接
[2026-03-04 21:51:56] ✅ VPN 已连接
[2026-03-04 21:52:56] ✅ VPN 已连接
[2026-03-04 21:53:56] ✅ VPN 已连接
[2026-03-04 21:54:56] ✅ VPN 已连接
[2026-03-04 21:55:56] ✅ VPN 已连接
[2026-03-04 21:56:56] ✅ VPN 已连接
[2026-03-04 21:57:56] ✅ VPN 已连接
[2026-03-04 21:58:57] ✅ VPN 已连接
[2026-03-04 21:59:57] ✅ VPN 已连接
[2026-03-04 22:00:57] ✅ VPN 已连接
[2026-03-04 22:01:57] ✅ VPN 已连接
[2026-03-04 22:02:57] ✅ VPN 已连接
[2026-03-04 22:03:57] ✅ VPN 已连接
[2026-03-04 22:04:57] ✅ VPN 已连接
[2026-03-04 22:05:57] ✅ VPN 已连接
[2026-03-04 22:06:57] ✅ VPN 已连接
[2026-03-04 22:07:57] ✅ VPN 已连接
[2026-03-04 22:08:57] ✅ VPN 已连接
[2026-03-04 22:09:57] ✅ VPN 已连接
[2026-03-04 22:10:57] ✅ VPN 已连接
[2026-03-04 22:11:57] ✅ VPN 已连接
[2026-03-04 22:12:57] ✅ VPN 已连接
[2026-03-04 22:13:57] ✅ VPN 已连接
[2026-03-04 22:14:58] ✅ VPN 已连接
[2026-03-04 22:15:58] ✅ VPN 已连接
[2026-03-04 22:16:58] ✅ VPN 已连接
[2026-03-04 22:17:58] ✅ VPN 已连接
[2026-03-04 22:18:58] ✅ VPN 已连接
[2026-03-04 22:19:58] ✅ VPN 已连接
[2026-03-04 22:20:58] ✅ VPN 已连接
[2026-03-04 22:21:58] ✅ VPN 已连接
[2026-03-04 22:22:58] ✅ VPN 已连接
[2026-03-04 22:23:58] ✅ VPN 已连接
[2026-03-04 22:24:58] ✅ VPN 已连接
[2026-03-04 22:25:58] ✅ VPN 已连接
[2026-03-04 22:26:58] ✅ VPN 已连接
[2026-03-04 22:27:59] ✅ VPN 已连接
[2026-03-04 22:28:59] ✅ VPN 已连接
[2026-03-04 22:29:59] ✅ VPN 已连接
[2026-03-04 22:30:59] ✅ VPN 已连接
[2026-03-04 22:31:59] ✅ VPN 已连接
[2026-03-04 22:32:59] ✅ VPN 已连接
[2026-03-04 22:33:59] ✅ VPN 已连接
[2026-03-04 22:34:59] ✅ VPN 已连接
[2026-03-04 22:35:59] ✅ VPN 已连接
[2026-03-04 22:36:59] ✅ VPN 已连接
[2026-03-04 22:37:59] ✅ VPN 已连接
[2026-03-04 22:38:59] ✅ VPN 已连接
[2026-03-04 22:39:59] ✅ VPN 已连接
[2026-03-04 22:41:00] ✅ VPN 已连接
[2026-03-04 22:42:00] ✅ VPN 已连接
[2026-03-04 22:43:00] ✅ VPN 已连接
[2026-03-04 22:44:00] ✅ VPN 已连接
[2026-03-04 22:45:00] ✅ VPN 已连接
[2026-03-04 22:46:00] ✅ VPN 已连接
[2026-03-04 22:47:00] ✅ VPN 已连接
[2026-03-04 22:48:00] ✅ VPN 已连接
[2026-03-04 22:49:00] ✅ VPN 已连接
[2026-03-04 22:50:00] ✅ VPN 已连接
[2026-03-04 22:51:00] ✅ VPN 已连接
[2026-03-04 22:52:00] ✅ VPN 已连接
[2026-03-04 22:53:00] ✅ VPN 已连接
[2026-03-04 22:54:00] ✅ VPN 已连接
[2026-03-04 22:55:00] ✅ VPN 已连接
[2026-03-04 22:56:00] ✅ VPN 已连接
[2026-03-04 22:57:00] ✅ VPN 已连接
[2026-03-04 22:58:01] ✅ VPN 已连接
[2026-03-04 22:59:01] ✅ VPN 已连接
[2026-03-04 23:00:01] ✅ VPN 已连接
[2026-03-04 23:01:01] ✅ VPN 已连接
[2026-03-04 23:02:01] ✅ VPN 已连接
[2026-03-04 23:03:01] ✅ VPN 已连接
[2026-03-04 23:04:01] ✅ VPN 已连接
[2026-03-04 23:05:01] ✅ VPN 已连接
[2026-03-04 23:06:01] ✅ VPN 已连接
[2026-03-04 23:07:01] ✅ VPN 已连接
[2026-03-04 23:08:01] ✅ VPN 已连接
[2026-03-04 23:09:01] ✅ VPN 已连接
[2026-03-04 23:10:01] ✅ VPN 已连接
[2026-03-04 23:11:02] ✅ VPN 已连接
[2026-03-04 23:12:02] ✅ VPN 已连接
[2026-03-04 23:13:02] ✅ VPN 已连接
[2026-03-04 23:14:02] ✅ VPN 已连接
[2026-03-04 23:15:02] ✅ VPN 已连接
[2026-03-04 23:16:02] ✅ VPN 已连接
[2026-03-04 23:17:02] ✅ VPN 已连接
[2026-03-04 23:18:02] ✅ VPN 已连接
[2026-03-04 23:19:02] ✅ VPN 已连接
[2026-03-04 23:20:02] ✅ VPN 已连接
[2026-03-04 23:21:02] ✅ VPN 已连接
[2026-03-04 23:22:02] ✅ VPN 已连接
[2026-03-04 23:23:02] ✅ VPN 已连接
[2026-03-04 23:24:02] ✅ VPN 已连接
[2026-03-04 23:25:03] ✅ VPN 已连接
[2026-03-04 23:26:03] ✅ VPN 已连接
[2026-03-04 23:27:03] ✅ VPN 已连接
[2026-03-04 23:28:03] ✅ VPN 已连接
[2026-03-04 23:29:03] ✅ VPN 已连接
[2026-03-04 23:30:03] ✅ VPN 已连接
[2026-03-04 23:31:03] ✅ VPN 已连接
[2026-03-04 23:32:03] ✅ VPN 已连接
[2026-03-04 23:33:03] ✅ VPN 已连接
[2026-03-04 23:34:03] ✅ VPN 已连接
[2026-03-04 23:35:03] ✅ VPN 已连接
[2026-03-04 23:36:03] ✅ VPN 已连接
[2026-03-04 23:37:03] ✅ VPN 已连接
[2026-03-04 23:38:03] ✅ VPN 已连接
[2026-03-04 23:39:03] ✅ VPN 已连接
[2026-03-04 23:40:04] ✅ VPN 已连接
[2026-03-04 23:41:04] ✅ VPN 已连接
[2026-03-04 23:42:04] ✅ VPN 已连接
[2026-03-04 23:43:04] ✅ VPN 已连接
[2026-03-04 23:44:04] ✅ VPN 已连接
[2026-03-04 23:45:04] ✅ VPN 已连接
[2026-03-04 23:46:04] ✅ VPN 已连接
[2026-03-04 23:47:04] ✅ VPN 已连接
[2026-03-04 23:48:04] ✅ VPN 已连接
[2026-03-04 23:49:04] ✅ VPN 已连接
[2026-03-04 23:50:04] ✅ VPN 已连接
[2026-03-04 23:51:04] ✅ VPN 已连接
[2026-03-04 23:52:04] ✅ VPN 已连接
[2026-03-04 23:53:04] ✅ VPN 已连接
[2026-03-04 23:54:05] ✅ VPN 已连接
[2026-03-04 23:55:05] ✅ VPN 已连接
[2026-03-04 23:56:05] ✅ VPN 已连接
[2026-03-04 23:57:05] ✅ VPN 已连接
[2026-03-04 23:58:05] ✅ VPN 已连接
[2026-03-04 23:59:05] ✅ VPN 已连接
[2026-03-05 00:00:05] ✅ VPN 已连接
[2026-03-05 00:01:05] ✅ VPN 已连接
[2026-03-05 00:02:05] ✅ VPN 已连接
[2026-03-05 00:03:05] ✅ VPN 已连接
[2026-03-05 00:04:05] ✅ VPN 已连接
[2026-03-05 00:05:05] ✅ VPN 已连接
[2026-03-05 00:06:05] ✅ VPN 已连接
[2026-03-05 00:07:05] ✅ VPN 已连接
[2026-03-05 00:08:05] ✅ VPN 已连接
[2026-03-05 00:09:05] ✅ VPN 已连接
[2026-03-05 00:10:06] ✅ VPN 已连接
[2026-03-05 00:11:06] ✅ VPN 已连接
[2026-03-05 00:12:06] ✅ VPN 已连接
[2026-03-05 00:13:06] ✅ VPN 已连接
[2026-03-05 00:14:06] ✅ VPN 已连接
[2026-03-05 00:15:06] ✅ VPN 已连接
[2026-03-05 00:16:06] ✅ VPN 已连接
[2026-03-05 00:17:06] ✅ VPN 已连接
[2026-03-05 00:18:06] ✅ VPN 已连接
[2026-03-05 00:19:06] ✅ VPN 已连接
[2026-03-05 00:20:06] ✅ VPN 已连接
[2026-03-05 00:21:06] ✅ VPN 已连接
[2026-03-05 00:22:06] ✅ VPN 已连接
[2026-03-05 00:23:06] ✅ VPN 已连接
[2026-03-05 00:24:06] ✅ VPN 已连接
[2026-03-05 00:25:06] ✅ VPN 已连接
[2026-03-05 00:26:07] ✅ VPN 已连接
[2026-03-05 00:27:07] ✅ VPN 已连接
[2026-03-05 00:28:07] ✅ VPN 已连接
[2026-03-05 00:29:07] ✅ VPN 已连接
[2026-03-05 00:30:07] ✅ VPN 已连接
[2026-03-05 00:31:07] ✅ VPN 已连接
[2026-03-05 00:32:07] ✅ VPN 已连接
[2026-03-05 00:33:07] ✅ VPN 已连接
[2026-03-05 00:34:07] ✅ VPN 已连接
[2026-03-05 00:35:07] ✅ VPN 已连接
[2026-03-05 00:36:07] ✅ VPN 已连接
[2026-03-05 00:37:07] ✅ VPN 已连接
[2026-03-05 00:38:07] ✅ VPN 已连接
[2026-03-05 00:39:07] ✅ VPN 已连接
[2026-03-05 00:40:07] ✅ VPN 已连接
[2026-03-05 00:41:08] ✅ VPN 已连接
[2026-03-05 00:42:08] ✅ VPN 已连接
[2026-03-05 00:43:08] ✅ VPN 已连接
[2026-03-05 00:44:08] ✅ VPN 已连接
[2026-03-05 00:45:08] ✅ VPN 已连接
[2026-03-05 00:46:08] ✅ VPN 已连接
[2026-03-05 00:47:08] ✅ VPN 已连接
[2026-03-05 00:48:08] ✅ VPN 已连接
[2026-03-05 00:49:08] ✅ VPN 已连接
[2026-03-05 00:50:08] ✅ VPN 已连接
[2026-03-05 00:51:08] ✅ VPN 已连接
[2026-03-05 00:52:08] ✅ VPN 已连接
[2026-03-05 00:53:08] ✅ VPN 已连接
[2026-03-05 00:54:08] ✅ VPN 已连接
[2026-03-05 00:55:08] ✅ VPN 已连接
[2026-03-05 00:56:09] ✅ VPN 已连接
[2026-03-05 00:57:09] ✅ VPN 已连接
[2026-03-05 00:58:09] ✅ VPN 已连接
[2026-03-05 00:59:09] ✅ VPN 已连接
[2026-03-05 01:00:09] ✅ VPN 已连接
[2026-03-05 01:01:09] ✅ VPN 已连接
[2026-03-05 01:02:09] ✅ VPN 已连接
[2026-03-05 01:03:09] ✅ VPN 已连接
[2026-03-05 01:04:09] ✅ VPN 已连接
[2026-03-05 01:05:09] ✅ VPN 已连接
[2026-03-05 01:06:09] ✅ VPN 已连接
[2026-03-05 01:07:09] ✅ VPN 已连接
[2026-03-05 01:08:09] ✅ VPN 已连接
[2026-03-05 01:09:09] ✅ VPN 已连接
[2026-03-05 01:10:10] ✅ VPN 已连接
[2026-03-05 01:11:10] ✅ VPN 已连接
[2026-03-05 01:12:10] ✅ VPN 已连接
[2026-03-05 01:13:10] ✅ VPN 已连接
[2026-03-05 01:14:10] ✅ VPN 已连接
[2026-03-05 01:15:10] ✅ VPN 已连接
[2026-03-05 01:16:10] ✅ VPN 已连接
[2026-03-05 01:17:10] ✅ VPN 已连接
[2026-03-05 01:18:10] ✅ VPN 已连接
[2026-03-05 01:19:10] ✅ VPN 已连接
[2026-03-05 01:20:10] ✅ VPN 已连接
[2026-03-05 01:21:10] ✅ VPN 已连接
[2026-03-05 01:22:10] ✅ VPN 已连接
[2026-03-05 01:23:10] ✅ VPN 已连接
[2026-03-05 01:24:10] ✅ VPN 已连接
[2026-03-05 01:25:10] ✅ VPN 已连接
[2026-03-05 01:26:11] ✅ VPN 已连接
[2026-03-05 01:27:11] ✅ VPN 已连接
[2026-03-05 01:28:11] ✅ VPN 已连接
[2026-03-05 01:29:11] ✅ VPN 已连接
[2026-03-05 01:30:11] ✅ VPN 已连接
[2026-03-05 01:31:11] ✅ VPN 已连接
[2026-03-05 01:32:11] ✅ VPN 已连接
[2026-03-05 01:33:11] ✅ VPN 已连接
[2026-03-05 01:34:11] ✅ VPN 已连接
[2026-03-05 01:35:11] ✅ VPN 已连接
[2026-03-05 01:36:11] ✅ VPN 已连接
[2026-03-05 01:37:11] ✅ VPN 已连接
[2026-03-05 01:38:11] ✅ VPN 已连接
[2026-03-05 01:39:11] ✅ VPN 已连接
[2026-03-05 01:40:11] ✅ VPN 已连接
[2026-03-05 01:41:11] ✅ VPN 已连接
[2026-03-05 01:42:11] ❌ VPN 未连接，触发重连...
[2026-03-05 01:42:12] ========== VPN 重连开始 ==========
[2026-03-05 01:42:12] 尝试 1/3...
[2026-03-05 01:42:12] 启动 FortiClient GUI...
[2026-03-05 01:42:15] ❌ FortiClient GUI 启动失败
[2026-03-05 01:42:15] 重试 1 失败：无法启动 FortiClient
[2026-03-05 01:42:25] 尝试 2/3...
[2026-03-05 01:42:25] 启动 FortiClient GUI...
[2026-03-05 01:42:28] ❌ FortiClient GUI 启动失败
[2026-03-05 01:42:28] 重试 2 失败：无法启动 FortiClient
[2026-03-05 01:42:38] 尝试 3/3...
[2026-03-05 01:42:38] 启动 FortiClient GUI...
[2026-03-05 01:42:41] ❌ FortiClient GUI 启动失败
[2026-03-05 01:42:41] 重试 3 失败：无法启动 FortiClient
[2026-03-05 01:42:51] ❌ VPN 重连失败（已尝试 3 次）
[2026-03-05 01:42:51] ========== VPN 重连失败 ==========
[2026-03-05 01:43:51] ❌ VPN 未连接，触发重连...
[2026-03-05 01:43:51] ========== VPN 重连开始 ==========
[2026-03-05 01:43:51] 尝试 1/3...
[2026-03-05 01:43:51] 启动 FortiClient GUI...
[2026-03-05 01:43:51] FortiClient 已在运行，先关闭...
[2026-03-05 01:43:56] ❌ FortiClient GUI 启动失败
[2026-03-05 01:43:56] 重试 1 失败：无法启动 FortiClient
[2026-03-05 01:44:06] 尝试 2/3...
[2026-03-05 01:44:06] 启动 FortiClient GUI...
[2026-03-05 01:44:09] ❌ FortiClient GUI 启动失败
[2026-03-05 01:44:09] 重试 2 失败：无法启动 FortiClient
[2026-03-05 01:44:19] 尝试 3/3...
[2026-03-05 01:44:19] 启动 FortiClient GUI...
[2026-03-05 01:44:22] ❌ FortiClient GUI 启动失败
[2026-03-05 01:44:22] 重试 3 失败：无法启动 FortiClient
[2026-03-05 01:44:32] ❌ VPN 重连失败（已尝试 3 次）
[2026-03-05 01:44:32] ========== VPN 重连失败 ==========
[2026-03-05 01:45:32] ❌ VPN 未连接，触发重连...
[2026-03-05 01:45:32] ========== VPN 重连开始 ==========
[2026-03-05 01:45:32] 尝试 1/3...
[2026-03-05 01:45:32] 启动 FortiClient GUI...
[2026-03-05 01:45:35] ❌ FortiClient GUI 启动失败
[2026-03-05 01:45:35] 重试 1 失败：无法启动 FortiClient
[2026-03-05 01:45:45] 尝试 2/3...
[2026-03-05 01:45:45] 启动 FortiClient GUI...
[2026-03-05 01:45:48] ❌ FortiClient GUI 启动失败
[2026-03-05 01:45:48] 重试 2 失败：无法启动 FortiClient
[2026-03-05 01:45:58] 尝试 3/3...
[2026-03-05 01:45:58] 启动 FortiClient GUI...
[2026-03-05 01:46:01] ❌ FortiClient GUI 启动失败
[2026-03-05 01:46:01] 重试 3 失败：无法启动 FortiClient
[2026-03-05 01:46:11] ❌ VPN 重连失败（已尝试 3 次）
[2026-03-05 01:46:11] ========== VPN 重连失败 ==========
[2026-03-05 01:47:11] ✅ VPN 已连接
[2026-03-05 01:48:11] ✅ VPN 已连接
[2026-03-05 01:49:11] ✅ VPN 已连接
[2026-03-05 01:50:11] ✅ VPN 已连接
[2026-03-05 01:51:12] ✅ VPN 已连接
[2026-03-05 01:52:12] ✅ VPN 已连接
[2026-03-05 01:53:12] ✅ VPN 已连接
[2026-03-05 01:54:12] ✅ VPN 已连接
[2026-03-05 01:55:12] ✅ VPN 已连接
[2026-03-05 01:56:12] ✅ VPN 已连接
[2026-03-05 01:57:12] ✅ VPN 已连接
[2026-03-05 01:58:12] ✅ VPN 已连接
[2026-03-05 01:59:12] ✅ VPN 已连接
[2026-03-05 02:00:12] ✅ VPN 已连接
[2026-03-05 02:01:12] ✅ VPN 已连接
[2026-03-05 02:02:12] ✅ VPN 已连接
[2026-03-05 02:03:12] ✅ VPN 已连接
[2026-03-05 02:04:12] ✅ VPN 已连接
[2026-03-05 02:05:13] ✅ VPN 已连接
[2026-03-05 02:06:13] ✅ VPN 已连接
[2026-03-05 02:07:13] ✅ VPN 已连接
[2026-03-05 02:08:13] ✅ VPN 已连接
[2026-03-05 02:09:13] ✅ VPN 已连接
[2026-03-05 02:10:13] ✅ VPN 已连接
[2026-03-05 02:11:13] ✅ VPN 已连接
[2026-03-05 02:12:13] ✅ VPN 已连接
[2026-03-05 02:13:13] ✅ VPN 已连接
[2026-03-05 02:14:13] ✅ VPN 已连接
[2026-03-05 02:15:13] ✅ VPN 已连接
[2026-03-05 02:16:13] ✅ VPN 已连接
[2026-03-05 02:17:13] ✅ VPN 已连接
[2026-03-05 02:18:13] ✅ VPN 已连接
[2026-03-05 02:19:13] ✅ VPN 已连接
[2026-03-05 02:20:14] ✅ VPN 已连接
[2026-03-05 02:21:14] ✅ VPN 已连接
[2026-03-05 02:22:14] ✅ VPN 已连接
[2026-03-05 02:23:14] ✅ VPN 已连接
[2026-03-05 02:24:14] ✅ VPN 已连接
[2026-03-05 02:25:14] ✅ VPN 已连接
[2026-03-05 02:26:14] ✅ VPN 已连接
[2026-03-05 02:27:14] ✅ VPN 已连接
[2026-03-05 02:28:14] ✅ VPN 已连接
[2026-03-05 02:29:14] ✅ VPN 已连接
[2026-03-05 02:30:14] ✅ VPN 已连接
[2026-03-05 02:31:14] ❌ VPN 未连接，触发重连...
[2026-03-05 02:31:14] ========== VPN 重连开始 ==========
[2026-03-05 02:31:14] 尝试 1/3...
[2026-03-05 02:31:14] 启动 FortiClient GUI...
[2026-03-05 02:31:14] FortiClient 已在运行，先关闭...
[2026-03-05 02:31:19] ❌ FortiClient GUI 启动失败
[2026-03-05 02:31:19] 重试 1 失败：无法启动 FortiClient
[2026-03-05 02:31:29] 尝试 2/3...
[2026-03-05 02:31:29] 启动 FortiClient GUI...
[2026-03-05 02:31:32] ❌ FortiClient GUI 启动失败
[2026-03-05 02:31:32] 重试 2 失败：无法启动 FortiClient
[2026-03-05 02:31:42] 尝试 3/3...
[2026-03-05 02:31:42] 启动 FortiClient GUI...
[2026-03-05 02:31:46] ❌ FortiClient GUI 启动失败
[2026-03-05 02:31:46] 重试 3 失败：无法启动 FortiClient
[2026-03-05 02:31:56] ❌ VPN 重连失败（已尝试 3 次）
[2026-03-05 02:31:56] ========== VPN 重连失败 ==========
[2026-03-05 02:32:56] ❌ VPN 未连接，触发重连...
[2026-03-05 02:32:56] ========== VPN 重连开始 ==========
[2026-03-05 02:32:56] 尝试 1/3...
[2026-03-05 02:32:56] 启动 FortiClient GUI...
[2026-03-05 02:32:59] ✅ FortiClient GUI 已启动
[2026-03-05 02:32:59] 触发 VPN 连接（Playwright 自动化）...
[2026-03-05 02:33:44] 重试 1 失败：自动登录失败
[2026-03-05 02:33:54] 尝试 2/3...
[2026-03-05 02:33:54] 启动 FortiClient GUI...
[2026-03-05 02:33:57] ❌ FortiClient GUI 启动失败
[2026-03-05 02:33:57] 重试 2 失败：无法启动 FortiClient
[2026-03-05 02:34:07] 尝试 3/3...
[2026-03-05 02:34:07] 启动 FortiClient GUI...
[2026-03-05 02:34:11] ❌ FortiClient GUI 启动失败
[2026-03-05 02:34:11] 重试 3 失败：无法启动 FortiClient
[2026-03-05 02:34:21] ❌ VPN 重连失败（已尝试 3 次）
[2026-03-05 02:34:21] ========== VPN 重连失败 ==========
[2026-03-05 02:35:21] ✅ VPN 已连接
[2026-03-05 02:36:21] ❌ VPN 未连接，触发重连...
[2026-03-05 02:36:21] ========== VPN 重连开始 ==========
[2026-03-05 02:36:21] 尝试 1/3...
[2026-03-05 02:36:21] 启动 FortiClient GUI...
[2026-03-05 02:36:24] ❌ FortiClient GUI 启动失败
[2026-03-05 02:36:24] 重试 1 失败：无法启动 FortiClient
[2026-03-05 02:36:34] 尝试 2/3...
[2026-03-05 02:36:34] 启动 FortiClient GUI...
[2026-03-05 02:36:37] ❌ FortiClient GUI 启动失败
[2026-03-05 02:36:37] 重试 2 失败：无法启动 FortiClient
[2026-03-05 02:36:47] 尝试 3/3...
[2026-03-05 02:36:47] 启动 FortiClient GUI...
[2026-03-05 02:36:50] ❌ FortiClient GUI 启动失败
[2026-03-05 02:36:50] 重试 3 失败：无法启动 FortiClient
[2026-03-05 02:37:00] ❌ VPN 重连失败（已尝试 3 次）
[2026-03-05 02:37:00] ========== VPN 重连失败 ==========
[2026-03-05 02:38:00] ❌ VPN 未连接，触发重连...
[2026-03-05 02:38:00] ========== VPN 重连开始 ==========
[2026-03-05 02:38:00] 尝试 1/3...
[2026-03-05 02:38:00] 启动 FortiClient GUI...
[2026-03-05 02:38:03] ✅ FortiClient GUI 已启动
[2026-03-05 02:38:03] 触发 VPN 连接（Playwright 自动化）...
[2026-03-05 02:38:49] 重试 1 失败：自动登录失败
[2026-03-05 02:38:59] 尝试 2/3...
[2026-03-05 02:38:59] 启动 FortiClient GUI...
[2026-03-05 02:39:02] ❌ FortiClient GUI 启动失败
[2026-03-05 02:39:02] 重试 2 失败：无法启动 FortiClient
[2026-03-05 02:39:12] 尝试 3/3...
[2026-03-05 02:39:12] 启动 FortiClient GUI...
[2026-03-05 02:39:15] ❌ FortiClient GUI 启动失败
[2026-03-05 02:39:15] 重试 3 失败：无法启动 FortiClient
[2026-03-05 02:39:25] ❌ VPN 重连失败（已尝试 3 次）
[2026-03-05 02:39:25] ========== VPN 重连失败 ==========
[2026-03-05 02:40:25] ✅ VPN 已连接
[2026-03-05 02:41:25] ✅ VPN 已连接
[2026-03-05 02:42:25] ✅ VPN 已连接
[2026-03-05 02:43:25] ✅ VPN 已连接
[2026-03-05 02:44:25] ✅ VPN 已连接
[2026-03-05 02:45:25] ✅ VPN 已连接
[2026-03-05 02:46:25] ✅ VPN 已连接
[2026-03-05 02:47:25] ✅ VPN 已连接
[2026-03-05 02:48:25] ✅ VPN 已连接
[2026-03-05 02:49:25] ✅ VPN 已连接
[2026-03-05 02:50:25] ✅ VPN 已连接
[2026-03-05 02:51:26] ✅ VPN 已连接
[2026-03-05 02:52:26] ✅ VPN 已连接
[2026-03-05 02:53:26] ✅ VPN 已连接
[2026-03-05 02:54:26] ✅ VPN 已连接
[2026-03-05 02:55:26] ✅ VPN 已连接
[2026-03-05 02:56:26] ✅ VPN 已连接
[2026-03-05 02:57:26] ✅ VPN 已连接
[2026-03-05 02:58:26] ✅ VPN 已连接
[2026-03-05 02:59:26] ✅ VPN 已连接
[2026-03-05 03:00:26] ✅ VPN 已连接
[2026-03-05 03:01:26] ✅ VPN 已连接
[2026-03-05 03:02:26] ✅ VPN 已连接
[2026-03-05 03:03:26] ✅ VPN 已连接
[2026-03-05 03:04:26] ✅ VPN 已连接
[2026-03-05 03:05:27] ✅ VPN 已连接
[2026-03-05 03:06:27] ✅ VPN 已连接
[2026-03-05 03:07:27] ✅ VPN 已连接
[2026-03-05 03:08:27] ✅ VPN 已连接
[2026-03-05 03:09:27] ✅ VPN 已连接
[2026-03-05 03:10:27] ✅ VPN 已连接
[2026-03-05 03:11:27] ✅ VPN 已连接
[2026-03-05 03:12:27] ✅ VPN 已连接
[2026-03-05 03:13:27] ✅ VPN 已连接
[2026-03-05 03:14:27] ✅ VPN 已连接
[2026-03-05 03:15:27] ✅ VPN 已连接
[2026-03-05 03:16:27] ✅ VPN 已连接
[2026-03-05 03:17:27] ✅ VPN 已连接
[2026-03-05 03:18:27] ✅ VPN 已连接
[2026-03-05 03:19:28] ✅ VPN 已连接
[2026-03-05 03:20:28] ✅ VPN 已连接
[2026-03-05 03:21:28] ✅ VPN 已连接
[2026-03-05 03:22:28] ✅ VPN 已连接
[2026-03-05 03:23:28] ✅ VPN 已连接
[2026-03-05 03:24:28] ✅ VPN 已连接
[2026-03-05 03:25:28] ✅ VPN 已连接
[2026-03-05 03:26:28] ✅ VPN 已连接
[2026-03-05 03:27:28] ✅ VPN 已连接
[2026-03-05 03:28:28] ✅ VPN 已连接
[2026-03-05 03:29:28] ✅ VPN 已连接
[2026-03-05 03:30:28] ✅ VPN 已连接
[2026-03-05 03:31:28] ❌ VPN 未连接，触发重连...
[2026-03-05 03:31:28] ========== VPN 重连开始 ==========
[2026-03-05 03:31:28] 尝试 1/3...
[2026-03-05 03:31:28] 启动 FortiClient GUI...
[2026-03-05 03:31:31] ❌ FortiClient GUI 启动失败
[2026-03-05 03:31:31] 重试 1 失败：无法启动 FortiClient
[2026-03-05 03:31:41] 尝试 2/3...
[2026-03-05 03:31:41] 启动 FortiClient GUI...
[2026-03-05 03:31:44] ❌ FortiClient GUI 启动失败
[2026-03-05 03:31:44] 重试 2 失败：无法启动 FortiClient
[2026-03-05 03:31:54] 尝试 3/3...
[2026-03-05 03:31:54] 启动 FortiClient GUI...
[2026-03-05 03:31:58] ❌ FortiClient GUI 启动失败
[2026-03-05 03:31:58] 重试 3 失败：无法启动 FortiClient
[2026-03-05 03:32:08] ❌ VPN 重连失败（已尝试 3 次）
[2026-03-05 03:32:08] ========== VPN 重连失败 ==========
[2026-03-05 03:33:08] ❌ VPN 未连接，触发重连...
[2026-03-05 03:33:08] ========== VPN 重连开始 ==========
[2026-03-05 03:33:08] 尝试 1/3...
[2026-03-05 03:33:08] 启动 FortiClient GUI...
[2026-03-05 03:33:11] ✅ FortiClient GUI 已启动
[2026-03-05 03:33:11] 触发 VPN 连接（Playwright 自动化）...
[2026-03-05 03:33:44] 重试 1 失败：自动登录失败
[2026-03-05 03:33:54] 尝试 2/3...
[2026-03-05 03:33:54] 启动 FortiClient GUI...
[2026-03-05 03:33:57] ❌ FortiClient GUI 启动失败
[2026-03-05 03:33:57] 重试 2 失败：无法启动 FortiClient
[2026-03-05 03:34:07] 尝试 3/3...
[2026-03-05 03:34:07] 启动 FortiClient GUI...
[2026-03-05 03:34:10] ❌ FortiClient GUI 启动失败
[2026-03-05 03:34:10] 重试 3 失败：无法启动 FortiClient
[2026-03-05 03:34:20] ❌ VPN 重连失败（已尝试 3 次）
[2026-03-05 03:34:20] ========== VPN 重连失败 ==========
[2026-03-05 03:35:20] ✅ VPN 已连接
[2026-03-05 03:36:20] ❌ VPN 未连接，触发重连...
[2026-03-05 03:36:20] ========== VPN 重连开始 ==========
[2026-03-05 03:36:20] 尝试 1/3...
[2026-03-05 03:36:20] 启动 FortiClient GUI...
[2026-03-05 03:36:23] ❌ FortiClient GUI 启动失败
[2026-03-05 03:36:23] 重试 1 失败：无法启动 FortiClient
[2026-03-05 03:36:33] 尝试 2/3...
[2026-03-05 03:36:33] 启动 FortiClient GUI...
[2026-03-05 03:36:36] ❌ FortiClient GUI 启动失败
[2026-03-05 03:36:36] 重试 2 失败：无法启动 FortiClient
[2026-03-05 03:36:46] 尝试 3/3...
[2026-03-05 03:36:46] 启动 FortiClient GUI...
[2026-03-05 03:36:49] ❌ FortiClient GUI 启动失败
[2026-03-05 03:36:49] 重试 3 失败：无法启动 FortiClient
[2026-03-05 03:36:59] ❌ VPN 重连失败（已尝试 3 次）
[2026-03-05 03:36:59] ========== VPN 重连失败 ==========
[2026-03-05 03:37:59] ❌ VPN 未连接，触发重连...
[2026-03-05 03:37:59] ========== VPN 重连开始 ==========
[2026-03-05 03:37:59] 尝试 1/3...
[2026-03-05 03:37:59] 启动 FortiClient GUI...
[2026-03-05 03:37:59] FortiClient 已在运行，先关闭...
[2026-03-05 03:38:04] ❌ FortiClient GUI 启动失败
[2026-03-05 03:38:04] 重试 1 失败：无法启动 FortiClient
[2026-03-05 03:38:14] 尝试 2/3...
[2026-03-05 03:38:14] 启动 FortiClient GUI...
[2026-03-05 03:38:17] ❌ FortiClient GUI 启动失败
[2026-03-05 03:38:17] 重试 2 失败：无法启动 FortiClient
[2026-03-05 03:38:27] 尝试 3/3...
[2026-03-05 03:38:27] 启动 FortiClient GUI...
[2026-03-05 03:38:30] ❌ FortiClient GUI 启动失败
[2026-03-05 03:38:30] 重试 3 失败：无法启动 FortiClient
[2026-03-05 03:38:40] ❌ VPN 重连失败（已尝试 3 次）
[2026-03-05 03:38:40] ========== VPN 重连失败 ==========
[2026-03-05 03:39:40] ❌ VPN 未连接，触发重连...
[2026-03-05 03:39:40] ========== VPN 重连开始 ==========
[2026-03-05 03:39:40] 尝试 1/3...
[2026-03-05 03:39:40] 启动 FortiClient GUI...
[2026-03-05 03:39:43] ❌ FortiClient GUI 启动失败
[2026-03-05 03:39:43] 重试 1 失败：无法启动 FortiClient
[2026-03-05 03:39:53] 尝试 2/3...
[2026-03-05 03:39:53] 启动 FortiClient GUI...
[2026-03-05 03:39:57] ❌ FortiClient GUI 启动失败
[2026-03-05 03:39:57] 重试 2 失败：无法启动 FortiClient
[2026-03-05 03:40:07] 尝试 3/3...
[2026-03-05 03:40:07] 启动 FortiClient GUI...
[2026-03-05 03:40:10] ❌ FortiClient GUI 启动失败
[2026-03-05 03:40:10] 重试 3 失败：无法启动 FortiClient
[2026-03-05 03:40:20] ❌ VPN 重连失败（已尝试 3 次）
[2026-03-05 03:40:20] ========== VPN 重连失败 ==========
[2026-03-05 03:41:20] ❌ VPN 未连接，触发重连...
[2026-03-05 03:41:20] ========== VPN 重连开始 ==========
[2026-03-05 03:41:20] 尝试 1/3...
[2026-03-05 03:41:20] 启动 FortiClient GUI...
[2026-03-05 03:41:20] FortiClient 已在运行，先关闭...
[2026-03-05 03:41:25] ❌ FortiClient GUI 启动失败
[2026-03-05 03:41:25] 重试 1 失败：无法启动 FortiClient
[2026-03-05 03:41:35] 尝试 2/3...
[2026-03-05 03:41:35] 启动 FortiClient GUI...
[2026-03-05 03:41:38] ❌ FortiClient GUI 启动失败
[2026-03-05 03:41:38] 重试 2 失败：无法启动 FortiClient
[2026-03-05 03:41:48] 尝试 3/3...
[2026-03-05 03:41:48] 启动 FortiClient GUI...
[2026-03-05 03:41:51] ❌ FortiClient GUI 启动失败
[2026-03-05 03:41:51] 重试 3 失败：无法启动 FortiClient
[2026-03-05 03:42:01] ❌ VPN 重连失败（已尝试 3 次）
[2026-03-05 03:42:01] ========== VPN 重连失败 ==========
[2026-03-05 03:43:01] ❌ VPN 未连接，触发重连...
[2026-03-05 03:43:01] ========== VPN 重连开始 ==========
[2026-03-05 03:43:01] 尝试 1/3...
[2026-03-05 03:43:01] 启动 FortiClient GUI...
[2026-03-05 03:43:01] FortiClient 已在运行，先关闭...
[2026-03-05 03:43:06] ❌ FortiClient GUI 启动失败
[2026-03-05 03:43:06] 重试 1 失败：无法启动 FortiClient
[2026-03-05 03:43:16] 尝试 2/3...
[2026-03-05 03:43:16] 启动 FortiClient GUI...
[2026-03-05 03:43:19] ❌ FortiClient GUI 启动失败
[2026-03-05 03:43:19] 重试 2 失败：无法启动 FortiClient
[2026-03-05 03:43:29] 尝试 3/3...
[2026-03-05 03:43:29] 启动 FortiClient GUI...
[2026-03-05 03:43:32] ❌ FortiClient GUI 启动失败
[2026-03-05 03:43:32] 重试 3 失败：无法启动 FortiClient
[2026-03-05 03:43:42] ❌ VPN 重连失败（已尝试 3 次）
[2026-03-05 03:43:42] ========== VPN 重连失败 ==========
[2026-03-05 03:44:42] ✅ VPN 已连接
[2026-03-05 03:45:42] ✅ VPN 已连接
[2026-03-05 03:46:42] ✅ VPN 已连接
[2026-03-05 03:47:42] ✅ VPN 已连接
[2026-03-05 03:48:42] ✅ VPN 已连接
[2026-03-05 03:49:43] ✅ VPN 已连接
[2026-03-05 03:50:43] ✅ VPN 已连接
[2026-03-05 03:51:43] ✅ VPN 已连接
[2026-03-05 03:52:43] ✅ VPN 已连接
[2026-03-05 03:53:43] ✅ VPN 已连接
[2026-03-05 03:54:43] ✅ VPN 已连接
[2026-03-05 03:55:43] ✅ VPN 已连接
[2026-03-05 03:56:43] ✅ VPN 已连接
[2026-03-05 03:57:43] ✅ VPN 已连接
[2026-03-05 03:58:43] ✅ VPN 已连接
[2026-03-05 03:59:43] ✅ VPN 已连接
[2026-03-05 04:00:43] ✅ VPN 已连接
[2026-03-05 04:01:43] ✅ VPN 已连接
[2026-03-05 04:02:44] ✅ VPN 已连接
[2026-03-05 04:03:44] ✅ VPN 已连接
[2026-03-05 04:04:44] ✅ VPN 已连接
[2026-03-05 04:05:44] ✅ VPN 已连接
[2026-03-05 04:06:44] ✅ VPN 已连接
[2026-03-05 04:07:44] ✅ VPN 已连接
[2026-03-05 04:08:44] ✅ VPN 已连接
[2026-03-05 04:09:44] ✅ VPN 已连接
[2026-03-05 04:10:44] ✅ VPN 已连接
[2026-03-05 04:11:44] ✅ VPN 已连接
[2026-03-05 04:12:44] ✅ VPN 已连接
[2026-03-05 04:13:44] ✅ VPN 已连接
[2026-03-05 04:14:45] ✅ VPN 已连接
[2026-03-05 04:15:45] ✅ VPN 已连接
[2026-03-05 04:16:45] ✅ VPN 已连接
[2026-03-05 04:17:45] ✅ VPN 已连接
[2026-03-05 04:18:45] ✅ VPN 已连接
[2026-03-05 04:19:45] ✅ VPN 已连接
[2026-03-05 04:20:45] ✅ VPN 已连接
[2026-03-05 04:21:45] ✅ VPN 已连接
[2026-03-05 04:22:45] ✅ VPN 已连接
[2026-03-05 04:23:45] ✅ VPN 已连接
[2026-03-05 04:24:45] ✅ VPN 已连接
[2026-03-05 04:25:45] ✅ VPN 已连接
[2026-03-05 04:26:45] ✅ VPN 已连接
[2026-03-05 04:27:45] ✅ VPN 已连接
[2026-03-05 04:28:45] ✅ VPN 已连接
[2026-03-05 04:29:45] ✅ VPN 已连接
[2026-03-05 04:30:46] ✅ VPN 已连接
[2026-03-05 04:31:46] ❌ VPN 未连接，触发重连...
[2026-03-05 04:31:46] ========== VPN 重连开始 ==========
[2026-03-05 04:31:46] 尝试 1/3...
[2026-03-05 04:31:46] 启动 FortiClient GUI...
[2026-03-05 04:31:49] ❌ FortiClient GUI 启动失败
[2026-03-05 04:31:49] 重试 1 失败：无法启动 FortiClient
[2026-03-05 04:31:59] 尝试 2/3...
[2026-03-05 04:31:59] 启动 FortiClient GUI...
[2026-03-05 04:32:02] ❌ FortiClient GUI 启动失败
[2026-03-05 04:32:02] 重试 2 失败：无法启动 FortiClient
[2026-03-05 04:32:12] 尝试 3/3...
[2026-03-05 04:32:12] 启动 FortiClient GUI...
[2026-03-05 04:32:12] FortiClient 已在运行，先关闭...
[2026-03-05 04:32:17] ❌ FortiClient GUI 启动失败
[2026-03-05 04:32:17] 重试 3 失败：无法启动 FortiClient
[2026-03-05 04:32:27] ❌ VPN 重连失败（已尝试 3 次）
[2026-03-05 04:32:27] ========== VPN 重连失败 ==========
[2026-03-05 04:33:27] ❌ VPN 未连接，触发重连...
[2026-03-05 04:33:27] ========== VPN 重连开始 ==========
[2026-03-05 04:33:27] 尝试 1/3...
[2026-03-05 04:33:27] 启动 FortiClient GUI...
[2026-03-05 04:33:27] FortiClient 已在运行，先关闭...
[2026-03-05 04:33:32] ❌ FortiClient GUI 启动失败
[2026-03-05 04:33:32] 重试 1 失败：无法启动 FortiClient
[2026-03-05 04:33:42] 尝试 2/3...
[2026-03-05 04:33:42] 启动 FortiClient GUI...
[2026-03-05 04:33:45] ❌ FortiClient GUI 启动失败
[2026-03-05 04:33:45] 重试 2 失败：无法启动 FortiClient
[2026-03-05 04:33:55] 尝试 3/3...
[2026-03-05 04:33:55] 启动 FortiClient GUI...
[2026-03-05 04:33:58] ❌ FortiClient GUI 启动失败
[2026-03-05 04:33:58] 重试 3 失败：无法启动 FortiClient
[2026-03-05 04:34:08] ❌ VPN 重连失败（已尝试 3 次）
[2026-03-05 04:34:08] ========== VPN 重连失败 ==========
[2026-03-05 04:35:08] ❌ VPN 未连接，触发重连...
[2026-03-05 04:35:08] ========== VPN 重连开始 ==========
[2026-03-05 04:35:08] 尝试 1/3...
[2026-03-05 04:35:08] 启动 FortiClient GUI...
[2026-03-05 04:35:11] ❌ FortiClient GUI 启动失败
[2026-03-05 04:35:11] 重试 1 失败：无法启动 FortiClient
[2026-03-05 04:35:21] 尝试 2/3...
[2026-03-05 04:35:21] 启动 FortiClient GUI...
[2026-03-05 04:35:24] ❌ FortiClient GUI 启动失败
[2026-03-05 04:35:24] 重试 2 失败：无法启动 FortiClient
[2026-03-05 04:35:34] 尝试 3/3...
[2026-03-05 04:35:34] 启动 FortiClient GUI...
[2026-03-05 04:35:37] ❌ FortiClient GUI 启动失败
[2026-03-05 04:35:37] 重试 3 失败：无法启动 FortiClient
[2026-03-05 04:35:47] ❌ VPN 重连失败（已尝试 3 次）
[2026-03-05 04:35:47] ========== VPN 重连失败 ==========
[2026-03-05 04:36:47] ✅ VPN 已连接
[2026-03-05 04:37:47] ✅ VPN 已连接
[2026-03-05 04:38:48] ✅ VPN 已连接
[2026-03-05 04:39:48] ✅ VPN 已连接
[2026-03-05 04:40:48] ✅ VPN 已连接
[2026-03-05 04:41:48] ✅ VPN 已连接
[2026-03-05 04:42:48] ✅ VPN 已连接
[2026-03-05 04:43:48] ✅ VPN 已连接
[2026-03-05 04:44:48] ✅ VPN 已连接
[2026-03-05 04:45:48] ✅ VPN 已连接
[2026-03-05 04:46:48] ✅ VPN 已连接
[2026-03-05 04:47:48] ✅ VPN 已连接
[2026-03-05 04:48:48] ✅ VPN 已连接
[2026-03-05 04:49:48] ✅ VPN 已连接
[2026-03-05 04:50:48] ✅ VPN 已连接
[2026-03-05 04:51:48] ✅ VPN 已连接
[2026-03-05 04:52:48] ✅ VPN 已连接
[2026-03-05 04:53:48] ✅ VPN 已连接
[2026-03-05 04:54:48] ✅ VPN 已连接
[2026-03-05 04:55:49] ✅ VPN 已连接
[2026-03-05 04:56:49] ✅ VPN 已连接
[2026-03-05 04:57:49] ✅ VPN 已连接
[2026-03-05 04:58:49] ✅ VPN 已连接
[2026-03-05 04:59:49] ✅ VPN 已连接
[2026-03-05 05:00:49] ✅ VPN 已连接
[2026-03-05 05:01:49] ❌ VPN 未连接，触发重连...
[2026-03-05 05:01:49] ========== VPN 重连开始 ==========
[2026-03-05 05:01:49] 尝试 1/3...
[2026-03-05 05:01:49] 启动 FortiClient GUI...
[2026-03-05 05:01:52] ❌ FortiClient GUI 启动失败
[2026-03-05 05:01:52] 重试 1 失败：无法启动 FortiClient
[2026-03-05 05:02:02] 尝试 2/3...
[2026-03-05 05:02:02] 启动 FortiClient GUI...
[2026-03-05 05:02:05] ❌ FortiClient GUI 启动失败
[2026-03-05 05:02:05] 重试 2 失败：无法启动 FortiClient
[2026-03-05 05:02:15] 尝试 3/3...
[2026-03-05 05:02:15] 启动 FortiClient GUI...
[2026-03-05 05:02:18] ❌ FortiClient GUI 启动失败
[2026-03-05 05:02:18] 重试 3 失败：无法启动 FortiClient
[2026-03-05 05:02:28] ❌ VPN 重连失败（已尝试 3 次）
[2026-03-05 05:02:28] ========== VPN 重连失败 ==========
[2026-03-05 05:03:28] ❌ VPN 未连接，触发重连...
[2026-03-05 05:03:28] ========== VPN 重连开始 ==========
[2026-03-05 05:03:28] 尝试 1/3...
[2026-03-05 05:03:28] 启动 FortiClient GUI...
[2026-03-05 05:03:31] ❌ FortiClient GUI 启动失败
[2026-03-05 05:03:31] 重试 1 失败：无法启动 FortiClient
[2026-03-05 05:03:41] 尝试 2/3...
[2026-03-05 05:03:41] 启动 FortiClient GUI...
[2026-03-05 05:03:44] ❌ FortiClient GUI 启动失败
[2026-03-05 05:03:44] 重试 2 失败：无法启动 FortiClient
[2026-03-05 05:03:54] 尝试 3/3...
[2026-03-05 05:03:54] 启动 FortiClient GUI...
[2026-03-05 05:03:54] FortiClient 已在运行，先关闭...
[2026-03-05 05:03:59] ❌ FortiClient GUI 启动失败
[2026-03-05 05:03:59] 重试 3 失败：无法启动 FortiClient
[2026-03-05 05:04:09] ❌ VPN 重连失败（已尝试 3 次）
[2026-03-05 05:04:09] ========== VPN 重连失败 ==========
[2026-03-05 05:05:09] ❌ VPN 未连接，触发重连...
[2026-03-05 05:05:09] ========== VPN 重连开始 ==========
[2026-03-05 05:05:09] 尝试 1/3...
[2026-03-05 05:05:09] 启动 FortiClient GUI...
[2026-03-05 05:05:13] ❌ FortiClient GUI 启动失败
[2026-03-05 05:05:13] 重试 1 失败：无法启动 FortiClient
[2026-03-05 05:05:23] 尝试 2/3...
[2026-03-05 05:05:23] 启动 FortiClient GUI...
[2026-03-05 05:05:26] ❌ FortiClient GUI 启动失败
[2026-03-05 05:05:26] 重试 2 失败：无法启动 FortiClient
[2026-03-05 05:05:36] 尝试 3/3...
[2026-03-05 05:05:36] 启动 FortiClient GUI...
[2026-03-05 05:05:39] ❌ FortiClient GUI 启动失败
[2026-03-05 05:05:39] 重试 3 失败：无法启动 FortiClient
[2026-03-05 05:05:49] ❌ VPN 重连失败（已尝试 3 次）
[2026-03-05 05:05:49] ========== VPN 重连失败 ==========
[2026-03-05 05:06:49] ❌ VPN 未连接，触发重连...
[2026-03-05 05:06:49] ========== VPN 重连开始 ==========
[2026-03-05 05:06:49] 尝试 1/3...
[2026-03-05 05:06:49] 启动 FortiClient GUI...
[2026-03-05 05:06:49] FortiClient 已在运行，先关闭...
[2026-03-05 05:06:54] ❌ FortiClient GUI 启动失败
[2026-03-05 05:06:54] 重试 1 失败：无法启动 FortiClient
[2026-03-05 05:07:04] 尝试 2/3...
[2026-03-05 05:07:04] 启动 FortiClient GUI...
[2026-03-05 05:07:07] ❌ FortiClient GUI 启动失败
[2026-03-05 05:07:07] 重试 2 失败：无法启动 FortiClient
[2026-03-05 05:07:17] 尝试 3/3...
[2026-03-05 05:07:17] 启动 FortiClient GUI...
[2026-03-05 05:07:20] ❌ FortiClient GUI 启动失败
[2026-03-05 05:07:20] 重试 3 失败：无法启动 FortiClient
[2026-03-05 05:07:30] ❌ VPN 重连失败（已尝试 3 次）
[2026-03-05 05:07:30] ========== VPN 重连失败 ==========
[2026-03-05 05:08:30] ❌ VPN 未连接，触发重连...
[2026-03-05 05:08:30] ========== VPN 重连开始 ==========
[2026-03-05 05:08:30] 尝试 1/3...
[2026-03-05 05:08:30] 启动 FortiClient GUI...
[2026-03-05 05:08:33] ❌ FortiClient GUI 启动失败
[2026-03-05 05:08:33] 重试 1 失败：无法启动 FortiClient
[2026-03-05 05:08:43] 尝试 2/3...
[2026-03-05 05:08:43] 启动 FortiClient GUI...
[2026-03-05 05:08:46] ❌ FortiClient GUI 启动失败
[2026-03-05 05:08:46] 重试 2 失败：无法启动 FortiClient
[2026-03-05 05:08:56] 尝试 3/3...
[2026-03-05 05:08:56] 启动 FortiClient GUI...
[2026-03-05 05:08:56] FortiClient 已在运行，先关闭...
[2026-03-05 05:09:01] ❌ FortiClient GUI 启动失败
[2026-03-05 05:09:01] 重试 3 失败：无法启动 FortiClient
[2026-03-05 05:09:11] ❌ VPN 重连失败（已尝试 3 次）
[2026-03-05 05:09:11] ========== VPN 重连失败 ==========
[2026-03-05 05:10:11] ❌ VPN 未连接，触发重连...
[2026-03-05 05:10:11] ========== VPN 重连开始 ==========
[2026-03-05 05:10:11] 尝试 1/3...
[2026-03-05 05:10:11] 启动 FortiClient GUI...
[2026-03-05 05:10:14] ❌ FortiClient GUI 启动失败
[2026-03-05 05:10:14] 重试 1 失败：无法启动 FortiClient
[2026-03-05 05:10:24] 尝试 2/3...
[2026-03-05 05:10:24] 启动 FortiClient GUI...
[2026-03-05 05:10:27] ❌ FortiClient GUI 启动失败
[2026-03-05 05:10:27] 重试 2 失败：无法启动 FortiClient
[2026-03-05 05:10:37] 尝试 3/3...
[2026-03-05 05:10:37] 启动 FortiClient GUI...
[2026-03-05 05:10:40] ❌ FortiClient GUI 启动失败
[2026-03-05 05:10:40] 重试 3 失败：无法启动 FortiClient
[2026-03-05 05:10:50] ❌ VPN 重连失败（已尝试 3 次）
[2026-03-05 05:10:50] ========== VPN 重连失败 ==========
[2026-03-05 05:11:50] ✅ VPN 已连接
[2026-03-05 05:12:50] ✅ VPN 已连接
[2026-03-05 05:13:51] ✅ VPN 已连接
[2026-03-05 05:14:51] ✅ VPN 已连接
[2026-03-05 05:15:51] ✅ VPN 已连接
[2026-03-05 05:16:51] ✅ VPN 已连接
[2026-03-05 05:17:51] ✅ VPN 已连接
[2026-03-05 05:18:51] ✅ VPN 已连接
[2026-03-05 05:19:51] ✅ VPN 已连接
[2026-03-05 05:20:51] ✅ VPN 已连接
[2026-03-05 05:21:51] ✅ VPN 已连接
[2026-03-05 05:22:51] ✅ VPN 已连接
[2026-03-05 05:23:51] ✅ VPN 已连接
[2026-03-05 05:24:51] ✅ VPN 已连接
[2026-03-05 05:25:51] ✅ VPN 已连接
[2026-03-05 05:26:52] ✅ VPN 已连接
[2026-03-05 05:27:52] ✅ VPN 已连接
[2026-03-05 05:28:52] ✅ VPN 已连接
[2026-03-05 05:29:52] ✅ VPN 已连接
[2026-03-05 05:30:52] ✅ VPN 已连接
[2026-03-05 05:31:52] ❌ VPN 未连接，触发重连...
[2026-03-05 05:31:52] ========== VPN 重连开始 ==========
[2026-03-05 05:31:52] 尝试 1/3...
[2026-03-05 05:31:52] 启动 FortiClient GUI...
[2026-03-05 05:31:55] ❌ FortiClient GUI 启动失败
[2026-03-05 05:31:55] 重试 1 失败：无法启动 FortiClient
[2026-03-05 05:32:05] 尝试 2/3...
[2026-03-05 05:32:05] 启动 FortiClient GUI...
[2026-03-05 05:32:08] ❌ FortiClient GUI 启动失败
[2026-03-05 05:32:08] 重试 2 失败：无法启动 FortiClient
[2026-03-05 05:32:18] 尝试 3/3...
[2026-03-05 05:32:18] 启动 FortiClient GUI...
[2026-03-05 05:32:21] ❌ FortiClient GUI 启动失败
[2026-03-05 05:32:21] 重试 3 失败：无法启动 FortiClient
[2026-03-05 05:32:31] ❌ VPN 重连失败（已尝试 3 次）
[2026-03-05 05:32:31] ========== VPN 重连失败 ==========
[2026-03-05 05:33:31] ❌ VPN 未连接，触发重连...
[2026-03-05 05:33:31] ========== VPN 重连开始 ==========
[2026-03-05 05:33:31] 尝试 1/3...
[2026-03-05 05:33:31] 启动 FortiClient GUI...
[2026-03-05 05:33:31] FortiClient 已在运行，先关闭...
[2026-03-05 05:33:36] ❌ FortiClient GUI 启动失败
[2026-03-05 05:33:36] 重试 1 失败：无法启动 FortiClient
[2026-03-05 05:33:46] 尝试 2/3...
[2026-03-05 05:33:46] 启动 FortiClient GUI...
[2026-03-05 05:33:49] ❌ FortiClient GUI 启动失败
[2026-03-05 05:33:49] 重试 2 失败：无法启动 FortiClient
[2026-03-05 05:33:59] 尝试 3/3...
[2026-03-05 05:33:59] 启动 FortiClient GUI...
[2026-03-05 05:34:02] ❌ FortiClient GUI 启动失败
[2026-03-05 05:34:02] 重试 3 失败：无法启动 FortiClient
[2026-03-05 05:34:12] ❌ VPN 重连失败（已尝试 3 次）
[2026-03-05 05:34:12] ========== VPN 重连失败 ==========
[2026-03-05 05:35:12] ❌ VPN 未连接，触发重连...
[2026-03-05 05:35:12] ========== VPN 重连开始 ==========
[2026-03-05 05:35:12] 尝试 1/3...
[2026-03-05 05:35:12] 启动 FortiClient GUI...
[2026-03-05 05:35:15] ❌ FortiClient GUI 启动失败
[2026-03-05 05:35:15] 重试 1 失败：无法启动 FortiClient
[2026-03-05 05:35:25] 尝试 2/3...
[2026-03-05 05:35:25] 启动 FortiClient GUI...
[2026-03-05 05:35:28] ❌ FortiClient GUI 启动失败
[2026-03-05 05:35:28] 重试 2 失败：无法启动 FortiClient
[2026-03-05 05:35:38] 尝试 3/3...
[2026-03-05 05:35:38] 启动 FortiClient GUI...
[2026-03-05 05:35:41] ❌ FortiClient GUI 启动失败
[2026-03-05 05:35:41] 重试 3 失败：无法启动 FortiClient
[2026-03-05 05:35:52] ❌ VPN 重连失败（已尝试 3 次）
[2026-03-05 05:35:52] ========== VPN 重连失败 ==========
[2026-03-05 05:36:52] ❌ VPN 未连接，触发重连...
[2026-03-05 05:36:52] ========== VPN 重连开始 ==========
[2026-03-05 05:36:52] 尝试 1/3...
[2026-03-05 05:36:52] 启动 FortiClient GUI...
[2026-03-05 05:36:52] FortiClient 已在运行，先关闭...
[2026-03-05 05:36:57] ❌ FortiClient GUI 启动失败
[2026-03-05 05:36:57] 重试 1 失败：无法启动 FortiClient
[2026-03-05 05:37:07] 尝试 2/3...
[2026-03-05 05:37:07] 启动 FortiClient GUI...
[2026-03-05 05:37:10] ❌ FortiClient GUI 启动失败
[2026-03-05 05:37:10] 重试 2 失败：无法启动 FortiClient
[2026-03-05 05:37:20] 尝试 3/3...
[2026-03-05 05:37:20] 启动 FortiClient GUI...
[2026-03-05 05:37:23] ❌ FortiClient GUI 启动失败
[2026-03-05 05:37:23] 重试 3 失败：无法启动 FortiClient
[2026-03-05 05:37:33] ❌ VPN 重连失败（已尝试 3 次）
[2026-03-05 05:37:33] ========== VPN 重连失败 ==========
[2026-03-05 05:38:33] ❌ VPN 未连接，触发重连...
[2026-03-05 05:38:33] ========== VPN 重连开始 ==========
[2026-03-05 05:38:33] 尝试 1/3...
[2026-03-05 05:38:33] 启动 FortiClient GUI...
[2026-03-05 05:38:33] FortiClient 已在运行，先关闭...
[2026-03-05 05:38:38] ❌ FortiClient GUI 启动失败
[2026-03-05 05:38:38] 重试 1 失败：无法启动 FortiClient
[2026-03-05 05:38:48] 尝试 2/3...
[2026-03-05 05:38:48] 启动 FortiClient GUI...
[2026-03-05 05:38:51] ❌ FortiClient GUI 启动失败
[2026-03-05 05:38:51] 重试 2 失败：无法启动 FortiClient
[2026-03-05 05:39:01] 尝试 3/3...
[2026-03-05 05:39:01] 启动 FortiClient GUI...
[2026-03-05 05:39:04] ❌ FortiClient GUI 启动失败
[2026-03-05 05:39:04] 重试 3 失败：无法启动 FortiClient
[2026-03-05 05:39:14] ❌ VPN 重连失败（已尝试 3 次）
[2026-03-05 05:39:14] ========== VPN 重连失败 ==========
[2026-03-05 05:40:14] ❌ VPN 未连接，触发重连...
[2026-03-05 05:40:14] ========== VPN 重连开始 ==========
[2026-03-05 05:40:14] 尝试 1/3...
[2026-03-05 05:40:14] 启动 FortiClient GUI...
[2026-03-05 05:40:17] ❌ FortiClient GUI 启动失败
[2026-03-05 05:40:17] 重试 1 失败：无法启动 FortiClient
[2026-03-05 05:40:27] 尝试 2/3...
[2026-03-05 05:40:27] 启动 FortiClient GUI...
[2026-03-05 05:40:30] ❌ FortiClient GUI 启动失败
[2026-03-05 05:40:30] 重试 2 失败：无法启动 FortiClient
[2026-03-05 05:40:40] 尝试 3/3...
[2026-03-05 05:40:40] 启动 FortiClient GUI...
[2026-03-05 05:40:43] ❌ FortiClient GUI 启动失败
[2026-03-05 05:40:43] 重试 3 失败：无法启动 FortiClient
[2026-03-05 05:40:53] ❌ VPN 重连失败（已尝试 3 次）
[2026-03-05 05:40:53] ========== VPN 重连失败 ==========
[2026-03-05 05:41:53] ✅ VPN 已连接
[2026-03-05 05:42:54] ✅ VPN 已连接
[2026-03-05 05:43:54] ✅ VPN 已连接
[2026-03-05 05:44:54] ✅ VPN 已连接
[2026-03-05 05:45:54] ✅ VPN 已连接
[2026-03-05 05:46:54] ✅ VPN 已连接
[2026-03-05 05:47:54] ✅ VPN 已连接
[2026-03-05 05:48:54] ✅ VPN 已连接
[2026-03-05 05:49:54] ✅ VPN 已连接
[2026-03-05 05:50:54] ✅ VPN 已连接
[2026-03-05 05:51:54] ✅ VPN 已连接
[2026-03-05 05:52:54] ✅ VPN 已连接
[2026-03-05 05:53:54] ✅ VPN 已连接
[2026-03-05 05:54:54] ✅ VPN 已连接
[2026-03-05 05:55:54] ✅ VPN 已连接
[2026-03-05 05:56:54] ✅ VPN 已连接
[2026-03-05 05:57:54] ✅ VPN 已连接
[2026-03-05 05:58:54] ✅ VPN 已连接
[2026-03-05 05:59:55] ✅ VPN 已连接
[2026-03-05 06:00:55] ✅ VPN 已连接
[2026-03-05 06:01:55] ✅ VPN 已连接
[2026-03-05 06:02:55] ✅ VPN 已连接
[2026-03-05 06:03:55] ✅ VPN 已连接
[2026-03-05 06:04:55] ✅ VPN 已连接
[2026-03-05 06:05:55] ✅ VPN 已连接
[2026-03-05 06:06:55] ✅ VPN 已连接
[2026-03-05 06:07:55] ✅ VPN 已连接
[2026-03-05 06:08:55] ✅ VPN 已连接
[2026-03-05 06:09:55] ✅ VPN 已连接
[2026-03-05 06:10:55] ✅ VPN 已连接
[2026-03-05 06:11:55] ✅ VPN 已连接
[2026-03-05 06:12:55] ✅ VPN 已连接
[2026-03-05 06:13:56] ✅ VPN 已连接
[2026-03-05 06:14:56] ✅ VPN 已连接
[2026-03-05 06:15:56] ✅ VPN 已连接
[2026-03-05 06:16:56] ✅ VPN 已连接
[2026-03-05 06:17:56] ✅ VPN 已连接
[2026-03-05 06:18:56] ✅ VPN 已连接
[2026-03-05 06:19:56] ✅ VPN 已连接
[2026-03-05 06:20:56] ✅ VPN 已连接
[2026-03-05 06:21:56] ✅ VPN 已连接
[2026-03-05 06:22:56] ✅ VPN 已连接
[2026-03-05 06:23:56] ✅ VPN 已连接
[2026-03-05 06:24:56] ✅ VPN 已连接
[2026-03-05 06:25:56] ✅ VPN 已连接
[2026-03-05 06:26:56] ✅ VPN 已连接
[2026-03-05 06:27:56] ✅ VPN 已连接
[2026-03-05 06:28:56] ✅ VPN 已连接
[2026-03-05 06:29:57] ✅ VPN 已连接
[2026-03-05 06:30:57] ❌ VPN 未连接，触发重连...
[2026-03-05 06:30:57] ========== VPN 重连开始 ==========
[2026-03-05 06:30:57] 尝试 1/3...
[2026-03-05 06:30:57] 启动 FortiClient GUI...
[2026-03-05 06:31:00] ❌ FortiClient GUI 启动失败
[2026-03-05 06:31:00] 重试 1 失败：无法启动 FortiClient
[2026-03-05 06:31:10] 尝试 2/3...
[2026-03-05 06:31:10] 启动 FortiClient GUI...
[2026-03-05 06:31:13] ❌ FortiClient GUI 启动失败
[2026-03-05 06:31:13] 重试 2 失败：无法启动 FortiClient
[2026-03-05 06:31:23] 尝试 3/3...
[2026-03-05 06:31:23] 启动 FortiClient GUI...
[2026-03-05 06:31:23] FortiClient 已在运行，先关闭...
[2026-03-05 06:31:28] ❌ FortiClient GUI 启动失败
[2026-03-05 06:31:28] 重试 3 失败：无法启动 FortiClient
[2026-03-05 06:31:38] ❌ VPN 重连失败（已尝试 3 次）
[2026-03-05 06:31:38] ========== VPN 重连失败 ==========
[2026-03-05 06:32:38] ❌ VPN 未连接，触发重连...
[2026-03-05 06:32:38] ========== VPN 重连开始 ==========
[2026-03-05 06:32:38] 尝试 1/3...
[2026-03-05 06:32:38] 启动 FortiClient GUI...
[2026-03-05 06:32:41] ❌ FortiClient GUI 启动失败
[2026-03-05 06:32:41] 重试 1 失败：无法启动 FortiClient
[2026-03-05 06:32:51] 尝试 2/3...
[2026-03-05 06:32:51] 启动 FortiClient GUI...
[2026-03-05 06:32:51] FortiClient 已在运行，先关闭...
[2026-03-05 06:32:56] ❌ FortiClient GUI 启动失败
[2026-03-05 06:32:56] 重试 2 失败：无法启动 FortiClient
[2026-03-05 06:33:06] 尝试 3/3...
[2026-03-05 06:33:06] 启动 FortiClient GUI...
[2026-03-05 06:33:09] ❌ FortiClient GUI 启动失败
[2026-03-05 06:33:09] 重试 3 失败：无法启动 FortiClient
[2026-03-05 06:33:19] ❌ VPN 重连失败（已尝试 3 次）
[2026-03-05 06:33:19] ========== VPN 重连失败 ==========
[2026-03-05 06:34:19] ❌ VPN 未连接，触发重连...
[2026-03-05 06:34:19] ========== VPN 重连开始 ==========
[2026-03-05 06:34:19] 尝试 1/3...
[2026-03-05 06:34:19] 启动 FortiClient GUI...
[2026-03-05 06:34:22] ❌ FortiClient GUI 启动失败
[2026-03-05 06:34:22] 重试 1 失败：无法启动 FortiClient
[2026-03-05 06:34:32] 尝试 2/3...
[2026-03-05 06:34:32] 启动 FortiClient GUI...
[2026-03-05 06:34:35] ❌ FortiClient GUI 启动失败
[2026-03-05 06:34:35] 重试 2 失败：无法启动 FortiClient
[2026-03-05 06:34:45] 尝试 3/3...
[2026-03-05 06:34:45] 启动 FortiClient GUI...
[2026-03-05 06:34:48] ❌ FortiClient GUI 启动失败
[2026-03-05 06:34:48] 重试 3 失败：无法启动 FortiClient
[2026-03-05 06:34:58] ❌ VPN 重连失败（已尝试 3 次）
[2026-03-05 06:34:58] ========== VPN 重连失败 ==========
[2026-03-05 06:35:58] ❌ VPN 未连接，触发重连...
[2026-03-05 06:35:58] ========== VPN 重连开始 ==========
[2026-03-05 06:35:58] 尝试 1/3...
[2026-03-05 06:35:58] 启动 FortiClient GUI...
[2026-03-05 06:35:58] FortiClient 已在运行，先关闭...
[2026-03-05 06:36:03] ❌ FortiClient GUI 启动失败
[2026-03-05 06:36:03] 重试 1 失败：无法启动 FortiClient
[2026-03-05 06:36:13] 尝试 2/3...
[2026-03-05 06:36:13] 启动 FortiClient GUI...
[2026-03-05 06:36:17] ❌ FortiClient GUI 启动失败
[2026-03-05 06:36:17] 重试 2 失败：无法启动 FortiClient
[2026-03-05 06:36:27] 尝试 3/3...
[2026-03-05 06:36:27] 启动 FortiClient GUI...
[2026-03-05 06:36:30] ❌ FortiClient GUI 启动失败
[2026-03-05 06:36:30] 重试 3 失败：无法启动 FortiClient
[2026-03-05 06:36:40] ❌ VPN 重连失败（已尝试 3 次）
[2026-03-05 06:36:40] ========== VPN 重连失败 ==========
[2026-03-05 06:37:40] ❌ VPN 未连接，触发重连...
[2026-03-05 06:37:40] ========== VPN 重连开始 ==========
[2026-03-05 06:37:40] 尝试 1/3...
[2026-03-05 06:37:40] 启动 FortiClient GUI...
[2026-03-05 06:37:43] ❌ FortiClient GUI 启动失败
[2026-03-05 06:37:43] 重试 1 失败：无法启动 FortiClient
[2026-03-05 06:37:53] 尝试 2/3...
[2026-03-05 06:37:53] 启动 FortiClient GUI...
[2026-03-05 06:37:53] FortiClient 已在运行，先关闭...
[2026-03-05 06:37:58] ❌ FortiClient GUI 启动失败
[2026-03-05 06:37:58] 重试 2 失败：无法启动 FortiClient
[2026-03-05 06:38:08] 尝试 3/3...
[2026-03-05 06:38:08] 启动 FortiClient GUI...
[2026-03-05 06:38:11] ❌ FortiClient GUI 启动失败
[2026-03-05 06:38:11] 重试 3 失败：无法启动 FortiClient
[2026-03-05 06:38:21] ❌ VPN 重连失败（已尝试 3 次）
[2026-03-05 06:38:21] ========== VPN 重连失败 ==========
[2026-03-05 06:39:21] ❌ VPN 未连接，触发重连...
[2026-03-05 06:39:21] ========== VPN 重连开始 ==========
[2026-03-05 06:39:21] 尝试 1/3...
[2026-03-05 06:39:21] 启动 FortiClient GUI...
[2026-03-05 06:39:24] ❌ FortiClient GUI 启动失败
[2026-03-05 06:39:24] 重试 1 失败：无法启动 FortiClient
[2026-03-05 06:39:34] 尝试 2/3...
[2026-03-05 06:39:34] 启动 FortiClient GUI...
[2026-03-05 06:39:37] ❌ FortiClient GUI 启动失败
[2026-03-05 06:39:37] 重试 2 失败：无法启动 FortiClient
[2026-03-05 06:39:47] 尝试 3/3...
[2026-03-05 06:39:47] 启动 FortiClient GUI...
[2026-03-05 06:39:50] ❌ FortiClient GUI 启动失败
[2026-03-05 06:39:50] 重试 3 失败：无法启动 FortiClient
[2026-03-05 06:40:00] ❌ VPN 重连失败（已尝试 3 次）
[2026-03-05 06:40:00] ========== VPN 重连失败 ==========
[2026-03-05 06:41:00] ✅ VPN 已连接
[2026-03-05 06:42:00] ✅ VPN 已连接
[2026-03-05 06:43:00] ✅ VPN 已连接
[2026-03-05 06:44:00] ✅ VPN 已连接
[2026-03-05 06:45:01] ✅ VPN 已连接
[2026-03-05 06:46:01] ✅ VPN 已连接
[2026-03-05 06:47:01] ✅ VPN 已连接
[2026-03-05 06:48:01] ✅ VPN 已连接
[2026-03-05 06:49:01] ✅ VPN 已连接
[2026-03-05 06:50:01] ✅ VPN 已连接
[2026-03-05 06:51:01] ✅ VPN 已连接
[2026-03-05 06:52:01] ✅ VPN 已连接
[2026-03-05 06:53:01] ✅ VPN 已连接
[2026-03-05 06:54:01] ✅ VPN 已连接
[2026-03-05 06:55:01] ✅ VPN 已连接
[2026-03-05 06:56:01] ✅ VPN 已连接
[2026-03-05 06:57:01] ✅ VPN 已连接
[2026-03-05 06:58:01] ✅ VPN 已连接
[2026-03-05 06:59:01] ✅ VPN 已连接
[2026-03-05 07:00:02] ✅ VPN 已连接
[2026-03-05 07:01:02] ✅ VPN 已连接
[2026-03-05 07:02:02] ❌ VPN 未连接，触发重连...
[2026-03-05 07:02:02] ========== VPN 重连开始 ==========
[2026-03-05 07:02:02] 尝试 1/3...
[2026-03-05 07:02:02] 启动 FortiClient GUI...
[2026-03-05 07:02:05] ❌ FortiClient GUI 启动失败
[2026-03-05 07:02:05] 重试 1 失败：无法启动 FortiClient
[2026-03-05 07:02:15] 尝试 2/3...
[2026-03-05 07:02:15] 启动 FortiClient GUI...
[2026-03-05 07:02:18] ❌ FortiClient GUI 启动失败
[2026-03-05 07:02:18] 重试 2 失败：无法启动 FortiClient
[2026-03-05 07:02:28] 尝试 3/3...
[2026-03-05 07:02:28] 启动 FortiClient GUI...
[2026-03-05 07:02:31] ❌ FortiClient GUI 启动失败
[2026-03-05 07:02:31] 重试 3 失败：无法启动 FortiClient
[2026-03-05 07:02:41] ❌ VPN 重连失败（已尝试 3 次）
[2026-03-05 07:02:41] ========== VPN 重连失败 ==========
[2026-03-05 07:03:41] ✅ VPN 已连接
[2026-03-05 07:04:41] ✅ VPN 已连接
[2026-03-05 07:05:41] ✅ VPN 已连接
[2026-03-05 07:06:41] ❌ VPN 未连接，触发重连...
[2026-03-05 07:06:41] ========== VPN 重连开始 ==========
[2026-03-05 07:06:41] 尝试 1/3...
[2026-03-05 07:06:41] 启动 FortiClient GUI...
[2026-03-05 07:06:44] ❌ FortiClient GUI 启动失败
[2026-03-05 07:06:44] 重试 1 失败：无法启动 FortiClient
[2026-03-05 07:06:54] 尝试 2/3...
[2026-03-05 07:06:54] 启动 FortiClient GUI...
[2026-03-05 07:06:57] ❌ FortiClient GUI 启动失败
[2026-03-05 07:06:57] 重试 2 失败：无法启动 FortiClient
[2026-03-05 07:07:07] 尝试 3/3...
[2026-03-05 07:07:07] 启动 FortiClient GUI...
[2026-03-05 07:07:10] ❌ FortiClient GUI 启动失败
[2026-03-05 07:07:10] 重试 3 失败：无法启动 FortiClient
[2026-03-05 07:07:20] ❌ VPN 重连失败（已尝试 3 次）
[2026-03-05 07:07:20] ========== VPN 重连失败 ==========
[2026-03-05 07:08:20] ❌ VPN 未连接，触发重连...
[2026-03-05 07:08:20] ========== VPN 重连开始 ==========
[2026-03-05 07:08:20] 尝试 1/3...
[2026-03-05 07:08:20] 启动 FortiClient GUI...
[2026-03-05 07:08:20] FortiClient 已在运行，先关闭...
[2026-03-05 07:08:25] ❌ FortiClient GUI 启动失败
[2026-03-05 07:08:25] 重试 1 失败：无法启动 FortiClient
[2026-03-05 07:08:35] 尝试 2/3...
[2026-03-05 07:08:35] 启动 FortiClient GUI...
[2026-03-05 07:08:38] ❌ FortiClient GUI 启动失败
[2026-03-05 07:08:38] 重试 2 失败：无法启动 FortiClient
[2026-03-05 07:08:48] 尝试 3/3...
[2026-03-05 07:08:48] 启动 FortiClient GUI...
[2026-03-05 07:08:51] ❌ FortiClient GUI 启动失败
[2026-03-05 07:08:51] 重试 3 失败：无法启动 FortiClient
[2026-03-05 07:09:01] ❌ VPN 重连失败（已尝试 3 次）
[2026-03-05 07:09:01] ========== VPN 重连失败 ==========
[2026-03-05 07:10:02] ❌ VPN 未连接，触发重连...
[2026-03-05 07:10:02] ========== VPN 重连开始 ==========
[2026-03-05 07:10:02] 尝试 1/3...
[2026-03-05 07:10:02] 启动 FortiClient GUI...
[2026-03-05 07:10:05] ❌ FortiClient GUI 启动失败
[2026-03-05 07:10:05] 重试 1 失败：无法启动 FortiClient
[2026-03-05 07:10:15] 尝试 2/3...
[2026-03-05 07:10:15] 启动 FortiClient GUI...
[2026-03-05 07:10:18] ❌ FortiClient GUI 启动失败
[2026-03-05 07:10:18] 重试 2 失败：无法启动 FortiClient
[2026-03-05 07:10:28] 尝试 3/3...
[2026-03-05 07:10:28] 启动 FortiClient GUI...
[2026-03-05 07:10:31] ❌ FortiClient GUI 启动失败
[2026-03-05 07:10:31] 重试 3 失败：无法启动 FortiClient
[2026-03-05 07:10:41] ❌ VPN 重连失败（已尝试 3 次）
[2026-03-05 07:10:41] ========== VPN 重连失败 ==========
[2026-03-05 07:11:41] ✅ VPN 已连接
[2026-03-05 07:12:41] ✅ VPN 已连接
[2026-03-05 07:13:41] ✅ VPN 已连接
[2026-03-05 07:14:41] ✅ VPN 已连接
[2026-03-05 07:15:41] ✅ VPN 已连接
[2026-03-05 07:16:41] ✅ VPN 已连接
[2026-03-05 07:17:41] ✅ VPN 已连接
[2026-03-05 07:18:41] ✅ VPN 已连接
[2026-03-05 07:19:41] ✅ VPN 已连接
[2026-03-05 07:20:41] ✅ VPN 已连接
[2026-03-05 07:21:41] ✅ VPN 已连接
[2026-03-05 07:22:42] ✅ VPN 已连接
[2026-03-05 07:23:42] ✅ VPN 已连接
[2026-03-05 07:24:42] ✅ VPN 已连接
[2026-03-05 07:25:42] ✅ VPN 已连接
[2026-03-05 07:26:42] ✅ VPN 已连接
[2026-03-05 07:27:42] ✅ VPN 已连接
[2026-03-05 07:28:42] ✅ VPN 已连接
[2026-03-05 07:29:42] ✅ VPN 已连接
[2026-03-05 07:30:42] ✅ VPN 已连接
[2026-03-05 07:31:42] ✅ VPN 已连接
[2026-03-05 07:32:42] ✅ VPN 已连接
[2026-03-05 07:33:42] ✅ VPN 已连接
[2026-03-05 07:34:42] ✅ VPN 已连接
[2026-03-05 07:35:42] ✅ VPN 已连接
[2026-03-05 07:36:42] ✅ VPN 已连接
[2026-03-05 07:37:43] ✅ VPN 已连接
[2026-03-05 07:38:43] ✅ VPN 已连接
[2026-03-05 07:39:43] ✅ VPN 已连接
[2026-03-05 07:40:43] ✅ VPN 已连接
[2026-03-05 07:41:43] ✅ VPN 已连接
[2026-03-05 07:42:43] ✅ VPN 已连接
[2026-03-05 07:43:43] ✅ VPN 已连接
[2026-03-05 07:44:43] ✅ VPN 已连接
[2026-03-05 07:45:43] ✅ VPN 已连接
[2026-03-05 07:46:43] ✅ VPN 已连接
[2026-03-05 07:47:43] ✅ VPN 已连接
[2026-03-05 07:48:43] ✅ VPN 已连接
[2026-03-05 07:49:43] ✅ VPN 已连接
[2026-03-05 07:50:43] ✅ VPN 已连接
[2026-03-05 07:51:43] ✅ VPN 已连接
[2026-03-05 07:52:43] ✅ VPN 已连接
[2026-03-05 07:53:44] ✅ VPN 已连接
[2026-03-05 07:54:44] ✅ VPN 已连接
[2026-03-05 07:55:44] ✅ VPN 已连接
[2026-03-05 07:56:44] ✅ VPN 已连接
[2026-03-05 07:57:44] ✅ VPN 已连接
[2026-03-05 07:58:44] ✅ VPN 已连接
[2026-03-05 07:59:44] ✅ VPN 已连接
[2026-03-05 08:00:44] ✅ VPN 已连接
[2026-03-05 08:01:44] ✅ VPN 已连接
[2026-03-05 08:02:44] ✅ VPN 已连接
[2026-03-05 08:03:44] ✅ VPN 已连接
[2026-03-05 08:04:44] ✅ VPN 已连接
[2026-03-05 08:05:44] ✅ VPN 已连接
[2026-03-05 08:06:44] ✅ VPN 已连接
[2026-03-05 08:07:45] ✅ VPN 已连接
[2026-03-05 08:08:45] ✅ VPN 已连接
[2026-03-05 08:09:45] ✅ VPN 已连接
[2026-03-05 08:10:45] ✅ VPN 已连接
[2026-03-05 08:11:45] ✅ VPN 已连接
[2026-03-05 08:12:45] ✅ VPN 已连接
[2026-03-05 08:13:45] ✅ VPN 已连接
[2026-03-05 08:14:45] ✅ VPN 已连接
[2026-03-05 08:15:45] ✅ VPN 已连接
[2026-03-05 08:16:45] ✅ VPN 已连接
[2026-03-05 08:17:45] ✅ VPN 已连接
[2026-03-05 08:18:45] ✅ VPN 已连接
[2026-03-05 08:19:45] ✅ VPN 已连接
[2026-03-05 08:20:45] ✅ VPN 已连接
[2026-03-05 08:21:45] ✅ VPN 已连接
[2026-03-05 08:22:45] ✅ VPN 已连接
[2026-03-05 08:23:46] ✅ VPN 已连接
[2026-03-05 08:24:46] ✅ VPN 已连接
[2026-03-05 08:25:46] ✅ VPN 已连接
[2026-03-05 08:26:46] ✅ VPN 已连接
[2026-03-05 08:27:46] ✅ VPN 已连接
[2026-03-05 08:28:46] ✅ VPN 已连接
[2026-03-05 08:29:46] ✅ VPN 已连接
[2026-03-05 08:30:46] ✅ VPN 已连接
[2026-03-05 08:31:46] ✅ VPN 已连接
[2026-03-05 08:32:46] ✅ VPN 已连接
[2026-03-05 08:33:46] ✅ VPN 已连接
[2026-03-05 08:34:46] ✅ VPN 已连接
[2026-03-05 08:35:46] ✅ VPN 已连接
[2026-03-05 08:36:46] ✅ VPN 已连接
[2026-03-05 08:37:47] ✅ VPN 已连接
[2026-03-05 08:38:47] ✅ VPN 已连接
[2026-03-05 08:39:47] ✅ VPN 已连接
[2026-03-05 08:40:47] ✅ VPN 已连接
[2026-03-05 08:41:47] ✅ VPN 已连接
[2026-03-05 08:42:47] ✅ VPN 已连接
[2026-03-05 08:43:47] ✅ VPN 已连接
[2026-03-05 08:44:47] ✅ VPN 已连接
[2026-03-05 08:45:47] ✅ VPN 已连接
[2026-03-05 08:46:47] ✅ VPN 已连接
[2026-03-05 08:47:47] ✅ VPN 已连接
[2026-03-05 08:48:47] ✅ VPN 已连接
[2026-03-05 08:49:47] ✅ VPN 已连接
[2026-03-05 08:50:47] ✅ VPN 已连接
[2026-03-05 08:51:47] ✅ VPN 已连接
[2026-03-05 08:52:47] ✅ VPN 已连接
[2026-03-05 08:53:48] ✅ VPN 已连接
[2026-03-05 08:54:48] ✅ VPN 已连接
[2026-03-05 08:55:48] ✅ VPN 已连接
[2026-03-05 08:56:48] ✅ VPN 已连接
[2026-03-05 08:57:48] ✅ VPN 已连接
[2026-03-05 08:58:48] ✅ VPN 已连接
[2026-03-05 08:59:48] ✅ VPN 已连接
[2026-03-05 09:00:48] ✅ VPN 已连接
[2026-03-05 09:01:48] ✅ VPN 已连接
[2026-03-05 09:02:48] ✅ VPN 已连接
[2026-03-05 09:03:48] ✅ VPN 已连接
[2026-03-05 09:04:48] ✅ VPN 已连接
[2026-03-05 09:05:48] ✅ VPN 已连接
[2026-03-05 09:06:48] ✅ VPN 已连接
[2026-03-05 09:07:49] ✅ VPN 已连接
[2026-03-05 09:08:49] ✅ VPN 已连接
[2026-03-05 09:09:49] ✅ VPN 已连接
[2026-03-05 09:10:49] ✅ VPN 已连接
[2026-03-05 09:11:49] ✅ VPN 已连接
[2026-03-05 09:12:49] ✅ VPN 已连接
[2026-03-05 09:13:49] ✅ VPN 已连接
[2026-03-05 09:14:49] ✅ VPN 已连接
[2026-03-05 09:15:49] ✅ VPN 已连接
[2026-03-05 09:16:49] ✅ VPN 已连接
[2026-03-05 09:17:49] ✅ VPN 已连接
[2026-03-05 09:18:49] ✅ VPN 已连接
[2026-03-05 09:19:49] ✅ VPN 已连接
[2026-03-05 09:20:49] ✅ VPN 已连接
[2026-03-05 09:21:49] ✅ VPN 已连接
[2026-03-05 09:22:49] ✅ VPN 已连接
[2026-03-05 09:23:50] ✅ VPN 已连接
[2026-03-05 09:24:50] ✅ VPN 已连接
[2026-03-05 09:25:50] ✅ VPN 已连接
[2026-03-05 09:26:50] ✅ VPN 已连接
[2026-03-05 09:27:50] ✅ VPN 已连接
[2026-03-05 09:28:50] ✅ VPN 已连接
[2026-03-05 09:29:50] ✅ VPN 已连接
[2026-03-05 09:30:50] ✅ VPN 已连接
[2026-03-05 09:31:50] ✅ VPN 已连接
[2026-03-05 09:32:50] ✅ VPN 已连接
[2026-03-05 09:33:50] ✅ VPN 已连接
[2026-03-05 09:34:50] ✅ VPN 已连接
[2026-03-05 09:35:50] ✅ VPN 已连接
[2026-03-05 09:36:50] ✅ VPN 已连接
[2026-03-05 09:37:50] ✅ VPN 已连接
[2026-03-05 09:38:51] ✅ VPN 已连接
[2026-03-05 09:39:51] ✅ VPN 已连接
[2026-03-05 09:40:51] ✅ VPN 已连接
[2026-03-05 09:41:51] ✅ VPN 已连接
[2026-03-05 09:42:51] ✅ VPN 已连接
[2026-03-05 09:43:51] ✅ VPN 已连接
[2026-03-05 09:44:51] ✅ VPN 已连接
[2026-03-05 09:45:51] ✅ VPN 已连接
[2026-03-05 09:46:51] ✅ VPN 已连接
[2026-03-05 09:47:51] ✅ VPN 已连接
[2026-03-05 09:48:51] ✅ VPN 已连接
[2026-03-05 09:49:51] ✅ VPN 已连接
[2026-03-05 09:50:51] ✅ VPN 已连接
[2026-03-05 09:51:51] ✅ VPN 已连接
[2026-03-05 09:52:51] ✅ VPN 已连接
[2026-03-05 09:53:52] ✅ VPN 已连接
[2026-03-05 09:54:52] ✅ VPN 已连接
[2026-03-05 09:55:52] ✅ VPN 已连接
[2026-03-05 09:56:52] ✅ VPN 已连接
[2026-03-05 09:57:52] ✅ VPN 已连接
[2026-03-05 09:58:52] ✅ VPN 已连接
[2026-03-05 09:59:52] ✅ VPN 已连接
[2026-03-05 10:00:52] ✅ VPN 已连接
[2026-03-05 10:01:52] ✅ VPN 已连接
[2026-03-05 10:02:52] ✅ VPN 已连接
[2026-03-05 10:03:52] ✅ VPN 已连接
[2026-03-05 10:04:52] ✅ VPN 已连接
[2026-03-05 10:05:52] ✅ VPN 已连接
[2026-03-05 10:06:52] ✅ VPN 已连接
[2026-03-05 10:07:52] ✅ VPN 已连接
[2026-03-05 10:08:53] ✅ VPN 已连接
[2026-03-05 10:09:53] ✅ VPN 已连接
[2026-03-05 10:10:53] ✅ VPN 已连接
[2026-03-05 10:11:53] ✅ VPN 已连接
[2026-03-05 10:12:53] ✅ VPN 已连接
[2026-03-05 10:13:53] ✅ VPN 已连接
[2026-03-05 10:14:53] ✅ VPN 已连接
[2026-03-05 10:15:53] ✅ VPN 已连接
[2026-03-05 10:16:53] ✅ VPN 已连接
[2026-03-05 10:17:53] ✅ VPN 已连接
[2026-03-05 10:18:53] ✅ VPN 已连接
[2026-03-05 10:19:53] ✅ VPN 已连接
[2026-03-05 10:20:53] ✅ VPN 已连接
[2026-03-05 10:21:54] ✅ VPN 已连接
[2026-03-05 10:22:54] ✅ VPN 已连接
[2026-03-05 10:23:54] ✅ VPN 已连接
[2026-03-05 10:24:54] ✅ VPN 已连接
[2026-03-05 10:25:54] ✅ VPN 已连接
[2026-03-05 10:26:54] ✅ VPN 已连接
[2026-03-05 10:27:54] ✅ VPN 已连接
[2026-03-05 10:28:54] ✅ VPN 已连接
[2026-03-05 10:29:54] ✅ VPN 已连接
[2026-03-05 10:30:54] ✅ VPN 已连接
[2026-03-05 10:31:54] ✅ VPN 已连接
[2026-03-05 10:32:54] ✅ VPN 已连接
[2026-03-05 10:33:54] ✅ VPN 已连接
[2026-03-05 10:34:54] ✅ VPN 已连接
[2026-03-05 10:35:55] ✅ VPN 已连接
[2026-03-05 10:36:55] ✅ VPN 已连接
[2026-03-05 10:37:55] ✅ VPN 已连接
[2026-03-05 10:38:55] ✅ VPN 已连接
[2026-03-05 10:39:55] ✅ VPN 已连接
[2026-03-05 10:40:55] ✅ VPN 已连接
[2026-03-05 10:41:55] ✅ VPN 已连接
[2026-03-05 10:42:55] ✅ VPN 已连接
[2026-03-05 10:43:55] ✅ VPN 已连接
[2026-03-05 10:44:55] ✅ VPN 已连接
[2026-03-05 10:45:55] ✅ VPN 已连接
[2026-03-05 10:46:55] ✅ VPN 已连接
[2026-03-05 10:47:55] ✅ VPN 已连接
[2026-03-05 10:48:55] ✅ VPN 已连接
[2026-03-05 10:49:55] ✅ VPN 已连接
[2026-03-05 10:50:55] ✅ VPN 已连接
[2026-03-05 10:51:56] ✅ VPN 已连接
[2026-03-05 10:52:56] ✅ VPN 已连接
[2026-03-05 10:53:56] ✅ VPN 已连接
[2026-03-05 10:54:56] ✅ VPN 已连接
[2026-03-05 10:55:56] ❌ VPN 未连接，触发重连...
[2026-03-05 10:55:56] ========== VPN 重连开始 ==========
[2026-03-05 10:55:56] 尝试 1/3...
[2026-03-05 10:55:56] 启动 FortiClient GUI...
[2026-03-05 10:55:56] FortiClient 已在运行，先关闭...
[2026-03-05 10:56:01] ❌ FortiClient GUI 启动失败
[2026-03-05 10:56:01] 重试 1 失败：无法启动 FortiClient
[2026-03-05 10:56:11] 尝试 2/3...
[2026-03-05 10:56:11] 启动 FortiClient GUI...
[2026-03-05 10:56:11] FortiClient 已在运行，先关闭...
[2026-03-05 10:56:16] ✅ FortiClient GUI 已启动
[2026-03-05 10:56:16] 触发 VPN 连接（Playwright 自动化）...
[2026-03-05 10:57:28] 重试 2 失败：自动登录失败
[2026-03-05 10:57:38] 尝试 3/3...
[2026-03-05 10:57:38] 启动 FortiClient GUI...
[2026-03-05 10:57:38] FortiClient 已在运行，先关闭...
[2026-03-05 10:57:43] ❌ FortiClient GUI 启动失败
[2026-03-05 10:57:43] 重试 3 失败：无法启动 FortiClient
[2026-03-05 10:57:53] ❌ VPN 重连失败（已尝试 3 次）
[2026-03-05 10:57:53] ========== VPN 重连失败 ==========
[2026-03-05 10:58:53] ❌ VPN 未连接，触发重连...
[2026-03-05 10:58:53] ========== VPN 重连开始 ==========
[2026-03-05 10:58:53] 尝试 1/3...
[2026-03-05 10:58:53] 启动 FortiClient GUI...
[2026-03-05 10:58:56] ❌ FortiClient GUI 启动失败
[2026-03-05 10:58:56] 重试 1 失败：无法启动 FortiClient
[2026-03-05 10:59:06] 尝试 2/3...
[2026-03-05 10:59:06] 启动 FortiClient GUI...
[2026-03-05 10:59:09] ❌ FortiClient GUI 启动失败
[2026-03-05 10:59:09] 重试 2 失败：无法启动 FortiClient
[2026-03-05 10:59:19] 尝试 3/3...
[2026-03-05 10:59:19] 启动 FortiClient GUI...
[2026-03-05 10:59:22] ❌ FortiClient GUI 启动失败
[2026-03-05 10:59:22] 重试 3 失败：无法启动 FortiClient
[2026-03-05 10:59:32] ❌ VPN 重连失败（已尝试 3 次）
[2026-03-05 10:59:32] ========== VPN 重连失败 ==========
[2026-03-05 11:00:32] ❌ VPN 未连接，触发重连...
[2026-03-05 11:00:32] ========== VPN 重连开始 ==========
[2026-03-05 11:00:32] 尝试 1/3...
[2026-03-05 11:00:32] 启动 FortiClient GUI...
[2026-03-05 11:00:32] FortiClient 已在运行，先关闭...
[2026-03-05 11:00:37] ❌ FortiClient GUI 启动失败
[2026-03-05 11:00:37] 重试 1 失败：无法启动 FortiClient
[2026-03-05 11:00:47] 尝试 2/3...
[2026-03-05 11:00:47] 启动 FortiClient GUI...
[2026-03-05 11:00:50] ❌ FortiClient GUI 启动失败
[2026-03-05 11:00:50] 重试 2 失败：无法启动 FortiClient
[2026-03-05 11:01:00] 尝试 3/3...
[2026-03-05 11:01:00] 启动 FortiClient GUI...
[2026-03-05 11:01:00] FortiClient 已在运行，先关闭...
[2026-03-05 11:01:05] ✅ FortiClient GUI 已启动
[2026-03-05 11:01:05] 触发 VPN 连接（Playwright 自动化）...
[2026-03-05 11:02:15] 重试 3 失败：自动登录失败
[2026-03-05 11:02:25] ❌ VPN 重连失败（已尝试 3 次）
[2026-03-05 11:02:25] ========== VPN 重连失败 ==========
[2026-03-05 11:03:25] ❌ VPN 未连接，触发重连...
[2026-03-05 11:03:25] ========== VPN 重连开始 ==========
[2026-03-05 11:03:25] 尝试 1/3...
[2026-03-05 11:03:25] 启动 FortiClient GUI...
[2026-03-05 11:03:25] FortiClient 已在运行，先关闭...
[2026-03-05 11:03:30] ❌ FortiClient GUI 启动失败
[2026-03-05 11:03:30] 重试 1 失败：无法启动 FortiClient
[2026-03-05 11:03:40] 尝试 2/3...
[2026-03-05 11:03:40] 启动 FortiClient GUI...
[2026-03-05 11:03:40] FortiClient 已在运行，先关闭...
[2026-03-05 11:03:45] ❌ FortiClient GUI 启动失败
[2026-03-05 11:03:45] 重试 2 失败：无法启动 FortiClient
[2026-03-05 11:03:55] 尝试 3/3...
[2026-03-05 11:03:55] 启动 FortiClient GUI...
[2026-03-05 11:03:55] FortiClient 已在运行，先关闭...
[2026-03-05 11:04:00] ❌ FortiClient GUI 启动失败
[2026-03-05 11:04:00] 重试 3 失败：无法启动 FortiClient
[2026-03-05 11:04:10] ❌ VPN 重连失败（已尝试 3 次）
[2026-03-05 11:04:10] ========== VPN 重连失败 ==========
[2026-03-05 11:05:10] ❌ VPN 未连接，触发重连...
[2026-03-05 11:05:10] ========== VPN 重连开始 ==========
[2026-03-05 11:05:10] 尝试 1/3...
[2026-03-05 11:05:10] 启动 FortiClient GUI...
[2026-03-05 11:05:10] FortiClient 已在运行，先关闭...
[2026-03-05 11:05:15] ❌ FortiClient GUI 启动失败
[2026-03-05 11:05:15] 重试 1 失败：无法启动 FortiClient
[2026-03-05 11:05:25] 尝试 2/3...
[2026-03-05 11:05:25] 启动 FortiClient GUI...
[2026-03-05 11:05:29] ❌ FortiClient GUI 启动失败
[2026-03-05 11:05:29] 重试 2 失败：无法启动 FortiClient
[2026-03-05 11:05:39] 尝试 3/3...
[2026-03-05 11:05:39] 启动 FortiClient GUI...
[2026-03-05 11:05:42] ❌ FortiClient GUI 启动失败
[2026-03-05 11:05:42] 重试 3 失败：无法启动 FortiClient
[2026-03-05 11:05:52] ❌ VPN 重连失败（已尝试 3 次）
[2026-03-05 11:05:52] ========== VPN 重连失败 ==========
[2026-03-05 11:06:52] ❌ VPN 未连接，触发重连...
[2026-03-05 11:06:52] ========== VPN 重连开始 ==========
[2026-03-05 11:06:52] 尝试 1/3...
[2026-03-05 11:06:52] 启动 FortiClient GUI...
[2026-03-05 11:06:55] ❌ FortiClient GUI 启动失败
[2026-03-05 11:06:55] 重试 1 失败：无法启动 FortiClient
[2026-03-05 11:07:05] 尝试 2/3...
[2026-03-05 11:07:05] 启动 FortiClient GUI...
[2026-03-05 11:07:08] ❌ FortiClient GUI 启动失败
[2026-03-05 11:07:08] 重试 2 失败：无法启动 FortiClient
[2026-03-05 11:07:18] 尝试 3/3...
[2026-03-05 11:07:18] 启动 FortiClient GUI...
[2026-03-05 11:07:21] ❌ FortiClient GUI 启动失败
[2026-03-05 11:07:21] 重试 3 失败：无法启动 FortiClient
[2026-03-05 11:07:31] ❌ VPN 重连失败（已尝试 3 次）
[2026-03-05 11:07:31] ========== VPN 重连失败 ==========
[2026-03-05 11:08:31] ✅ VPN 已连接
[2026-03-05 11:09:31] ✅ VPN 已连接
[2026-03-05 11:10:31] ✅ VPN 已连接
[2026-03-05 11:11:31] ✅ VPN 已连接
[2026-03-05 11:12:31] ✅ VPN 已连接
[2026-03-05 11:13:31] ✅ VPN 已连接
[2026-03-05 11:14:31] ✅ VPN 已连接
[2026-03-05 11:15:31] ✅ VPN 已连接
[2026-03-05 11:16:31] ❌ VPN 未连接，触发重连...
[2026-03-05 11:16:31] ========== VPN 重连开始 ==========
[2026-03-05 11:16:31] 尝试 1/3...
[2026-03-05 11:16:31] 启动 FortiClient GUI...
[2026-03-05 11:16:31] FortiClient 已在运行，先关闭...
[2026-03-05 11:16:36] ❌ FortiClient GUI 启动失败
[2026-03-05 11:16:36] 重试 1 失败：无法启动 FortiClient
[2026-03-05 11:16:46] 尝试 2/3...
[2026-03-05 11:16:46] 启动 FortiClient GUI...
[2026-03-05 11:16:49] ❌ FortiClient GUI 启动失败
[2026-03-05 11:16:49] 重试 2 失败：无法启动 FortiClient
[2026-03-05 11:16:59] 尝试 3/3...
[2026-03-05 11:16:59] 启动 FortiClient GUI...
[2026-03-05 11:17:03] ❌ FortiClient GUI 启动失败
[2026-03-05 11:17:03] 重试 3 失败：无法启动 FortiClient
[2026-03-05 11:17:13] ❌ VPN 重连失败（已尝试 3 次）
[2026-03-05 11:17:13] ========== VPN 重连失败 ==========
[2026-03-05 11:18:13] ❌ VPN 未连接，触发重连...
[2026-03-05 11:18:13] ========== VPN 重连开始 ==========
[2026-03-05 11:18:13] 尝试 1/3...
[2026-03-05 11:18:13] 启动 FortiClient GUI...
[2026-03-05 11:18:16] ❌ FortiClient GUI 启动失败
[2026-03-05 11:18:16] 重试 1 失败：无法启动 FortiClient
[2026-03-05 11:18:26] 尝试 2/3...
[2026-03-05 11:18:26] 启动 FortiClient GUI...
[2026-03-05 11:18:29] ❌ FortiClient GUI 启动失败
[2026-03-05 11:18:29] 重试 2 失败：无法启动 FortiClient
[2026-03-05 11:18:39] 尝试 3/3...
[2026-03-05 11:18:39] 启动 FortiClient GUI...
[2026-03-05 11:18:42] ❌ FortiClient GUI 启动失败
[2026-03-05 11:18:42] 重试 3 失败：无法启动 FortiClient
[2026-03-05 11:18:52] ❌ VPN 重连失败（已尝试 3 次）
[2026-03-05 11:18:52] ========== VPN 重连失败 ==========
[2026-03-05 11:19:52] ✅ VPN 已连接
[2026-03-05 11:20:52] ✅ VPN 已连接
[2026-03-05 11:21:52] ✅ VPN 已连接
[2026-03-05 11:22:52] ✅ VPN 已连接
[2026-03-05 11:23:52] ✅ VPN 已连接
[2026-03-05 11:24:52] ✅ VPN 已连接
[2026-03-05 11:25:52] ✅ VPN 已连接
[2026-03-05 11:26:52] ✅ VPN 已连接
[2026-03-05 11:27:52] ✅ VPN 已连接
[2026-03-05 11:28:52] ✅ VPN 已连接
[2026-03-05 11:29:53] ✅ VPN 已连接
[2026-03-05 11:30:53] ✅ VPN 已连接
[2026-03-05 11:31:53] ✅ VPN 已连接
[2026-03-05 11:32:53] ✅ VPN 已连接
[2026-03-05 11:33:53] ✅ VPN 已连接
[2026-03-05 11:34:53] ✅ VPN 已连接
[2026-03-05 11:35:53] ✅ VPN 已连接
[2026-03-05 11:36:53] ❌ VPN 未连接，触发重连...
[2026-03-05 11:36:53] ========== VPN 重连开始 ==========
[2026-03-05 11:36:53] 尝试 1/3...
[2026-03-05 11:36:53] 启动 FortiClient GUI...
[2026-03-05 11:36:53] FortiClient 已在运行，先关闭...
[2026-03-05 11:36:58] ❌ FortiClient GUI 启动失败
[2026-03-05 11:36:58] 重试 1 失败：无法启动 FortiClient
[2026-03-05 11:37:08] 尝试 2/3...
[2026-03-05 11:37:08] 启动 FortiClient GUI...
[2026-03-05 11:37:11] ❌ FortiClient GUI 启动失败
[2026-03-05 11:37:11] 重试 2 失败：无法启动 FortiClient
[2026-03-05 11:37:21] 尝试 3/3...
[2026-03-05 11:37:21] 启动 FortiClient GUI...
[2026-03-05 11:37:24] ❌ FortiClient GUI 启动失败
[2026-03-05 11:37:24] 重试 3 失败：无法启动 FortiClient
[2026-03-05 11:37:34] ❌ VPN 重连失败（已尝试 3 次）
[2026-03-05 11:37:34] ========== VPN 重连失败 ==========
[2026-03-05 11:38:34] ❌ VPN 未连接，触发重连...
[2026-03-05 11:38:34] ========== VPN 重连开始 ==========
[2026-03-05 11:38:34] 尝试 1/3...
[2026-03-05 11:38:34] 启动 FortiClient GUI...
[2026-03-05 11:38:37] ❌ FortiClient GUI 启动失败
[2026-03-05 11:38:37] 重试 1 失败：无法启动 FortiClient
[2026-03-05 11:38:47] 尝试 2/3...
[2026-03-05 11:38:47] 启动 FortiClient GUI...
[2026-03-05 11:38:50] ❌ FortiClient GUI 启动失败
[2026-03-05 11:38:50] 重试 2 失败：无法启动 FortiClient
[2026-03-05 11:39:00] 尝试 3/3...
[2026-03-05 11:39:00] 启动 FortiClient GUI...
[2026-03-05 11:39:03] ❌ FortiClient GUI 启动失败
[2026-03-05 11:39:03] 重试 3 失败：无法启动 FortiClient
[2026-03-05 11:39:13] ❌ VPN 重连失败（已尝试 3 次）
[2026-03-05 11:39:13] ========== VPN 重连失败 ==========
[2026-03-05 11:40:13] ✅ VPN 已连接
[2026-03-05 11:41:13] ✅ VPN 已连接
[2026-03-05 11:42:14] ✅ VPN 已连接
[2026-03-05 11:43:14] ✅ VPN 已连接
[2026-03-05 11:44:14] ✅ VPN 已连接
[2026-03-05 11:45:14] ✅ VPN 已连接
[2026-03-05 11:46:14] ✅ VPN 已连接
[2026-03-05 11:47:14] ✅ VPN 已连接
[2026-03-05 11:48:14] ✅ VPN 已连接
[2026-03-05 11:49:14] ✅ VPN 已连接
[2026-03-05 11:50:14] ✅ VPN 已连接
[2026-03-05 11:51:14] ✅ VPN 已连接
[2026-03-05 11:52:14] ✅ VPN 已连接
[2026-03-05 11:53:14] ✅ VPN 已连接
[2026-03-05 11:54:14] ✅ VPN 已连接
[2026-03-05 11:55:14] ✅ VPN 已连接
[2026-03-05 11:56:14] ✅ VPN 已连接
[2026-03-05 11:57:14] ✅ VPN 已连接
[2026-03-05 11:58:14] ✅ VPN 已连接
[2026-03-05 11:59:15] ✅ VPN 已连接
[2026-03-05 12:00:15] ✅ VPN 已连接
[2026-03-05 12:01:15] ✅ VPN 已连接
[2026-03-05 12:02:15] ✅ VPN 已连接
[2026-03-05 12:03:15] ✅ VPN 已连接
[2026-03-05 12:04:15] ✅ VPN 已连接
[2026-03-05 12:05:15] ✅ VPN 已连接
[2026-03-05 12:06:15] ✅ VPN 已连接
[2026-03-05 12:07:15] ✅ VPN 已连接
[2026-03-05 12:08:15] ✅ VPN 已连接
[2026-03-05 12:09:15] ✅ VPN 已连接
[2026-03-05 12:10:15] ✅ VPN 已连接
[2026-03-05 12:11:15] ✅ VPN 已连接
[2026-03-05 12:12:15] ✅ VPN 已连接
[2026-03-05 12:13:15] ✅ VPN 已连接
[2026-03-05 12:14:15] ✅ VPN 已连接
[2026-03-05 12:15:15] ✅ VPN 已连接
[2026-03-05 12:16:15] ✅ VPN 已连接
[2026-03-05 12:17:15] ✅ VPN 已连接
[2026-03-05 12:18:16] ✅ VPN 已连接
[2026-03-05 12:19:16] ✅ VPN 已连接
[2026-03-05 12:20:16] ✅ VPN 已连接
[2026-03-05 12:21:16] ✅ VPN 已连接
[2026-03-05 12:22:16] ✅ VPN 已连接
[2026-03-05 12:23:16] ✅ VPN 已连接
[2026-03-05 12:24:16] ✅ VPN 已连接
[2026-03-05 12:25:16] ✅ VPN 已连接
[2026-03-05 12:26:16] ✅ VPN 已连接
[2026-03-05 12:27:16] ✅ VPN 已连接
[2026-03-05 12:28:16] ✅ VPN 已连接
[2026-03-05 12:29:16] ✅ VPN 已连接
[2026-03-05 12:30:16] ✅ VPN 已连接
[2026-03-05 12:31:16] ✅ VPN 已连接
[2026-03-05 12:32:16] ✅ VPN 已连接
[2026-03-05 12:33:16] ✅ VPN 已连接
[2026-03-05 12:34:16] ✅ VPN 已连接
[2026-03-05 12:35:16] ✅ VPN 已连接
[2026-03-05 12:36:17] ✅ VPN 已连接
[2026-03-05 12:37:17] ✅ VPN 已连接
[2026-03-05 12:38:17] ✅ VPN 已连接
[2026-03-05 12:39:17] ✅ VPN 已连接
[2026-03-05 12:40:17] ✅ VPN 已连接
[2026-03-05 12:41:17] ✅ VPN 已连接
[2026-03-05 12:42:17] ✅ VPN 已连接
[2026-03-05 12:43:17] ✅ VPN 已连接
[2026-03-05 12:44:17] ✅ VPN 已连接
[2026-03-05 12:45:17] ✅ VPN 已连接
[2026-03-05 12:46:17] ✅ VPN 已连接
[2026-03-05 12:47:17] ✅ VPN 已连接
[2026-03-05 12:48:17] ✅ VPN 已连接
[2026-03-05 12:49:17] ✅ VPN 已连接
[2026-03-05 12:50:17] ✅ VPN 已连接
[2026-03-05 12:51:17] ✅ VPN 已连接
[2026-03-05 12:52:18] ✅ VPN 已连接
[2026-03-05 12:53:18] ✅ VPN 已连接
[2026-03-05 12:54:18] ✅ VPN 已连接
[2026-03-05 12:55:18] ✅ VPN 已连接
[2026-03-05 12:56:18] ✅ VPN 已连接
[2026-03-05 12:57:18] ✅ VPN 已连接
[2026-03-05 12:58:18] ✅ VPN 已连接
[2026-03-05 12:59:18] ✅ VPN 已连接
[2026-03-05 13:00:18] ✅ VPN 已连接
[2026-03-05 13:01:18] ✅ VPN 已连接
[2026-03-05 13:02:18] ✅ VPN 已连接
[2026-03-05 13:03:18] ✅ VPN 已连接
[2026-03-05 13:04:18] ✅ VPN 已连接
[2026-03-05 13:05:18] ✅ VPN 已连接
[2026-03-05 13:06:18] ✅ VPN 已连接
[2026-03-05 13:07:18] ✅ VPN 已连接
[2026-03-05 13:08:18] ✅ VPN 已连接
[2026-03-05 13:09:18] ✅ VPN 已连接
[2026-03-05 13:10:19] ✅ VPN 已连接
[2026-03-05 13:11:19] ✅ VPN 已连接
[2026-03-05 13:12:19] ✅ VPN 已连接
[2026-03-05 13:13:19] ✅ VPN 已连接
[2026-03-05 13:14:19] ✅ VPN 已连接
[2026-03-05 13:15:19] ✅ VPN 已连接
[2026-03-05 13:16:19] ✅ VPN 已连接
[2026-03-05 13:17:19] ✅ VPN 已连接
[2026-03-05 13:18:19] ✅ VPN 已连接
[2026-03-05 13:19:19] ✅ VPN 已连接
[2026-03-05 13:20:19] ✅ VPN 已连接
[2026-03-05 13:21:19] ✅ VPN 已连接
[2026-03-05 13:22:19] ✅ VPN 已连接
[2026-03-05 13:23:19] ✅ VPN 已连接
[2026-03-05 13:24:19] ✅ VPN 已连接
[2026-03-05 13:25:19] ✅ VPN 已连接
[2026-03-05 13:26:20] ✅ VPN 已连接
[2026-03-05 13:27:20] ✅ VPN 已连接
[2026-03-05 13:28:20] ✅ VPN 已连接
[2026-03-05 13:29:20] ✅ VPN 已连接
[2026-03-05 13:30:20] ✅ VPN 已连接
[2026-03-05 13:31:20] ✅ VPN 已连接
[2026-03-05 13:32:20] ✅ VPN 已连接
[2026-03-05 13:33:20] ✅ VPN 已连接
[2026-03-05 13:34:20] ✅ VPN 已连接
[2026-03-05 13:35:20] ✅ VPN 已连接
[2026-03-05 13:36:20] ✅ VPN 已连接
[2026-03-05 13:37:20] ✅ VPN 已连接
[2026-03-05 13:38:20] ✅ VPN 已连接
[2026-03-05 13:39:20] ✅ VPN 已连接
[2026-03-05 13:40:20] ✅ VPN 已连接
[2026-03-05 13:41:20] ✅ VPN 已连接
[2026-03-05 13:42:20] ✅ VPN 已连接
[2026-03-05 13:43:20] ✅ VPN 已连接
[2026-03-05 13:44:20] ✅ VPN 已连接
[2026-03-05 13:45:21] ✅ VPN 已连接
[2026-03-05 13:46:21] ✅ VPN 已连接
[2026-03-05 13:47:21] ✅ VPN 已连接
[2026-03-05 13:48:21] ✅ VPN 已连接
[2026-03-05 13:49:21] ✅ VPN 已连接
[2026-03-05 13:50:21] ✅ VPN 已连接
[2026-03-05 13:51:21] ✅ VPN 已连接
[2026-03-05 13:52:21] ✅ VPN 已连接
[2026-03-05 13:53:21] ✅ VPN 已连接
[2026-03-05 13:54:21] ✅ VPN 已连接
[2026-03-05 13:55:21] ✅ VPN 已连接
[2026-03-05 13:56:21] ✅ VPN 已连接
[2026-03-05 13:57:21] ✅ VPN 已连接
[2026-03-05 13:58:21] ✅ VPN 已连接
[2026-03-05 13:59:21] ✅ VPN 已连接
[2026-03-05 14:00:21] ✅ VPN 已连接
[2026-03-05 14:01:21] ✅ VPN 已连接
[2026-03-05 14:02:22] ✅ VPN 已连接
[2026-03-05 14:03:22] ✅ VPN 已连接
[2026-03-05 14:04:22] ✅ VPN 已连接
[2026-03-05 14:05:22] ✅ VPN 已连接
[2026-03-05 14:06:22] ✅ VPN 已连接
[2026-03-05 14:07:22] ✅ VPN 已连接
[2026-03-05 14:08:22] ✅ VPN 已连接
[2026-03-05 14:09:22] ✅ VPN 已连接
[2026-03-05 14:10:22] ✅ VPN 已连接
[2026-03-05 14:11:22] ✅ VPN 已连接
[2026-03-05 14:12:22] ✅ VPN 已连接
[2026-03-05 14:13:22] ✅ VPN 已连接
[2026-03-05 14:14:22] ✅ VPN 已连接
[2026-03-05 14:15:22] ✅ VPN 已连接
[2026-03-05 14:16:22] ✅ VPN 已连接
[2026-03-05 14:17:22] ✅ VPN 已连接
[2026-03-05 14:18:22] ✅ VPN 已连接
[2026-03-05 14:19:22] ✅ VPN 已连接
[2026-03-05 14:20:22] ✅ VPN 已连接
[2026-03-05 14:21:23] ✅ VPN 已连接
[2026-03-05 14:22:23] ✅ VPN 已连接
[2026-03-05 14:23:23] ✅ VPN 已连接
[2026-03-05 14:24:23] ✅ VPN 已连接
[2026-03-05 14:25:23] ✅ VPN 已连接
[2026-03-05 14:26:23] ✅ VPN 已连接
[2026-03-05 14:27:23] ✅ VPN 已连接
[2026-03-05 14:28:23] ✅ VPN 已连接
[2026-03-05 14:29:23] ✅ VPN 已连接
[2026-03-05 14:30:23] ✅ VPN 已连接
[2026-03-05 14:31:23] ✅ VPN 已连接
[2026-03-05 14:32:23] ✅ VPN 已连接
[2026-03-05 14:33:23] ✅ VPN 已连接
[2026-03-05 14:34:23] ✅ VPN 已连接
[2026-03-05 14:35:23] ✅ VPN 已连接
[2026-03-05 14:36:23] ✅ VPN 已连接
[2026-03-05 14:37:23] ✅ VPN 已连接
[2026-03-05 14:38:23] ✅ VPN 已连接
[2026-03-05 14:39:24] ✅ VPN 已连接
[2026-03-05 14:40:24] ✅ VPN 已连接
[2026-03-05 14:41:24] ✅ VPN 已连接
[2026-03-05 14:42:24] ✅ VPN 已连接
[2026-03-05 14:43:24] ✅ VPN 已连接
[2026-03-05 14:44:24] ✅ VPN 已连接
[2026-03-05 14:45:24] ✅ VPN 已连接
[2026-03-05 14:46:24] ✅ VPN 已连接
[2026-03-05 14:47:24] ✅ VPN 已连接
[2026-03-05 14:48:24] ✅ VPN 已连接
[2026-03-05 14:49:24] ✅ VPN 已连接
[2026-03-05 14:50:24] ✅ VPN 已连接
[2026-03-05 14:51:24] ✅ VPN 已连接
[2026-03-05 14:52:24] ✅ VPN 已连接
[2026-03-05 14:53:24] ✅ VPN 已连接
[2026-03-05 14:54:24] ✅ VPN 已连接
[2026-03-05 14:55:24] ✅ VPN 已连接
[2026-03-05 14:56:24] ✅ VPN 已连接
[2026-03-05 14:57:24] ✅ VPN 已连接
[2026-03-05 14:58:24] ✅ VPN 已连接
[2026-03-05 14:59:25] ✅ VPN 已连接
[2026-03-05 15:00:25] ✅ VPN 已连接
[2026-03-05 15:01:25] ✅ VPN 已连接
[2026-03-05 15:02:25] ✅ VPN 已连接
[2026-03-05 15:03:25] ✅ VPN 已连接
[2026-03-05 15:04:25] ✅ VPN 已连接
[2026-03-05 15:05:25] ✅ VPN 已连接
[2026-03-05 15:06:25] ✅ VPN 已连接
[2026-03-05 15:07:25] ✅ VPN 已连接
[2026-03-05 15:08:25] ✅ VPN 已连接
[2026-03-05 15:09:25] ✅ VPN 已连接
[2026-03-05 15:10:25] ✅ VPN 已连接
[2026-03-05 15:11:25] ✅ VPN 已连接
[2026-03-05 15:12:25] ✅ VPN 已连接
[2026-03-05 15:13:25] ✅ VPN 已连接
[2026-03-05 15:14:25] ✅ VPN 已连接
[2026-03-05 15:15:25] ✅ VPN 已连接
[2026-03-05 15:16:25] ✅ VPN 已连接
[2026-03-05 15:17:25] ✅ VPN 已连接
[2026-03-05 15:18:25] ✅ VPN 已连接
[2026-03-05 15:19:25] ✅ VPN 已连接
[2026-03-05 15:20:26] ✅ VPN 已连接
[2026-03-05 15:21:26] ✅ VPN 已连接
[2026-03-05 15:22:26] ✅ VPN 已连接
[2026-03-05 15:23:26] ✅ VPN 已连接
[2026-03-05 15:24:26] ✅ VPN 已连接
[2026-03-05 15:25:26] ✅ VPN 已连接
[2026-03-05 15:26:26] ✅ VPN 已连接
[2026-03-05 15:27:26] ✅ VPN 已连接
[2026-03-05 15:28:26] ✅ VPN 已连接
[2026-03-05 15:29:26] ✅ VPN 已连接
[2026-03-05 15:30:26] ✅ VPN 已连接
[2026-03-05 15:31:26] ✅ VPN 已连接
[2026-03-05 15:32:26] ✅ VPN 已连接
[2026-03-05 15:33:26] ✅ VPN 已连接
[2026-03-05 15:34:26] ✅ VPN 已连接
[2026-03-05 15:35:26] ✅ VPN 已连接
[2026-03-05 15:36:26] ✅ VPN 已连接
[2026-03-05 15:37:26] ✅ VPN 已连接
[2026-03-05 15:38:26] ✅ VPN 已连接
[2026-03-05 15:39:26] ✅ VPN 已连接
[2026-03-05 15:40:26] ✅ VPN 已连接
[2026-03-05 15:41:27] ✅ VPN 已连接
[2026-03-05 15:42:27] ✅ VPN 已连接
[2026-03-05 15:43:27] ✅ VPN 已连接
[2026-03-05 15:44:27] ✅ VPN 已连接
[2026-03-05 15:45:27] ✅ VPN 已连接
[2026-03-05 15:46:27] ✅ VPN 已连接
[2026-03-05 15:47:27] ✅ VPN 已连接
[2026-03-05 15:48:27] ✅ VPN 已连接
[2026-03-05 15:49:27] ✅ VPN 已连接
[2026-03-05 15:50:27] ✅ VPN 已连接
[2026-03-05 15:51:27] ✅ VPN 已连接
[2026-03-05 15:52:27] ✅ VPN 已连接
[2026-03-05 15:53:27] ✅ VPN 已连接
[2026-03-05 15:54:27] ✅ VPN 已连接
[2026-03-05 15:55:27] ✅ VPN 已连接
[2026-03-05 15:56:27] ✅ VPN 已连接
[2026-03-05 15:57:27] ✅ VPN 已连接
[2026-03-05 15:58:27] ✅ VPN 已连接
[2026-03-05 15:59:27] ✅ VPN 已连接
[2026-03-05 16:00:27] ✅ VPN 已连接
[2026-03-05 16:01:27] ✅ VPN 已连接
[2026-03-05 16:02:28] ✅ VPN 已连接
[2026-03-05 16:03:28] ✅ VPN 已连接
[2026-03-05 16:04:28] ✅ VPN 已连接
[2026-03-05 16:05:28] ✅ VPN 已连接
[2026-03-05 16:06:28] ✅ VPN 已连接
[2026-03-05 16:07:28] ✅ VPN 已连接
[2026-03-05 16:08:28] ✅ VPN 已连接
[2026-03-05 16:09:28] ✅ VPN 已连接
[2026-03-05 16:10:28] ✅ VPN 已连接
[2026-03-05 16:11:28] ✅ VPN 已连接
[2026-03-05 16:12:28] ✅ VPN 已连接
[2026-03-05 16:13:28] ✅ VPN 已连接
[2026-03-05 16:14:28] ✅ VPN 已连接
[2026-03-05 16:15:28] ✅ VPN 已连接
[2026-03-05 16:16:28] ✅ VPN 已连接
[2026-03-05 16:17:28] ✅ VPN 已连接
[2026-03-05 16:18:28] ✅ VPN 已连接
[2026-03-05 16:19:28] ✅ VPN 已连接
[2026-03-05 16:20:28] ✅ VPN 已连接
[2026-03-05 16:21:28] ✅ VPN 已连接
[2026-03-05 16:22:28] ✅ VPN 已连接
[2026-03-05 16:23:29] ✅ VPN 已连接
[2026-03-05 16:24:29] ✅ VPN 已连接
[2026-03-05 16:25:29] ✅ VPN 已连接
[2026-03-05 16:26:29] ✅ VPN 已连接
[2026-03-05 16:27:29] ✅ VPN 已连接
[2026-03-05 16:28:29] ✅ VPN 已连接
[2026-03-05 16:29:29] ✅ VPN 已连接
[2026-03-05 16:30:29] ✅ VPN 已连接
[2026-03-05 16:31:29] ✅ VPN 已连接
[2026-03-05 16:32:29] ✅ VPN 已连接
[2026-03-05 16:33:29] ✅ VPN 已连接
[2026-03-05 16:34:29] ✅ VPN 已连接
[2026-03-05 16:35:29] ✅ VPN 已连接
[2026-03-05 16:36:29] ✅ VPN 已连接
[2026-03-05 16:37:29] ✅ VPN 已连接
[2026-03-05 16:38:29] ✅ VPN 已连接
[2026-03-05 16:39:29] ✅ VPN 已连接
[2026-03-05 16:40:29] ✅ VPN 已连接
[2026-03-05 16:41:29] ✅ VPN 已连接
[2026-03-05 16:42:29] ✅ VPN 已连接
[2026-03-05 16:43:29] ✅ VPN 已连接
[2026-03-05 16:44:30] ✅ VPN 已连接
[2026-03-05 16:45:30] ✅ VPN 已连接
[2026-03-05 16:46:30] ✅ VPN 已连接
[2026-03-05 16:47:30] ✅ VPN 已连接
[2026-03-05 16:48:30] ✅ VPN 已连接
[2026-03-05 16:49:30] ✅ VPN 已连接
[2026-03-05 16:50:30] ✅ VPN 已连接
[2026-03-05 16:51:30] ✅ VPN 已连接
[2026-03-05 16:52:30] ✅ VPN 已连接
[2026-03-05 16:53:30] ✅ VPN 已连接
[2026-03-05 16:54:30] ✅ VPN 已连接
[2026-03-05 16:55:30] ✅ VPN 已连接
[2026-03-05 16:56:30] ✅ VPN 已连接
[2026-03-05 16:57:30] ✅ VPN 已连接
[2026-03-05 16:58:30] ✅ VPN 已连接
[2026-03-05 16:59:30] ✅ VPN 已连接
[2026-03-05 17:00:30] ✅ VPN 已连接
[2026-03-05 17:01:30] ✅ VPN 已连接
[2026-03-05 17:02:30] ✅ VPN 已连接
[2026-03-05 17:03:30] ✅ VPN 已连接
[2026-03-05 17:04:30] ✅ VPN 已连接
[2026-03-05 17:05:31] ✅ VPN 已连接
[2026-03-05 17:06:31] ✅ VPN 已连接
[2026-03-05 17:07:31] ✅ VPN 已连接
[2026-03-05 17:08:31] ✅ VPN 已连接
[2026-03-05 17:09:31] ✅ VPN 已连接
[2026-03-05 17:10:31] ✅ VPN 已连接
[2026-03-05 17:11:31] ✅ VPN 已连接
[2026-03-05 17:12:31] ✅ VPN 已连接
[2026-03-05 17:13:31] ✅ VPN 已连接
[2026-03-05 17:14:31] ✅ VPN 已连接
[2026-03-05 17:15:31] ✅ VPN 已连接
[2026-03-05 17:16:31] ✅ VPN 已连接
[2026-03-05 17:17:31] ✅ VPN 已连接
[2026-03-05 17:18:31] ✅ VPN 已连接
[2026-03-05 17:19:31] ✅ VPN 已连接
[2026-03-05 17:20:31] ✅ VPN 已连接
[2026-03-05 17:21:31] ✅ VPN 已连接
[2026-03-05 17:22:31] ✅ VPN 已连接
[2026-03-05 17:23:31] ✅ VPN 已连接
[2026-03-05 17:24:31] ✅ VPN 已连接
[2026-03-05 17:25:31] ✅ VPN 已连接
[2026-03-05 17:26:32] ✅ VPN 已连接
[2026-03-05 17:27:32] ✅ VPN 已连接
[2026-03-05 17:28:32] ✅ VPN 已连接
[2026-03-05 17:29:32] ✅ VPN 已连接
[2026-03-05 17:30:32] ✅ VPN 已连接
[2026-03-05 17:31:32] ✅ VPN 已连接
[2026-03-05 17:32:32] ✅ VPN 已连接
[2026-03-05 17:33:32] ✅ VPN 已连接
[2026-03-05 17:34:32] ✅ VPN 已连接
[2026-03-05 17:35:32] ✅ VPN 已连接
[2026-03-05 17:36:32] ✅ VPN 已连接
[2026-03-05 17:37:32] ✅ VPN 已连接
[2026-03-05 17:38:32] ✅ VPN 已连接
[2026-03-05 17:39:32] ✅ VPN 已连接
[2026-03-05 17:40:32] ✅ VPN 已连接
[2026-03-05 17:41:32] ✅ VPN 已连接
[2026-03-05 17:42:32] ✅ VPN 已连接
[2026-03-05 17:43:32] ✅ VPN 已连接
[2026-03-05 17:44:32] ✅ VPN 已连接
[2026-03-05 17:45:32] ✅ VPN 已连接
[2026-03-05 17:46:32] ✅ VPN 已连接
[2026-03-05 17:47:33] ✅ VPN 已连接
[2026-03-05 17:48:33] ✅ VPN 已连接
[2026-03-05 17:49:33] ✅ VPN 已连接
[2026-03-05 17:50:33] ✅ VPN 已连接
[2026-03-05 17:51:33] ✅ VPN 已连接
[2026-03-05 17:52:33] ✅ VPN 已连接
[2026-03-05 17:53:33] ✅ VPN 已连接
[2026-03-05 17:54:33] ✅ VPN 已连接
[2026-03-05 17:55:33] ✅ VPN 已连接
[2026-03-05 17:56:33] ✅ VPN 已连接
[2026-03-05 17:57:33] ✅ VPN 已连接
[2026-03-05 17:58:33] ✅ VPN 已连接
[2026-03-05 17:59:33] ✅ VPN 已连接
[2026-03-05 18:00:33] ✅ VPN 已连接
[2026-03-05 18:01:33] ✅ VPN 已连接
[2026-03-05 18:02:33] ✅ VPN 已连接
[2026-03-05 18:03:33] ✅ VPN 已连接
[2026-03-05 18:04:33] ✅ VPN 已连接
[2026-03-05 18:05:33] ✅ VPN 已连接
[2026-03-05 18:06:34] ✅ VPN 已连接
[2026-03-05 18:07:34] ✅ VPN 已连接
[2026-03-05 18:08:34] ✅ VPN 已连接
[2026-03-05 18:09:34] ✅ VPN 已连接
[2026-03-05 18:10:34] ✅ VPN 已连接
[2026-03-05 18:11:34] ✅ VPN 已连接
[2026-03-05 18:12:34] ✅ VPN 已连接
[2026-03-05 18:13:34] ✅ VPN 已连接
[2026-03-05 18:14:34] ✅ VPN 已连接
[2026-03-05 18:15:34] ✅ VPN 已连接
[2026-03-05 18:16:34] ✅ VPN 已连接
[2026-03-05 18:17:34] ✅ VPN 已连接
[2026-03-05 18:18:34] ✅ VPN 已连接
[2026-03-05 18:19:34] ✅ VPN 已连接
[2026-03-05 18:20:34] ✅ VPN 已连接
[2026-03-05 18:21:34] ✅ VPN 已连接
[2026-03-05 18:22:34] ✅ VPN 已连接
[2026-03-05 18:23:34] ✅ VPN 已连接
[2026-03-05 18:24:34] ✅ VPN 已连接
[2026-03-05 18:25:34] ✅ VPN 已连接
[2026-03-05 18:26:34] ✅ VPN 已连接
[2026-03-05 18:27:35] ✅ VPN 已连接
[2026-03-05 18:28:35] ✅ VPN 已连接
[2026-03-05 18:29:35] ✅ VPN 已连接
[2026-03-05 18:30:35] ✅ VPN 已连接
[2026-03-05 18:31:35] ✅ VPN 已连接
[2026-03-05 18:32:35] ✅ VPN 已连接
[2026-03-05 18:33:35] ✅ VPN 已连接
[2026-03-05 18:34:35] ✅ VPN 已连接
[2026-03-05 18:35:35] ✅ VPN 已连接
[2026-03-05 18:36:35] ✅ VPN 已连接
[2026-03-05 18:37:35] ✅ VPN 已连接
[2026-03-05 18:38:35] ✅ VPN 已连接
[2026-03-05 18:39:35] ✅ VPN 已连接
[2026-03-05 18:40:35] ✅ VPN 已连接
[2026-03-05 18:41:35] ✅ VPN 已连接
[2026-03-05 18:42:35] ✅ VPN 已连接
[2026-03-05 18:43:35] ✅ VPN 已连接
[2026-03-05 18:44:35] ✅ VPN 已连接
[2026-03-05 18:45:35] ✅ VPN 已连接
[2026-03-05 18:46:35] ✅ VPN 已连接
[2026-03-05 18:47:35] ✅ VPN 已连接
[2026-03-05 18:48:36] ✅ VPN 已连接
[2026-03-05 18:49:36] ✅ VPN 已连接
[2026-03-05 18:50:36] ✅ VPN 已连接
[2026-03-05 18:51:36] ✅ VPN 已连接
[2026-03-05 18:52:36] ✅ VPN 已连接
[2026-03-05 18:53:36] ✅ VPN 已连接
[2026-03-05 18:54:36] ✅ VPN 已连接
[2026-03-05 18:55:36] ✅ VPN 已连接
[2026-03-05 18:56:36] ✅ VPN 已连接
[2026-03-05 18:57:36] ✅ VPN 已连接
[2026-03-05 18:58:36] ✅ VPN 已连接
[2026-03-05 18:59:36] ✅ VPN 已连接
[2026-03-05 19:00:36] ✅ VPN 已连接
[2026-03-05 19:01:36] ✅ VPN 已连接
[2026-03-05 19:02:36] ✅ VPN 已连接
[2026-03-05 19:03:36] ✅ VPN 已连接
[2026-03-05 19:04:36] ✅ VPN 已连接
[2026-03-05 19:05:36] ✅ VPN 已连接
[2026-03-05 19:06:36] ✅ VPN 已连接
[2026-03-05 19:07:36] ✅ VPN 已连接
[2026-03-05 19:08:37] ✅ VPN 已连接
[2026-03-05 19:09:37] ✅ VPN 已连接
[2026-03-05 19:10:37] ✅ VPN 已连接
[2026-03-05 19:11:37] ✅ VPN 已连接
[2026-03-05 19:12:37] ✅ VPN 已连接
[2026-03-05 19:13:37] ✅ VPN 已连接
[2026-03-05 19:14:37] ✅ VPN 已连接
[2026-03-05 19:15:37] ✅ VPN 已连接
[2026-03-05 19:16:37] ✅ VPN 已连接
[2026-03-05 19:17:37] ✅ VPN 已连接
[2026-03-05 19:18:37] ✅ VPN 已连接
[2026-03-05 19:19:37] ✅ VPN 已连接
[2026-03-05 19:20:37] ✅ VPN 已连接
[2026-03-05 19:21:37] ✅ VPN 已连接
[2026-03-05 19:22:37] ✅ VPN 已连接
[2026-03-05 19:23:37] ✅ VPN 已连接
[2026-03-05 19:24:37] ✅ VPN 已连接
[2026-03-05 19:25:37] ✅ VPN 已连接
[2026-03-05 19:26:37] ✅ VPN 已连接
[2026-03-05 19:27:37] ✅ VPN 已连接
[2026-03-05 19:28:38] ✅ VPN 已连接
[2026-03-05 19:29:38] ✅ VPN 已连接
[2026-03-05 19:30:38] ✅ VPN 已连接
[2026-03-05 19:31:38] ✅ VPN 已连接
[2026-03-05 19:32:38] ✅ VPN 已连接
[2026-03-05 19:33:38] ✅ VPN 已连接
[2026-03-05 19:34:38] ✅ VPN 已连接
[2026-03-05 19:35:38] ✅ VPN 已连接
[2026-03-05 19:36:38] ✅ VPN 已连接
[2026-03-05 19:37:38] ✅ VPN 已连接
[2026-03-05 19:38:38] ✅ VPN 已连接
[2026-03-05 19:39:38] ✅ VPN 已连接
[2026-03-05 19:40:38] ❌ VPN 未连接，触发重连...
[2026-03-05 19:40:38] ========== VPN 重连开始 ==========
[2026-03-05 19:40:38] 尝试 1/3...
[2026-03-05 19:40:38] 启动 FortiClient GUI...
[2026-03-05 19:40:41] ❌ FortiClient GUI 启动失败
[2026-03-05 19:40:41] 重试 1 失败：无法启动 FortiClient
[2026-03-05 19:40:51] 尝试 2/3...
[2026-03-05 19:40:51] 启动 FortiClient GUI...
[2026-03-05 19:40:54] ❌ FortiClient GUI 启动失败
[2026-03-05 19:40:54] 重试 2 失败：无法启动 FortiClient
[2026-03-05 19:41:04] 尝试 3/3...
[2026-03-05 19:41:04] 启动 FortiClient GUI...
[2026-03-05 19:41:07] ❌ FortiClient GUI 启动失败
[2026-03-05 19:41:07] 重试 3 失败：无法启动 FortiClient
[2026-03-05 19:41:17] ❌ VPN 重连失败（已尝试 3 次）
[2026-03-05 19:41:17] ========== VPN 重连失败 ==========
[2026-03-05 19:42:17] ❌ VPN 未连接，触发重连...
[2026-03-05 19:42:17] ========== VPN 重连开始 ==========
[2026-03-05 19:42:17] 尝试 1/3...
[2026-03-05 19:42:17] 启动 FortiClient GUI...
[2026-03-05 19:42:20] ❌ FortiClient GUI 启动失败
[2026-03-05 19:42:20] 重试 1 失败：无法启动 FortiClient
[2026-03-05 19:42:30] 尝试 2/3...
[2026-03-05 19:42:30] 启动 FortiClient GUI...
[2026-03-05 19:42:30] FortiClient 已在运行，先关闭...
[2026-03-05 19:42:35] ❌ FortiClient GUI 启动失败
[2026-03-05 19:42:35] 重试 2 失败：无法启动 FortiClient
[2026-03-05 19:42:45] 尝试 3/3...
[2026-03-05 19:42:45] 启动 FortiClient GUI...
[2026-03-05 19:42:48] ❌ FortiClient GUI 启动失败
[2026-03-05 19:42:48] 重试 3 失败：无法启动 FortiClient
[2026-03-05 19:42:58] ❌ VPN 重连失败（已尝试 3 次）
[2026-03-05 19:42:58] ========== VPN 重连失败 ==========
[2026-03-05 19:43:58] ✅ VPN 已连接
[2026-03-05 19:44:59] ✅ VPN 已连接
[2026-03-05 19:45:59] ✅ VPN 已连接
[2026-03-05 19:46:59] ✅ VPN 已连接
[2026-03-05 19:47:59] ✅ VPN 已连接
[2026-03-05 19:48:59] ✅ VPN 已连接
[2026-03-05 19:49:59] ✅ VPN 已连接
[2026-03-05 19:50:59] ✅ VPN 已连接
[2026-03-05 19:51:59] ✅ VPN 已连接
[2026-03-05 19:52:59] ✅ VPN 已连接
[2026-03-05 19:53:59] ✅ VPN 已连接
[2026-03-05 19:54:59] ✅ VPN 已连接
[2026-03-05 19:55:59] ✅ VPN 已连接
[2026-03-05 19:56:59] ✅ VPN 已连接
[2026-03-05 19:57:59] ✅ VPN 已连接
[2026-03-05 19:58:59] ✅ VPN 已连接
[2026-03-05 19:59:59] ✅ VPN 已连接
[2026-03-05 20:00:59] ✅ VPN 已连接
[2026-03-05 20:01:59] ✅ VPN 已连接
[2026-03-05 20:02:59] ✅ VPN 已连接
[2026-03-05 20:03:59] ✅ VPN 已连接
[2026-03-05 20:04:59] ✅ VPN 已连接
[2026-03-05 20:06:00] ✅ VPN 已连接
[2026-03-05 20:07:00] ✅ VPN 已连接
[2026-03-05 20:08:00] ✅ VPN 已连接
[2026-03-05 20:09:00] ✅ VPN 已连接
[2026-03-05 20:10:00] ✅ VPN 已连接
[2026-03-05 20:11:00] ✅ VPN 已连接
[2026-03-05 20:12:00] ✅ VPN 已连接
[2026-03-05 20:13:00] ✅ VPN 已连接
[2026-03-05 20:14:00] ✅ VPN 已连接
[2026-03-05 20:15:00] ✅ VPN 已连接
[2026-03-05 20:16:00] ✅ VPN 已连接
[2026-03-05 20:17:00] ✅ VPN 已连接
[2026-03-05 20:18:00] ✅ VPN 已连接
[2026-03-05 20:19:00] ✅ VPN 已连接
[2026-03-05 20:20:00] ✅ VPN 已连接
[2026-03-05 20:21:00] ✅ VPN 已连接
[2026-03-05 20:22:00] ✅ VPN 已连接
[2026-03-05 20:23:00] ✅ VPN 已连接
[2026-03-05 20:24:00] ✅ VPN 已连接
[2026-03-05 20:25:00] ✅ VPN 已连接
[2026-03-05 20:26:01] ✅ VPN 已连接
[2026-03-05 20:27:01] ✅ VPN 已连接
[2026-03-05 20:28:01] ✅ VPN 已连接
[2026-03-05 20:29:01] ✅ VPN 已连接
[2026-03-05 20:30:01] ✅ VPN 已连接
[2026-03-05 20:31:01] ✅ VPN 已连接
[2026-03-05 20:32:01] ✅ VPN 已连接
[2026-03-05 20:33:01] ✅ VPN 已连接
[2026-03-05 20:34:01] ✅ VPN 已连接
[2026-03-05 20:35:01] ✅ VPN 已连接
[2026-03-05 20:36:01] ✅ VPN 已连接
[2026-03-05 20:37:01] ✅ VPN 已连接
[2026-03-05 20:38:01] ✅ VPN 已连接
[2026-03-05 20:39:01] ✅ VPN 已连接
[2026-03-05 20:40:01] ✅ VPN 已连接
[2026-03-05 20:41:01] ✅ VPN 已连接
[2026-03-05 20:42:01] ✅ VPN 已连接
[2026-03-05 20:43:01] ✅ VPN 已连接
[2026-03-05 20:44:01] ✅ VPN 已连接
[2026-03-05 20:45:01] ✅ VPN 已连接
[2026-03-05 20:46:01] ✅ VPN 已连接
[2026-03-05 20:47:02] ✅ VPN 已连接
[2026-03-05 20:48:02] ✅ VPN 已连接
[2026-03-05 20:49:02] ✅ VPN 已连接
[2026-03-05 20:50:02] ✅ VPN 已连接
[2026-03-05 20:51:02] ✅ VPN 已连接
[2026-03-05 20:52:02] ✅ VPN 已连接
[2026-03-05 20:53:02] ✅ VPN 已连接
[2026-03-05 20:54:02] ✅ VPN 已连接
[2026-03-05 20:55:02] ✅ VPN 已连接
[2026-03-05 20:56:02] ✅ VPN 已连接
[2026-03-05 20:57:02] ✅ VPN 已连接
[2026-03-05 20:58:02] ✅ VPN 已连接
[2026-03-05 20:59:02] ✅ VPN 已连接
[2026-03-05 21:00:02] ✅ VPN 已连接
[2026-03-05 21:01:02] ✅ VPN 已连接
[2026-03-05 21:02:02] ✅ VPN 已连接
[2026-03-05 21:03:02] ✅ VPN 已连接
[2026-03-05 21:04:02] ✅ VPN 已连接
[2026-03-05 21:05:02] ✅ VPN 已连接
[2026-03-05 21:06:02] ✅ VPN 已连接
[2026-03-05 21:07:03] ✅ VPN 已连接
[2026-03-05 21:08:03] ✅ VPN 已连接
[2026-03-05 21:09:03] ✅ VPN 已连接
[2026-03-05 21:10:03] ✅ VPN 已连接
[2026-03-05 21:11:03] ✅ VPN 已连接
[2026-03-05 21:12:03] ✅ VPN 已连接
[2026-03-05 21:13:03] ✅ VPN 已连接
[2026-03-05 21:14:03] ✅ VPN 已连接
[2026-03-05 21:15:03] ✅ VPN 已连接
[2026-03-05 21:16:03] ✅ VPN 已连接
[2026-03-05 21:17:03] ✅ VPN 已连接
[2026-03-05 21:18:03] ✅ VPN 已连接
[2026-03-05 21:19:03] ✅ VPN 已连接
[2026-03-05 21:20:03] ✅ VPN 已连接
[2026-03-05 21:21:03] ✅ VPN 已连接
[2026-03-05 21:22:03] ✅ VPN 已连接
[2026-03-05 21:23:03] ✅ VPN 已连接
[2026-03-05 21:24:03] ✅ VPN 已连接
[2026-03-05 21:25:03] ✅ VPN 已连接
[2026-03-05 21:26:03] ✅ VPN 已连接
[2026-03-05 21:27:03] ✅ VPN 已连接
[2026-03-05 21:28:04] ✅ VPN 已连接
[2026-03-05 21:29:04] ✅ VPN 已连接
[2026-03-05 21:30:04] ✅ VPN 已连接
[2026-03-05 21:31:04] ✅ VPN 已连接
[2026-03-05 21:32:04] ✅ VPN 已连接
[2026-03-05 21:33:04] ✅ VPN 已连接
[2026-03-05 21:34:04] ✅ VPN 已连接
[2026-03-05 21:35:04] ✅ VPN 已连接
[2026-03-05 21:36:04] ✅ VPN 已连接
[2026-03-05 21:37:04] ✅ VPN 已连接
[2026-03-05 21:38:04] ✅ VPN 已连接
[2026-03-05 21:39:04] ✅ VPN 已连接
[2026-03-05 21:40:04] ✅ VPN 已连接
[2026-03-05 21:41:04] ✅ VPN 已连接
[2026-03-05 21:42:04] ✅ VPN 已连接
[2026-03-05 21:43:04] ✅ VPN 已连接
[2026-03-05 21:44:04] ✅ VPN 已连接
[2026-03-05 21:45:04] ✅ VPN 已连接
[2026-03-05 21:46:04] ✅ VPN 已连接
[2026-03-05 21:47:04] ✅ VPN 已连接
[2026-03-05 21:48:04] ✅ VPN 已连接
[2026-03-05 21:49:05] ✅ VPN 已连接
[2026-03-05 21:50:05] ✅ VPN 已连接
[2026-03-05 21:51:05] ✅ VPN 已连接
[2026-03-05 21:52:05] ✅ VPN 已连接
[2026-03-05 21:53:05] ✅ VPN 已连接
[2026-03-05 21:54:05] ✅ VPN 已连接
[2026-03-05 21:55:05] ✅ VPN 已连接
[2026-03-05 21:56:05] ✅ VPN 已连接
[2026-03-05 21:57:05] ✅ VPN 已连接
[2026-03-05 21:58:05] ✅ VPN 已连接
[2026-03-05 21:59:05] ✅ VPN 已连接
[2026-03-05 22:00:05] ✅ VPN 已连接
[2026-03-05 22:01:05] ✅ VPN 已连接
[2026-03-05 22:02:05] ✅ VPN 已连接
[2026-03-05 22:03:05] ✅ VPN 已连接
[2026-03-05 22:04:05] ✅ VPN 已连接
[2026-03-05 22:05:05] ✅ VPN 已连接
[2026-03-05 22:06:05] ✅ VPN 已连接
[2026-03-05 22:07:05] ✅ VPN 已连接
[2026-03-05 22:08:05] ✅ VPN 已连接
[2026-03-05 22:09:05] ✅ VPN 已连接
[2026-03-05 22:10:06] ✅ VPN 已连接
[2026-03-05 22:11:06] ✅ VPN 已连接
[2026-03-05 22:12:06] ✅ VPN 已连接
[2026-03-05 22:13:06] ✅ VPN 已连接
[2026-03-05 22:14:06] ✅ VPN 已连接
[2026-03-05 22:15:06] ✅ VPN 已连接
[2026-03-05 22:16:06] ✅ VPN 已连接
[2026-03-05 22:17:06] ✅ VPN 已连接
[2026-03-05 22:18:06] ✅ VPN 已连接
[2026-03-05 22:19:06] ✅ VPN 已连接
[2026-03-05 22:20:06] ✅ VPN 已连接
[2026-03-05 22:21:06] ✅ VPN 已连接
[2026-03-05 22:22:06] ✅ VPN 已连接
[2026-03-05 22:23:06] ✅ VPN 已连接
[2026-03-05 22:24:06] ✅ VPN 已连接
[2026-03-05 22:25:06] ✅ VPN 已连接
[2026-03-05 22:26:06] ✅ VPN 已连接
[2026-03-05 22:27:06] ✅ VPN 已连接
[2026-03-05 22:28:06] ✅ VPN 已连接
[2026-03-05 22:29:06] ✅ VPN 已连接
[2026-03-05 22:30:06] ✅ VPN 已连接
[2026-03-05 22:31:06] ✅ VPN 已连接
[2026-03-05 22:32:07] ✅ VPN 已连接
[2026-03-05 22:33:07] ✅ VPN 已连接
[2026-03-05 22:34:07] ✅ VPN 已连接
[2026-03-05 22:35:07] ✅ VPN 已连接
[2026-03-05 22:36:07] ✅ VPN 已连接
[2026-03-05 22:37:07] ✅ VPN 已连接
[2026-03-05 22:38:07] ✅ VPN 已连接
[2026-03-05 22:39:07] ✅ VPN 已连接
[2026-03-05 22:40:07] ✅ VPN 已连接
[2026-03-05 22:41:07] ✅ VPN 已连接
[2026-03-05 22:42:07] ✅ VPN 已连接
[2026-03-05 22:43:07] ✅ VPN 已连接
[2026-03-05 22:44:07] ✅ VPN 已连接
[2026-03-05 22:45:07] ✅ VPN 已连接
[2026-03-05 22:46:07] ✅ VPN 已连接
[2026-03-05 22:47:07] ✅ VPN 已连接
[2026-03-05 22:48:07] ✅ VPN 已连接
[2026-03-05 22:49:07] ✅ VPN 已连接
[2026-03-05 22:50:07] ✅ VPN 已连接
[2026-03-05 22:51:07] ✅ VPN 已连接
[2026-03-05 22:52:07] ✅ VPN 已连接
[2026-03-05 22:53:08] ✅ VPN 已连接
[2026-03-05 22:54:08] ✅ VPN 已连接
[2026-03-05 22:55:08] ✅ VPN 已连接
[2026-03-05 22:56:08] ✅ VPN 已连接
[2026-03-05 22:57:08] ✅ VPN 已连接
[2026-03-05 22:58:08] ✅ VPN 已连接
[2026-03-05 22:59:08] ✅ VPN 已连接
[2026-03-05 23:00:08] ✅ VPN 已连接
[2026-03-05 23:01:08] ✅ VPN 已连接
[2026-03-05 23:02:08] ✅ VPN 已连接
[2026-03-05 23:03:08] ✅ VPN 已连接
[2026-03-05 23:04:08] ✅ VPN 已连接
[2026-03-05 23:05:08] ✅ VPN 已连接
[2026-03-05 23:06:08] ✅ VPN 已连接
[2026-03-05 23:07:08] ✅ VPN 已连接
[2026-03-05 23:08:08] ✅ VPN 已连接
[2026-03-05 23:09:08] ✅ VPN 已连接
[2026-03-05 23:10:08] ✅ VPN 已连接
[2026-03-05 23:11:08] ✅ VPN 已连接
[2026-03-05 23:12:08] ✅ VPN 已连接
[2026-03-05 23:13:08] ✅ VPN 已连接
[2026-03-05 23:14:09] ✅ VPN 已连接
[2026-03-05 23:15:09] ✅ VPN 已连接
[2026-03-05 23:16:09] ✅ VPN 已连接
[2026-03-05 23:17:09] ✅ VPN 已连接
[2026-03-05 23:18:09] ✅ VPN 已连接
[2026-03-05 23:19:09] ✅ VPN 已连接
[2026-03-05 23:20:09] ✅ VPN 已连接
[2026-03-05 23:21:09] ✅ VPN 已连接
[2026-03-05 23:22:09] ✅ VPN 已连接
[2026-03-05 23:23:09] ✅ VPN 已连接
[2026-03-05 23:24:09] ✅ VPN 已连接
[2026-03-05 23:25:09] ✅ VPN 已连接
[2026-03-05 23:26:09] ✅ VPN 已连接
[2026-03-05 23:27:09] ✅ VPN 已连接
[2026-03-05 23:28:09] ✅ VPN 已连接
[2026-03-05 23:29:09] ✅ VPN 已连接
[2026-03-05 23:30:09] ✅ VPN 已连接
[2026-03-05 23:31:09] ✅ VPN 已连接
[2026-03-05 23:32:09] ✅ VPN 已连接
[2026-03-05 23:33:09] ✅ VPN 已连接
[2026-03-05 23:34:09] ✅ VPN 已连接
[2026-03-05 23:35:10] ✅ VPN 已连接
[2026-03-05 23:36:10] ✅ VPN 已连接
[2026-03-05 23:37:10] ✅ VPN 已连接
[2026-03-05 23:38:10] ✅ VPN 已连接
[2026-03-05 23:39:10] ✅ VPN 已连接
[2026-03-05 23:40:10] ✅ VPN 已连接
[2026-03-05 23:41:10] ✅ VPN 已连接
[2026-03-05 23:42:10] ✅ VPN 已连接
[2026-03-05 23:43:10] ✅ VPN 已连接
[2026-03-05 23:44:10] ✅ VPN 已连接
[2026-03-05 23:45:10] ✅ VPN 已连接
[2026-03-05 23:46:10] ✅ VPN 已连接
[2026-03-05 23:47:10] ✅ VPN 已连接
[2026-03-05 23:48:10] ✅ VPN 已连接
[2026-03-05 23:49:10] ✅ VPN 已连接
[2026-03-05 23:50:10] ✅ VPN 已连接
[2026-03-05 23:51:10] ✅ VPN 已连接
[2026-03-05 23:52:10] ✅ VPN 已连接
[2026-03-05 23:53:10] ✅ VPN 已连接
[2026-03-05 23:54:10] ✅ VPN 已连接
[2026-03-05 23:55:10] ✅ VPN 已连接
[2026-03-05 23:56:11] ✅ VPN 已连接
[2026-03-05 23:57:11] ✅ VPN 已连接
[2026-03-05 23:58:11] ✅ VPN 已连接
[2026-03-05 23:59:11] ✅ VPN 已连接
[2026-03-06 00:00:11] ✅ VPN 已连接
[2026-03-06 00:01:11] ✅ VPN 已连接
[2026-03-06 00:02:11] ✅ VPN 已连接
[2026-03-06 00:03:11] ✅ VPN 已连接
[2026-03-06 00:04:11] ✅ VPN 已连接
[2026-03-06 00:05:11] ✅ VPN 已连接
[2026-03-06 00:06:11] ✅ VPN 已连接
[2026-03-06 00:07:11] ✅ VPN 已连接
[2026-03-06 00:08:11] ✅ VPN 已连接
[2026-03-06 00:09:11] ✅ VPN 已连接
[2026-03-06 00:10:11] ✅ VPN 已连接
[2026-03-06 00:11:11] ✅ VPN 已连接
[2026-03-06 00:12:11] ✅ VPN 已连接
[2026-03-06 00:13:11] ✅ VPN 已连接
[2026-03-06 00:14:11] ✅ VPN 已连接
[2026-03-06 00:15:11] ✅ VPN 已连接
[2026-03-06 00:16:11] ✅ VPN 已连接
[2026-03-06 00:17:12] ✅ VPN 已连接
[2026-03-06 00:18:12] ✅ VPN 已连接
[2026-03-06 00:19:12] ✅ VPN 已连接
[2026-03-06 00:20:12] ✅ VPN 已连接
[2026-03-06 00:21:12] ✅ VPN 已连接
[2026-03-06 00:22:12] ✅ VPN 已连接
[2026-03-06 00:23:12] ✅ VPN 已连接
[2026-03-06 00:24:12] ✅ VPN 已连接
[2026-03-06 00:25:12] ✅ VPN 已连接
[2026-03-06 00:26:12] ✅ VPN 已连接
[2026-03-06 00:27:12] ✅ VPN 已连接
[2026-03-06 00:28:12] ✅ VPN 已连接
[2026-03-06 00:29:12] ✅ VPN 已连接
[2026-03-06 00:30:12] ✅ VPN 已连接
[2026-03-06 00:31:12] ✅ VPN 已连接
[2026-03-06 00:32:12] ✅ VPN 已连接
[2026-03-06 00:33:12] ✅ VPN 已连接
[2026-03-06 00:34:12] ✅ VPN 已连接
[2026-03-06 00:35:12] ✅ VPN 已连接
[2026-03-06 00:36:12] ✅ VPN 已连接
[2026-03-06 00:37:12] ✅ VPN 已连接
[2026-03-06 00:38:12] ✅ VPN 已连接
[2026-03-06 00:39:13] ✅ VPN 已连接
[2026-03-06 00:40:13] ✅ VPN 已连接
[2026-03-06 00:41:13] ✅ VPN 已连接
[2026-03-06 00:42:13] ✅ VPN 已连接
[2026-03-06 00:43:13] ✅ VPN 已连接
[2026-03-06 00:44:13] ✅ VPN 已连接
[2026-03-06 00:45:13] ✅ VPN 已连接
[2026-03-06 00:46:13] ✅ VPN 已连接
[2026-03-06 00:47:13] ✅ VPN 已连接
[2026-03-06 00:48:13] ✅ VPN 已连接
[2026-03-06 00:49:13] ✅ VPN 已连接
[2026-03-06 00:50:13] ✅ VPN 已连接
[2026-03-06 00:51:13] ✅ VPN 已连接
[2026-03-06 00:52:13] ✅ VPN 已连接
[2026-03-06 00:53:13] ✅ VPN 已连接
[2026-03-06 00:54:13] ✅ VPN 已连接
[2026-03-06 00:55:13] ✅ VPN 已连接
[2026-03-06 00:56:13] ✅ VPN 已连接
[2026-03-06 00:57:13] ✅ VPN 已连接
[2026-03-06 00:58:13] ✅ VPN 已连接
[2026-03-06 00:59:13] ✅ VPN 已连接
[2026-03-06 01:00:14] ✅ VPN 已连接
[2026-03-06 01:01:14] ✅ VPN 已连接
[2026-03-06 01:02:14] ✅ VPN 已连接
[2026-03-06 01:03:14] ✅ VPN 已连接
[2026-03-06 01:04:14] ✅ VPN 已连接
[2026-03-06 01:05:14] ✅ VPN 已连接
[2026-03-06 01:06:14] ✅ VPN 已连接
[2026-03-06 01:07:14] ✅ VPN 已连接
[2026-03-06 01:08:14] ✅ VPN 已连接
[2026-03-06 01:09:14] ✅ VPN 已连接
[2026-03-06 01:10:14] ✅ VPN 已连接
[2026-03-06 01:11:14] ✅ VPN 已连接
[2026-03-06 01:12:14] ✅ VPN 已连接
[2026-03-06 01:13:14] ✅ VPN 已连接
[2026-03-06 01:14:14] ✅ VPN 已连接
[2026-03-06 01:15:14] ✅ VPN 已连接
[2026-03-06 01:16:14] ✅ VPN 已连接
[2026-03-06 01:17:14] ✅ VPN 已连接
[2026-03-06 01:18:14] ✅ VPN 已连接
[2026-03-06 01:19:14] ✅ VPN 已连接
[2026-03-06 01:20:14] ✅ VPN 已连接
[2026-03-06 01:21:15] ✅ VPN 已连接
[2026-03-06 01:22:15] ✅ VPN 已连接
[2026-03-06 01:23:15] ✅ VPN 已连接
[2026-03-06 01:24:15] ✅ VPN 已连接
[2026-03-06 01:25:15] ✅ VPN 已连接
[2026-03-06 01:26:15] ✅ VPN 已连接
[2026-03-06 01:27:15] ✅ VPN 已连接
[2026-03-06 01:28:15] ✅ VPN 已连接
[2026-03-06 01:29:15] ✅ VPN 已连接
[2026-03-06 01:30:15] ✅ VPN 已连接
[2026-03-06 01:31:15] ✅ VPN 已连接
[2026-03-06 01:32:15] ✅ VPN 已连接
[2026-03-06 01:33:15] ✅ VPN 已连接
[2026-03-06 01:34:15] ✅ VPN 已连接
[2026-03-06 01:35:15] ✅ VPN 已连接
[2026-03-06 01:36:15] ✅ VPN 已连接
[2026-03-06 01:37:15] ✅ VPN 已连接
[2026-03-06 01:38:15] ✅ VPN 已连接
[2026-03-06 01:39:15] ✅ VPN 已连接
[2026-03-06 01:40:15] ✅ VPN 已连接
[2026-03-06 01:41:15] ✅ VPN 已连接
[2026-03-06 01:42:16] ✅ VPN 已连接
[2026-03-06 01:43:16] ✅ VPN 已连接
[2026-03-06 01:44:16] ✅ VPN 已连接
[2026-03-06 01:45:16] ✅ VPN 已连接
[2026-03-06 01:46:16] ✅ VPN 已连接
[2026-03-06 01:47:16] ✅ VPN 已连接
[2026-03-06 01:48:16] ✅ VPN 已连接
[2026-03-06 01:49:16] ✅ VPN 已连接
[2026-03-06 01:50:16] ✅ VPN 已连接
[2026-03-06 01:51:16] ✅ VPN 已连接
[2026-03-06 01:52:16] ✅ VPN 已连接
[2026-03-06 01:53:16] ✅ VPN 已连接
[2026-03-06 01:54:16] ✅ VPN 已连接
[2026-03-06 01:55:16] ✅ VPN 已连接
[2026-03-06 01:56:16] ✅ VPN 已连接
[2026-03-06 01:57:16] ✅ VPN 已连接
[2026-03-06 01:58:16] ✅ VPN 已连接
[2026-03-06 01:59:16] ✅ VPN 已连接
[2026-03-06 02:00:16] ✅ VPN 已连接
[2026-03-06 02:01:16] ✅ VPN 已连接
[2026-03-06 02:02:16] ✅ VPN 已连接
[2026-03-06 02:03:16] ✅ VPN 已连接
[2026-03-06 02:04:17] ✅ VPN 已连接
[2026-03-06 02:05:17] ✅ VPN 已连接
[2026-03-06 02:06:17] ✅ VPN 已连接
[2026-03-06 02:07:17] ✅ VPN 已连接
[2026-03-06 02:08:17] ✅ VPN 已连接
[2026-03-06 02:09:17] ✅ VPN 已连接
[2026-03-06 02:10:17] ✅ VPN 已连接
[2026-03-06 02:11:17] ✅ VPN 已连接
[2026-03-06 02:12:17] ✅ VPN 已连接
[2026-03-06 02:13:17] ✅ VPN 已连接
[2026-03-06 02:14:17] ✅ VPN 已连接
[2026-03-06 02:15:17] ✅ VPN 已连接
[2026-03-06 02:16:17] ✅ VPN 已连接
[2026-03-06 02:17:17] ✅ VPN 已连接
[2026-03-06 02:18:17] ✅ VPN 已连接
[2026-03-06 02:19:17] ✅ VPN 已连接
[2026-03-06 02:20:17] ✅ VPN 已连接
[2026-03-06 02:21:17] ✅ VPN 已连接
[2026-03-06 02:22:17] ✅ VPN 已连接
[2026-03-06 02:23:17] ✅ VPN 已连接
[2026-03-06 02:24:17] ✅ VPN 已连接
[2026-03-06 02:25:18] ✅ VPN 已连接
[2026-03-06 02:26:18] ✅ VPN 已连接
[2026-03-06 02:27:18] ✅ VPN 已连接
[2026-03-06 02:28:18] ✅ VPN 已连接
[2026-03-06 02:29:18] ✅ VPN 已连接
[2026-03-06 02:30:18] ✅ VPN 已连接
[2026-03-06 02:31:18] ✅ VPN 已连接
[2026-03-06 02:32:18] ✅ VPN 已连接
[2026-03-06 02:33:18] ✅ VPN 已连接
[2026-03-06 02:34:18] ✅ VPN 已连接
[2026-03-06 02:35:18] ✅ VPN 已连接
[2026-03-06 02:36:18] ✅ VPN 已连接
[2026-03-06 02:37:18] ✅ VPN 已连接
[2026-03-06 02:38:18] ✅ VPN 已连接
[2026-03-06 02:39:18] ✅ VPN 已连接
[2026-03-06 02:40:18] ✅ VPN 已连接
[2026-03-06 02:41:18] ✅ VPN 已连接
[2026-03-06 02:42:18] ✅ VPN 已连接
[2026-03-06 02:43:18] ✅ VPN 已连接
[2026-03-06 02:44:18] ✅ VPN 已连接
[2026-03-06 02:45:18] ✅ VPN 已连接
[2026-03-06 02:46:19] ✅ VPN 已连接
[2026-03-06 02:47:19] ✅ VPN 已连接
[2026-03-06 02:48:19] ✅ VPN 已连接
[2026-03-06 02:49:19] ✅ VPN 已连接
[2026-03-06 02:50:19] ✅ VPN 已连接
[2026-03-06 02:51:19] ✅ VPN 已连接
[2026-03-06 02:52:19] ✅ VPN 已连接
[2026-03-06 02:53:19] ✅ VPN 已连接
[2026-03-06 02:54:19] ✅ VPN 已连接
[2026-03-06 02:55:19] ✅ VPN 已连接
[2026-03-06 02:56:19] ✅ VPN 已连接
[2026-03-06 02:57:19] ✅ VPN 已连接
[2026-03-06 02:58:19] ✅ VPN 已连接
[2026-03-06 02:59:19] ✅ VPN 已连接
[2026-03-06 03:00:19] ✅ VPN 已连接
[2026-03-06 03:01:19] ✅ VPN 已连接
[2026-03-06 03:02:19] ✅ VPN 已连接
[2026-03-06 03:03:19] ✅ VPN 已连接
[2026-03-06 03:04:19] ✅ VPN 已连接
[2026-03-06 03:05:19] ✅ VPN 已连接
[2026-03-06 03:06:19] ✅ VPN 已连接
[2026-03-06 03:07:20] ✅ VPN 已连接
[2026-03-06 03:08:20] ✅ VPN 已连接
[2026-03-06 03:09:20] ✅ VPN 已连接
[2026-03-06 03:10:20] ✅ VPN 已连接
[2026-03-06 03:11:20] ✅ VPN 已连接
[2026-03-06 03:12:20] ✅ VPN 已连接
[2026-03-06 03:13:20] ✅ VPN 已连接
[2026-03-06 03:14:20] ✅ VPN 已连接
[2026-03-06 03:15:20] ✅ VPN 已连接
[2026-03-06 03:16:20] ✅ VPN 已连接
[2026-03-06 03:17:20] ✅ VPN 已连接
[2026-03-06 03:18:20] ✅ VPN 已连接
[2026-03-06 03:19:20] ✅ VPN 已连接
[2026-03-06 03:20:20] ✅ VPN 已连接
[2026-03-06 03:21:20] ✅ VPN 已连接
[2026-03-06 03:22:20] ✅ VPN 已连接
[2026-03-06 03:23:20] ✅ VPN 已连接
[2026-03-06 03:24:20] ✅ VPN 已连接
[2026-03-06 03:25:20] ✅ VPN 已连接
[2026-03-06 03:26:20] ✅ VPN 已连接
[2026-03-06 03:27:20] ✅ VPN 已连接
[2026-03-06 03:28:20] ✅ VPN 已连接
[2026-03-06 03:29:21] ✅ VPN 已连接
[2026-03-06 03:30:21] ✅ VPN 已连接
[2026-03-06 03:31:21] ✅ VPN 已连接
[2026-03-06 03:32:21] ✅ VPN 已连接
[2026-03-06 03:33:21] ✅ VPN 已连接
[2026-03-06 03:34:21] ✅ VPN 已连接
[2026-03-06 03:35:21] ✅ VPN 已连接
[2026-03-06 03:36:21] ✅ VPN 已连接
[2026-03-06 03:37:21] ✅ VPN 已连接
[2026-03-06 03:38:21] ✅ VPN 已连接
[2026-03-06 03:39:21] ✅ VPN 已连接
[2026-03-06 03:40:21] ✅ VPN 已连接
[2026-03-06 03:41:21] ✅ VPN 已连接
[2026-03-06 03:42:21] ✅ VPN 已连接
[2026-03-06 03:43:21] ✅ VPN 已连接
[2026-03-06 03:44:21] ❌ VPN 未连接，触发重连...
[2026-03-06 03:44:21] ========== VPN 重连开始 ==========
[2026-03-06 03:44:21] 尝试 1/3...
[2026-03-06 03:44:21] 启动 FortiClient GUI...
[2026-03-06 03:44:24] ❌ FortiClient GUI 启动失败
[2026-03-06 03:44:24] 重试 1 失败：无法启动 FortiClient
[2026-03-06 03:44:34] 尝试 2/3...
[2026-03-06 03:44:34] 启动 FortiClient GUI...
[2026-03-06 03:44:37] ❌ FortiClient GUI 启动失败
[2026-03-06 03:44:37] 重试 2 失败：无法启动 FortiClient
[2026-03-06 03:44:47] 尝试 3/3...
[2026-03-06 03:44:47] 启动 FortiClient GUI...
[2026-03-06 03:44:50] ❌ FortiClient GUI 启动失败
[2026-03-06 03:44:50] 重试 3 失败：无法启动 FortiClient
[2026-03-06 03:45:00] ❌ VPN 重连失败（已尝试 3 次）
[2026-03-06 03:45:00] ========== VPN 重连失败 ==========
[2026-03-06 03:46:00] ❌ VPN 未连接，触发重连...
[2026-03-06 03:46:00] ========== VPN 重连开始 ==========
[2026-03-06 03:46:00] 尝试 1/3...
[2026-03-06 03:46:00] 启动 FortiClient GUI...
[2026-03-06 03:46:00] FortiClient 已在运行，先关闭...
[2026-03-06 03:46:06] ❌ FortiClient GUI 启动失败
[2026-03-06 03:46:06] 重试 1 失败：无法启动 FortiClient
[2026-03-06 03:46:16] 尝试 2/3...
[2026-03-06 03:46:16] 启动 FortiClient GUI...
[2026-03-06 03:46:19] ❌ FortiClient GUI 启动失败
[2026-03-06 03:46:19] 重试 2 失败：无法启动 FortiClient
[2026-03-06 03:46:29] 尝试 3/3...
[2026-03-06 03:46:29] 启动 FortiClient GUI...
[2026-03-06 03:46:32] ❌ FortiClient GUI 启动失败
[2026-03-06 03:46:32] 重试 3 失败：无法启动 FortiClient
[2026-03-06 03:46:42] ❌ VPN 重连失败（已尝试 3 次）
[2026-03-06 03:46:42] ========== VPN 重连失败 ==========
[2026-03-06 03:47:42] ❌ VPN 未连接，触发重连...
[2026-03-06 03:47:42] ========== VPN 重连开始 ==========
[2026-03-06 03:47:42] 尝试 1/3...
[2026-03-06 03:47:42] 启动 FortiClient GUI...
[2026-03-06 03:47:45] ❌ FortiClient GUI 启动失败
[2026-03-06 03:47:45] 重试 1 失败：无法启动 FortiClient
[2026-03-06 03:47:55] 尝试 2/3...
[2026-03-06 03:47:55] 启动 FortiClient GUI...
[2026-03-06 03:47:58] ❌ FortiClient GUI 启动失败
[2026-03-06 03:47:58] 重试 2 失败：无法启动 FortiClient
[2026-03-06 03:48:08] 尝试 3/3...
[2026-03-06 03:48:08] 启动 FortiClient GUI...
[2026-03-06 03:48:11] ❌ FortiClient GUI 启动失败
[2026-03-06 03:48:11] 重试 3 失败：无法启动 FortiClient
[2026-03-06 03:48:21] ❌ VPN 重连失败（已尝试 3 次）
[2026-03-06 03:48:21] ========== VPN 重连失败 ==========
[2026-03-06 03:49:21] ✅ VPN 已连接
[2026-03-06 03:50:21] ✅ VPN 已连接
[2026-03-06 03:51:21] ✅ VPN 已连接
[2026-03-06 03:52:21] ✅ VPN 已连接
[2026-03-06 03:53:21] ✅ VPN 已连接
[2026-03-06 03:54:21] ✅ VPN 已连接
[2026-03-06 03:55:21] ✅ VPN 已连接
[2026-03-06 03:56:21] ✅ VPN 已连接
[2026-03-06 03:57:21] ✅ VPN 已连接
[2026-03-06 03:58:21] ✅ VPN 已连接
[2026-03-06 03:59:21] ✅ VPN 已连接
[2026-03-06 04:00:21] ✅ VPN 已连接
[2026-03-06 04:01:21] ✅ VPN 已连接
[2026-03-06 04:02:21] ✅ VPN 已连接
[2026-03-06 04:03:22] ✅ VPN 已连接
[2026-03-06 04:04:22] ✅ VPN 已连接
[2026-03-06 04:05:22] ✅ VPN 已连接
[2026-03-06 04:06:22] ✅ VPN 已连接
[2026-03-06 04:07:22] ✅ VPN 已连接
[2026-03-06 04:08:22] ✅ VPN 已连接
[2026-03-06 04:09:22] ✅ VPN 已连接
[2026-03-06 04:10:22] ✅ VPN 已连接
[2026-03-06 04:11:22] ✅ VPN 已连接
[2026-03-06 04:12:22] ✅ VPN 已连接
[2026-03-06 04:13:22] ✅ VPN 已连接
[2026-03-06 04:14:22] ✅ VPN 已连接
[2026-03-06 04:15:22] ✅ VPN 已连接
[2026-03-06 04:16:22] ✅ VPN 已连接
[2026-03-06 04:17:22] ✅ VPN 已连接
[2026-03-06 04:18:22] ✅ VPN 已连接
[2026-03-06 04:19:22] ✅ VPN 已连接
[2026-03-06 04:20:22] ✅ VPN 已连接
[2026-03-06 04:21:22] ✅ VPN 已连接
[2026-03-06 04:22:22] ✅ VPN 已连接
[2026-03-06 04:23:22] ✅ VPN 已连接
[2026-03-06 04:24:22] ✅ VPN 已连接
[2026-03-06 04:25:23] ✅ VPN 已连接
[2026-03-06 04:26:23] ✅ VPN 已连接
[2026-03-06 04:27:23] ✅ VPN 已连接
[2026-03-06 04:28:23] ✅ VPN 已连接
[2026-03-06 04:29:23] ✅ VPN 已连接
[2026-03-06 04:30:23] ✅ VPN 已连接
[2026-03-06 04:31:23] ✅ VPN 已连接
[2026-03-06 04:32:23] ✅ VPN 已连接
[2026-03-06 04:33:23] ✅ VPN 已连接
[2026-03-06 04:34:23] ✅ VPN 已连接
[2026-03-06 04:35:23] ✅ VPN 已连接
[2026-03-06 04:36:23] ✅ VPN 已连接
[2026-03-06 04:37:23] ✅ VPN 已连接
[2026-03-06 04:38:23] ✅ VPN 已连接
[2026-03-06 04:39:23] ✅ VPN 已连接
[2026-03-06 04:40:23] ✅ VPN 已连接
[2026-03-06 04:41:23] ✅ VPN 已连接
[2026-03-06 04:42:23] ✅ VPN 已连接
[2026-03-06 04:43:23] ✅ VPN 已连接
[2026-03-06 04:44:23] ✅ VPN 已连接
[2026-03-06 04:45:23] ✅ VPN 已连接
[2026-03-06 04:46:24] ✅ VPN 已连接
[2026-03-06 04:47:24] ✅ VPN 已连接
[2026-03-06 04:48:24] ✅ VPN 已连接
[2026-03-06 04:49:24] ✅ VPN 已连接
[2026-03-06 04:50:24] ✅ VPN 已连接
[2026-03-06 04:51:24] ✅ VPN 已连接
[2026-03-06 04:52:24] ✅ VPN 已连接
[2026-03-06 04:53:24] ✅ VPN 已连接
[2026-03-06 04:54:24] ✅ VPN 已连接
[2026-03-06 04:55:24] ✅ VPN 已连接
[2026-03-06 04:56:24] ✅ VPN 已连接
[2026-03-06 04:57:24] ✅ VPN 已连接
[2026-03-06 04:58:24] ✅ VPN 已连接
[2026-03-06 04:59:24] ✅ VPN 已连接
[2026-03-06 05:00:24] ✅ VPN 已连接
[2026-03-06 05:01:24] ✅ VPN 已连接
[2026-03-06 05:02:24] ✅ VPN 已连接
[2026-03-06 05:03:24] ✅ VPN 已连接
[2026-03-06 05:04:24] ✅ VPN 已连接
[2026-03-06 05:05:24] ✅ VPN 已连接
[2026-03-06 05:06:24] ✅ VPN 已连接
[2026-03-06 05:07:25] ✅ VPN 已连接
[2026-03-06 05:08:25] ✅ VPN 已连接
[2026-03-06 05:09:25] ✅ VPN 已连接
[2026-03-06 05:10:25] ✅ VPN 已连接
[2026-03-06 05:11:25] ✅ VPN 已连接
[2026-03-06 05:12:25] ✅ VPN 已连接
[2026-03-06 05:13:25] ✅ VPN 已连接
[2026-03-06 05:14:25] ✅ VPN 已连接
[2026-03-06 05:15:25] ✅ VPN 已连接
[2026-03-06 05:16:25] ✅ VPN 已连接
[2026-03-06 05:17:25] ✅ VPN 已连接
[2026-03-06 05:18:25] ✅ VPN 已连接
[2026-03-06 05:19:25] ✅ VPN 已连接
[2026-03-06 05:20:25] ✅ VPN 已连接
[2026-03-06 05:21:25] ✅ VPN 已连接
[2026-03-06 05:22:25] ✅ VPN 已连接
[2026-03-06 05:23:25] ✅ VPN 已连接
[2026-03-06 05:24:25] ✅ VPN 已连接
[2026-03-06 05:25:25] ✅ VPN 已连接
[2026-03-06 05:26:25] ✅ VPN 已连接
[2026-03-06 05:27:25] ✅ VPN 已连接
[2026-03-06 05:28:26] ✅ VPN 已连接
[2026-03-06 05:29:26] ✅ VPN 已连接
[2026-03-06 05:30:26] ✅ VPN 已连接
[2026-03-06 05:31:26] ✅ VPN 已连接
[2026-03-06 05:32:26] ✅ VPN 已连接
[2026-03-06 05:33:26] ✅ VPN 已连接
[2026-03-06 05:34:26] ✅ VPN 已连接
[2026-03-06 05:35:26] ✅ VPN 已连接
[2026-03-06 05:36:26] ✅ VPN 已连接
[2026-03-06 05:37:26] ✅ VPN 已连接
[2026-03-06 05:38:26] ✅ VPN 已连接
[2026-03-06 05:39:26] ✅ VPN 已连接
[2026-03-06 05:40:26] ✅ VPN 已连接
[2026-03-06 05:41:26] ✅ VPN 已连接
[2026-03-06 05:42:26] ✅ VPN 已连接
[2026-03-06 05:43:26] ✅ VPN 已连接
[2026-03-06 05:44:26] ✅ VPN 已连接
[2026-03-06 05:45:26] ✅ VPN 已连接
[2026-03-06 05:46:26] ✅ VPN 已连接
[2026-03-06 05:47:26] ✅ VPN 已连接
[2026-03-06 05:48:26] ✅ VPN 已连接
[2026-03-06 05:49:27] ✅ VPN 已连接
[2026-03-06 05:50:27] ✅ VPN 已连接
[2026-03-06 05:51:27] ✅ VPN 已连接
[2026-03-06 05:52:27] ✅ VPN 已连接
[2026-03-06 05:53:27] ✅ VPN 已连接
[2026-03-06 05:54:27] ✅ VPN 已连接
[2026-03-06 05:55:27] ✅ VPN 已连接
[2026-03-06 05:56:27] ✅ VPN 已连接
[2026-03-06 05:57:27] ✅ VPN 已连接
[2026-03-06 05:58:27] ✅ VPN 已连接
[2026-03-06 05:59:27] ✅ VPN 已连接
[2026-03-06 06:00:27] ✅ VPN 已连接
[2026-03-06 06:01:27] ✅ VPN 已连接
[2026-03-06 06:02:27] ✅ VPN 已连接
[2026-03-06 06:03:27] ✅ VPN 已连接
[2026-03-06 06:04:27] ✅ VPN 已连接
[2026-03-06 06:05:27] ✅ VPN 已连接
[2026-03-06 06:06:27] ✅ VPN 已连接
[2026-03-06 06:07:27] ✅ VPN 已连接
[2026-03-06 06:08:27] ✅ VPN 已连接
[2026-03-06 06:09:27] ✅ VPN 已连接
[2026-03-06 06:10:28] ✅ VPN 已连接
[2026-03-06 06:11:28] ✅ VPN 已连接
[2026-03-06 06:12:28] ✅ VPN 已连接
[2026-03-06 06:13:28] ✅ VPN 已连接
[2026-03-06 06:14:28] ✅ VPN 已连接
[2026-03-06 06:15:28] ✅ VPN 已连接
[2026-03-06 06:16:28] ✅ VPN 已连接
[2026-03-06 06:17:28] ✅ VPN 已连接
[2026-03-06 06:18:28] ✅ VPN 已连接
[2026-03-06 06:19:28] ✅ VPN 已连接
[2026-03-06 06:20:28] ✅ VPN 已连接
[2026-03-06 06:21:28] ✅ VPN 已连接
[2026-03-06 06:22:28] ✅ VPN 已连接
[2026-03-06 06:23:28] ✅ VPN 已连接
[2026-03-06 06:24:28] ✅ VPN 已连接
[2026-03-06 06:25:28] ✅ VPN 已连接
[2026-03-06 06:26:28] ✅ VPN 已连接
[2026-03-06 06:27:28] ✅ VPN 已连接
[2026-03-06 06:28:28] ✅ VPN 已连接
[2026-03-06 06:29:28] ✅ VPN 已连接
[2026-03-06 06:30:28] ✅ VPN 已连接
[2026-03-06 06:31:28] ✅ VPN 已连接
[2026-03-06 06:32:29] ✅ VPN 已连接
[2026-03-06 06:33:29] ✅ VPN 已连接
[2026-03-06 06:34:29] ✅ VPN 已连接
[2026-03-06 06:35:29] ✅ VPN 已连接
[2026-03-06 06:36:29] ✅ VPN 已连接
[2026-03-06 06:37:29] ✅ VPN 已连接
[2026-03-06 06:38:29] ✅ VPN 已连接
[2026-03-06 06:39:29] ✅ VPN 已连接
[2026-03-06 06:40:29] ✅ VPN 已连接
[2026-03-06 06:41:29] ✅ VPN 已连接
[2026-03-06 06:42:29] ✅ VPN 已连接
[2026-03-06 06:43:29] ✅ VPN 已连接
[2026-03-06 06:44:29] ✅ VPN 已连接
[2026-03-06 06:45:29] ✅ VPN 已连接
[2026-03-06 06:46:29] ✅ VPN 已连接
[2026-03-06 06:47:29] ✅ VPN 已连接
[2026-03-06 06:48:29] ✅ VPN 已连接
[2026-03-06 06:49:29] ✅ VPN 已连接
[2026-03-06 06:50:29] ✅ VPN 已连接
[2026-03-06 06:51:29] ✅ VPN 已连接
[2026-03-06 06:52:29] ✅ VPN 已连接
[2026-03-06 06:53:30] ✅ VPN 已连接
[2026-03-06 06:54:30] ✅ VPN 已连接
[2026-03-06 06:55:30] ✅ VPN 已连接
[2026-03-06 06:56:30] ✅ VPN 已连接
[2026-03-06 06:57:30] ✅ VPN 已连接
[2026-03-06 06:58:30] ✅ VPN 已连接
[2026-03-06 06:59:30] ✅ VPN 已连接
[2026-03-06 07:00:30] ✅ VPN 已连接
[2026-03-06 07:01:30] ✅ VPN 已连接
[2026-03-06 07:02:30] ✅ VPN 已连接
[2026-03-06 07:03:30] ✅ VPN 已连接
[2026-03-06 07:04:30] ✅ VPN 已连接
[2026-03-06 07:05:30] ✅ VPN 已连接
[2026-03-06 07:06:30] ✅ VPN 已连接
[2026-03-06 07:07:30] ✅ VPN 已连接
[2026-03-06 07:08:30] ✅ VPN 已连接
[2026-03-06 07:09:30] ✅ VPN 已连接
[2026-03-06 07:10:30] ✅ VPN 已连接
[2026-03-06 07:11:30] ✅ VPN 已连接
[2026-03-06 07:12:30] ✅ VPN 已连接
[2026-03-06 07:13:30] ✅ VPN 已连接
[2026-03-06 07:14:31] ✅ VPN 已连接
[2026-03-06 07:15:31] ✅ VPN 已连接
[2026-03-06 07:16:31] ✅ VPN 已连接
[2026-03-06 07:17:31] ✅ VPN 已连接
[2026-03-06 07:18:31] ✅ VPN 已连接
[2026-03-06 07:19:31] ✅ VPN 已连接
[2026-03-06 07:20:31] ✅ VPN 已连接
[2026-03-06 07:21:31] ✅ VPN 已连接
[2026-03-06 07:22:31] ✅ VPN 已连接
[2026-03-06 07:23:31] ✅ VPN 已连接
[2026-03-06 07:24:31] ✅ VPN 已连接
[2026-03-06 07:25:31] ✅ VPN 已连接
[2026-03-06 07:26:31] ✅ VPN 已连接
[2026-03-06 07:27:31] ✅ VPN 已连接
[2026-03-06 07:28:31] ✅ VPN 已连接
[2026-03-06 07:29:31] ✅ VPN 已连接
[2026-03-06 07:30:31] ✅ VPN 已连接
[2026-03-06 07:31:31] ✅ VPN 已连接
[2026-03-06 07:32:31] ✅ VPN 已连接
[2026-03-06 07:33:31] ✅ VPN 已连接
[2026-03-06 07:34:31] ✅ VPN 已连接
[2026-03-06 07:35:32] ✅ VPN 已连接
[2026-03-06 07:36:32] ✅ VPN 已连接
[2026-03-06 07:37:32] ✅ VPN 已连接
[2026-03-06 07:38:32] ✅ VPN 已连接
[2026-03-06 07:39:32] ✅ VPN 已连接
[2026-03-06 07:40:32] ✅ VPN 已连接
[2026-03-06 07:41:32] ✅ VPN 已连接
[2026-03-06 07:42:32] ✅ VPN 已连接
[2026-03-06 07:43:32] ✅ VPN 已连接
[2026-03-06 07:44:32] ✅ VPN 已连接
[2026-03-06 07:45:32] ✅ VPN 已连接
[2026-03-06 07:46:32] ✅ VPN 已连接
[2026-03-06 07:47:32] ✅ VPN 已连接
[2026-03-06 07:48:32] ✅ VPN 已连接
[2026-03-06 07:49:32] ✅ VPN 已连接
[2026-03-06 07:50:32] ✅ VPN 已连接
[2026-03-06 07:51:32] ✅ VPN 已连接
[2026-03-06 07:52:32] ✅ VPN 已连接
[2026-03-06 07:53:32] ✅ VPN 已连接
[2026-03-06 07:54:32] ✅ VPN 已连接
[2026-03-06 07:55:32] ✅ VPN 已连接
[2026-03-06 07:56:33] ✅ VPN 已连接
[2026-03-06 07:57:33] ✅ VPN 已连接
[2026-03-06 07:58:33] ✅ VPN 已连接
[2026-03-06 07:59:33] ✅ VPN 已连接
[2026-03-06 08:00:33] ✅ VPN 已连接
[2026-03-06 08:01:33] ✅ VPN 已连接
[2026-03-06 08:02:33] ✅ VPN 已连接
[2026-03-06 08:03:33] ✅ VPN 已连接
[2026-03-06 08:04:33] ✅ VPN 已连接
[2026-03-06 08:05:33] ✅ VPN 已连接
[2026-03-06 08:06:33] ✅ VPN 已连接
[2026-03-06 08:07:33] ✅ VPN 已连接
[2026-03-06 08:08:33] ✅ VPN 已连接
[2026-03-06 08:09:33] ✅ VPN 已连接
[2026-03-06 08:10:33] ✅ VPN 已连接
[2026-03-06 08:11:33] ✅ VPN 已连接
[2026-03-06 08:12:33] ✅ VPN 已连接
[2026-03-06 08:13:33] ✅ VPN 已连接
[2026-03-06 08:14:33] ✅ VPN 已连接
[2026-03-06 08:15:33] ✅ VPN 已连接
[2026-03-06 08:16:33] ✅ VPN 已连接
[2026-03-06 08:17:34] ✅ VPN 已连接
[2026-03-06 08:18:34] ✅ VPN 已连接
[2026-03-06 08:19:34] ✅ VPN 已连接
[2026-03-06 08:20:34] ✅ VPN 已连接
[2026-03-06 08:21:34] ✅ VPN 已连接
[2026-03-06 08:22:34] ✅ VPN 已连接
[2026-03-06 08:23:34] ✅ VPN 已连接
[2026-03-06 08:24:34] ✅ VPN 已连接
[2026-03-06 08:25:34] ✅ VPN 已连接
[2026-03-06 08:26:34] ✅ VPN 已连接
[2026-03-06 08:27:34] ✅ VPN 已连接
[2026-03-06 08:28:34] ✅ VPN 已连接
[2026-03-06 08:29:34] ✅ VPN 已连接
[2026-03-06 08:30:34] ✅ VPN 已连接
[2026-03-06 08:31:34] ✅ VPN 已连接
[2026-03-06 08:32:34] ✅ VPN 已连接
[2026-03-06 08:33:34] ✅ VPN 已连接
[2026-03-06 08:34:34] ✅ VPN 已连接
[2026-03-06 08:35:34] ✅ VPN 已连接
[2026-03-06 08:36:34] ✅ VPN 已连接
[2026-03-06 08:37:34] ✅ VPN 已连接
[2026-03-06 08:38:34] ✅ VPN 已连接
[2026-03-06 08:39:35] ✅ VPN 已连接
[2026-03-06 08:40:35] ✅ VPN 已连接
[2026-03-06 08:41:35] ✅ VPN 已连接
[2026-03-06 08:42:35] ✅ VPN 已连接
[2026-03-06 08:43:35] ✅ VPN 已连接
[2026-03-06 08:44:35] ✅ VPN 已连接
[2026-03-06 08:45:35] ✅ VPN 已连接
[2026-03-06 08:46:35] ✅ VPN 已连接
[2026-03-06 08:47:35] ✅ VPN 已连接
[2026-03-06 08:48:35] ✅ VPN 已连接
[2026-03-06 08:49:35] ✅ VPN 已连接
[2026-03-06 08:50:35] ✅ VPN 已连接
[2026-03-06 08:51:35] ✅ VPN 已连接
[2026-03-06 08:52:35] ✅ VPN 已连接
[2026-03-06 08:53:35] ✅ VPN 已连接
[2026-03-06 08:54:35] ✅ VPN 已连接
[2026-03-06 08:55:35] ✅ VPN 已连接
[2026-03-06 08:56:35] ✅ VPN 已连接
[2026-03-06 08:57:35] ✅ VPN 已连接
[2026-03-06 08:58:35] ✅ VPN 已连接
[2026-03-06 08:59:36] ✅ VPN 已连接
[2026-03-06 09:00:36] ✅ VPN 已连接
[2026-03-06 09:01:36] ✅ VPN 已连接
[2026-03-06 09:02:36] ✅ VPN 已连接
[2026-03-06 09:03:36] ✅ VPN 已连接
[2026-03-06 09:04:36] ✅ VPN 已连接
[2026-03-06 09:05:36] ✅ VPN 已连接
[2026-03-06 09:06:36] ✅ VPN 已连接
[2026-03-06 09:07:36] ✅ VPN 已连接
[2026-03-06 09:08:36] ✅ VPN 已连接
[2026-03-06 09:09:36] ✅ VPN 已连接
[2026-03-06 09:10:36] ✅ VPN 已连接
[2026-03-06 09:11:36] ✅ VPN 已连接
[2026-03-06 09:12:36] ✅ VPN 已连接
[2026-03-06 09:13:36] ✅ VPN 已连接
[2026-03-06 09:14:36] ✅ VPN 已连接
[2026-03-06 09:15:36] ✅ VPN 已连接
[2026-03-06 09:16:36] ✅ VPN 已连接
[2026-03-06 09:17:36] ✅ VPN 已连接
[2026-03-06 09:18:36] ✅ VPN 已连接
[2026-03-06 09:19:36] ✅ VPN 已连接
[2026-03-06 09:20:36] ✅ VPN 已连接
[2026-03-06 09:21:37] ✅ VPN 已连接
[2026-03-06 09:22:37] ✅ VPN 已连接
[2026-03-06 09:23:37] ✅ VPN 已连接
[2026-03-06 09:24:37] ✅ VPN 已连接
[2026-03-06 09:25:37] ✅ VPN 已连接
[2026-03-06 09:26:37] ✅ VPN 已连接
[2026-03-06 09:27:37] ✅ VPN 已连接
[2026-03-06 09:28:37] ✅ VPN 已连接
[2026-03-06 09:29:37] ✅ VPN 已连接
[2026-03-06 09:30:37] ✅ VPN 已连接
[2026-03-06 09:31:37] ✅ VPN 已连接
[2026-03-06 09:32:37] ✅ VPN 已连接
[2026-03-06 09:33:37] ✅ VPN 已连接
[2026-03-06 09:34:37] ✅ VPN 已连接
[2026-03-06 09:35:37] ✅ VPN 已连接
[2026-03-06 09:36:37] ✅ VPN 已连接
[2026-03-06 09:37:37] ✅ VPN 已连接
[2026-03-06 09:38:37] ✅ VPN 已连接
[2026-03-06 09:39:37] ✅ VPN 已连接
[2026-03-06 09:40:37] ✅ VPN 已连接
[2026-03-06 09:41:37] ✅ VPN 已连接
[2026-03-06 09:42:38] ✅ VPN 已连接
[2026-03-06 09:43:38] ✅ VPN 已连接
[2026-03-06 09:44:38] ✅ VPN 已连接
[2026-03-06 09:45:38] ✅ VPN 已连接
[2026-03-06 09:46:38] ✅ VPN 已连接
[2026-03-06 09:47:38] ✅ VPN 已连接
[2026-03-06 09:48:38] ✅ VPN 已连接
[2026-03-06 09:49:38] ✅ VPN 已连接
[2026-03-06 09:50:38] ✅ VPN 已连接
[2026-03-06 09:51:38] ✅ VPN 已连接
[2026-03-06 09:52:38] ✅ VPN 已连接
[2026-03-06 09:53:38] ✅ VPN 已连接
[2026-03-06 09:54:38] ✅ VPN 已连接
[2026-03-06 09:55:38] ✅ VPN 已连接
[2026-03-06 09:56:38] ✅ VPN 已连接
[2026-03-06 09:57:38] ✅ VPN 已连接
[2026-03-06 09:58:38] ✅ VPN 已连接
[2026-03-06 09:59:38] ✅ VPN 已连接
[2026-03-06 10:00:38] ✅ VPN 已连接
[2026-03-06 10:01:38] ✅ VPN 已连接
[2026-03-06 10:02:38] ✅ VPN 已连接
[2026-03-06 10:03:39] ✅ VPN 已连接
[2026-03-06 10:04:39] ✅ VPN 已连接
[2026-03-06 10:05:39] ✅ VPN 已连接
[2026-03-06 10:06:39] ✅ VPN 已连接
[2026-03-06 10:07:39] ✅ VPN 已连接
[2026-03-06 10:08:39] ✅ VPN 已连接
[2026-03-06 10:09:39] ✅ VPN 已连接
[2026-03-06 10:10:39] ✅ VPN 已连接
[2026-03-06 10:11:39] ✅ VPN 已连接
[2026-03-06 10:12:39] ✅ VPN 已连接
[2026-03-06 10:13:39] ✅ VPN 已连接
[2026-03-06 10:14:39] ✅ VPN 已连接
[2026-03-06 10:15:39] ✅ VPN 已连接
[2026-03-06 10:16:39] ✅ VPN 已连接
[2026-03-06 10:17:39] ✅ VPN 已连接
[2026-03-06 10:18:39] ✅ VPN 已连接
[2026-03-06 10:19:39] ✅ VPN 已连接
[2026-03-06 10:20:39] ✅ VPN 已连接
[2026-03-06 10:21:39] ✅ VPN 已连接
[2026-03-06 10:22:39] ✅ VPN 已连接
[2026-03-06 10:23:39] ✅ VPN 已连接
[2026-03-06 10:24:40] ✅ VPN 已连接
[2026-03-06 10:25:40] ✅ VPN 已连接
[2026-03-06 10:26:40] ✅ VPN 已连接
[2026-03-06 10:27:40] ✅ VPN 已连接
[2026-03-06 10:28:40] ✅ VPN 已连接
[2026-03-06 10:29:40] ✅ VPN 已连接
[2026-03-06 10:30:40] ✅ VPN 已连接
[2026-03-06 10:31:40] ✅ VPN 已连接
[2026-03-06 10:32:40] ✅ VPN 已连接
[2026-03-06 10:33:40] ✅ VPN 已连接
[2026-03-06 10:34:40] ✅ VPN 已连接
[2026-03-06 10:35:40] ✅ VPN 已连接
[2026-03-06 10:36:40] ✅ VPN 已连接
[2026-03-06 10:37:40] ✅ VPN 已连接
[2026-03-06 10:38:40] ✅ VPN 已连接
[2026-03-06 10:39:40] ✅ VPN 已连接
[2026-03-06 10:40:40] ✅ VPN 已连接
[2026-03-06 10:41:40] ✅ VPN 已连接
[2026-03-06 10:42:40] ✅ VPN 已连接
[2026-03-06 10:43:40] ✅ VPN 已连接
[2026-03-06 10:44:40] ✅ VPN 已连接
[2026-03-06 10:45:41] ✅ VPN 已连接
[2026-03-06 10:46:41] ✅ VPN 已连接
[2026-03-06 10:47:41] ✅ VPN 已连接
[2026-03-06 10:48:41] ✅ VPN 已连接
[2026-03-06 10:49:41] ✅ VPN 已连接
[2026-03-06 10:50:41] ✅ VPN 已连接
[2026-03-06 10:51:41] ✅ VPN 已连接
[2026-03-06 10:52:41] ✅ VPN 已连接
[2026-03-06 10:53:41] ✅ VPN 已连接
[2026-03-06 10:54:41] ✅ VPN 已连接
[2026-03-06 10:55:41] ✅ VPN 已连接
[2026-03-06 10:56:41] ✅ VPN 已连接
[2026-03-06 10:57:41] ✅ VPN 已连接
[2026-03-06 10:58:41] ✅ VPN 已连接
[2026-03-06 10:59:41] ✅ VPN 已连接
[2026-03-06 11:00:41] ✅ VPN 已连接
[2026-03-06 11:01:41] ✅ VPN 已连接
[2026-03-06 11:02:41] ✅ VPN 已连接
[2026-03-06 11:03:41] ✅ VPN 已连接
[2026-03-06 11:04:41] ✅ VPN 已连接
[2026-03-06 11:05:41] ✅ VPN 已连接
[2026-03-06 11:06:42] ✅ VPN 已连接
[2026-03-06 11:07:42] ✅ VPN 已连接
[2026-03-06 11:08:42] ✅ VPN 已连接
[2026-03-06 11:09:42] ✅ VPN 已连接
[2026-03-06 11:10:42] ✅ VPN 已连接
[2026-03-06 11:11:42] ✅ VPN 已连接
[2026-03-06 11:12:42] ✅ VPN 已连接
[2026-03-06 11:13:42] ✅ VPN 已连接
[2026-03-06 11:14:42] ✅ VPN 已连接
[2026-03-06 11:15:42] ✅ VPN 已连接
[2026-03-06 11:16:42] ✅ VPN 已连接
[2026-03-06 11:17:42] ✅ VPN 已连接
[2026-03-06 11:18:42] ✅ VPN 已连接
[2026-03-06 11:19:42] ✅ VPN 已连接
[2026-03-06 11:20:42] ✅ VPN 已连接
[2026-03-06 11:21:42] ✅ VPN 已连接
[2026-03-06 11:22:42] ✅ VPN 已连接
[2026-03-06 11:23:42] ✅ VPN 已连接
[2026-03-06 11:24:42] ✅ VPN 已连接
[2026-03-06 11:25:42] ✅ VPN 已连接
[2026-03-06 11:26:42] ✅ VPN 已连接
[2026-03-06 11:27:43] ✅ VPN 已连接
[2026-03-06 11:28:43] ✅ VPN 已连接
[2026-03-06 11:29:43] ✅ VPN 已连接
[2026-03-06 11:30:43] ✅ VPN 已连接
[2026-03-06 11:31:43] ✅ VPN 已连接
[2026-03-06 11:32:43] ✅ VPN 已连接
[2026-03-06 11:33:43] ✅ VPN 已连接
[2026-03-06 11:34:43] ✅ VPN 已连接
[2026-03-06 11:35:43] ✅ VPN 已连接
[2026-03-06 11:36:43] ✅ VPN 已连接
[2026-03-06 11:37:43] ✅ VPN 已连接
[2026-03-06 11:38:43] ✅ VPN 已连接
[2026-03-06 11:39:43] ✅ VPN 已连接
[2026-03-06 11:40:43] ✅ VPN 已连接
[2026-03-06 11:41:43] ✅ VPN 已连接
[2026-03-06 11:42:43] ✅ VPN 已连接
[2026-03-06 11:43:43] ✅ VPN 已连接
[2026-03-06 11:44:43] ✅ VPN 已连接
[2026-03-06 11:45:43] ✅ VPN 已连接
[2026-03-06 11:46:43] ✅ VPN 已连接
[2026-03-06 11:47:43] ✅ VPN 已连接
[2026-03-06 11:48:44] ✅ VPN 已连接
[2026-03-06 11:49:44] ❌ VPN 未连接，触发重连...
[2026-03-06 11:49:44] ========== VPN 重连开始 ==========
[2026-03-06 11:49:44] 尝试 1/3...
[2026-03-06 11:49:44] 启动 FortiClient GUI...
[2026-03-06 11:49:47] ❌ FortiClient GUI 启动失败
[2026-03-06 11:49:47] 重试 1 失败：无法启动 FortiClient
[2026-03-06 11:49:57] 尝试 2/3...
[2026-03-06 11:49:57] 启动 FortiClient GUI...
[2026-03-06 11:50:00] ❌ FortiClient GUI 启动失败
[2026-03-06 11:50:00] 重试 2 失败：无法启动 FortiClient
[2026-03-06 11:50:10] 尝试 3/3...
[2026-03-06 11:50:10] 启动 FortiClient GUI...
[2026-03-06 11:50:13] ❌ FortiClient GUI 启动失败
[2026-03-06 11:50:13] 重试 3 失败：无法启动 FortiClient
[2026-03-06 11:50:23] ❌ VPN 重连失败（已尝试 3 次）
[2026-03-06 11:50:23] ========== VPN 重连失败 ==========
[2026-03-06 11:51:23] ❌ VPN 未连接，触发重连...
[2026-03-06 11:51:23] ========== VPN 重连开始 ==========
[2026-03-06 11:51:23] 尝试 1/3...
[2026-03-06 11:51:23] 启动 FortiClient GUI...
[2026-03-06 11:51:23] FortiClient 已在运行，先关闭...
[2026-03-06 11:51:28] ❌ FortiClient GUI 启动失败
[2026-03-06 11:51:28] 重试 1 失败：无法启动 FortiClient
[2026-03-06 11:51:38] 尝试 2/3...
[2026-03-06 11:51:38] 启动 FortiClient GUI...
[2026-03-06 11:51:41] ❌ FortiClient GUI 启动失败
[2026-03-06 11:51:41] 重试 2 失败：无法启动 FortiClient
[2026-03-06 11:51:51] 尝试 3/3...
[2026-03-06 11:51:51] 启动 FortiClient GUI...
[2026-03-06 11:51:54] ❌ FortiClient GUI 启动失败
[2026-03-06 11:51:54] 重试 3 失败：无法启动 FortiClient
[2026-03-06 11:52:04] ❌ VPN 重连失败（已尝试 3 次）
[2026-03-06 11:52:04] ========== VPN 重连失败 ==========
[2026-03-06 11:53:04] ❌ VPN 未连接，触发重连...
[2026-03-06 11:53:04] ========== VPN 重连开始 ==========
[2026-03-06 11:53:04] 尝试 1/3...
[2026-03-06 11:53:04] 启动 FortiClient GUI...
[2026-03-06 11:53:07] ❌ FortiClient GUI 启动失败
[2026-03-06 11:53:07] 重试 1 失败：无法启动 FortiClient
[2026-03-06 11:53:17] 尝试 2/3...
[2026-03-06 11:53:17] 启动 FortiClient GUI...
[2026-03-06 11:53:20] ❌ FortiClient GUI 启动失败
[2026-03-06 11:53:20] 重试 2 失败：无法启动 FortiClient
[2026-03-06 11:53:30] 尝试 3/3...
[2026-03-06 11:53:30] 启动 FortiClient GUI...
[2026-03-06 11:53:33] ❌ FortiClient GUI 启动失败
[2026-03-06 11:53:33] 重试 3 失败：无法启动 FortiClient
[2026-03-06 11:53:43] ❌ VPN 重连失败（已尝试 3 次）
[2026-03-06 11:53:43] ========== VPN 重连失败 ==========
[2026-03-06 11:54:43] ✅ VPN 已连接
[2026-03-06 11:55:43] ✅ VPN 已连接
[2026-03-06 11:56:43] ✅ VPN 已连接
[2026-03-06 11:57:43] ✅ VPN 已连接
[2026-03-06 11:58:43] ✅ VPN 已连接
[2026-03-06 11:59:43] ✅ VPN 已连接
[2026-03-06 12:00:43] ✅ VPN 已连接
[2026-03-06 12:01:44] ✅ VPN 已连接
[2026-03-06 12:02:44] ✅ VPN 已连接
[2026-03-06 12:03:44] ✅ VPN 已连接
[2026-03-06 12:04:44] ✅ VPN 已连接
[2026-03-06 12:05:44] ✅ VPN 已连接
[2026-03-06 12:06:44] ✅ VPN 已连接
[2026-03-06 12:07:44] ✅ VPN 已连接
[2026-03-06 12:08:44] ✅ VPN 已连接
[2026-03-06 12:09:44] ✅ VPN 已连接
[2026-03-06 12:10:44] ✅ VPN 已连接
[2026-03-06 12:11:44] ✅ VPN 已连接
[2026-03-06 12:12:44] ✅ VPN 已连接
[2026-03-06 12:13:44] ✅ VPN 已连接
[2026-03-06 12:14:44] ✅ VPN 已连接
[2026-03-06 12:15:44] ✅ VPN 已连接
[2026-03-06 12:16:44] ✅ VPN 已连接
[2026-03-06 12:17:44] ✅ VPN 已连接
[2026-03-06 12:18:44] ✅ VPN 已连接
[2026-03-06 12:19:44] ✅ VPN 已连接
[2026-03-06 12:20:44] ✅ VPN 已连接
[2026-03-06 12:21:44] ✅ VPN 已连接
[2026-03-06 12:22:45] ✅ VPN 已连接
[2026-03-06 12:23:45] ✅ VPN 已连接
[2026-03-06 12:24:45] ✅ VPN 已连接
[2026-03-06 12:25:45] ✅ VPN 已连接
[2026-03-06 12:26:45] ✅ VPN 已连接
[2026-03-06 12:27:45] ✅ VPN 已连接
[2026-03-06 12:28:45] ✅ VPN 已连接
[2026-03-06 12:29:45] ✅ VPN 已连接
[2026-03-06 12:30:45] ✅ VPN 已连接
[2026-03-06 12:31:45] ✅ VPN 已连接
[2026-03-06 12:32:45] ✅ VPN 已连接
[2026-03-06 12:33:45] ✅ VPN 已连接
[2026-03-06 12:34:45] ✅ VPN 已连接
[2026-03-06 12:35:45] ✅ VPN 已连接
[2026-03-06 12:36:45] ✅ VPN 已连接
[2026-03-06 12:37:45] ✅ VPN 已连接
[2026-03-06 12:38:45] ✅ VPN 已连接
[2026-03-06 12:39:45] ✅ VPN 已连接
[2026-03-06 12:40:45] ✅ VPN 已连接
[2026-03-06 12:41:45] ✅ VPN 已连接
[2026-03-06 12:42:45] ✅ VPN 已连接
[2026-03-06 12:43:45] ✅ VPN 已连接
[2026-03-06 12:44:46] ✅ VPN 已连接
[2026-03-06 12:45:46] ✅ VPN 已连接
[2026-03-06 12:46:46] ✅ VPN 已连接
[2026-03-06 12:47:46] ✅ VPN 已连接
[2026-03-06 12:48:46] ✅ VPN 已连接
[2026-03-06 12:49:46] ✅ VPN 已连接
[2026-03-06 12:50:46] ✅ VPN 已连接
[2026-03-06 12:51:46] ✅ VPN 已连接
[2026-03-06 12:52:46] ✅ VPN 已连接
[2026-03-06 12:53:46] ✅ VPN 已连接
[2026-03-06 12:54:46] ✅ VPN 已连接
[2026-03-06 12:55:46] ✅ VPN 已连接
[2026-03-06 12:56:46] ✅ VPN 已连接
[2026-03-06 12:57:46] ✅ VPN 已连接
[2026-03-06 12:58:46] ✅ VPN 已连接
[2026-03-06 12:59:46] ✅ VPN 已连接
[2026-03-06 13:00:46] ✅ VPN 已连接
[2026-03-06 13:01:46] ✅ VPN 已连接
[2026-03-06 13:02:46] ✅ VPN 已连接
[2026-03-06 13:03:46] ✅ VPN 已连接
[2026-03-06 13:04:46] ✅ VPN 已连接
[2026-03-06 13:05:47] ✅ VPN 已连接
[2026-03-06 13:06:47] ✅ VPN 已连接
[2026-03-06 13:07:47] ✅ VPN 已连接
[2026-03-06 13:08:47] ✅ VPN 已连接
[2026-03-06 13:09:47] ✅ VPN 已连接
[2026-03-06 13:10:47] ✅ VPN 已连接
[2026-03-06 13:11:47] ✅ VPN 已连接
[2026-03-06 13:12:47] ✅ VPN 已连接
[2026-03-06 13:13:47] ✅ VPN 已连接
[2026-03-06 13:14:47] ✅ VPN 已连接
[2026-03-06 13:15:47] ✅ VPN 已连接
[2026-03-06 13:16:47] ✅ VPN 已连接
[2026-03-06 13:17:47] ✅ VPN 已连接
[2026-03-06 13:18:47] ✅ VPN 已连接
[2026-03-06 13:19:47] ✅ VPN 已连接
[2026-03-06 13:20:47] ✅ VPN 已连接
[2026-03-06 13:21:47] ✅ VPN 已连接
[2026-03-06 13:22:47] ✅ VPN 已连接
[2026-03-06 13:23:47] ✅ VPN 已连接
[2026-03-06 13:24:47] ✅ VPN 已连接
[2026-03-06 13:25:47] ✅ VPN 已连接
[2026-03-06 13:26:48] ✅ VPN 已连接
[2026-03-06 13:27:48] ✅ VPN 已连接
[2026-03-06 13:28:48] ✅ VPN 已连接
[2026-03-06 13:29:48] ✅ VPN 已连接
[2026-03-06 13:30:48] ✅ VPN 已连接
[2026-03-06 13:31:48] ✅ VPN 已连接
[2026-03-06 13:32:48] ✅ VPN 已连接
[2026-03-06 13:33:48] ✅ VPN 已连接
[2026-03-06 13:34:48] ✅ VPN 已连接
[2026-03-06 13:35:48] ✅ VPN 已连接
[2026-03-06 13:36:48] ✅ VPN 已连接
[2026-03-06 13:37:48] ✅ VPN 已连接
[2026-03-06 13:38:48] ✅ VPN 已连接
[2026-03-06 13:39:48] ✅ VPN 已连接
[2026-03-06 13:40:48] ✅ VPN 已连接
[2026-03-06 13:41:48] ✅ VPN 已连接
[2026-03-06 13:42:48] ✅ VPN 已连接
[2026-03-06 13:43:48] ✅ VPN 已连接
[2026-03-06 13:44:48] ✅ VPN 已连接
[2026-03-06 13:45:48] ✅ VPN 已连接
[2026-03-06 13:46:48] ✅ VPN 已连接
[2026-03-06 13:47:48] ✅ VPN 已连接
[2026-03-06 13:48:49] ✅ VPN 已连接
[2026-03-06 13:49:49] ✅ VPN 已连接
[2026-03-06 13:50:49] ✅ VPN 已连接
[2026-03-06 13:51:49] ✅ VPN 已连接
[2026-03-06 13:52:49] ✅ VPN 已连接
[2026-03-06 13:53:49] ✅ VPN 已连接
[2026-03-06 13:54:49] ✅ VPN 已连接
[2026-03-06 13:55:49] ✅ VPN 已连接
[2026-03-06 13:56:49] ✅ VPN 已连接
[2026-03-06 13:57:49] ✅ VPN 已连接
[2026-03-06 13:58:49] ✅ VPN 已连接
[2026-03-06 13:59:49] ✅ VPN 已连接
[2026-03-06 14:00:49] ✅ VPN 已连接
[2026-03-06 14:01:49] ✅ VPN 已连接
[2026-03-06 14:02:49] ✅ VPN 已连接
[2026-03-06 14:03:49] ✅ VPN 已连接
[2026-03-06 14:04:49] ✅ VPN 已连接
[2026-03-06 14:05:49] ✅ VPN 已连接
[2026-03-06 14:06:49] ✅ VPN 已连接
[2026-03-06 14:07:49] ✅ VPN 已连接
[2026-03-06 14:08:49] ✅ VPN 已连接
[2026-03-06 14:09:50] ✅ VPN 已连接
[2026-03-06 14:10:50] ✅ VPN 已连接
[2026-03-06 14:11:50] ✅ VPN 已连接
[2026-03-06 14:12:50] ✅ VPN 已连接
[2026-03-06 14:13:50] ✅ VPN 已连接
[2026-03-06 14:14:50] ✅ VPN 已连接
[2026-03-06 14:15:50] ✅ VPN 已连接
[2026-03-06 14:16:50] ✅ VPN 已连接
[2026-03-06 14:17:50] ✅ VPN 已连接
[2026-03-06 14:18:50] ✅ VPN 已连接
[2026-03-06 14:19:50] ✅ VPN 已连接
[2026-03-06 14:20:50] ✅ VPN 已连接
[2026-03-06 14:21:50] ✅ VPN 已连接
[2026-03-06 14:22:50] ✅ VPN 已连接
[2026-03-06 14:23:50] ✅ VPN 已连接
[2026-03-06 14:24:50] ✅ VPN 已连接
[2026-03-06 14:25:50] ✅ VPN 已连接
[2026-03-06 14:26:50] ✅ VPN 已连接
[2026-03-06 14:27:50] ✅ VPN 已连接
[2026-03-06 14:28:50] ✅ VPN 已连接
[2026-03-06 14:29:50] ✅ VPN 已连接
[2026-03-06 14:30:51] ✅ VPN 已连接
[2026-03-06 14:31:51] ✅ VPN 已连接
[2026-03-06 14:32:51] ✅ VPN 已连接
[2026-03-06 14:33:51] ✅ VPN 已连接
[2026-03-06 14:34:51] ✅ VPN 已连接
[2026-03-06 14:35:51] ✅ VPN 已连接
[2026-03-06 14:36:51] ✅ VPN 已连接
[2026-03-06 14:37:51] ✅ VPN 已连接
[2026-03-06 14:38:51] ✅ VPN 已连接
[2026-03-06 14:39:51] ✅ VPN 已连接
[2026-03-06 14:40:51] ✅ VPN 已连接
[2026-03-06 14:41:51] ✅ VPN 已连接
[2026-03-06 14:42:51] ✅ VPN 已连接
[2026-03-06 14:43:51] ✅ VPN 已连接
[2026-03-06 14:44:51] ✅ VPN 已连接
[2026-03-06 14:45:51] ✅ VPN 已连接
[2026-03-06 14:46:51] ✅ VPN 已连接
[2026-03-06 14:47:51] ✅ VPN 已连接
[2026-03-06 14:48:51] ✅ VPN 已连接
[2026-03-06 14:49:51] ✅ VPN 已连接
[2026-03-06 14:50:51] ✅ VPN 已连接
[2026-03-06 14:51:52] ✅ VPN 已连接
[2026-03-06 14:52:52] ✅ VPN 已连接
[2026-03-06 14:53:52] ✅ VPN 已连接
[2026-03-06 14:54:52] ✅ VPN 已连接
[2026-03-06 14:55:52] ✅ VPN 已连接
[2026-03-06 14:56:52] ✅ VPN 已连接
[2026-03-06 14:57:52] ✅ VPN 已连接
[2026-03-06 14:58:52] ✅ VPN 已连接
[2026-03-06 14:59:52] ✅ VPN 已连接
[2026-03-06 15:00:52] ✅ VPN 已连接
[2026-03-06 15:01:52] ✅ VPN 已连接
[2026-03-06 15:02:52] ✅ VPN 已连接
[2026-03-06 15:03:52] ✅ VPN 已连接
[2026-03-06 15:04:52] ✅ VPN 已连接
[2026-03-06 15:05:52] ✅ VPN 已连接
[2026-03-06 15:06:52] ✅ VPN 已连接
[2026-03-06 15:07:52] ✅ VPN 已连接
[2026-03-06 15:08:52] ✅ VPN 已连接
[2026-03-06 15:09:52] ✅ VPN 已连接
[2026-03-06 15:10:52] ✅ VPN 已连接
[2026-03-06 15:11:53] ✅ VPN 已连接
[2026-03-06 15:12:53] ✅ VPN 已连接
[2026-03-06 15:13:53] ✅ VPN 已连接
[2026-03-06 15:14:53] ✅ VPN 已连接
[2026-03-06 15:15:53] ✅ VPN 已连接
[2026-03-06 15:16:53] ✅ VPN 已连接
[2026-03-06 15:17:53] ✅ VPN 已连接
[2026-03-06 15:18:53] ✅ VPN 已连接
[2026-03-06 15:19:53] ✅ VPN 已连接
[2026-03-06 15:20:53] ✅ VPN 已连接
[2026-03-06 15:21:53] ✅ VPN 已连接
[2026-03-06 15:22:53] ✅ VPN 已连接
[2026-03-06 15:23:53] ✅ VPN 已连接
[2026-03-06 15:24:53] ✅ VPN 已连接
[2026-03-06 15:25:53] ✅ VPN 已连接
[2026-03-06 15:26:53] ✅ VPN 已连接
[2026-03-06 15:27:53] ✅ VPN 已连接
[2026-03-06 15:28:53] ✅ VPN 已连接
[2026-03-06 15:29:53] ✅ VPN 已连接
[2026-03-06 15:30:53] ✅ VPN 已连接
[2026-03-06 15:31:53] ✅ VPN 已连接
[2026-03-06 15:32:53] ✅ VPN 已连接
[2026-03-06 15:33:54] ✅ VPN 已连接
[2026-03-06 15:34:54] ✅ VPN 已连接
[2026-03-06 15:35:54] ✅ VPN 已连接
[2026-03-06 15:36:54] ✅ VPN 已连接
[2026-03-06 15:37:54] ✅ VPN 已连接
[2026-03-06 15:38:54] ✅ VPN 已连接
[2026-03-06 15:39:54] ✅ VPN 已连接
[2026-03-06 15:40:54] ✅ VPN 已连接
[2026-03-06 15:41:54] ✅ VPN 已连接
[2026-03-06 15:42:54] ✅ VPN 已连接
[2026-03-06 15:43:54] ✅ VPN 已连接
[2026-03-06 15:44:54] ✅ VPN 已连接
[2026-03-06 15:45:54] ✅ VPN 已连接
[2026-03-06 15:46:54] ✅ VPN 已连接
[2026-03-06 15:47:54] ✅ VPN 已连接
[2026-03-06 15:48:54] ✅ VPN 已连接
[2026-03-06 15:49:54] ✅ VPN 已连接
[2026-03-06 15:50:54] ✅ VPN 已连接
[2026-03-06 15:51:54] ✅ VPN 已连接
[2026-03-06 15:52:54] ✅ VPN 已连接
[2026-03-06 15:53:54] ✅ VPN 已连接
[2026-03-06 15:54:55] ✅ VPN 已连接
[2026-03-06 15:55:55] ✅ VPN 已连接
[2026-03-06 15:56:55] ✅ VPN 已连接
[2026-03-06 15:57:55] ✅ VPN 已连接
[2026-03-06 15:58:55] ✅ VPN 已连接
[2026-03-06 15:59:55] ✅ VPN 已连接
[2026-03-06 16:00:55] ✅ VPN 已连接
[2026-03-06 16:01:55] ✅ VPN 已连接
[2026-03-06 16:02:55] ✅ VPN 已连接
[2026-03-06 16:03:55] ✅ VPN 已连接
[2026-03-06 16:04:55] ✅ VPN 已连接
[2026-03-06 16:05:55] ✅ VPN 已连接
[2026-03-06 16:06:55] ✅ VPN 已连接
[2026-03-06 16:07:55] ✅ VPN 已连接
[2026-03-06 16:08:55] ✅ VPN 已连接
[2026-03-06 16:09:55] ✅ VPN 已连接
[2026-03-06 16:10:55] ✅ VPN 已连接
[2026-03-06 16:11:55] ✅ VPN 已连接
[2026-03-06 16:12:55] ✅ VPN 已连接
[2026-03-06 16:13:55] ✅ VPN 已连接
[2026-03-06 16:14:55] ✅ VPN 已连接
[2026-03-06 16:15:56] ✅ VPN 已连接
[2026-03-06 16:16:56] ✅ VPN 已连接
[2026-03-06 16:17:56] ✅ VPN 已连接
[2026-03-06 16:18:56] ✅ VPN 已连接
[2026-03-06 16:19:56] ✅ VPN 已连接
[2026-03-06 16:20:56] ✅ VPN 已连接
[2026-03-06 16:21:56] ✅ VPN 已连接
[2026-03-06 16:22:56] ✅ VPN 已连接
[2026-03-06 16:23:56] ✅ VPN 已连接
[2026-03-06 16:24:56] ✅ VPN 已连接
[2026-03-06 16:25:56] ✅ VPN 已连接
[2026-03-06 16:26:56] ✅ VPN 已连接
[2026-03-06 16:27:56] ✅ VPN 已连接
[2026-03-06 16:28:56] ✅ VPN 已连接
[2026-03-06 16:29:56] ✅ VPN 已连接
[2026-03-06 16:30:56] ✅ VPN 已连接
[2026-03-06 16:31:56] ✅ VPN 已连接
[2026-03-06 16:32:56] ✅ VPN 已连接
[2026-03-06 16:33:56] ✅ VPN 已连接
[2026-03-06 16:34:56] ✅ VPN 已连接
[2026-03-06 16:35:56] ✅ VPN 已连接
[2026-03-06 16:36:57] ✅ VPN 已连接
[2026-03-06 16:37:57] ✅ VPN 已连接
[2026-03-06 16:38:57] ✅ VPN 已连接
[2026-03-06 16:39:57] ✅ VPN 已连接
[2026-03-06 16:40:57] ✅ VPN 已连接
[2026-03-06 16:41:57] ✅ VPN 已连接
[2026-03-06 16:42:57] ✅ VPN 已连接
[2026-03-06 16:43:57] ✅ VPN 已连接
[2026-03-06 16:44:57] ✅ VPN 已连接
[2026-03-06 16:45:57] ✅ VPN 已连接
[2026-03-06 16:46:57] ✅ VPN 已连接
[2026-03-06 16:47:57] ✅ VPN 已连接
[2026-03-06 16:48:57] ✅ VPN 已连接
[2026-03-06 16:49:57] ✅ VPN 已连接
[2026-03-06 16:50:57] ✅ VPN 已连接
[2026-03-06 16:51:57] ✅ VPN 已连接
[2026-03-06 16:52:57] ✅ VPN 已连接
[2026-03-06 16:53:57] ✅ VPN 已连接
[2026-03-06 16:54:57] ✅ VPN 已连接
[2026-03-06 16:55:57] ✅ VPN 已连接
[2026-03-06 16:56:57] ✅ VPN 已连接
[2026-03-06 16:57:57] ✅ VPN 已连接
[2026-03-06 16:58:58] ✅ VPN 已连接
[2026-03-06 16:59:58] ✅ VPN 已连接
[2026-03-06 17:00:58] ✅ VPN 已连接
[2026-03-06 17:01:58] ✅ VPN 已连接
[2026-03-06 17:02:58] ✅ VPN 已连接
[2026-03-06 17:03:58] ✅ VPN 已连接
[2026-03-06 17:04:58] ✅ VPN 已连接
[2026-03-06 17:05:58] ✅ VPN 已连接
[2026-03-06 17:06:58] ✅ VPN 已连接
[2026-03-06 17:07:58] ✅ VPN 已连接
[2026-03-06 17:08:58] ✅ VPN 已连接
[2026-03-06 17:09:58] ✅ VPN 已连接
[2026-03-06 17:10:58] ✅ VPN 已连接
[2026-03-06 17:11:58] ✅ VPN 已连接
[2026-03-06 17:12:58] ✅ VPN 已连接
[2026-03-06 17:13:58] ✅ VPN 已连接
[2026-03-06 17:14:58] ✅ VPN 已连接
[2026-03-06 17:15:58] ✅ VPN 已连接
[2026-03-06 17:16:59] ✅ VPN 已连接
[2026-03-06 17:17:59] ✅ VPN 已连接
[2026-03-06 17:18:59] ✅ VPN 已连接
[2026-03-06 17:19:59] ✅ VPN 已连接
[2026-03-06 17:20:59] ✅ VPN 已连接
[2026-03-06 17:21:59] ✅ VPN 已连接
[2026-03-06 17:22:59] ✅ VPN 已连接
[2026-03-06 17:23:59] ✅ VPN 已连接
[2026-03-06 17:24:59] ✅ VPN 已连接
[2026-03-06 17:25:59] ✅ VPN 已连接
[2026-03-06 17:26:59] ✅ VPN 已连接
[2026-03-06 17:27:59] ✅ VPN 已连接
[2026-03-06 17:28:59] ✅ VPN 已连接
[2026-03-06 17:29:59] ✅ VPN 已连接
[2026-03-06 17:30:59] ✅ VPN 已连接
[2026-03-06 17:31:59] ✅ VPN 已连接
[2026-03-06 17:32:59] ✅ VPN 已连接
[2026-03-06 17:33:59] ✅ VPN 已连接
[2026-03-06 17:34:59] ✅ VPN 已连接
[2026-03-06 17:35:59] ✅ VPN 已连接
[2026-03-06 17:37:00] ✅ VPN 已连接
[2026-03-06 17:38:00] ✅ VPN 已连接
[2026-03-06 17:39:00] ✅ VPN 已连接
[2026-03-06 17:40:00] ✅ VPN 已连接
[2026-03-06 17:41:00] ✅ VPN 已连接
[2026-03-06 17:42:00] ✅ VPN 已连接
[2026-03-06 17:43:00] ✅ VPN 已连接
[2026-03-06 17:44:00] ✅ VPN 已连接
[2026-03-06 17:45:00] ✅ VPN 已连接
[2026-03-06 17:46:00] ✅ VPN 已连接
[2026-03-06 17:47:00] ✅ VPN 已连接
[2026-03-06 17:48:00] ✅ VPN 已连接
[2026-03-06 17:49:00] ✅ VPN 已连接
[2026-03-06 17:50:00] ✅ VPN 已连接
[2026-03-06 17:51:00] ✅ VPN 已连接
[2026-03-06 17:52:00] ✅ VPN 已连接
[2026-03-06 17:53:00] ✅ VPN 已连接
[2026-03-06 17:54:00] ✅ VPN 已连接
[2026-03-06 17:55:00] ✅ VPN 已连接
[2026-03-06 17:56:00] ✅ VPN 已连接
[2026-03-06 17:57:00] ✅ VPN 已连接
[2026-03-06 17:58:00] ✅ VPN 已连接
[2026-03-06 17:59:01] ✅ VPN 已连接
[2026-03-06 18:00:01] ✅ VPN 已连接
[2026-03-06 18:01:01] ✅ VPN 已连接
[2026-03-06 18:02:01] ✅ VPN 已连接
[2026-03-06 18:03:01] ✅ VPN 已连接
[2026-03-06 18:04:01] ✅ VPN 已连接
[2026-03-06 18:05:01] ✅ VPN 已连接
[2026-03-06 18:06:01] ✅ VPN 已连接
[2026-03-06 18:07:01] ✅ VPN 已连接
[2026-03-06 18:08:01] ✅ VPN 已连接
[2026-03-06 18:09:01] ✅ VPN 已连接
[2026-03-06 18:10:01] ✅ VPN 已连接
[2026-03-06 18:11:01] ✅ VPN 已连接
[2026-03-06 18:12:01] ✅ VPN 已连接
[2026-03-06 18:13:01] ✅ VPN 已连接
[2026-03-06 18:14:01] ✅ VPN 已连接
[2026-03-06 18:15:01] ✅ VPN 已连接
[2026-03-06 18:16:01] ✅ VPN 已连接
[2026-03-06 18:17:01] ✅ VPN 已连接
[2026-03-06 18:18:01] ✅ VPN 已连接
[2026-03-06 18:19:01] ✅ VPN 已连接
[2026-03-06 18:20:02] ✅ VPN 已连接
[2026-03-06 18:21:02] ✅ VPN 已连接
[2026-03-06 18:22:02] ✅ VPN 已连接
[2026-03-06 18:23:02] ✅ VPN 已连接
[2026-03-06 18:24:02] ✅ VPN 已连接
[2026-03-06 18:25:02] ✅ VPN 已连接
[2026-03-06 18:26:02] ✅ VPN 已连接
[2026-03-06 18:27:02] ✅ VPN 已连接
[2026-03-06 18:28:02] ✅ VPN 已连接
[2026-03-06 18:29:02] ✅ VPN 已连接
[2026-03-06 18:30:02] ✅ VPN 已连接
[2026-03-06 18:31:02] ✅ VPN 已连接
[2026-03-06 18:32:02] ✅ VPN 已连接
[2026-03-06 18:33:02] ✅ VPN 已连接
[2026-03-06 18:34:02] ✅ VPN 已连接
[2026-03-06 18:35:02] ✅ VPN 已连接
[2026-03-06 18:36:02] ✅ VPN 已连接
[2026-03-06 18:37:02] ✅ VPN 已连接
[2026-03-06 18:38:02] ✅ VPN 已连接
[2026-03-06 18:39:02] ✅ VPN 已连接
[2026-03-06 18:40:02] ✅ VPN 已连接
[2026-03-06 18:41:03] ✅ VPN 已连接
[2026-03-06 18:42:03] ✅ VPN 已连接
[2026-03-06 18:43:03] ✅ VPN 已连接
[2026-03-06 18:44:03] ✅ VPN 已连接
[2026-03-06 18:45:03] ✅ VPN 已连接
[2026-03-06 18:46:03] ✅ VPN 已连接
[2026-03-06 18:47:03] ✅ VPN 已连接
[2026-03-06 18:48:03] ✅ VPN 已连接
[2026-03-06 18:49:03] ✅ VPN 已连接
[2026-03-06 18:50:03] ✅ VPN 已连接
[2026-03-06 18:51:03] ✅ VPN 已连接
[2026-03-06 18:52:03] ✅ VPN 已连接
[2026-03-06 18:53:03] ✅ VPN 已连接
[2026-03-06 18:54:03] ✅ VPN 已连接
[2026-03-06 18:55:03] ✅ VPN 已连接
[2026-03-06 18:56:03] ✅ VPN 已连接
[2026-03-06 18:57:03] ✅ VPN 已连接
[2026-03-06 18:58:03] ✅ VPN 已连接
[2026-03-06 18:59:03] ✅ VPN 已连接
[2026-03-06 19:00:03] ✅ VPN 已连接
[2026-03-06 19:01:03] ✅ VPN 已连接
[2026-03-06 19:02:03] ✅ VPN 已连接
[2026-03-06 19:03:04] ✅ VPN 已连接
[2026-03-06 19:04:04] ✅ VPN 已连接
[2026-03-06 19:05:04] ✅ VPN 已连接
[2026-03-06 19:06:04] ✅ VPN 已连接
[2026-03-06 19:07:04] ✅ VPN 已连接
[2026-03-06 19:08:04] ✅ VPN 已连接
[2026-03-06 19:09:04] ✅ VPN 已连接
[2026-03-06 19:10:04] ✅ VPN 已连接
[2026-03-06 19:11:04] ✅ VPN 已连接
[2026-03-06 19:12:04] ✅ VPN 已连接
[2026-03-06 19:13:04] ✅ VPN 已连接
[2026-03-06 19:14:04] ✅ VPN 已连接
[2026-03-06 19:15:04] ✅ VPN 已连接
[2026-03-06 19:16:04] ✅ VPN 已连接
[2026-03-06 19:17:04] ✅ VPN 已连接
[2026-03-06 19:18:04] ✅ VPN 已连接
[2026-03-06 19:19:04] ✅ VPN 已连接
[2026-03-06 19:20:04] ✅ VPN 已连接
[2026-03-06 19:21:04] ✅ VPN 已连接
[2026-03-06 19:22:04] ✅ VPN 已连接
[2026-03-06 19:23:04] ✅ VPN 已连接
[2026-03-06 19:24:05] ✅ VPN 已连接
[2026-03-06 19:25:05] ✅ VPN 已连接
[2026-03-06 19:26:05] ✅ VPN 已连接
[2026-03-06 19:27:05] ✅ VPN 已连接
[2026-03-06 19:28:05] ✅ VPN 已连接
[2026-03-06 19:29:05] ✅ VPN 已连接
[2026-03-06 19:30:05] ✅ VPN 已连接
[2026-03-06 19:31:05] ✅ VPN 已连接
[2026-03-06 19:32:05] ✅ VPN 已连接
[2026-03-06 19:33:05] ✅ VPN 已连接
[2026-03-06 19:34:05] ✅ VPN 已连接
[2026-03-06 19:35:05] ✅ VPN 已连接
[2026-03-06 19:36:05] ✅ VPN 已连接
[2026-03-06 19:37:05] ✅ VPN 已连接
[2026-03-06 19:38:05] ✅ VPN 已连接
[2026-03-06 19:39:05] ✅ VPN 已连接
[2026-03-06 19:40:05] ✅ VPN 已连接
[2026-03-06 19:41:05] ✅ VPN 已连接
[2026-03-06 19:42:05] ✅ VPN 已连接
[2026-03-06 19:43:05] ✅ VPN 已连接
[2026-03-06 19:44:05] ✅ VPN 已连接
[2026-03-06 19:45:06] ✅ VPN 已连接
[2026-03-06 19:46:06] ✅ VPN 已连接
[2026-03-06 19:47:06] ✅ VPN 已连接
[2026-03-06 19:48:06] ✅ VPN 已连接
[2026-03-06 19:49:06] ✅ VPN 已连接
[2026-03-06 19:50:06] ✅ VPN 已连接
[2026-03-06 19:51:06] ✅ VPN 已连接
[2026-03-06 19:52:06] ✅ VPN 已连接
[2026-03-06 19:53:06] ✅ VPN 已连接
[2026-03-06 19:54:06] ✅ VPN 已连接
[2026-03-06 19:55:06] ❌ VPN 未连接，触发重连...
[2026-03-06 19:55:06] ========== VPN 重连开始 ==========
[2026-03-06 19:55:06] 尝试 1/3...
[2026-03-06 19:55:06] 启动 FortiClient GUI...
[2026-03-06 19:55:06] FortiClient 已在运行，先关闭...
[2026-03-06 19:55:11] ❌ FortiClient GUI 启动失败
[2026-03-06 19:55:11] 重试 1 失败：无法启动 FortiClient
[2026-03-06 19:55:21] 尝试 2/3...
[2026-03-06 19:55:21] 启动 FortiClient GUI...
[2026-03-06 19:55:24] ❌ FortiClient GUI 启动失败
[2026-03-06 19:55:24] 重试 2 失败：无法启动 FortiClient
[2026-03-06 19:55:34] 尝试 3/3...
[2026-03-06 19:55:34] 启动 FortiClient GUI...
[2026-03-06 19:55:37] ❌ FortiClient GUI 启动失败
[2026-03-06 19:55:37] 重试 3 失败：无法启动 FortiClient
[2026-03-06 19:55:47] ❌ VPN 重连失败（已尝试 3 次）
[2026-03-06 19:55:47] ========== VPN 重连失败 ==========
[2026-03-06 19:56:47] ❌ VPN 未连接，触发重连...
[2026-03-06 19:56:47] ========== VPN 重连开始 ==========
[2026-03-06 19:56:47] 尝试 1/3...
[2026-03-06 19:56:47] 启动 FortiClient GUI...
[2026-03-06 19:56:47] FortiClient 已在运行，先关闭...
[2026-03-06 19:56:52] ❌ FortiClient GUI 启动失败
[2026-03-06 19:56:52] 重试 1 失败：无法启动 FortiClient
[2026-03-06 19:57:02] 尝试 2/3...
[2026-03-06 19:57:02] 启动 FortiClient GUI...
[2026-03-06 19:57:05] ❌ FortiClient GUI 启动失败
[2026-03-06 19:57:05] 重试 2 失败：无法启动 FortiClient
[2026-03-06 19:57:15] 尝试 3/3...
[2026-03-06 19:57:15] 启动 FortiClient GUI...
[2026-03-06 19:57:18] ❌ FortiClient GUI 启动失败
[2026-03-06 19:57:18] 重试 3 失败：无法启动 FortiClient
[2026-03-06 19:57:28] ❌ VPN 重连失败（已尝试 3 次）
[2026-03-06 19:57:28] ========== VPN 重连失败 ==========
[2026-03-06 19:58:28] ❌ VPN 未连接，触发重连...
[2026-03-06 19:58:28] ========== VPN 重连开始 ==========
[2026-03-06 19:58:28] 尝试 1/3...
[2026-03-06 19:58:28] 启动 FortiClient GUI...
[2026-03-06 19:58:31] ❌ FortiClient GUI 启动失败
[2026-03-06 19:58:31] 重试 1 失败：无法启动 FortiClient
[2026-03-06 19:58:41] 尝试 2/3...
[2026-03-06 19:58:41] 启动 FortiClient GUI...
[2026-03-06 19:58:44] ❌ FortiClient GUI 启动失败
[2026-03-06 19:58:44] 重试 2 失败：无法启动 FortiClient
[2026-03-06 19:58:54] 尝试 3/3...
[2026-03-06 19:58:54] 启动 FortiClient GUI...
[2026-03-06 19:58:58] ❌ FortiClient GUI 启动失败
[2026-03-06 19:58:58] 重试 3 失败：无法启动 FortiClient
[2026-03-06 19:59:08] ❌ VPN 重连失败（已尝试 3 次）
[2026-03-06 19:59:08] ========== VPN 重连失败 ==========
[2026-03-06 20:00:08] ✅ VPN 已连接
[2026-03-06 20:01:08] ✅ VPN 已连接
[2026-03-06 20:02:08] ✅ VPN 已连接
[2026-03-06 20:03:08] ✅ VPN 已连接
[2026-03-06 20:04:08] ✅ VPN 已连接
[2026-03-06 20:05:08] ✅ VPN 已连接
[2026-03-06 20:06:08] ✅ VPN 已连接
[2026-03-06 20:07:08] ✅ VPN 已连接
[2026-03-06 20:08:08] ✅ VPN 已连接
[2026-03-06 20:09:08] ✅ VPN 已连接
[2026-03-06 20:10:08] ✅ VPN 已连接
[2026-03-06 20:11:08] ✅ VPN 已连接
[2026-03-06 20:12:08] ✅ VPN 已连接
[2026-03-06 20:13:08] ✅ VPN 已连接
[2026-03-06 20:14:08] ✅ VPN 已连接
[2026-03-06 20:15:08] ✅ VPN 已连接
[2026-03-06 20:16:08] ✅ VPN 已连接
[2026-03-06 20:17:08] ✅ VPN 已连接
[2026-03-06 20:18:08] ✅ VPN 已连接
[2026-03-06 20:19:09] ✅ VPN 已连接
[2026-03-06 20:20:09] ✅ VPN 已连接
[2026-03-06 20:21:09] ✅ VPN 已连接
[2026-03-06 20:22:09] ✅ VPN 已连接
[2026-03-06 20:23:09] ✅ VPN 已连接
[2026-03-06 20:24:09] ✅ VPN 已连接
[2026-03-06 20:25:09] ✅ VPN 已连接
[2026-03-06 20:26:09] ✅ VPN 已连接
[2026-03-06 20:27:09] ✅ VPN 已连接
[2026-03-06 20:28:09] ✅ VPN 已连接
[2026-03-06 20:29:09] ✅ VPN 已连接
[2026-03-06 20:30:09] ✅ VPN 已连接
[2026-03-06 20:31:09] ✅ VPN 已连接
[2026-03-06 20:32:09] ✅ VPN 已连接
[2026-03-06 20:33:09] ✅ VPN 已连接
[2026-03-06 20:34:09] ✅ VPN 已连接
[2026-03-06 20:35:09] ✅ VPN 已连接
[2026-03-06 20:36:09] ✅ VPN 已连接
[2026-03-06 20:37:09] ✅ VPN 已连接
[2026-03-06 20:38:09] ✅ VPN 已连接
[2026-03-06 20:39:09] ✅ VPN 已连接
[2026-03-06 20:40:09] ✅ VPN 已连接
[2026-03-06 20:41:10] ✅ VPN 已连接
[2026-03-06 20:42:10] ✅ VPN 已连接
[2026-03-06 20:43:10] ✅ VPN 已连接
[2026-03-06 20:44:10] ✅ VPN 已连接
[2026-03-06 20:45:10] ✅ VPN 已连接
[2026-03-06 20:46:10] ✅ VPN 已连接
[2026-03-06 20:47:10] ✅ VPN 已连接
[2026-03-06 20:48:10] ✅ VPN 已连接
[2026-03-06 20:49:10] ✅ VPN 已连接
[2026-03-06 20:50:10] ✅ VPN 已连接
[2026-03-06 20:51:10] ✅ VPN 已连接
[2026-03-06 20:52:10] ✅ VPN 已连接
[2026-03-06 20:53:10] ✅ VPN 已连接
[2026-03-06 20:54:10] ✅ VPN 已连接
[2026-03-06 20:55:10] ✅ VPN 已连接
[2026-03-06 20:56:10] ✅ VPN 已连接
[2026-03-06 20:57:10] ✅ VPN 已连接
[2026-03-06 20:58:10] ✅ VPN 已连接
[2026-03-06 20:59:10] ✅ VPN 已连接
[2026-03-06 21:00:10] ✅ VPN 已连接
[2026-03-06 21:01:10] ✅ VPN 已连接
[2026-03-06 21:02:11] ✅ VPN 已连接
[2026-03-06 21:03:11] ✅ VPN 已连接
[2026-03-06 21:04:11] ✅ VPN 已连接
[2026-03-06 21:05:11] ✅ VPN 已连接
[2026-03-06 21:06:11] ✅ VPN 已连接
[2026-03-06 21:07:11] ✅ VPN 已连接
[2026-03-06 21:08:11] ✅ VPN 已连接
[2026-03-06 21:09:11] ✅ VPN 已连接
[2026-03-06 21:10:11] ✅ VPN 已连接
[2026-03-06 21:11:11] ✅ VPN 已连接
[2026-03-06 21:12:11] ✅ VPN 已连接
[2026-03-06 21:13:11] ✅ VPN 已连接
[2026-03-06 21:14:11] ✅ VPN 已连接
[2026-03-06 21:15:11] ✅ VPN 已连接
[2026-03-06 21:16:11] ✅ VPN 已连接
[2026-03-06 21:17:11] ✅ VPN 已连接
[2026-03-06 21:18:11] ✅ VPN 已连接
[2026-03-06 21:19:11] ✅ VPN 已连接
[2026-03-06 21:20:11] ✅ VPN 已连接
[2026-03-06 21:21:11] ✅ VPN 已连接
[2026-03-06 21:22:11] ✅ VPN 已连接
[2026-03-06 21:23:12] ✅ VPN 已连接
[2026-03-06 21:24:12] ✅ VPN 已连接
[2026-03-06 21:25:12] ✅ VPN 已连接
[2026-03-06 21:26:12] ✅ VPN 已连接
[2026-03-06 21:27:12] ✅ VPN 已连接
[2026-03-06 21:28:12] ✅ VPN 已连接
[2026-03-06 21:29:12] ✅ VPN 已连接
[2026-03-06 21:30:12] ✅ VPN 已连接
[2026-03-06 21:31:12] ✅ VPN 已连接
[2026-03-06 21:32:12] ✅ VPN 已连接
[2026-03-06 21:33:12] ✅ VPN 已连接
[2026-03-06 21:34:12] ✅ VPN 已连接
[2026-03-06 21:35:12] ✅ VPN 已连接
[2026-03-06 21:36:12] ✅ VPN 已连接
[2026-03-06 21:37:12] ✅ VPN 已连接
[2026-03-06 21:38:12] ✅ VPN 已连接
[2026-03-06 21:39:12] ✅ VPN 已连接
[2026-03-06 21:40:12] ✅ VPN 已连接
[2026-03-06 21:41:12] ✅ VPN 已连接
[2026-03-06 21:42:12] ✅ VPN 已连接
[2026-03-06 21:43:12] ✅ VPN 已连接
[2026-03-06 21:44:13] ✅ VPN 已连接
[2026-03-06 21:45:13] ✅ VPN 已连接
[2026-03-06 21:46:13] ✅ VPN 已连接
[2026-03-06 21:47:13] ✅ VPN 已连接
[2026-03-06 21:48:13] ✅ VPN 已连接
[2026-03-06 21:49:13] ✅ VPN 已连接
[2026-03-06 21:50:13] ✅ VPN 已连接
[2026-03-06 21:51:13] ✅ VPN 已连接
[2026-03-06 21:52:13] ✅ VPN 已连接
[2026-03-06 21:53:13] ✅ VPN 已连接
[2026-03-06 21:54:13] ✅ VPN 已连接
[2026-03-06 21:55:13] ✅ VPN 已连接
[2026-03-06 21:56:13] ✅ VPN 已连接
[2026-03-06 21:57:13] ✅ VPN 已连接
[2026-03-06 21:58:13] ✅ VPN 已连接
[2026-03-06 21:59:13] ✅ VPN 已连接
[2026-03-06 22:00:13] ✅ VPN 已连接
[2026-03-06 22:01:13] ✅ VPN 已连接
[2026-03-06 22:02:13] ✅ VPN 已连接
[2026-03-06 22:03:13] ✅ VPN 已连接
[2026-03-06 22:04:14] ✅ VPN 已连接
[2026-03-06 22:05:14] ✅ VPN 已连接
[2026-03-06 22:06:14] ✅ VPN 已连接
[2026-03-06 22:07:14] ✅ VPN 已连接
[2026-03-06 22:08:14] ✅ VPN 已连接
[2026-03-06 22:09:14] ✅ VPN 已连接
[2026-03-06 22:10:14] ✅ VPN 已连接
[2026-03-06 22:11:14] ✅ VPN 已连接
[2026-03-06 22:12:14] ✅ VPN 已连接
[2026-03-06 22:13:14] ✅ VPN 已连接
[2026-03-06 22:14:14] ✅ VPN 已连接
[2026-03-06 22:15:14] ✅ VPN 已连接
[2026-03-06 22:16:14] ✅ VPN 已连接
[2026-03-06 22:17:14] ✅ VPN 已连接
[2026-03-06 22:18:14] ✅ VPN 已连接
[2026-03-06 22:19:14] ✅ VPN 已连接
[2026-03-06 22:20:14] ✅ VPN 已连接
[2026-03-06 22:21:14] ✅ VPN 已连接
[2026-03-06 22:22:14] ✅ VPN 已连接
[2026-03-06 22:23:14] ✅ VPN 已连接
[2026-03-06 22:24:14] ✅ VPN 已连接
[2026-03-06 22:25:14] ✅ VPN 已连接
[2026-03-06 22:26:15] ✅ VPN 已连接
[2026-03-06 22:27:15] ✅ VPN 已连接
[2026-03-06 22:28:15] ✅ VPN 已连接
[2026-03-06 22:29:15] ✅ VPN 已连接
[2026-03-06 22:30:15] ✅ VPN 已连接
[2026-03-06 22:31:15] ✅ VPN 已连接
[2026-03-06 22:32:15] ✅ VPN 已连接
[2026-03-06 22:33:15] ✅ VPN 已连接
[2026-03-06 22:34:15] ✅ VPN 已连接
[2026-03-06 22:35:15] ✅ VPN 已连接
[2026-03-06 22:36:15] ✅ VPN 已连接
[2026-03-06 22:37:15] ✅ VPN 已连接
[2026-03-06 22:38:15] ✅ VPN 已连接
[2026-03-06 22:39:15] ✅ VPN 已连接
[2026-03-06 22:40:15] ✅ VPN 已连接
[2026-03-06 22:41:15] ✅ VPN 已连接
[2026-03-06 22:42:15] ✅ VPN 已连接
[2026-03-06 22:43:15] ✅ VPN 已连接
[2026-03-06 22:44:15] ✅ VPN 已连接
[2026-03-06 22:45:15] ✅ VPN 已连接
[2026-03-06 22:46:15] ✅ VPN 已连接
[2026-03-06 22:47:15] ✅ VPN 已连接
[2026-03-06 22:48:16] ✅ VPN 已连接
[2026-03-06 22:49:16] ✅ VPN 已连接
[2026-03-06 22:50:16] ✅ VPN 已连接
[2026-03-06 22:51:16] ✅ VPN 已连接
[2026-03-06 22:52:16] ✅ VPN 已连接
[2026-03-06 22:53:16] ✅ VPN 已连接
[2026-03-06 22:54:16] ✅ VPN 已连接
[2026-03-06 22:55:16] ✅ VPN 已连接
[2026-03-06 22:56:16] ✅ VPN 已连接
[2026-03-06 22:57:16] ✅ VPN 已连接
[2026-03-06 22:58:16] ✅ VPN 已连接
[2026-03-06 22:59:16] ✅ VPN 已连接
[2026-03-06 23:00:16] ✅ VPN 已连接
[2026-03-06 23:01:16] ✅ VPN 已连接
[2026-03-06 23:02:16] ✅ VPN 已连接
[2026-03-06 23:03:16] ✅ VPN 已连接
[2026-03-06 23:04:16] ✅ VPN 已连接
[2026-03-06 23:05:16] ✅ VPN 已连接
[2026-03-06 23:06:16] ✅ VPN 已连接
[2026-03-06 23:07:16] ✅ VPN 已连接
[2026-03-06 23:08:16] ✅ VPN 已连接
[2026-03-06 23:09:17] ✅ VPN 已连接
[2026-03-06 23:10:17] ✅ VPN 已连接
[2026-03-06 23:11:17] ✅ VPN 已连接
[2026-03-06 23:12:17] ✅ VPN 已连接
[2026-03-06 23:13:17] ✅ VPN 已连接
[2026-03-06 23:14:17] ✅ VPN 已连接
[2026-03-06 23:15:17] ✅ VPN 已连接
[2026-03-06 23:16:17] ✅ VPN 已连接
[2026-03-06 23:17:17] ✅ VPN 已连接
[2026-03-06 23:18:17] ✅ VPN 已连接
[2026-03-06 23:19:17] ✅ VPN 已连接
[2026-03-06 23:20:17] ✅ VPN 已连接
[2026-03-06 23:21:17] ✅ VPN 已连接
[2026-03-06 23:22:17] ✅ VPN 已连接
[2026-03-06 23:23:17] ✅ VPN 已连接
[2026-03-06 23:24:17] ✅ VPN 已连接
[2026-03-06 23:25:17] ✅ VPN 已连接
[2026-03-06 23:26:17] ✅ VPN 已连接
[2026-03-06 23:27:17] ✅ VPN 已连接
[2026-03-06 23:28:17] ✅ VPN 已连接
[2026-03-06 23:29:18] ✅ VPN 已连接
[2026-03-06 23:30:18] ✅ VPN 已连接
[2026-03-06 23:31:18] ✅ VPN 已连接
[2026-03-06 23:32:18] ✅ VPN 已连接
[2026-03-06 23:33:18] ✅ VPN 已连接
[2026-03-06 23:34:18] ✅ VPN 已连接
[2026-03-06 23:35:18] ✅ VPN 已连接
[2026-03-06 23:36:18] ✅ VPN 已连接
[2026-03-06 23:37:18] ✅ VPN 已连接
[2026-03-06 23:38:18] ✅ VPN 已连接
[2026-03-06 23:39:18] ✅ VPN 已连接
[2026-03-06 23:40:18] ✅ VPN 已连接
[2026-03-06 23:41:18] ✅ VPN 已连接
[2026-03-06 23:42:18] ✅ VPN 已连接
[2026-03-06 23:43:18] ✅ VPN 已连接
[2026-03-06 23:44:18] ✅ VPN 已连接
[2026-03-06 23:45:18] ✅ VPN 已连接
[2026-03-06 23:46:18] ✅ VPN 已连接
[2026-03-06 23:47:18] ✅ VPN 已连接
[2026-03-06 23:48:18] ✅ VPN 已连接
[2026-03-06 23:49:18] ✅ VPN 已连接
[2026-03-06 23:50:19] ✅ VPN 已连接
[2026-03-06 23:51:19] ✅ VPN 已连接
[2026-03-06 23:52:19] ✅ VPN 已连接
[2026-03-06 23:53:19] ✅ VPN 已连接
[2026-03-06 23:54:19] ✅ VPN 已连接
[2026-03-06 23:55:19] ✅ VPN 已连接
[2026-03-06 23:56:19] ✅ VPN 已连接
[2026-03-06 23:57:19] ✅ VPN 已连接
[2026-03-06 23:58:19] ✅ VPN 已连接
[2026-03-06 23:59:19] ✅ VPN 已连接
[2026-03-07 00:00:19] ✅ VPN 已连接
[2026-03-07 00:01:19] ✅ VPN 已连接
[2026-03-07 00:02:19] ✅ VPN 已连接
[2026-03-07 00:03:19] ✅ VPN 已连接
[2026-03-07 00:04:19] ✅ VPN 已连接
[2026-03-07 00:05:19] ✅ VPN 已连接
[2026-03-07 00:06:19] ✅ VPN 已连接
[2026-03-07 00:07:19] ✅ VPN 已连接
[2026-03-07 00:08:19] ✅ VPN 已连接
[2026-03-07 00:09:19] ✅ VPN 已连接
[2026-03-07 00:10:19] ✅ VPN 已连接
[2026-03-07 00:11:19] ✅ VPN 已连接
[2026-03-07 00:12:20] ✅ VPN 已连接
[2026-03-07 00:13:20] ✅ VPN 已连接
[2026-03-07 00:14:20] ✅ VPN 已连接
[2026-03-07 00:15:20] ✅ VPN 已连接
[2026-03-07 00:16:20] ✅ VPN 已连接
[2026-03-07 00:17:20] ✅ VPN 已连接
[2026-03-07 00:18:20] ✅ VPN 已连接
[2026-03-07 00:19:20] ✅ VPN 已连接
[2026-03-07 00:20:20] ✅ VPN 已连接
[2026-03-07 00:21:20] ✅ VPN 已连接
[2026-03-07 00:22:20] ✅ VPN 已连接
[2026-03-07 00:23:20] ✅ VPN 已连接
[2026-03-07 00:24:20] ✅ VPN 已连接
[2026-03-07 00:25:20] ✅ VPN 已连接
[2026-03-07 00:26:20] ✅ VPN 已连接
[2026-03-07 00:27:20] ✅ VPN 已连接
[2026-03-07 00:28:20] ✅ VPN 已连接
[2026-03-07 00:29:20] ✅ VPN 已连接
[2026-03-07 00:30:20] ✅ VPN 已连接
[2026-03-07 00:31:20] ✅ VPN 已连接
[2026-03-07 00:32:21] ✅ VPN 已连接
[2026-03-07 00:33:21] ✅ VPN 已连接
[2026-03-07 00:34:21] ✅ VPN 已连接
[2026-03-07 00:35:21] ✅ VPN 已连接
[2026-03-07 00:36:21] ✅ VPN 已连接
[2026-03-07 00:37:21] ✅ VPN 已连接
[2026-03-07 00:38:21] ✅ VPN 已连接
[2026-03-07 00:39:21] ✅ VPN 已连接
[2026-03-07 00:40:21] ✅ VPN 已连接
[2026-03-07 00:41:21] ✅ VPN 已连接
[2026-03-07 00:42:21] ✅ VPN 已连接
[2026-03-07 00:43:21] ✅ VPN 已连接
[2026-03-07 00:44:21] ✅ VPN 已连接
[2026-03-07 00:45:21] ✅ VPN 已连接
[2026-03-07 00:46:21] ✅ VPN 已连接
[2026-03-07 00:47:21] ✅ VPN 已连接
[2026-03-07 00:48:21] ✅ VPN 已连接
[2026-03-07 00:49:21] ✅ VPN 已连接
[2026-03-07 00:50:21] ✅ VPN 已连接
[2026-03-07 00:51:21] ✅ VPN 已连接
[2026-03-07 00:52:21] ✅ VPN 已连接
[2026-03-07 00:53:21] ✅ VPN 已连接
[2026-03-07 00:54:22] ✅ VPN 已连接
[2026-03-07 00:55:22] ✅ VPN 已连接
[2026-03-07 00:56:22] ✅ VPN 已连接
[2026-03-07 00:57:22] ✅ VPN 已连接
[2026-03-07 00:58:22] ✅ VPN 已连接
[2026-03-07 00:59:22] ✅ VPN 已连接
[2026-03-07 01:00:22] ✅ VPN 已连接
[2026-03-07 01:01:22] ✅ VPN 已连接
[2026-03-07 01:02:22] ✅ VPN 已连接
[2026-03-07 01:03:22] ✅ VPN 已连接
[2026-03-07 01:04:22] ✅ VPN 已连接
[2026-03-07 01:05:22] ✅ VPN 已连接
[2026-03-07 01:06:22] ✅ VPN 已连接
[2026-03-07 01:07:22] ✅ VPN 已连接
[2026-03-07 01:08:22] ✅ VPN 已连接
[2026-03-07 01:09:22] ✅ VPN 已连接
[2026-03-07 01:10:22] ✅ VPN 已连接
[2026-03-07 01:11:22] ✅ VPN 已连接
[2026-03-07 01:12:22] ✅ VPN 已连接
[2026-03-07 01:13:22] ✅ VPN 已连接
[2026-03-07 01:14:22] ✅ VPN 已连接
[2026-03-07 01:15:23] ✅ VPN 已连接
[2026-03-07 01:16:23] ✅ VPN 已连接
[2026-03-07 01:17:23] ✅ VPN 已连接
[2026-03-07 01:18:23] ✅ VPN 已连接
[2026-03-07 01:19:23] ✅ VPN 已连接
[2026-03-07 01:20:23] ✅ VPN 已连接
[2026-03-07 01:21:23] ✅ VPN 已连接
[2026-03-07 01:22:23] ✅ VPN 已连接
[2026-03-07 01:23:23] ✅ VPN 已连接
[2026-03-07 01:24:23] ✅ VPN 已连接
[2026-03-07 01:25:23] ✅ VPN 已连接
[2026-03-07 01:26:23] ✅ VPN 已连接
[2026-03-07 01:27:23] ✅ VPN 已连接
[2026-03-07 01:28:23] ✅ VPN 已连接
[2026-03-07 01:29:23] ✅ VPN 已连接
[2026-03-07 01:30:23] ✅ VPN 已连接
[2026-03-07 01:31:23] ✅ VPN 已连接
[2026-03-07 01:32:23] ✅ VPN 已连接
[2026-03-07 01:33:23] ✅ VPN 已连接
[2026-03-07 01:34:23] ✅ VPN 已连接
[2026-03-07 01:35:23] ✅ VPN 已连接
[2026-03-07 01:36:24] ✅ VPN 已连接
[2026-03-07 01:37:24] ✅ VPN 已连接
[2026-03-07 01:38:24] ✅ VPN 已连接
[2026-03-07 01:39:24] ✅ VPN 已连接
[2026-03-07 01:40:24] ✅ VPN 已连接
[2026-03-07 01:41:24] ✅ VPN 已连接
[2026-03-07 01:42:24] ✅ VPN 已连接
[2026-03-07 01:43:24] ✅ VPN 已连接
[2026-03-07 01:44:24] ✅ VPN 已连接
[2026-03-07 01:45:24] ✅ VPN 已连接
[2026-03-07 01:46:24] ✅ VPN 已连接
[2026-03-07 01:47:24] ✅ VPN 已连接
[2026-03-07 01:48:24] ✅ VPN 已连接
[2026-03-07 01:49:24] ✅ VPN 已连接
[2026-03-07 01:50:24] ✅ VPN 已连接
[2026-03-07 01:51:24] ✅ VPN 已连接
[2026-03-07 01:52:24] ✅ VPN 已连接
[2026-03-07 01:53:24] ✅ VPN 已连接
[2026-03-07 01:54:24] ✅ VPN 已连接
[2026-03-07 01:55:24] ✅ VPN 已连接
[2026-03-07 01:56:24] ✅ VPN 已连接
[2026-03-07 01:57:25] ✅ VPN 已连接
[2026-03-07 01:58:25] ✅ VPN 已连接
[2026-03-07 01:59:25] ✅ VPN 已连接
[2026-03-07 02:00:25] ✅ VPN 已连接
[2026-03-07 02:01:25] ✅ VPN 已连接
[2026-03-07 02:02:25] ✅ VPN 已连接
[2026-03-07 02:03:25] ✅ VPN 已连接
[2026-03-07 02:04:25] ✅ VPN 已连接
[2026-03-07 02:05:25] ✅ VPN 已连接
[2026-03-07 02:06:25] ✅ VPN 已连接
[2026-03-07 02:07:25] ✅ VPN 已连接
[2026-03-07 02:08:25] ✅ VPN 已连接
[2026-03-07 02:09:25] ✅ VPN 已连接
[2026-03-07 02:10:25] ✅ VPN 已连接
[2026-03-07 02:11:25] ✅ VPN 已连接
[2026-03-07 02:12:25] ✅ VPN 已连接
[2026-03-07 02:13:25] ✅ VPN 已连接
[2026-03-07 02:14:25] ✅ VPN 已连接
[2026-03-07 02:15:25] ✅ VPN 已连接
[2026-03-07 02:16:25] ✅ VPN 已连接
[2026-03-07 02:17:25] ✅ VPN 已连接
[2026-03-07 02:18:25] ✅ VPN 已连接
[2026-03-07 02:19:26] ✅ VPN 已连接
[2026-03-07 02:20:26] ✅ VPN 已连接
[2026-03-07 02:21:26] ✅ VPN 已连接
[2026-03-07 02:22:26] ✅ VPN 已连接
[2026-03-07 02:23:26] ✅ VPN 已连接
[2026-03-07 02:24:26] ✅ VPN 已连接
[2026-03-07 02:25:26] ✅ VPN 已连接
[2026-03-07 02:26:26] ✅ VPN 已连接
[2026-03-07 02:27:26] ✅ VPN 已连接
[2026-03-07 02:28:26] ✅ VPN 已连接
[2026-03-07 02:29:26] ✅ VPN 已连接
[2026-03-07 02:30:26] ✅ VPN 已连接
[2026-03-07 02:31:26] ✅ VPN 已连接
[2026-03-07 02:32:26] ✅ VPN 已连接
[2026-03-07 02:33:26] ✅ VPN 已连接
[2026-03-07 02:34:26] ✅ VPN 已连接
[2026-03-07 02:35:26] ✅ VPN 已连接
[2026-03-07 02:36:26] ✅ VPN 已连接
[2026-03-07 02:37:26] ✅ VPN 已连接
[2026-03-07 02:38:26] ✅ VPN 已连接
[2026-03-07 02:39:26] ✅ VPN 已连接
[2026-03-07 02:40:27] ✅ VPN 已连接
[2026-03-07 02:41:27] ✅ VPN 已连接
[2026-03-07 02:42:27] ✅ VPN 已连接
[2026-03-07 02:43:27] ✅ VPN 已连接
[2026-03-07 02:44:27] ✅ VPN 已连接
[2026-03-07 02:45:27] ✅ VPN 已连接
[2026-03-07 02:46:27] ✅ VPN 已连接
[2026-03-07 02:47:27] ✅ VPN 已连接
[2026-03-07 02:48:27] ✅ VPN 已连接
[2026-03-07 02:49:27] ✅ VPN 已连接
[2026-03-07 02:50:27] ✅ VPN 已连接
[2026-03-07 02:51:27] ✅ VPN 已连接
[2026-03-07 02:52:27] ✅ VPN 已连接
[2026-03-07 02:53:27] ✅ VPN 已连接
[2026-03-07 02:54:27] ✅ VPN 已连接
[2026-03-07 02:55:27] ✅ VPN 已连接
[2026-03-07 02:56:27] ✅ VPN 已连接
[2026-03-07 02:57:27] ✅ VPN 已连接
[2026-03-07 02:58:27] ✅ VPN 已连接
[2026-03-07 02:59:27] ✅ VPN 已连接
[2026-03-07 03:00:27] ✅ VPN 已连接
[2026-03-07 03:01:28] ✅ VPN 已连接
[2026-03-07 03:02:28] ✅ VPN 已连接
[2026-03-07 03:03:28] ✅ VPN 已连接
[2026-03-07 03:04:28] ✅ VPN 已连接
[2026-03-07 03:05:28] ✅ VPN 已连接
[2026-03-07 03:06:28] ✅ VPN 已连接
[2026-03-07 03:07:28] ✅ VPN 已连接
[2026-03-07 03:08:28] ✅ VPN 已连接
[2026-03-07 03:09:28] ✅ VPN 已连接
[2026-03-07 03:10:28] ✅ VPN 已连接
[2026-03-07 03:11:28] ✅ VPN 已连接
[2026-03-07 03:12:28] ✅ VPN 已连接
[2026-03-07 03:13:28] ✅ VPN 已连接
[2026-03-07 03:14:28] ✅ VPN 已连接
[2026-03-07 03:15:28] ✅ VPN 已连接
[2026-03-07 03:16:28] ✅ VPN 已连接
[2026-03-07 03:17:28] ✅ VPN 已连接
[2026-03-07 03:18:28] ✅ VPN 已连接
[2026-03-07 03:19:28] ✅ VPN 已连接
[2026-03-07 03:20:28] ✅ VPN 已连接
[2026-03-07 03:21:28] ✅ VPN 已连接
[2026-03-07 03:22:28] ✅ VPN 已连接
[2026-03-07 03:23:29] ✅ VPN 已连接
[2026-03-07 03:24:29] ✅ VPN 已连接
[2026-03-07 03:25:29] ✅ VPN 已连接
[2026-03-07 03:26:29] ✅ VPN 已连接
[2026-03-07 03:27:29] ✅ VPN 已连接
[2026-03-07 03:28:29] ✅ VPN 已连接
[2026-03-07 03:29:29] ✅ VPN 已连接
[2026-03-07 03:30:29] ✅ VPN 已连接
[2026-03-07 03:31:29] ✅ VPN 已连接
[2026-03-07 03:32:29] ✅ VPN 已连接
[2026-03-07 03:33:29] ✅ VPN 已连接
[2026-03-07 03:34:29] ✅ VPN 已连接
[2026-03-07 03:35:29] ✅ VPN 已连接
[2026-03-07 03:36:29] ✅ VPN 已连接
[2026-03-07 03:37:29] ✅ VPN 已连接
[2026-03-07 03:38:29] ✅ VPN 已连接
[2026-03-07 03:39:29] ✅ VPN 已连接
[2026-03-07 03:40:29] ✅ VPN 已连接
[2026-03-07 03:41:29] ✅ VPN 已连接
[2026-03-07 03:42:29] ✅ VPN 已连接
[2026-03-07 03:43:29] ✅ VPN 已连接
[2026-03-07 03:44:29] ✅ VPN 已连接
[2026-03-07 03:45:30] ✅ VPN 已连接
[2026-03-07 03:46:30] ✅ VPN 已连接
[2026-03-07 03:47:30] ✅ VPN 已连接
[2026-03-07 03:48:30] ✅ VPN 已连接
[2026-03-07 03:49:30] ✅ VPN 已连接
[2026-03-07 03:50:30] ✅ VPN 已连接
[2026-03-07 03:51:30] ✅ VPN 已连接
[2026-03-07 03:52:30] ✅ VPN 已连接
[2026-03-07 03:53:30] ✅ VPN 已连接
[2026-03-07 03:54:30] ✅ VPN 已连接
[2026-03-07 03:55:30] ✅ VPN 已连接
[2026-03-07 03:56:30] ✅ VPN 已连接
[2026-03-07 03:57:30] ✅ VPN 已连接
[2026-03-07 03:58:30] ✅ VPN 已连接
[2026-03-07 03:59:30] ❌ VPN 未连接，触发重连...
[2026-03-07 03:59:30] ========== VPN 重连开始 ==========
[2026-03-07 03:59:30] 尝试 1/3...
[2026-03-07 03:59:30] 启动 FortiClient GUI...
[2026-03-07 03:59:33] ❌ FortiClient GUI 启动失败
[2026-03-07 03:59:33] 重试 1 失败：无法启动 FortiClient
[2026-03-07 03:59:43] 尝试 2/3...
[2026-03-07 03:59:43] 启动 FortiClient GUI...
[2026-03-07 03:59:46] ❌ FortiClient GUI 启动失败
[2026-03-07 03:59:46] 重试 2 失败：无法启动 FortiClient
[2026-03-07 03:59:56] 尝试 3/3...
[2026-03-07 03:59:56] 启动 FortiClient GUI...
[2026-03-07 03:59:59] ✅ FortiClient GUI 已启动
[2026-03-07 03:59:59] 触发 VPN 连接（Playwright 自动化）...
[2026-03-07 04:01:09] 重试 3 失败：自动登录失败
[2026-03-07 04:01:19] ❌ VPN 重连失败（已尝试 3 次）
[2026-03-07 04:01:19] ========== VPN 重连失败 ==========
[2026-03-07 04:02:19] ✅ VPN 已连接
[2026-03-07 04:03:19] ✅ VPN 已连接
[2026-03-07 04:04:19] ✅ VPN 已连接
[2026-03-07 04:05:19] ✅ VPN 已连接
[2026-03-07 04:06:19] ✅ VPN 已连接
[2026-03-07 04:07:19] ✅ VPN 已连接
[2026-03-07 04:08:19] ✅ VPN 已连接
[2026-03-07 04:09:19] ✅ VPN 已连接
[2026-03-07 04:10:19] ✅ VPN 已连接
[2026-03-07 04:11:19] ✅ VPN 已连接
[2026-03-07 04:12:19] ✅ VPN 已连接
[2026-03-07 04:13:19] ✅ VPN 已连接
[2026-03-07 04:14:19] ✅ VPN 已连接
[2026-03-07 04:15:19] ✅ VPN 已连接
[2026-03-07 04:16:19] ✅ VPN 已连接
[2026-03-07 04:17:19] ✅ VPN 已连接
[2026-03-07 04:18:19] ✅ VPN 已连接
[2026-03-07 04:19:20] ✅ VPN 已连接
[2026-03-07 04:20:20] ✅ VPN 已连接
[2026-03-07 04:21:20] ✅ VPN 已连接
[2026-03-07 04:22:20] ✅ VPN 已连接
[2026-03-07 04:23:20] ✅ VPN 已连接
[2026-03-07 04:24:20] ✅ VPN 已连接
[2026-03-07 04:25:20] ✅ VPN 已连接
[2026-03-07 04:26:20] ✅ VPN 已连接
[2026-03-07 04:27:20] ✅ VPN 已连接
[2026-03-07 04:28:20] ✅ VPN 已连接
[2026-03-07 04:29:20] ✅ VPN 已连接
[2026-03-07 04:30:20] ✅ VPN 已连接
[2026-03-07 04:31:20] ✅ VPN 已连接
[2026-03-07 04:32:20] ✅ VPN 已连接
[2026-03-07 04:33:20] ✅ VPN 已连接
[2026-03-07 04:34:20] ✅ VPN 已连接
[2026-03-07 04:35:20] ✅ VPN 已连接
[2026-03-07 04:36:20] ✅ VPN 已连接
[2026-03-07 04:37:20] ✅ VPN 已连接
[2026-03-07 04:38:20] ✅ VPN 已连接
[2026-03-07 04:39:20] ✅ VPN 已连接
[2026-03-07 04:40:21] ✅ VPN 已连接
[2026-03-07 04:41:21] ✅ VPN 已连接
[2026-03-07 04:42:21] ✅ VPN 已连接
[2026-03-07 04:43:21] ✅ VPN 已连接
[2026-03-07 04:44:21] ✅ VPN 已连接
[2026-03-07 04:45:21] ✅ VPN 已连接
[2026-03-07 04:46:21] ✅ VPN 已连接
[2026-03-07 04:47:21] ✅ VPN 已连接
[2026-03-07 04:48:21] ✅ VPN 已连接
[2026-03-07 04:49:21] ✅ VPN 已连接
[2026-03-07 04:50:21] ✅ VPN 已连接
[2026-03-07 04:51:21] ✅ VPN 已连接
[2026-03-07 04:52:21] ✅ VPN 已连接
[2026-03-07 04:53:21] ✅ VPN 已连接
[2026-03-07 04:54:21] ✅ VPN 已连接
[2026-03-07 04:55:21] ✅ VPN 已连接
[2026-03-07 04:56:21] ✅ VPN 已连接
[2026-03-07 04:57:21] ✅ VPN 已连接
[2026-03-07 04:58:21] ✅ VPN 已连接
[2026-03-07 04:59:21] ✅ VPN 已连接
[2026-03-07 05:00:21] ✅ VPN 已连接
[2026-03-07 05:01:21] ✅ VPN 已连接
[2026-03-07 05:02:22] ✅ VPN 已连接
[2026-03-07 05:03:22] ✅ VPN 已连接
[2026-03-07 05:04:22] ✅ VPN 已连接
[2026-03-07 05:05:22] ✅ VPN 已连接
[2026-03-07 05:06:22] ✅ VPN 已连接
[2026-03-07 05:07:22] ✅ VPN 已连接
[2026-03-07 05:08:22] ✅ VPN 已连接
[2026-03-07 05:09:22] ✅ VPN 已连接
[2026-03-07 05:10:22] ✅ VPN 已连接
[2026-03-07 05:11:22] ✅ VPN 已连接
[2026-03-07 05:12:22] ✅ VPN 已连接
[2026-03-07 05:13:22] ✅ VPN 已连接
[2026-03-07 05:14:22] ✅ VPN 已连接
[2026-03-07 05:15:22] ✅ VPN 已连接
[2026-03-07 05:16:22] ✅ VPN 已连接
[2026-03-07 05:17:22] ✅ VPN 已连接
[2026-03-07 05:18:22] ✅ VPN 已连接
[2026-03-07 05:19:22] ✅ VPN 已连接
[2026-03-07 05:20:22] ✅ VPN 已连接
[2026-03-07 05:21:22] ✅ VPN 已连接
[2026-03-07 05:22:22] ✅ VPN 已连接
[2026-03-07 05:23:22] ✅ VPN 已连接
[2026-03-07 05:24:23] ✅ VPN 已连接
[2026-03-07 05:25:23] ✅ VPN 已连接
[2026-03-07 05:26:23] ✅ VPN 已连接
[2026-03-07 05:27:23] ✅ VPN 已连接
[2026-03-07 05:28:23] ✅ VPN 已连接
[2026-03-07 05:29:23] ✅ VPN 已连接
[2026-03-07 05:30:23] ✅ VPN 已连接
[2026-03-07 05:31:23] ✅ VPN 已连接
[2026-03-07 05:32:23] ✅ VPN 已连接
[2026-03-07 05:33:23] ✅ VPN 已连接
[2026-03-07 05:34:23] ✅ VPN 已连接
[2026-03-07 05:35:23] ✅ VPN 已连接
[2026-03-07 05:36:23] ✅ VPN 已连接
[2026-03-07 05:37:23] ✅ VPN 已连接
[2026-03-07 05:38:23] ✅ VPN 已连接
[2026-03-07 05:39:23] ✅ VPN 已连接
[2026-03-07 05:40:23] ✅ VPN 已连接
[2026-03-07 05:41:23] ✅ VPN 已连接
[2026-03-07 05:42:23] ✅ VPN 已连接
[2026-03-07 05:43:23] ✅ VPN 已连接
[2026-03-07 05:44:24] ✅ VPN 已连接
[2026-03-07 05:45:24] ✅ VPN 已连接
[2026-03-07 05:46:24] ✅ VPN 已连接
[2026-03-07 05:47:24] ✅ VPN 已连接
[2026-03-07 05:48:24] ✅ VPN 已连接
[2026-03-07 05:49:24] ✅ VPN 已连接
[2026-03-07 05:50:24] ✅ VPN 已连接
[2026-03-07 05:51:24] ✅ VPN 已连接
[2026-03-07 05:52:24] ✅ VPN 已连接
[2026-03-07 05:53:24] ✅ VPN 已连接
[2026-03-07 05:54:24] ✅ VPN 已连接
[2026-03-07 05:55:24] ✅ VPN 已连接
[2026-03-07 05:56:24] ✅ VPN 已连接
[2026-03-07 05:57:24] ✅ VPN 已连接
[2026-03-07 05:58:24] ✅ VPN 已连接
[2026-03-07 05:59:24] ✅ VPN 已连接
[2026-03-07 06:00:24] ✅ VPN 已连接
[2026-03-07 06:01:24] ✅ VPN 已连接
[2026-03-07 06:02:24] ✅ VPN 已连接
[2026-03-07 06:03:24] ✅ VPN 已连接
[2026-03-07 06:04:24] ✅ VPN 已连接
[2026-03-07 06:05:24] ✅ VPN 已连接
[2026-03-07 06:06:25] ✅ VPN 已连接
[2026-03-07 06:07:25] ✅ VPN 已连接
[2026-03-07 06:08:25] ✅ VPN 已连接
[2026-03-07 06:09:25] ✅ VPN 已连接
[2026-03-07 06:10:25] ✅ VPN 已连接
[2026-03-07 06:11:25] ✅ VPN 已连接
[2026-03-07 06:12:25] ✅ VPN 已连接
[2026-03-07 06:13:25] ✅ VPN 已连接
[2026-03-07 06:14:25] ✅ VPN 已连接
[2026-03-07 06:15:25] ✅ VPN 已连接
[2026-03-07 06:16:25] ✅ VPN 已连接
[2026-03-07 06:17:25] ✅ VPN 已连接
[2026-03-07 06:18:25] ✅ VPN 已连接
[2026-03-07 06:19:25] ✅ VPN 已连接
[2026-03-07 06:20:25] ✅ VPN 已连接
[2026-03-07 06:21:25] ✅ VPN 已连接
[2026-03-07 06:22:25] ✅ VPN 已连接
[2026-03-07 06:23:25] ✅ VPN 已连接
[2026-03-07 06:24:25] ✅ VPN 已连接
[2026-03-07 06:25:25] ✅ VPN 已连接
[2026-03-07 06:26:26] ✅ VPN 已连接
[2026-03-07 06:27:26] ✅ VPN 已连接
[2026-03-07 06:28:26] ✅ VPN 已连接
[2026-03-07 06:29:26] ✅ VPN 已连接
[2026-03-07 06:30:26] ✅ VPN 已连接
[2026-03-07 06:31:26] ✅ VPN 已连接
[2026-03-07 06:32:26] ✅ VPN 已连接
[2026-03-07 06:33:26] ✅ VPN 已连接
[2026-03-07 06:34:26] ✅ VPN 已连接
[2026-03-07 06:35:26] ✅ VPN 已连接
[2026-03-07 06:36:26] ✅ VPN 已连接
[2026-03-07 06:37:26] ✅ VPN 已连接
[2026-03-07 06:38:26] ✅ VPN 已连接
[2026-03-07 06:39:26] ✅ VPN 已连接
[2026-03-07 06:40:26] ✅ VPN 已连接
[2026-03-07 06:41:26] ✅ VPN 已连接
[2026-03-07 06:42:26] ✅ VPN 已连接
[2026-03-07 06:43:26] ✅ VPN 已连接
[2026-03-07 06:44:26] ✅ VPN 已连接
[2026-03-07 06:45:26] ✅ VPN 已连接
[2026-03-07 06:46:26] ✅ VPN 已连接
[2026-03-07 06:47:26] ✅ VPN 已连接
[2026-03-07 06:48:27] ✅ VPN 已连接
[2026-03-07 06:49:27] ✅ VPN 已连接
[2026-03-07 06:50:27] ✅ VPN 已连接
[2026-03-07 06:51:27] ✅ VPN 已连接
[2026-03-07 06:52:27] ✅ VPN 已连接
[2026-03-07 06:53:27] ✅ VPN 已连接
[2026-03-07 06:54:27] ✅ VPN 已连接
[2026-03-07 06:55:27] ✅ VPN 已连接
[2026-03-07 06:56:27] ✅ VPN 已连接
[2026-03-07 06:57:27] ✅ VPN 已连接
[2026-03-07 06:58:27] ✅ VPN 已连接
[2026-03-07 06:59:27] ✅ VPN 已连接
[2026-03-07 07:00:27] ✅ VPN 已连接
[2026-03-07 07:01:27] ✅ VPN 已连接
[2026-03-07 07:02:27] ✅ VPN 已连接
[2026-03-07 07:03:27] ✅ VPN 已连接
[2026-03-07 07:04:27] ✅ VPN 已连接
[2026-03-07 07:05:27] ✅ VPN 已连接
[2026-03-07 07:06:27] ✅ VPN 已连接
[2026-03-07 07:07:27] ✅ VPN 已连接
[2026-03-07 07:08:28] ✅ VPN 已连接
[2026-03-07 07:09:28] ✅ VPN 已连接
[2026-03-07 07:10:28] ✅ VPN 已连接
[2026-03-07 07:11:28] ✅ VPN 已连接
[2026-03-07 07:12:28] ✅ VPN 已连接
[2026-03-07 07:13:28] ✅ VPN 已连接
[2026-03-07 07:14:28] ✅ VPN 已连接
[2026-03-07 07:15:28] ✅ VPN 已连接
[2026-03-07 07:16:28] ✅ VPN 已连接
[2026-03-07 07:17:28] ✅ VPN 已连接
[2026-03-07 07:18:28] ✅ VPN 已连接
[2026-03-07 07:19:28] ✅ VPN 已连接
[2026-03-07 07:20:28] ✅ VPN 已连接
[2026-03-07 07:21:28] ✅ VPN 已连接
[2026-03-07 07:22:28] ✅ VPN 已连接
[2026-03-07 07:23:28] ✅ VPN 已连接
[2026-03-07 07:24:28] ✅ VPN 已连接
[2026-03-07 07:25:28] ✅ VPN 已连接
[2026-03-07 07:26:28] ✅ VPN 已连接
[2026-03-07 07:27:28] ✅ VPN 已连接
[2026-03-07 07:28:28] ✅ VPN 已连接
[2026-03-07 07:29:29] ✅ VPN 已连接
[2026-03-07 07:30:29] ✅ VPN 已连接
[2026-03-07 07:31:29] ✅ VPN 已连接
[2026-03-07 07:32:29] ✅ VPN 已连接
[2026-03-07 07:33:29] ✅ VPN 已连接
[2026-03-07 07:34:29] ✅ VPN 已连接
[2026-03-07 07:35:29] ✅ VPN 已连接
[2026-03-07 07:36:29] ✅ VPN 已连接
[2026-03-07 07:37:29] ✅ VPN 已连接
[2026-03-07 07:38:29] ✅ VPN 已连接
[2026-03-07 07:39:29] ✅ VPN 已连接
[2026-03-07 07:40:29] ✅ VPN 已连接
[2026-03-07 07:41:29] ✅ VPN 已连接
[2026-03-07 07:42:29] ✅ VPN 已连接
[2026-03-07 07:43:29] ✅ VPN 已连接
[2026-03-07 07:44:29] ✅ VPN 已连接
[2026-03-07 07:45:29] ✅ VPN 已连接
[2026-03-07 07:46:29] ✅ VPN 已连接
[2026-03-07 07:47:29] ✅ VPN 已连接
[2026-03-07 07:48:29] ✅ VPN 已连接
[2026-03-07 07:49:29] ✅ VPN 已连接
[2026-03-07 07:50:29] ✅ VPN 已连接
[2026-03-07 07:51:30] ✅ VPN 已连接
[2026-03-07 07:52:30] ✅ VPN 已连接
[2026-03-07 07:53:30] ✅ VPN 已连接
[2026-03-07 07:54:30] ✅ VPN 已连接
[2026-03-07 07:55:30] ✅ VPN 已连接
[2026-03-07 07:56:30] ✅ VPN 已连接
[2026-03-07 07:57:30] ✅ VPN 已连接
[2026-03-07 07:58:30] ✅ VPN 已连接
[2026-03-07 07:59:30] ✅ VPN 已连接
[2026-03-07 08:00:30] ✅ VPN 已连接
[2026-03-07 08:01:30] ✅ VPN 已连接
[2026-03-07 08:02:30] ✅ VPN 已连接
[2026-03-07 08:03:30] ✅ VPN 已连接
[2026-03-07 08:04:30] ✅ VPN 已连接
[2026-03-07 08:05:30] ✅ VPN 已连接
[2026-03-07 08:06:30] ✅ VPN 已连接
[2026-03-07 08:07:30] ✅ VPN 已连接
[2026-03-07 08:08:30] ✅ VPN 已连接
[2026-03-07 08:09:30] ✅ VPN 已连接
[2026-03-07 08:10:30] ✅ VPN 已连接
[2026-03-07 08:11:30] ✅ VPN 已连接
[2026-03-07 08:12:31] ✅ VPN 已连接
[2026-03-07 08:13:31] ✅ VPN 已连接
[2026-03-07 08:14:31] ✅ VPN 已连接
[2026-03-07 08:15:31] ✅ VPN 已连接
[2026-03-07 08:16:31] ✅ VPN 已连接
[2026-03-07 08:17:31] ✅ VPN 已连接
[2026-03-07 08:18:31] ✅ VPN 已连接
[2026-03-07 08:19:31] ✅ VPN 已连接
[2026-03-07 08:20:31] ✅ VPN 已连接
[2026-03-07 08:21:31] ✅ VPN 已连接
[2026-03-07 08:22:31] ✅ VPN 已连接
[2026-03-07 08:23:31] ✅ VPN 已连接
[2026-03-07 08:24:31] ✅ VPN 已连接
[2026-03-07 08:25:31] ✅ VPN 已连接
[2026-03-07 08:26:31] ✅ VPN 已连接
[2026-03-07 08:27:31] ✅ VPN 已连接
[2026-03-07 08:28:31] ✅ VPN 已连接
[2026-03-07 08:29:31] ✅ VPN 已连接
[2026-03-07 08:30:31] ✅ VPN 已连接
[2026-03-07 08:31:31] ✅ VPN 已连接
[2026-03-07 08:32:31] ✅ VPN 已连接
[2026-03-07 08:33:32] ✅ VPN 已连接
[2026-03-07 08:34:32] ✅ VPN 已连接
[2026-03-07 08:35:32] ✅ VPN 已连接
[2026-03-07 08:36:32] ✅ VPN 已连接
[2026-03-07 08:37:32] ✅ VPN 已连接
[2026-03-07 08:38:32] ✅ VPN 已连接
[2026-03-07 08:39:32] ✅ VPN 已连接
[2026-03-07 08:40:32] ✅ VPN 已连接
[2026-03-07 08:41:32] ✅ VPN 已连接
[2026-03-07 08:42:32] ✅ VPN 已连接
[2026-03-07 08:43:32] ✅ VPN 已连接
[2026-03-07 08:44:32] ✅ VPN 已连接
[2026-03-07 08:45:32] ✅ VPN 已连接
[2026-03-07 08:46:32] ✅ VPN 已连接
[2026-03-07 08:47:32] ✅ VPN 已连接
[2026-03-07 08:48:32] ✅ VPN 已连接
[2026-03-07 08:49:32] ✅ VPN 已连接
[2026-03-07 08:50:32] ✅ VPN 已连接
[2026-03-07 08:51:32] ✅ VPN 已连接
[2026-03-07 08:52:32] ✅ VPN 已连接
[2026-03-07 08:53:32] ✅ VPN 已连接
[2026-03-07 08:54:33] ✅ VPN 已连接
[2026-03-07 08:55:33] ✅ VPN 已连接
[2026-03-07 08:56:33] ✅ VPN 已连接
[2026-03-07 08:57:33] ✅ VPN 已连接
[2026-03-07 08:58:33] ✅ VPN 已连接
[2026-03-07 08:59:33] ✅ VPN 已连接
[2026-03-07 09:00:33] ✅ VPN 已连接
[2026-03-07 09:01:33] ✅ VPN 已连接
[2026-03-07 09:02:33] ✅ VPN 已连接
[2026-03-07 09:03:33] ✅ VPN 已连接
[2026-03-07 09:04:33] ✅ VPN 已连接
[2026-03-07 09:05:33] ✅ VPN 已连接
[2026-03-07 09:06:33] ✅ VPN 已连接
[2026-03-07 09:07:33] ✅ VPN 已连接
[2026-03-07 09:08:33] ✅ VPN 已连接
[2026-03-07 09:09:33] ✅ VPN 已连接
[2026-03-07 09:10:33] ✅ VPN 已连接
[2026-03-07 09:11:33] ✅ VPN 已连接
[2026-03-07 09:12:33] ✅ VPN 已连接
[2026-03-07 09:13:33] ✅ VPN 已连接
[2026-03-07 09:14:33] ✅ VPN 已连接
[2026-03-07 09:15:34] ✅ VPN 已连接
[2026-03-07 09:16:34] ✅ VPN 已连接
[2026-03-07 09:17:34] ✅ VPN 已连接
[2026-03-07 09:18:34] ✅ VPN 已连接
[2026-03-07 09:19:34] ✅ VPN 已连接
[2026-03-07 09:20:34] ✅ VPN 已连接
[2026-03-07 09:21:34] ✅ VPN 已连接
[2026-03-07 09:22:34] ✅ VPN 已连接
[2026-03-07 09:23:34] ✅ VPN 已连接
[2026-03-07 09:24:34] ✅ VPN 已连接
[2026-03-07 09:25:34] ✅ VPN 已连接
[2026-03-07 09:26:34] ✅ VPN 已连接
[2026-03-07 09:27:34] ✅ VPN 已连接
[2026-03-07 09:28:34] ✅ VPN 已连接
[2026-03-07 09:29:34] ✅ VPN 已连接
[2026-03-07 09:30:34] ✅ VPN 已连接
[2026-03-07 09:31:34] ✅ VPN 已连接
[2026-03-07 09:32:34] ✅ VPN 已连接
[2026-03-07 09:33:34] ✅ VPN 已连接
[2026-03-07 09:34:34] ✅ VPN 已连接
[2026-03-07 09:35:34] ✅ VPN 已连接
[2026-03-07 09:36:35] ✅ VPN 已连接
[2026-03-07 09:37:35] ✅ VPN 已连接
[2026-03-07 09:38:35] ✅ VPN 已连接
[2026-03-07 09:39:35] ✅ VPN 已连接
[2026-03-07 09:40:35] ✅ VPN 已连接
[2026-03-07 09:41:35] ✅ VPN 已连接
[2026-03-07 09:42:35] ✅ VPN 已连接
[2026-03-07 09:43:35] ✅ VPN 已连接
[2026-03-07 09:44:35] ✅ VPN 已连接
[2026-03-07 09:45:35] ✅ VPN 已连接
[2026-03-07 09:46:35] ✅ VPN 已连接
[2026-03-07 09:47:35] ✅ VPN 已连接
[2026-03-07 09:48:35] ✅ VPN 已连接
[2026-03-07 09:49:35] ✅ VPN 已连接
[2026-03-07 09:50:35] ✅ VPN 已连接
[2026-03-07 09:51:35] ✅ VPN 已连接
[2026-03-07 09:52:35] ✅ VPN 已连接
[2026-03-07 09:53:35] ✅ VPN 已连接
[2026-03-07 09:54:35] ✅ VPN 已连接
[2026-03-07 09:55:35] ✅ VPN 已连接
[2026-03-07 09:56:35] ✅ VPN 已连接
[2026-03-07 09:57:36] ✅ VPN 已连接
[2026-03-07 09:58:36] ✅ VPN 已连接
[2026-03-07 09:59:36] ✅ VPN 已连接
[2026-03-07 10:00:36] ✅ VPN 已连接
[2026-03-07 10:01:36] ✅ VPN 已连接
[2026-03-07 10:02:36] ✅ VPN 已连接
[2026-03-07 10:03:36] ✅ VPN 已连接
[2026-03-07 10:04:36] ✅ VPN 已连接
[2026-03-07 10:05:36] ✅ VPN 已连接
[2026-03-07 10:06:36] ✅ VPN 已连接
[2026-03-07 10:07:36] ✅ VPN 已连接
[2026-03-07 10:08:36] ✅ VPN 已连接
[2026-03-07 10:09:36] ✅ VPN 已连接
[2026-03-07 10:10:36] ✅ VPN 已连接
[2026-03-07 10:11:36] ✅ VPN 已连接
[2026-03-07 10:12:36] ✅ VPN 已连接
[2026-03-07 10:13:36] ✅ VPN 已连接
[2026-03-07 10:14:36] ✅ VPN 已连接
[2026-03-07 10:15:36] ✅ VPN 已连接
[2026-03-07 10:16:36] ✅ VPN 已连接
[2026-03-07 10:17:37] ✅ VPN 已连接
[2026-03-07 10:18:37] ✅ VPN 已连接
[2026-03-07 10:19:37] ✅ VPN 已连接
[2026-03-07 10:20:37] ✅ VPN 已连接
[2026-03-07 10:21:37] ✅ VPN 已连接
[2026-03-07 10:22:37] ✅ VPN 已连接
[2026-03-07 10:23:37] ✅ VPN 已连接
[2026-03-07 10:24:37] ✅ VPN 已连接
[2026-03-07 10:25:37] ✅ VPN 已连接
[2026-03-07 10:26:37] ✅ VPN 已连接
[2026-03-07 10:27:37] ✅ VPN 已连接
[2026-03-07 10:28:37] ✅ VPN 已连接
[2026-03-07 10:29:37] ✅ VPN 已连接
[2026-03-07 10:30:37] ✅ VPN 已连接
[2026-03-07 10:31:37] ✅ VPN 已连接
[2026-03-07 10:32:37] ✅ VPN 已连接
[2026-03-07 10:33:37] ✅ VPN 已连接
[2026-03-07 10:34:37] ✅ VPN 已连接
[2026-03-07 10:35:37] ✅ VPN 已连接
[2026-03-07 10:36:37] ✅ VPN 已连接
[2026-03-07 10:37:37] ✅ VPN 已连接
[2026-03-07 10:38:38] ✅ VPN 已连接
[2026-03-07 10:39:38] ✅ VPN 已连接
[2026-03-07 10:40:38] ✅ VPN 已连接
[2026-03-07 10:41:38] ✅ VPN 已连接
[2026-03-07 10:42:38] ✅ VPN 已连接
[2026-03-07 10:43:38] ✅ VPN 已连接
[2026-03-07 10:44:38] ✅ VPN 已连接
[2026-03-07 10:45:38] ✅ VPN 已连接
[2026-03-07 10:46:38] ✅ VPN 已连接
[2026-03-07 10:47:38] ✅ VPN 已连接
[2026-03-07 10:48:38] ✅ VPN 已连接
[2026-03-07 10:49:38] ✅ VPN 已连接
[2026-03-07 10:50:38] ✅ VPN 已连接
[2026-03-07 10:51:38] ✅ VPN 已连接
[2026-03-07 10:52:38] ✅ VPN 已连接
[2026-03-07 10:53:38] ✅ VPN 已连接
[2026-03-07 10:54:38] ✅ VPN 已连接
[2026-03-07 10:55:38] ✅ VPN 已连接
[2026-03-07 10:56:38] ✅ VPN 已连接
[2026-03-07 10:57:38] ✅ VPN 已连接
[2026-03-07 10:58:39] ✅ VPN 已连接
[2026-03-07 10:59:39] ✅ VPN 已连接
[2026-03-07 11:00:39] ✅ VPN 已连接
[2026-03-07 11:01:39] ✅ VPN 已连接
[2026-03-07 11:02:39] ✅ VPN 已连接
[2026-03-07 11:03:39] ✅ VPN 已连接
[2026-03-07 11:04:39] ✅ VPN 已连接
[2026-03-07 11:05:39] ✅ VPN 已连接
[2026-03-07 11:06:39] ✅ VPN 已连接
[2026-03-07 11:07:39] ✅ VPN 已连接
[2026-03-07 11:08:39] ✅ VPN 已连接
[2026-03-07 11:09:39] ✅ VPN 已连接
[2026-03-07 11:10:39] ✅ VPN 已连接
[2026-03-07 11:11:39] ✅ VPN 已连接
[2026-03-07 11:12:39] ✅ VPN 已连接
[2026-03-07 11:13:39] ✅ VPN 已连接
[2026-03-07 11:14:39] ✅ VPN 已连接
[2026-03-07 11:15:39] ✅ VPN 已连接
[2026-03-07 11:16:39] ✅ VPN 已连接
[2026-03-07 11:17:39] ✅ VPN 已连接
[2026-03-07 11:18:39] ✅ VPN 已连接
[2026-03-07 11:19:40] ✅ VPN 已连接
[2026-03-07 11:20:40] ✅ VPN 已连接
[2026-03-07 11:21:40] ✅ VPN 已连接
[2026-03-07 11:22:40] ✅ VPN 已连接
[2026-03-07 11:23:40] ✅ VPN 已连接
[2026-03-07 11:24:40] ✅ VPN 已连接
[2026-03-07 11:25:40] ✅ VPN 已连接
[2026-03-07 11:26:40] ✅ VPN 已连接
[2026-03-07 11:27:40] ✅ VPN 已连接
[2026-03-07 11:28:40] ✅ VPN 已连接
[2026-03-07 11:29:40] ✅ VPN 已连接
[2026-03-07 11:30:40] ✅ VPN 已连接
[2026-03-07 11:31:40] ✅ VPN 已连接
[2026-03-07 11:32:40] ✅ VPN 已连接
[2026-03-07 11:33:40] ✅ VPN 已连接
[2026-03-07 11:34:40] ✅ VPN 已连接
[2026-03-07 11:35:40] ✅ VPN 已连接
[2026-03-07 11:36:40] ✅ VPN 已连接
[2026-03-07 11:37:40] ✅ VPN 已连接
[2026-03-07 11:38:40] ✅ VPN 已连接
[2026-03-07 11:39:40] ✅ VPN 已连接
[2026-03-07 11:40:41] ✅ VPN 已连接
[2026-03-07 11:41:41] ✅ VPN 已连接
[2026-03-07 11:42:41] ✅ VPN 已连接
[2026-03-07 11:43:41] ✅ VPN 已连接
[2026-03-07 11:44:41] ✅ VPN 已连接
[2026-03-07 11:45:41] ✅ VPN 已连接
[2026-03-07 11:46:41] ✅ VPN 已连接
[2026-03-07 11:47:41] ✅ VPN 已连接
[2026-03-07 11:48:41] ✅ VPN 已连接
[2026-03-07 11:49:41] ✅ VPN 已连接
[2026-03-07 11:50:41] ✅ VPN 已连接
[2026-03-07 11:51:41] ✅ VPN 已连接
[2026-03-07 11:52:41] ✅ VPN 已连接
[2026-03-07 11:53:41] ✅ VPN 已连接
[2026-03-07 11:54:41] ✅ VPN 已连接
[2026-03-07 11:55:41] ✅ VPN 已连接
[2026-03-07 11:56:41] ✅ VPN 已连接
[2026-03-07 11:57:41] ✅ VPN 已连接
[2026-03-07 11:58:41] ✅ VPN 已连接
[2026-03-07 11:59:41] ✅ VPN 已连接
[2026-03-07 12:00:41] ✅ VPN 已连接
[2026-03-07 12:01:42] ✅ VPN 已连接
[2026-03-07 12:02:42] ❌ VPN 未连接，触发重连...
[2026-03-07 12:02:42] ========== VPN 重连开始 ==========
[2026-03-07 12:02:42] 尝试 1/3...
[2026-03-07 12:02:42] 启动 FortiClient GUI...
[2026-03-07 12:02:45] ✅ FortiClient GUI 已启动
[2026-03-07 12:02:45] 触发 VPN 连接（Playwright 自动化）...
[2026-03-07 12:03:54] 重试 1 失败：自动登录失败
[2026-03-07 12:04:04] 尝试 2/3...
[2026-03-07 12:04:04] 启动 FortiClient GUI...
[2026-03-07 12:04:07] ❌ FortiClient GUI 启动失败
[2026-03-07 12:04:07] 重试 2 失败：无法启动 FortiClient
[2026-03-07 12:04:17] 尝试 3/3...
[2026-03-07 12:04:17] 启动 FortiClient GUI...
[2026-03-07 12:04:20] ❌ FortiClient GUI 启动失败
[2026-03-07 12:04:20] 重试 3 失败：无法启动 FortiClient
[2026-03-07 12:04:30] ❌ VPN 重连失败（已尝试 3 次）
[2026-03-07 12:04:30] ========== VPN 重连失败 ==========
[2026-03-07 12:05:30] ✅ VPN 已连接
[2026-03-07 12:06:30] ✅ VPN 已连接
[2026-03-07 12:07:30] ✅ VPN 已连接
[2026-03-07 12:08:30] ✅ VPN 已连接
[2026-03-07 12:09:30] ✅ VPN 已连接
[2026-03-07 12:10:30] ✅ VPN 已连接
[2026-03-07 12:11:30] ✅ VPN 已连接
[2026-03-07 12:12:30] ✅ VPN 已连接
[2026-03-07 12:13:30] ✅ VPN 已连接
[2026-03-07 12:14:31] ✅ VPN 已连接
[2026-03-07 12:15:31] ✅ VPN 已连接
[2026-03-07 12:16:31] ✅ VPN 已连接
[2026-03-07 12:17:31] ✅ VPN 已连接
[2026-03-07 12:18:31] ✅ VPN 已连接
[2026-03-07 12:19:31] ✅ VPN 已连接
[2026-03-07 12:20:31] ✅ VPN 已连接
[2026-03-07 12:21:31] ✅ VPN 已连接
[2026-03-07 12:22:31] ✅ VPN 已连接
[2026-03-07 12:23:31] ✅ VPN 已连接
[2026-03-07 12:24:31] ✅ VPN 已连接
[2026-03-07 12:25:31] ✅ VPN 已连接
[2026-03-07 12:26:31] ✅ VPN 已连接
[2026-03-07 12:27:31] ✅ VPN 已连接
[2026-03-07 12:28:31] ✅ VPN 已连接
[2026-03-07 12:29:31] ✅ VPN 已连接
[2026-03-07 12:30:31] ✅ VPN 已连接
[2026-03-07 12:31:31] ✅ VPN 已连接
[2026-03-07 12:32:31] ✅ VPN 已连接
[2026-03-07 12:33:31] ✅ VPN 已连接
[2026-03-07 12:34:31] ✅ VPN 已连接
[2026-03-07 12:35:32] ✅ VPN 已连接
[2026-03-07 12:36:32] ✅ VPN 已连接
[2026-03-07 12:37:32] ✅ VPN 已连接
[2026-03-07 12:38:32] ✅ VPN 已连接
[2026-03-07 12:39:32] ✅ VPN 已连接
[2026-03-07 12:40:32] ✅ VPN 已连接
[2026-03-07 12:41:32] ✅ VPN 已连接
[2026-03-07 12:42:32] ✅ VPN 已连接
[2026-03-07 12:43:32] ✅ VPN 已连接
[2026-03-07 12:44:32] ✅ VPN 已连接
[2026-03-07 12:45:32] ✅ VPN 已连接
[2026-03-07 12:46:32] ✅ VPN 已连接
[2026-03-07 12:47:32] ✅ VPN 已连接
[2026-03-07 12:48:32] ✅ VPN 已连接
[2026-03-07 12:49:32] ✅ VPN 已连接
[2026-03-07 12:50:32] ✅ VPN 已连接
[2026-03-07 12:51:32] ✅ VPN 已连接
[2026-03-07 12:52:32] ✅ VPN 已连接
[2026-03-07 12:53:32] ✅ VPN 已连接
[2026-03-07 12:54:32] ✅ VPN 已连接
[2026-03-07 12:55:32] ✅ VPN 已连接
[2026-03-07 12:56:33] ✅ VPN 已连接
[2026-03-07 12:57:33] ✅ VPN 已连接
[2026-03-07 12:58:33] ✅ VPN 已连接
[2026-03-07 12:59:33] ✅ VPN 已连接
[2026-03-07 13:00:33] ✅ VPN 已连接
[2026-03-07 13:01:33] ✅ VPN 已连接
[2026-03-07 13:02:33] ✅ VPN 已连接
[2026-03-07 13:03:33] ✅ VPN 已连接
[2026-03-07 13:04:33] ✅ VPN 已连接
[2026-03-07 13:05:33] ✅ VPN 已连接
[2026-03-07 13:06:33] ✅ VPN 已连接
[2026-03-07 13:07:33] ✅ VPN 已连接
[2026-03-07 13:08:33] ✅ VPN 已连接
[2026-03-07 13:09:33] ✅ VPN 已连接
[2026-03-07 13:10:33] ✅ VPN 已连接
[2026-03-07 13:11:33] ✅ VPN 已连接
[2026-03-07 13:12:33] ✅ VPN 已连接
[2026-03-07 13:13:33] ✅ VPN 已连接
[2026-03-07 13:14:33] ✅ VPN 已连接
[2026-03-07 13:15:33] ✅ VPN 已连接
[2026-03-07 13:16:33] ✅ VPN 已连接
[2026-03-07 13:17:33] ✅ VPN 已连接
[2026-03-07 13:18:34] ✅ VPN 已连接
[2026-03-07 13:19:34] ✅ VPN 已连接
[2026-03-07 13:20:34] ✅ VPN 已连接
[2026-03-07 13:21:34] ✅ VPN 已连接
[2026-03-07 13:22:34] ✅ VPN 已连接
[2026-03-07 13:23:34] ✅ VPN 已连接
[2026-03-07 13:24:34] ✅ VPN 已连接
[2026-03-07 13:25:34] ✅ VPN 已连接
[2026-03-07 13:26:34] ✅ VPN 已连接
[2026-03-07 13:27:34] ✅ VPN 已连接
[2026-03-07 13:28:34] ✅ VPN 已连接
[2026-03-07 13:29:34] ✅ VPN 已连接
[2026-03-07 13:30:34] ✅ VPN 已连接
[2026-03-07 13:31:34] ✅ VPN 已连接
[2026-03-07 13:32:34] ✅ VPN 已连接
[2026-03-07 13:33:34] ✅ VPN 已连接
[2026-03-07 13:34:34] ✅ VPN 已连接
[2026-03-07 13:35:34] ✅ VPN 已连接
[2026-03-07 13:36:34] ✅ VPN 已连接
[2026-03-07 13:37:34] ✅ VPN 已连接
[2026-03-07 13:38:34] ✅ VPN 已连接
[2026-03-07 13:39:35] ✅ VPN 已连接
[2026-03-07 13:40:35] ✅ VPN 已连接
[2026-03-07 13:41:35] ✅ VPN 已连接
[2026-03-07 13:42:35] ✅ VPN 已连接
[2026-03-07 13:43:35] ✅ VPN 已连接
[2026-03-07 13:44:35] ✅ VPN 已连接
[2026-03-07 13:45:35] ✅ VPN 已连接
[2026-03-07 13:46:35] ✅ VPN 已连接
[2026-03-07 13:47:35] ✅ VPN 已连接
[2026-03-07 13:48:35] ✅ VPN 已连接
[2026-03-07 13:49:35] ✅ VPN 已连接
[2026-03-07 13:50:35] ✅ VPN 已连接
[2026-03-07 13:51:35] ✅ VPN 已连接
[2026-03-07 13:52:35] ✅ VPN 已连接
[2026-03-07 13:53:35] ✅ VPN 已连接
[2026-03-07 13:54:35] ✅ VPN 已连接
[2026-03-07 13:55:35] ✅ VPN 已连接
[2026-03-07 13:56:35] ✅ VPN 已连接
[2026-03-07 13:57:35] ✅ VPN 已连接
[2026-03-07 13:58:35] ✅ VPN 已连接
[2026-03-07 13:59:36] ✅ VPN 已连接
[2026-03-07 14:00:36] ✅ VPN 已连接
[2026-03-07 14:01:36] ✅ VPN 已连接
[2026-03-07 14:02:36] ✅ VPN 已连接
[2026-03-07 14:03:36] ✅ VPN 已连接
[2026-03-07 14:04:36] ✅ VPN 已连接
[2026-03-07 14:05:36] ✅ VPN 已连接
[2026-03-07 14:06:36] ✅ VPN 已连接
[2026-03-07 14:07:36] ✅ VPN 已连接
[2026-03-07 14:08:36] ✅ VPN 已连接
[2026-03-07 14:09:36] ✅ VPN 已连接
[2026-03-07 14:10:36] ✅ VPN 已连接
[2026-03-07 14:11:36] ✅ VPN 已连接
[2026-03-07 14:12:36] ✅ VPN 已连接
[2026-03-07 14:13:36] ✅ VPN 已连接
[2026-03-07 14:14:36] ✅ VPN 已连接
[2026-03-07 14:15:36] ✅ VPN 已连接
[2026-03-07 14:16:36] ✅ VPN 已连接
[2026-03-07 14:17:36] ✅ VPN 已连接
[2026-03-07 14:18:36] ✅ VPN 已连接
[2026-03-07 14:19:36] ✅ VPN 已连接
[2026-03-07 14:20:37] ✅ VPN 已连接
[2026-03-07 14:21:37] ✅ VPN 已连接
[2026-03-07 14:22:37] ✅ VPN 已连接
[2026-03-07 14:23:37] ✅ VPN 已连接
[2026-03-07 14:24:37] ✅ VPN 已连接
[2026-03-07 14:25:37] ✅ VPN 已连接
[2026-03-07 14:26:37] ✅ VPN 已连接
[2026-03-07 14:27:37] ✅ VPN 已连接
[2026-03-07 14:28:37] ✅ VPN 已连接
[2026-03-07 14:29:37] ✅ VPN 已连接
[2026-03-07 14:30:37] ✅ VPN 已连接
[2026-03-07 14:31:37] ✅ VPN 已连接
[2026-03-07 14:32:37] ✅ VPN 已连接
[2026-03-07 14:33:37] ✅ VPN 已连接
[2026-03-07 14:34:37] ✅ VPN 已连接
[2026-03-07 14:35:37] ✅ VPN 已连接
[2026-03-07 14:36:37] ✅ VPN 已连接
[2026-03-07 14:37:37] ✅ VPN 已连接
[2026-03-07 14:38:37] ✅ VPN 已连接
[2026-03-07 14:39:37] ✅ VPN 已连接
[2026-03-07 14:40:37] ✅ VPN 已连接
[2026-03-07 14:41:37] ✅ VPN 已连接
[2026-03-07 14:42:38] ✅ VPN 已连接
[2026-03-07 14:43:38] ✅ VPN 已连接
[2026-03-07 14:44:38] ✅ VPN 已连接
[2026-03-07 14:45:38] ✅ VPN 已连接
[2026-03-07 14:46:38] ✅ VPN 已连接
[2026-03-07 14:47:38] ✅ VPN 已连接
[2026-03-07 14:48:38] ✅ VPN 已连接
[2026-03-07 14:49:38] ✅ VPN 已连接
[2026-03-07 14:50:38] ✅ VPN 已连接
[2026-03-07 14:51:38] ✅ VPN 已连接
[2026-03-07 14:52:38] ✅ VPN 已连接
[2026-03-07 14:53:38] ✅ VPN 已连接
[2026-03-07 14:54:38] ✅ VPN 已连接
[2026-03-07 14:55:38] ✅ VPN 已连接
[2026-03-07 14:56:38] ✅ VPN 已连接
[2026-03-07 14:57:38] ✅ VPN 已连接
[2026-03-07 14:58:38] ✅ VPN 已连接
[2026-03-07 14:59:38] ✅ VPN 已连接
[2026-03-07 15:00:38] ✅ VPN 已连接
[2026-03-07 15:01:38] ✅ VPN 已连接
[2026-03-07 15:02:38] ✅ VPN 已连接
[2026-03-07 15:03:39] ✅ VPN 已连接
[2026-03-07 15:04:39] ✅ VPN 已连接
[2026-03-07 15:05:39] ✅ VPN 已连接
[2026-03-07 15:06:39] ✅ VPN 已连接
[2026-03-07 15:07:39] ✅ VPN 已连接
[2026-03-07 15:08:39] ✅ VPN 已连接
[2026-03-07 15:09:39] ✅ VPN 已连接
[2026-03-07 15:10:39] ✅ VPN 已连接
[2026-03-07 15:11:39] ✅ VPN 已连接
[2026-03-07 15:12:39] ✅ VPN 已连接
[2026-03-07 15:13:39] ✅ VPN 已连接
[2026-03-07 15:14:39] ✅ VPN 已连接
[2026-03-07 15:15:39] ✅ VPN 已连接
[2026-03-07 15:16:39] ✅ VPN 已连接
[2026-03-07 15:17:39] ✅ VPN 已连接
[2026-03-07 15:18:39] ✅ VPN 已连接
[2026-03-07 15:19:39] ✅ VPN 已连接
[2026-03-07 15:20:39] ✅ VPN 已连接
[2026-03-07 15:21:39] ✅ VPN 已连接
[2026-03-07 15:22:39] ✅ VPN 已连接
[2026-03-07 15:23:39] ✅ VPN 已连接
[2026-03-07 15:24:40] ✅ VPN 已连接
[2026-03-07 15:25:40] ✅ VPN 已连接
[2026-03-07 15:26:40] ✅ VPN 已连接
[2026-03-07 15:27:40] ✅ VPN 已连接
[2026-03-07 15:28:40] ✅ VPN 已连接
[2026-03-07 15:29:40] ✅ VPN 已连接
[2026-03-07 15:30:40] ✅ VPN 已连接
[2026-03-07 15:31:40] ✅ VPN 已连接
[2026-03-07 15:32:40] ✅ VPN 已连接
[2026-03-07 15:33:40] ✅ VPN 已连接
[2026-03-07 15:34:40] ✅ VPN 已连接
[2026-03-07 15:35:40] ✅ VPN 已连接
[2026-03-07 15:36:40] ✅ VPN 已连接
[2026-03-07 15:37:40] ✅ VPN 已连接
[2026-03-07 15:38:40] ✅ VPN 已连接
[2026-03-07 15:39:40] ✅ VPN 已连接
[2026-03-07 15:40:40] ✅ VPN 已连接
[2026-03-07 15:41:40] ✅ VPN 已连接
[2026-03-07 15:42:40] ✅ VPN 已连接
[2026-03-07 15:43:40] ✅ VPN 已连接
[2026-03-07 15:44:40] ✅ VPN 已连接
[2026-03-07 15:45:41] ✅ VPN 已连接
[2026-03-07 15:46:41] ✅ VPN 已连接
[2026-03-07 15:47:41] ✅ VPN 已连接
[2026-03-07 15:48:41] ✅ VPN 已连接
[2026-03-07 15:49:41] ✅ VPN 已连接
[2026-03-07 15:50:41] ✅ VPN 已连接
[2026-03-07 15:51:41] ✅ VPN 已连接
[2026-03-07 15:52:41] ✅ VPN 已连接
[2026-03-07 15:53:41] ✅ VPN 已连接
[2026-03-07 15:54:41] ✅ VPN 已连接
[2026-03-07 15:55:41] ✅ VPN 已连接
[2026-03-07 15:56:41] ✅ VPN 已连接
[2026-03-07 15:57:41] ✅ VPN 已连接
[2026-03-07 15:58:41] ✅ VPN 已连接
[2026-03-07 15:59:41] ✅ VPN 已连接
[2026-03-07 16:00:41] ✅ VPN 已连接
[2026-03-07 16:01:41] ✅ VPN 已连接
[2026-03-07 16:02:41] ✅ VPN 已连接
[2026-03-07 16:03:41] ✅ VPN 已连接
[2026-03-07 16:04:41] ✅ VPN 已连接
[2026-03-07 16:05:41] ✅ VPN 已连接
[2026-03-07 16:06:42] ✅ VPN 已连接
[2026-03-07 16:07:42] ✅ VPN 已连接
[2026-03-07 16:08:42] ✅ VPN 已连接
[2026-03-07 16:09:42] ✅ VPN 已连接
[2026-03-07 16:10:42] ✅ VPN 已连接
[2026-03-07 16:11:42] ✅ VPN 已连接
[2026-03-07 16:12:42] ✅ VPN 已连接
[2026-03-07 16:13:42] ✅ VPN 已连接
[2026-03-07 16:14:42] ✅ VPN 已连接
[2026-03-07 16:15:42] ✅ VPN 已连接
[2026-03-07 16:16:42] ✅ VPN 已连接
[2026-03-07 16:17:42] ✅ VPN 已连接
[2026-03-07 16:18:42] ✅ VPN 已连接
[2026-03-07 16:19:42] ✅ VPN 已连接
[2026-03-07 16:20:42] ✅ VPN 已连接
[2026-03-07 16:21:42] ✅ VPN 已连接
[2026-03-07 16:22:42] ✅ VPN 已连接
[2026-03-07 16:23:42] ✅ VPN 已连接
[2026-03-07 16:24:42] ✅ VPN 已连接
[2026-03-07 16:25:42] ✅ VPN 已连接
[2026-03-07 16:26:42] ✅ VPN 已连接
[2026-03-07 16:27:43] ✅ VPN 已连接
[2026-03-07 16:28:43] ✅ VPN 已连接
[2026-03-07 16:29:43] ✅ VPN 已连接
[2026-03-07 16:30:43] ✅ VPN 已连接
[2026-03-07 16:31:43] ✅ VPN 已连接
[2026-03-07 16:32:43] ✅ VPN 已连接
[2026-03-07 16:33:43] ✅ VPN 已连接
[2026-03-07 16:34:43] ✅ VPN 已连接
[2026-03-07 16:35:43] ✅ VPN 已连接
[2026-03-07 16:36:43] ✅ VPN 已连接
[2026-03-07 16:37:43] ✅ VPN 已连接
[2026-03-07 16:38:43] ✅ VPN 已连接
[2026-03-07 16:39:43] ✅ VPN 已连接
[2026-03-07 16:40:43] ✅ VPN 已连接
[2026-03-07 16:41:43] ✅ VPN 已连接
[2026-03-07 16:42:43] ✅ VPN 已连接
[2026-03-07 16:43:43] ✅ VPN 已连接
[2026-03-07 16:44:43] ✅ VPN 已连接
[2026-03-07 16:45:43] ✅ VPN 已连接
[2026-03-07 16:46:43] ✅ VPN 已连接
[2026-03-07 16:47:43] ✅ VPN 已连接
[2026-03-07 16:48:44] ✅ VPN 已连接
[2026-03-07 16:49:44] ✅ VPN 已连接
[2026-03-07 16:50:44] ✅ VPN 已连接
[2026-03-07 16:51:44] ✅ VPN 已连接
[2026-03-07 16:52:44] ✅ VPN 已连接
[2026-03-07 16:53:44] ✅ VPN 已连接
[2026-03-07 16:54:44] ✅ VPN 已连接
[2026-03-07 16:55:44] ✅ VPN 已连接
[2026-03-07 16:56:44] ✅ VPN 已连接
[2026-03-07 16:57:44] ✅ VPN 已连接
[2026-03-07 16:58:44] ✅ VPN 已连接
[2026-03-07 16:59:44] ✅ VPN 已连接
[2026-03-07 17:00:44] ✅ VPN 已连接
[2026-03-07 17:01:44] ✅ VPN 已连接
[2026-03-07 17:02:44] ✅ VPN 已连接
[2026-03-07 17:03:44] ✅ VPN 已连接
[2026-03-07 17:04:44] ✅ VPN 已连接
[2026-03-07 17:05:44] ✅ VPN 已连接
[2026-03-07 17:06:44] ✅ VPN 已连接
[2026-03-07 17:07:44] ✅ VPN 已连接
[2026-03-07 17:08:44] ✅ VPN 已连接
[2026-03-07 17:09:45] ✅ VPN 已连接
[2026-03-07 17:10:45] ✅ VPN 已连接
[2026-03-07 17:11:45] ✅ VPN 已连接
[2026-03-07 17:12:45] ✅ VPN 已连接
[2026-03-07 17:13:45] ✅ VPN 已连接
[2026-03-07 17:14:45] ✅ VPN 已连接
[2026-03-07 17:15:45] ✅ VPN 已连接
[2026-03-07 17:16:45] ✅ VPN 已连接
[2026-03-07 17:17:45] ✅ VPN 已连接
[2026-03-07 17:18:45] ✅ VPN 已连接
[2026-03-07 17:19:45] ✅ VPN 已连接
[2026-03-07 17:20:45] ✅ VPN 已连接
[2026-03-07 17:21:45] ✅ VPN 已连接
[2026-03-07 17:22:45] ✅ VPN 已连接
[2026-03-07 17:23:45] ✅ VPN 已连接
[2026-03-07 17:24:45] ✅ VPN 已连接
[2026-03-07 17:25:45] ✅ VPN 已连接
[2026-03-07 17:26:45] ✅ VPN 已连接
[2026-03-07 17:27:45] ✅ VPN 已连接
[2026-03-07 17:28:45] ✅ VPN 已连接
[2026-03-07 17:29:45] ✅ VPN 已连接
[2026-03-07 17:30:46] ✅ VPN 已连接
[2026-03-07 17:31:46] ✅ VPN 已连接
[2026-03-07 17:32:46] ✅ VPN 已连接
[2026-03-07 17:33:46] ✅ VPN 已连接
[2026-03-07 17:34:46] ✅ VPN 已连接
[2026-03-07 17:35:46] ✅ VPN 已连接
[2026-03-07 17:36:46] ✅ VPN 已连接
[2026-03-07 17:37:46] ✅ VPN 已连接
[2026-03-07 17:38:46] ✅ VPN 已连接
[2026-03-07 17:39:46] ✅ VPN 已连接
[2026-03-07 17:40:46] ✅ VPN 已连接
[2026-03-07 17:41:46] ✅ VPN 已连接
[2026-03-07 17:42:46] ✅ VPN 已连接
[2026-03-07 17:43:46] ✅ VPN 已连接
[2026-03-07 17:44:46] ✅ VPN 已连接
[2026-03-07 17:45:46] ✅ VPN 已连接
[2026-03-07 17:46:46] ✅ VPN 已连接
[2026-03-07 17:47:46] ✅ VPN 已连接
[2026-03-07 17:48:46] ✅ VPN 已连接
[2026-03-07 17:49:46] ✅ VPN 已连接
[2026-03-07 17:50:46] ✅ VPN 已连接
[2026-03-07 17:51:46] ✅ VPN 已连接
[2026-03-07 17:52:47] ✅ VPN 已连接
[2026-03-07 17:53:47] ✅ VPN 已连接
[2026-03-07 17:54:47] ✅ VPN 已连接
[2026-03-07 17:55:47] ✅ VPN 已连接
[2026-03-07 17:56:47] ✅ VPN 已连接
[2026-03-07 17:57:47] ✅ VPN 已连接
[2026-03-07 17:58:47] ✅ VPN 已连接
[2026-03-07 17:59:47] ✅ VPN 已连接
[2026-03-07 18:00:47] ✅ VPN 已连接
[2026-03-07 18:01:47] ✅ VPN 已连接
[2026-03-07 18:02:47] ✅ VPN 已连接
[2026-03-07 18:03:47] ✅ VPN 已连接
[2026-03-07 18:04:47] ✅ VPN 已连接
[2026-03-07 18:05:47] ✅ VPN 已连接
[2026-03-07 18:06:47] ✅ VPN 已连接
[2026-03-07 18:07:47] ✅ VPN 已连接
[2026-03-07 18:08:47] ✅ VPN 已连接
[2026-03-07 18:09:47] ✅ VPN 已连接
[2026-03-07 18:10:47] ✅ VPN 已连接
[2026-03-07 18:11:47] ✅ VPN 已连接
[2026-03-07 18:12:47] ✅ VPN 已连接
[2026-03-07 18:13:48] ✅ VPN 已连接
[2026-03-07 18:14:48] ✅ VPN 已连接
[2026-03-07 18:15:48] ✅ VPN 已连接
[2026-03-07 18:16:48] ✅ VPN 已连接
[2026-03-07 18:17:48] ✅ VPN 已连接
[2026-03-07 18:18:48] ✅ VPN 已连接
[2026-03-07 18:19:48] ✅ VPN 已连接
[2026-03-07 18:20:48] ✅ VPN 已连接
[2026-03-07 18:21:48] ✅ VPN 已连接
[2026-03-07 18:22:48] ✅ VPN 已连接
[2026-03-07 18:23:48] ✅ VPN 已连接
[2026-03-07 18:24:48] ✅ VPN 已连接
[2026-03-07 18:25:48] ✅ VPN 已连接
[2026-03-07 18:26:48] ✅ VPN 已连接
[2026-03-07 18:27:48] ✅ VPN 已连接
[2026-03-07 18:28:48] ✅ VPN 已连接
[2026-03-07 18:29:48] ✅ VPN 已连接
[2026-03-07 18:30:48] ✅ VPN 已连接
[2026-03-07 18:31:48] ✅ VPN 已连接
[2026-03-07 18:32:48] ✅ VPN 已连接
[2026-03-07 18:33:48] ✅ VPN 已连接
[2026-03-07 18:34:49] ✅ VPN 已连接
[2026-03-07 18:35:49] ✅ VPN 已连接
[2026-03-07 18:36:49] ✅ VPN 已连接
[2026-03-07 18:37:49] ✅ VPN 已连接
[2026-03-07 18:38:49] ✅ VPN 已连接
[2026-03-07 18:39:49] ✅ VPN 已连接
[2026-03-07 18:40:49] ✅ VPN 已连接
[2026-03-07 18:41:49] ✅ VPN 已连接
[2026-03-07 18:42:49] ✅ VPN 已连接
[2026-03-07 18:43:49] ✅ VPN 已连接
[2026-03-07 18:44:49] ✅ VPN 已连接
[2026-03-07 18:45:49] ✅ VPN 已连接
[2026-03-07 18:46:49] ✅ VPN 已连接
[2026-03-07 18:47:49] ✅ VPN 已连接
[2026-03-07 18:48:49] ✅ VPN 已连接
[2026-03-07 18:49:49] ✅ VPN 已连接
[2026-03-07 18:50:49] ✅ VPN 已连接
[2026-03-07 18:51:49] ✅ VPN 已连接
[2026-03-07 18:52:49] ✅ VPN 已连接
[2026-03-07 18:53:49] ✅ VPN 已连接
[2026-03-07 18:54:49] ✅ VPN 已连接
[2026-03-07 18:55:50] ✅ VPN 已连接
[2026-03-07 18:56:50] ✅ VPN 已连接
[2026-03-07 18:57:50] ✅ VPN 已连接
[2026-03-07 18:58:50] ✅ VPN 已连接
[2026-03-07 18:59:50] ✅ VPN 已连接
[2026-03-07 19:00:50] ✅ VPN 已连接
[2026-03-07 19:01:50] ✅ VPN 已连接
[2026-03-07 19:02:50] ✅ VPN 已连接
[2026-03-07 19:03:50] ✅ VPN 已连接
[2026-03-07 19:04:50] ✅ VPN 已连接
[2026-03-07 19:05:50] ✅ VPN 已连接
[2026-03-07 19:06:50] ✅ VPN 已连接
[2026-03-07 19:07:50] ✅ VPN 已连接
[2026-03-07 19:08:50] ✅ VPN 已连接
[2026-03-07 19:09:50] ✅ VPN 已连接
[2026-03-07 19:10:50] ✅ VPN 已连接
[2026-03-07 19:11:50] ✅ VPN 已连接
[2026-03-07 19:12:50] ✅ VPN 已连接
[2026-03-07 19:13:50] ✅ VPN 已连接
[2026-03-07 19:14:50] ✅ VPN 已连接
[2026-03-07 19:15:50] ✅ VPN 已连接
[2026-03-07 19:16:51] ✅ VPN 已连接
[2026-03-07 19:17:51] ✅ VPN 已连接
[2026-03-07 19:18:51] ✅ VPN 已连接
[2026-03-07 19:19:51] ✅ VPN 已连接
[2026-03-07 19:20:51] ✅ VPN 已连接
[2026-03-07 19:21:51] ✅ VPN 已连接
[2026-03-07 19:22:51] ✅ VPN 已连接
[2026-03-07 19:23:51] ✅ VPN 已连接
[2026-03-07 19:24:51] ✅ VPN 已连接
[2026-03-07 19:25:51] ✅ VPN 已连接
[2026-03-07 19:26:51] ✅ VPN 已连接
[2026-03-07 19:27:51] ✅ VPN 已连接
[2026-03-07 19:28:51] ✅ VPN 已连接
[2026-03-07 19:29:51] ✅ VPN 已连接
[2026-03-07 19:30:51] ✅ VPN 已连接
[2026-03-07 19:31:51] ✅ VPN 已连接
[2026-03-07 19:32:51] ✅ VPN 已连接
[2026-03-07 19:33:51] ✅ VPN 已连接
[2026-03-07 19:34:51] ✅ VPN 已连接
[2026-03-07 19:35:51] ✅ VPN 已连接
[2026-03-07 19:36:51] ✅ VPN 已连接
[2026-03-07 19:37:52] ✅ VPN 已连接
[2026-03-07 19:38:52] ✅ VPN 已连接
[2026-03-07 19:39:52] ✅ VPN 已连接
[2026-03-07 19:40:52] ✅ VPN 已连接
[2026-03-07 19:41:52] ✅ VPN 已连接
[2026-03-07 19:42:52] ✅ VPN 已连接
[2026-03-07 19:43:52] ✅ VPN 已连接
[2026-03-07 19:44:52] ✅ VPN 已连接
[2026-03-07 19:45:52] ✅ VPN 已连接
[2026-03-07 19:46:52] ✅ VPN 已连接
[2026-03-07 19:47:52] ✅ VPN 已连接
[2026-03-07 19:48:52] ✅ VPN 已连接
[2026-03-07 19:49:52] ✅ VPN 已连接
[2026-03-07 19:50:52] ✅ VPN 已连接
[2026-03-07 19:51:52] ✅ VPN 已连接
[2026-03-07 19:52:52] ✅ VPN 已连接
[2026-03-07 19:53:52] ✅ VPN 已连接
[2026-03-07 19:54:52] ✅ VPN 已连接
[2026-03-07 19:55:52] ✅ VPN 已连接
[2026-03-07 19:56:52] ✅ VPN 已连接
[2026-03-07 19:57:53] ✅ VPN 已连接
[2026-03-07 19:58:53] ✅ VPN 已连接
[2026-03-07 19:59:53] ✅ VPN 已连接
[2026-03-07 20:00:53] ✅ VPN 已连接
[2026-03-07 20:01:53] ✅ VPN 已连接
[2026-03-07 20:02:53] ✅ VPN 已连接
[2026-03-07 20:03:53] ✅ VPN 已连接
[2026-03-07 20:04:53] ✅ VPN 已连接
[2026-03-07 20:05:53] ❌ VPN 未连接，触发重连...
[2026-03-07 20:05:53] ========== VPN 重连开始 ==========
[2026-03-07 20:05:53] 尝试 1/3...
[2026-03-07 20:05:53] 启动 FortiClient GUI...
[2026-03-07 20:05:56] ❌ FortiClient GUI 启动失败
[2026-03-07 20:05:56] 重试 1 失败：无法启动 FortiClient
[2026-03-07 20:06:06] 尝试 2/3...
[2026-03-07 20:06:06] 启动 FortiClient GUI...
[2026-03-07 20:06:09] ❌ FortiClient GUI 启动失败
[2026-03-07 20:06:09] 重试 2 失败：无法启动 FortiClient
[2026-03-07 20:06:19] 尝试 3/3...
[2026-03-07 20:06:19] 启动 FortiClient GUI...
[2026-03-07 20:06:22] ❌ FortiClient GUI 启动失败
[2026-03-07 20:06:22] 重试 3 失败：无法启动 FortiClient
[2026-03-07 20:06:32] ❌ VPN 重连失败（已尝试 3 次）
[2026-03-07 20:06:32] ========== VPN 重连失败 ==========
[2026-03-07 20:07:32] ❌ VPN 未连接，触发重连...
[2026-03-07 20:07:32] ========== VPN 重连开始 ==========
[2026-03-07 20:07:32] 尝试 1/3...
[2026-03-07 20:07:32] 启动 FortiClient GUI...
[2026-03-07 20:07:32] FortiClient 已在运行，先关闭...
[2026-03-07 20:07:37] ❌ FortiClient GUI 启动失败
[2026-03-07 20:07:37] 重试 1 失败：无法启动 FortiClient
[2026-03-07 20:07:47] 尝试 2/3...
[2026-03-07 20:07:47] 启动 FortiClient GUI...
[2026-03-07 20:07:50] ❌ FortiClient GUI 启动失败
[2026-03-07 20:07:50] 重试 2 失败：无法启动 FortiClient
[2026-03-07 20:08:00] 尝试 3/3...
[2026-03-07 20:08:00] 启动 FortiClient GUI...
[2026-03-07 20:08:03] ❌ FortiClient GUI 启动失败
[2026-03-07 20:08:03] 重试 3 失败：无法启动 FortiClient
[2026-03-07 20:08:13] ❌ VPN 重连失败（已尝试 3 次）
[2026-03-07 20:08:13] ========== VPN 重连失败 ==========
[2026-03-07 20:09:13] ❌ VPN 未连接，触发重连...
[2026-03-07 20:09:13] ========== VPN 重连开始 ==========
[2026-03-07 20:09:13] 尝试 1/3...
[2026-03-07 20:09:13] 启动 FortiClient GUI...
[2026-03-07 20:09:16] ❌ FortiClient GUI 启动失败
[2026-03-07 20:09:16] 重试 1 失败：无法启动 FortiClient
[2026-03-07 20:09:26] 尝试 2/3...
[2026-03-07 20:09:26] 启动 FortiClient GUI...
[2026-03-07 20:09:29] ❌ FortiClient GUI 启动失败
[2026-03-07 20:09:29] 重试 2 失败：无法启动 FortiClient
[2026-03-07 20:09:39] 尝试 3/3...
[2026-03-07 20:09:39] 启动 FortiClient GUI...
[2026-03-07 20:09:42] ❌ FortiClient GUI 启动失败
[2026-03-07 20:09:42] 重试 3 失败：无法启动 FortiClient
[2026-03-07 20:09:52] ❌ VPN 重连失败（已尝试 3 次）
[2026-03-07 20:09:52] ========== VPN 重连失败 ==========
[2026-03-07 20:10:52] ✅ VPN 已连接
[2026-03-07 20:11:53] ✅ VPN 已连接
[2026-03-07 20:12:53] ✅ VPN 已连接
[2026-03-07 20:13:53] ✅ VPN 已连接
[2026-03-07 20:14:53] ✅ VPN 已连接
[2026-03-07 20:15:53] ✅ VPN 已连接
[2026-03-07 20:16:53] ✅ VPN 已连接
[2026-03-07 20:17:53] ✅ VPN 已连接
[2026-03-07 20:18:53] ✅ VPN 已连接
[2026-03-07 20:19:53] ✅ VPN 已连接
[2026-03-07 20:20:53] ✅ VPN 已连接
[2026-03-07 20:21:53] ✅ VPN 已连接
[2026-03-07 20:22:53] ✅ VPN 已连接
[2026-03-07 20:23:53] ✅ VPN 已连接
[2026-03-07 20:24:53] ✅ VPN 已连接
[2026-03-07 20:25:53] ✅ VPN 已连接
[2026-03-07 20:26:53] ✅ VPN 已连接
[2026-03-07 20:27:53] ✅ VPN 已连接
[2026-03-07 20:28:53] ✅ VPN 已连接
[2026-03-07 20:29:53] ✅ VPN 已连接
[2026-03-07 20:30:53] ✅ VPN 已连接
[2026-03-07 20:31:53] ✅ VPN 已连接
[2026-03-07 20:32:54] ✅ VPN 已连接
[2026-03-07 20:33:54] ✅ VPN 已连接
[2026-03-07 20:34:54] ✅ VPN 已连接
[2026-03-07 20:35:54] ✅ VPN 已连接
[2026-03-07 20:36:54] ✅ VPN 已连接
[2026-03-07 20:37:54] ✅ VPN 已连接
[2026-03-07 20:38:54] ✅ VPN 已连接
[2026-03-07 20:39:54] ✅ VPN 已连接
[2026-03-07 20:40:54] ✅ VPN 已连接
[2026-03-07 20:41:54] ✅ VPN 已连接
[2026-03-07 20:42:54] ✅ VPN 已连接
[2026-03-07 20:43:54] ✅ VPN 已连接
[2026-03-07 20:44:54] ✅ VPN 已连接
[2026-03-07 20:45:54] ✅ VPN 已连接
[2026-03-07 20:46:54] ✅ VPN 已连接
[2026-03-07 20:47:54] ✅ VPN 已连接
[2026-03-07 20:48:54] ✅ VPN 已连接
[2026-03-07 20:49:54] ✅ VPN 已连接
[2026-03-07 20:50:54] ✅ VPN 已连接
[2026-03-07 20:51:54] ✅ VPN 已连接
[2026-03-07 20:52:54] ✅ VPN 已连接
[2026-03-07 20:53:55] ✅ VPN 已连接
[2026-03-07 20:54:55] ✅ VPN 已连接
[2026-03-07 20:55:55] ✅ VPN 已连接
[2026-03-07 20:56:55] ✅ VPN 已连接
[2026-03-07 20:57:55] ✅ VPN 已连接
[2026-03-07 20:58:55] ✅ VPN 已连接
[2026-03-07 20:59:55] ✅ VPN 已连接
[2026-03-07 21:00:55] ✅ VPN 已连接
[2026-03-07 21:01:55] ✅ VPN 已连接
[2026-03-07 21:02:55] ✅ VPN 已连接
[2026-03-07 21:03:55] ✅ VPN 已连接
[2026-03-07 21:04:55] ✅ VPN 已连接
[2026-03-07 21:05:55] ✅ VPN 已连接
[2026-03-07 21:06:55] ✅ VPN 已连接
[2026-03-07 21:07:55] ✅ VPN 已连接
[2026-03-07 21:08:55] ✅ VPN 已连接
[2026-03-07 21:09:55] ✅ VPN 已连接
[2026-03-07 21:10:55] ✅ VPN 已连接
[2026-03-07 21:11:55] ✅ VPN 已连接
[2026-03-07 21:12:55] ✅ VPN 已连接
[2026-03-07 21:13:55] ✅ VPN 已连接
[2026-03-07 21:14:56] ✅ VPN 已连接
[2026-03-07 21:15:56] ✅ VPN 已连接
[2026-03-07 21:16:56] ✅ VPN 已连接
[2026-03-07 21:17:56] ✅ VPN 已连接
[2026-03-07 21:18:56] ✅ VPN 已连接
[2026-03-07 21:19:56] ✅ VPN 已连接
[2026-03-07 21:20:56] ✅ VPN 已连接
[2026-03-07 21:21:56] ✅ VPN 已连接
[2026-03-07 21:22:56] ✅ VPN 已连接
[2026-03-07 21:23:56] ✅ VPN 已连接
[2026-03-07 21:24:56] ✅ VPN 已连接
[2026-03-07 21:25:56] ✅ VPN 已连接
[2026-03-07 21:26:56] ✅ VPN 已连接
[2026-03-07 21:27:56] ✅ VPN 已连接
[2026-03-07 21:28:56] ✅ VPN 已连接
[2026-03-07 21:29:56] ✅ VPN 已连接
[2026-03-07 21:30:56] ✅ VPN 已连接
[2026-03-07 21:31:56] ✅ VPN 已连接
[2026-03-07 21:32:56] ✅ VPN 已连接
[2026-03-07 21:33:56] ✅ VPN 已连接
[2026-03-07 21:34:57] ✅ VPN 已连接
[2026-03-07 21:35:57] ✅ VPN 已连接
[2026-03-07 21:36:57] ✅ VPN 已连接
[2026-03-07 21:37:57] ✅ VPN 已连接
[2026-03-07 21:38:57] ✅ VPN 已连接
[2026-03-07 21:39:57] ✅ VPN 已连接
[2026-03-07 21:40:57] ✅ VPN 已连接
[2026-03-07 21:41:57] ✅ VPN 已连接
[2026-03-07 21:42:57] ✅ VPN 已连接
[2026-03-07 21:43:57] ✅ VPN 已连接
[2026-03-07 21:44:57] ✅ VPN 已连接
[2026-03-07 21:45:57] ✅ VPN 已连接
[2026-03-07 21:46:57] ✅ VPN 已连接
[2026-03-07 21:47:57] ✅ VPN 已连接
[2026-03-07 21:48:57] ✅ VPN 已连接
[2026-03-07 21:49:57] ✅ VPN 已连接
[2026-03-07 21:50:57] ✅ VPN 已连接
[2026-03-07 21:51:57] ✅ VPN 已连接
[2026-03-07 21:52:57] ✅ VPN 已连接
[2026-03-07 21:53:57] ✅ VPN 已连接
[2026-03-07 21:54:57] ✅ VPN 已连接
[2026-03-07 21:55:58] ✅ VPN 已连接
[2026-03-07 21:56:58] ✅ VPN 已连接
[2026-03-07 21:57:58] ✅ VPN 已连接
[2026-03-07 21:58:58] ✅ VPN 已连接
[2026-03-07 21:59:58] ✅ VPN 已连接
[2026-03-07 22:00:58] ✅ VPN 已连接
[2026-03-07 22:01:58] ✅ VPN 已连接
[2026-03-07 22:02:58] ✅ VPN 已连接
[2026-03-07 22:03:58] ✅ VPN 已连接
[2026-03-07 22:04:58] ✅ VPN 已连接
[2026-03-07 22:05:58] ✅ VPN 已连接
[2026-03-07 22:06:58] ✅ VPN 已连接
[2026-03-07 22:07:58] ✅ VPN 已连接
[2026-03-07 22:08:58] ✅ VPN 已连接
[2026-03-07 22:09:58] ✅ VPN 已连接
[2026-03-07 22:10:58] ✅ VPN 已连接
[2026-03-07 22:11:58] ✅ VPN 已连接
[2026-03-07 22:12:58] ✅ VPN 已连接
[2026-03-07 22:13:58] ✅ VPN 已连接
[2026-03-07 22:14:58] ✅ VPN 已连接
[2026-03-07 22:15:58] ✅ VPN 已连接
[2026-03-07 22:16:59] ✅ VPN 已连接
[2026-03-07 22:17:59] ✅ VPN 已连接
[2026-03-07 22:18:59] ✅ VPN 已连接
[2026-03-07 22:19:59] ✅ VPN 已连接
[2026-03-07 22:20:59] ✅ VPN 已连接
[2026-03-07 22:21:59] ✅ VPN 已连接
[2026-03-07 22:22:59] ✅ VPN 已连接
[2026-03-07 22:23:59] ✅ VPN 已连接
[2026-03-07 22:24:59] ✅ VPN 已连接
[2026-03-07 22:25:59] ✅ VPN 已连接
[2026-03-07 22:26:59] ✅ VPN 已连接
[2026-03-07 22:27:59] ✅ VPN 已连接
[2026-03-07 22:28:59] ✅ VPN 已连接
[2026-03-07 22:29:59] ✅ VPN 已连接
[2026-03-07 22:30:59] ✅ VPN 已连接
[2026-03-07 22:31:59] ✅ VPN 已连接
[2026-03-07 22:32:59] ✅ VPN 已连接
[2026-03-07 22:33:59] ✅ VPN 已连接
[2026-03-07 22:34:59] ✅ VPN 已连接
[2026-03-07 22:35:59] ✅ VPN 已连接
[2026-03-07 22:36:59] ✅ VPN 已连接
[2026-03-07 22:38:00] ✅ VPN 已连接
[2026-03-07 22:39:00] ✅ VPN 已连接
[2026-03-07 22:40:00] ✅ VPN 已连接
[2026-03-07 22:41:00] ✅ VPN 已连接
[2026-03-07 22:42:00] ✅ VPN 已连接
[2026-03-07 22:43:00] ✅ VPN 已连接
[2026-03-07 22:44:00] ✅ VPN 已连接
[2026-03-07 22:45:00] ✅ VPN 已连接
[2026-03-07 22:46:00] ✅ VPN 已连接
[2026-03-07 22:47:00] ✅ VPN 已连接
[2026-03-07 22:48:00] ✅ VPN 已连接
[2026-03-07 22:49:00] ✅ VPN 已连接
[2026-03-07 22:50:00] ✅ VPN 已连接
[2026-03-07 22:51:00] ✅ VPN 已连接
[2026-03-07 22:52:00] ✅ VPN 已连接
[2026-03-07 22:53:00] ✅ VPN 已连接
[2026-03-07 22:54:00] ✅ VPN 已连接
[2026-03-07 22:55:00] ✅ VPN 已连接
[2026-03-07 22:56:00] ✅ VPN 已连接
[2026-03-07 22:57:00] ✅ VPN 已连接
[2026-03-07 22:58:00] ✅ VPN 已连接
[2026-03-07 22:59:01] ✅ VPN 已连接
[2026-03-07 23:00:01] ✅ VPN 已连接
[2026-03-07 23:01:01] ✅ VPN 已连接
[2026-03-07 23:02:01] ✅ VPN 已连接
[2026-03-07 23:03:01] ✅ VPN 已连接
[2026-03-07 23:04:01] ✅ VPN 已连接
[2026-03-07 23:05:01] ✅ VPN 已连接
[2026-03-07 23:06:01] ✅ VPN 已连接
[2026-03-07 23:07:01] ✅ VPN 已连接
[2026-03-07 23:08:01] ✅ VPN 已连接
[2026-03-07 23:09:01] ✅ VPN 已连接
[2026-03-07 23:10:01] ✅ VPN 已连接
[2026-03-07 23:11:01] ✅ VPN 已连接
[2026-03-07 23:12:01] ✅ VPN 已连接
[2026-03-07 23:13:01] ✅ VPN 已连接
[2026-03-07 23:14:01] ✅ VPN 已连接
[2026-03-07 23:15:01] ✅ VPN 已连接
[2026-03-07 23:16:01] ✅ VPN 已连接
[2026-03-07 23:17:01] ✅ VPN 已连接
[2026-03-07 23:18:01] ✅ VPN 已连接
[2026-03-07 23:19:01] ✅ VPN 已连接
[2026-03-07 23:20:02] ✅ VPN 已连接
[2026-03-07 23:21:02] ✅ VPN 已连接
[2026-03-07 23:22:02] ✅ VPN 已连接
[2026-03-07 23:23:02] ✅ VPN 已连接
[2026-03-07 23:24:02] ✅ VPN 已连接
[2026-03-07 23:25:02] ✅ VPN 已连接
[2026-03-07 23:26:02] ✅ VPN 已连接
[2026-03-07 23:27:02] ✅ VPN 已连接
[2026-03-07 23:28:02] ✅ VPN 已连接
[2026-03-07 23:29:02] ✅ VPN 已连接
[2026-03-07 23:30:02] ✅ VPN 已连接
[2026-03-07 23:31:02] ✅ VPN 已连接
[2026-03-07 23:32:02] ✅ VPN 已连接
[2026-03-07 23:33:02] ✅ VPN 已连接
[2026-03-07 23:34:02] ✅ VPN 已连接
[2026-03-07 23:35:02] ✅ VPN 已连接
[2026-03-07 23:36:02] ✅ VPN 已连接
[2026-03-07 23:37:02] ✅ VPN 已连接
[2026-03-07 23:38:02] ✅ VPN 已连接
[2026-03-07 23:39:02] ✅ VPN 已连接
[2026-03-07 23:40:02] ✅ VPN 已连接
[2026-03-07 23:41:03] ✅ VPN 已连接
[2026-03-07 23:42:03] ✅ VPN 已连接
[2026-03-07 23:43:03] ✅ VPN 已连接
[2026-03-07 23:44:03] ✅ VPN 已连接
[2026-03-07 23:45:03] ✅ VPN 已连接
[2026-03-07 23:46:03] ✅ VPN 已连接
[2026-03-07 23:47:03] ✅ VPN 已连接
[2026-03-07 23:48:03] ✅ VPN 已连接
[2026-03-07 23:49:03] ✅ VPN 已连接
[2026-03-07 23:50:03] ✅ VPN 已连接
[2026-03-07 23:51:03] ✅ VPN 已连接
[2026-03-07 23:52:03] ✅ VPN 已连接
[2026-03-07 23:53:03] ✅ VPN 已连接
[2026-03-07 23:54:03] ✅ VPN 已连接
[2026-03-07 23:55:03] ✅ VPN 已连接
[2026-03-07 23:56:03] ✅ VPN 已连接
[2026-03-07 23:57:03] ✅ VPN 已连接
[2026-03-07 23:58:03] ✅ VPN 已连接
[2026-03-07 23:59:03] ✅ VPN 已连接
[2026-03-08 00:00:03] ✅ VPN 已连接
[2026-03-08 00:01:03] ✅ VPN 已连接
[2026-03-08 00:02:04] ✅ VPN 已连接
[2026-03-08 00:03:04] ✅ VPN 已连接
[2026-03-08 00:04:04] ✅ VPN 已连接
[2026-03-08 00:05:04] ✅ VPN 已连接
[2026-03-08 00:06:04] ✅ VPN 已连接
[2026-03-08 00:07:04] ✅ VPN 已连接
[2026-03-08 00:08:04] ✅ VPN 已连接
[2026-03-08 00:09:04] ✅ VPN 已连接
[2026-03-08 00:10:04] ✅ VPN 已连接
[2026-03-08 00:11:04] ✅ VPN 已连接
[2026-03-08 00:12:04] ✅ VPN 已连接
[2026-03-08 00:13:04] ✅ VPN 已连接
[2026-03-08 00:14:04] ✅ VPN 已连接
[2026-03-08 00:15:04] ✅ VPN 已连接
[2026-03-08 00:16:04] ✅ VPN 已连接
[2026-03-08 00:17:04] ✅ VPN 已连接
[2026-03-08 00:18:04] ✅ VPN 已连接
[2026-03-08 00:19:04] ✅ VPN 已连接
[2026-03-08 00:20:04] ✅ VPN 已连接
[2026-03-08 00:21:04] ✅ VPN 已连接
[2026-03-08 00:22:04] ✅ VPN 已连接
[2026-03-08 00:23:05] ✅ VPN 已连接
[2026-03-08 00:24:05] ✅ VPN 已连接
[2026-03-08 00:25:05] ✅ VPN 已连接
[2026-03-08 00:26:05] ✅ VPN 已连接
[2026-03-08 00:27:05] ✅ VPN 已连接
[2026-03-08 00:28:05] ✅ VPN 已连接
[2026-03-08 00:29:05] ✅ VPN 已连接
[2026-03-08 00:30:05] ✅ VPN 已连接
[2026-03-08 00:31:05] ✅ VPN 已连接
[2026-03-08 00:32:05] ✅ VPN 已连接
[2026-03-08 00:33:05] ✅ VPN 已连接
[2026-03-08 00:34:05] ✅ VPN 已连接
[2026-03-08 00:35:05] ✅ VPN 已连接
[2026-03-08 00:36:05] ✅ VPN 已连接
[2026-03-08 00:37:05] ✅ VPN 已连接
[2026-03-08 00:38:05] ✅ VPN 已连接
[2026-03-08 00:39:05] ✅ VPN 已连接
[2026-03-08 00:40:05] ✅ VPN 已连接
[2026-03-08 00:41:05] ✅ VPN 已连接
[2026-03-08 00:42:06] ✅ VPN 已连接
[2026-03-08 00:43:06] ✅ VPN 已连接
[2026-03-08 00:44:06] ✅ VPN 已连接
[2026-03-08 00:45:06] ✅ VPN 已连接
[2026-03-08 00:46:06] ✅ VPN 已连接
[2026-03-08 00:47:06] ✅ VPN 已连接
[2026-03-08 00:48:06] ✅ VPN 已连接
[2026-03-08 00:49:06] ✅ VPN 已连接
[2026-03-08 00:50:06] ✅ VPN 已连接
[2026-03-08 00:51:06] ✅ VPN 已连接
[2026-03-08 00:52:06] ✅ VPN 已连接
[2026-03-08 00:53:06] ✅ VPN 已连接
[2026-03-08 00:54:06] ✅ VPN 已连接
[2026-03-08 00:55:06] ✅ VPN 已连接
[2026-03-08 00:56:06] ✅ VPN 已连接
[2026-03-08 00:57:06] ✅ VPN 已连接
[2026-03-08 00:58:06] ✅ VPN 已连接
[2026-03-08 00:59:06] ✅ VPN 已连接
[2026-03-08 01:00:06] ✅ VPN 已连接
[2026-03-08 01:01:06] ✅ VPN 已连接
[2026-03-08 01:02:06] ✅ VPN 已连接
[2026-03-08 01:03:07] ✅ VPN 已连接
[2026-03-08 01:04:07] ✅ VPN 已连接
[2026-03-08 01:05:07] ✅ VPN 已连接
[2026-03-08 01:06:07] ✅ VPN 已连接
[2026-03-08 01:07:07] ✅ VPN 已连接
[2026-03-08 01:08:07] ✅ VPN 已连接
[2026-03-08 01:09:07] ✅ VPN 已连接
[2026-03-08 01:10:07] ✅ VPN 已连接
[2026-03-08 01:11:07] ✅ VPN 已连接
[2026-03-08 01:12:07] ✅ VPN 已连接
[2026-03-08 01:13:07] ✅ VPN 已连接
[2026-03-08 01:14:07] ✅ VPN 已连接
[2026-03-08 01:15:07] ✅ VPN 已连接
[2026-03-08 01:16:07] ✅ VPN 已连接
[2026-03-08 01:17:07] ✅ VPN 已连接
[2026-03-08 01:18:07] ✅ VPN 已连接
[2026-03-08 01:19:07] ✅ VPN 已连接
[2026-03-08 01:20:07] ✅ VPN 已连接
[2026-03-08 01:21:07] ✅ VPN 已连接
[2026-03-08 01:22:07] ✅ VPN 已连接
[2026-03-08 01:23:07] ✅ VPN 已连接
[2026-03-08 01:24:08] ✅ VPN 已连接
[2026-03-08 01:25:08] ✅ VPN 已连接
[2026-03-08 01:26:08] ✅ VPN 已连接
[2026-03-08 01:27:08] ✅ VPN 已连接
[2026-03-08 01:28:08] ✅ VPN 已连接
[2026-03-08 01:29:08] ✅ VPN 已连接
[2026-03-08 01:30:08] ✅ VPN 已连接
[2026-03-08 01:31:08] ✅ VPN 已连接
[2026-03-08 01:32:08] ✅ VPN 已连接
[2026-03-08 01:33:08] ✅ VPN 已连接
[2026-03-08 01:34:08] ✅ VPN 已连接
[2026-03-08 01:35:08] ✅ VPN 已连接
[2026-03-08 01:36:08] ✅ VPN 已连接
[2026-03-08 01:37:08] ✅ VPN 已连接
[2026-03-08 01:38:08] ✅ VPN 已连接
[2026-03-08 01:39:08] ✅ VPN 已连接
[2026-03-08 01:40:08] ✅ VPN 已连接
[2026-03-08 01:41:08] ✅ VPN 已连接
[2026-03-08 01:42:08] ✅ VPN 已连接
[2026-03-08 01:43:08] ✅ VPN 已连接
[2026-03-08 01:44:08] ✅ VPN 已连接
[2026-03-08 01:45:09] ✅ VPN 已连接
[2026-03-08 01:46:09] ✅ VPN 已连接
[2026-03-08 01:47:09] ✅ VPN 已连接
[2026-03-08 01:48:09] ✅ VPN 已连接
[2026-03-08 01:49:09] ✅ VPN 已连接
[2026-03-08 01:50:09] ✅ VPN 已连接
[2026-03-08 01:51:09] ✅ VPN 已连接
[2026-03-08 01:52:09] ✅ VPN 已连接
[2026-03-08 01:53:09] ✅ VPN 已连接
[2026-03-08 01:54:09] ✅ VPN 已连接
[2026-03-08 01:55:09] ✅ VPN 已连接
[2026-03-08 01:56:09] ✅ VPN 已连接
[2026-03-08 01:57:09] ✅ VPN 已连接
[2026-03-08 01:58:09] ✅ VPN 已连接
[2026-03-08 01:59:09] ✅ VPN 已连接
[2026-03-08 02:00:09] ✅ VPN 已连接
[2026-03-08 02:01:09] ✅ VPN 已连接
[2026-03-08 02:02:09] ✅ VPN 已连接
[2026-03-08 02:03:09] ✅ VPN 已连接
[2026-03-08 02:04:09] ✅ VPN 已连接
[2026-03-08 02:05:09] ✅ VPN 已连接
[2026-03-08 02:06:10] ✅ VPN 已连接
[2026-03-08 02:07:10] ✅ VPN 已连接
[2026-03-08 02:08:10] ✅ VPN 已连接
[2026-03-08 02:09:10] ✅ VPN 已连接
[2026-03-08 02:10:10] ✅ VPN 已连接
[2026-03-08 02:11:10] ✅ VPN 已连接
[2026-03-08 02:12:10] ✅ VPN 已连接
[2026-03-08 02:13:10] ✅ VPN 已连接
[2026-03-08 02:14:10] ✅ VPN 已连接
[2026-03-08 02:15:10] ✅ VPN 已连接
[2026-03-08 02:16:10] ✅ VPN 已连接
[2026-03-08 02:17:10] ✅ VPN 已连接
[2026-03-08 02:18:10] ✅ VPN 已连接
[2026-03-08 02:19:10] ✅ VPN 已连接
[2026-03-08 02:20:10] ✅ VPN 已连接
[2026-03-08 02:21:10] ✅ VPN 已连接
[2026-03-08 02:22:10] ✅ VPN 已连接
[2026-03-08 02:23:10] ✅ VPN 已连接
[2026-03-08 02:24:10] ✅ VPN 已连接
[2026-03-08 02:25:10] ✅ VPN 已连接
[2026-03-08 02:26:10] ✅ VPN 已连接
[2026-03-08 02:27:11] ✅ VPN 已连接
[2026-03-08 02:28:11] ✅ VPN 已连接
[2026-03-08 02:29:11] ✅ VPN 已连接
[2026-03-08 02:30:11] ✅ VPN 已连接
[2026-03-08 02:31:11] ✅ VPN 已连接
[2026-03-08 02:32:11] ✅ VPN 已连接
[2026-03-08 02:33:11] ✅ VPN 已连接
[2026-03-08 02:34:11] ✅ VPN 已连接
[2026-03-08 02:35:11] ✅ VPN 已连接
[2026-03-08 02:36:11] ✅ VPN 已连接
[2026-03-08 02:37:11] ✅ VPN 已连接
[2026-03-08 02:38:11] ✅ VPN 已连接
[2026-03-08 02:39:11] ✅ VPN 已连接
[2026-03-08 02:40:11] ✅ VPN 已连接
[2026-03-08 02:41:11] ✅ VPN 已连接
[2026-03-08 02:42:11] ✅ VPN 已连接
[2026-03-08 02:43:11] ✅ VPN 已连接
[2026-03-08 02:44:11] ✅ VPN 已连接
[2026-03-08 02:45:11] ✅ VPN 已连接
[2026-03-08 02:46:11] ✅ VPN 已连接
[2026-03-08 02:47:11] ✅ VPN 已连接
[2026-03-08 02:48:12] ✅ VPN 已连接
[2026-03-08 02:49:12] ✅ VPN 已连接
[2026-03-08 02:50:12] ✅ VPN 已连接
[2026-03-08 02:51:12] ✅ VPN 已连接
[2026-03-08 02:52:12] ✅ VPN 已连接
[2026-03-08 02:53:12] ✅ VPN 已连接
[2026-03-08 02:54:12] ✅ VPN 已连接
[2026-03-08 02:55:12] ✅ VPN 已连接
[2026-03-08 02:56:12] ✅ VPN 已连接
[2026-03-08 02:57:12] ✅ VPN 已连接
[2026-03-08 02:58:12] ✅ VPN 已连接
[2026-03-08 02:59:12] ✅ VPN 已连接
[2026-03-08 03:00:12] ✅ VPN 已连接
[2026-03-08 03:01:12] ✅ VPN 已连接
[2026-03-08 03:02:12] ✅ VPN 已连接
[2026-03-08 03:03:12] ✅ VPN 已连接
[2026-03-08 03:04:12] ✅ VPN 已连接
[2026-03-08 03:05:12] ✅ VPN 已连接
[2026-03-08 03:06:12] ✅ VPN 已连接
[2026-03-08 03:07:12] ✅ VPN 已连接
[2026-03-08 03:08:13] ✅ VPN 已连接
[2026-03-08 03:09:13] ✅ VPN 已连接
[2026-03-08 03:10:13] ✅ VPN 已连接
[2026-03-08 03:11:13] ✅ VPN 已连接
[2026-03-08 03:12:13] ✅ VPN 已连接
[2026-03-08 03:13:13] ✅ VPN 已连接
[2026-03-08 03:14:13] ✅ VPN 已连接
[2026-03-08 03:15:13] ✅ VPN 已连接
[2026-03-08 03:16:13] ✅ VPN 已连接
[2026-03-08 03:17:13] ✅ VPN 已连接
[2026-03-08 03:18:13] ✅ VPN 已连接
[2026-03-08 03:19:13] ✅ VPN 已连接
[2026-03-08 03:20:13] ✅ VPN 已连接
[2026-03-08 03:21:13] ✅ VPN 已连接
[2026-03-08 03:22:13] ✅ VPN 已连接
[2026-03-08 03:23:13] ✅ VPN 已连接
[2026-03-08 03:24:13] ✅ VPN 已连接
[2026-03-08 03:25:13] ✅ VPN 已连接
[2026-03-08 03:26:13] ✅ VPN 已连接
[2026-03-08 03:27:13] ✅ VPN 已连接
[2026-03-08 03:28:13] ✅ VPN 已连接
[2026-03-08 03:29:13] ✅ VPN 已连接
[2026-03-08 03:30:14] ✅ VPN 已连接
[2026-03-08 03:31:14] ✅ VPN 已连接
[2026-03-08 03:32:14] ✅ VPN 已连接
[2026-03-08 03:33:14] ✅ VPN 已连接
[2026-03-08 03:34:14] ✅ VPN 已连接
[2026-03-08 03:35:14] ✅ VPN 已连接
[2026-03-08 03:36:14] ✅ VPN 已连接
[2026-03-08 03:37:14] ✅ VPN 已连接
[2026-03-08 03:38:14] ✅ VPN 已连接
[2026-03-08 03:39:14] ✅ VPN 已连接
[2026-03-08 03:40:14] ✅ VPN 已连接
[2026-03-08 03:41:14] ✅ VPN 已连接
[2026-03-08 03:42:14] ✅ VPN 已连接
[2026-03-08 03:43:14] ✅ VPN 已连接
[2026-03-08 03:44:14] ✅ VPN 已连接
[2026-03-08 03:45:14] ✅ VPN 已连接
[2026-03-08 03:46:14] ✅ VPN 已连接
[2026-03-08 03:47:14] ✅ VPN 已连接
[2026-03-08 03:48:14] ✅ VPN 已连接
[2026-03-08 03:49:15] ✅ VPN 已连接
[2026-03-08 03:50:15] ✅ VPN 已连接
[2026-03-08 03:51:15] ✅ VPN 已连接
[2026-03-08 03:52:15] ✅ VPN 已连接
[2026-03-08 03:53:15] ✅ VPN 已连接
[2026-03-08 03:54:15] ✅ VPN 已连接
[2026-03-08 03:55:15] ✅ VPN 已连接
[2026-03-08 03:56:15] ✅ VPN 已连接
[2026-03-08 03:57:15] ✅ VPN 已连接
[2026-03-08 03:58:15] ✅ VPN 已连接
[2026-03-08 03:59:15] ✅ VPN 已连接
[2026-03-08 04:00:15] ✅ VPN 已连接
[2026-03-08 04:01:15] ✅ VPN 已连接
[2026-03-08 04:02:15] ✅ VPN 已连接
[2026-03-08 04:03:15] ✅ VPN 已连接
[2026-03-08 04:04:15] ✅ VPN 已连接
[2026-03-08 04:05:15] ✅ VPN 已连接
[2026-03-08 04:06:15] ✅ VPN 已连接
[2026-03-08 04:07:15] ✅ VPN 已连接
[2026-03-08 04:08:15] ✅ VPN 已连接
[2026-03-08 04:09:15] ✅ VPN 已连接
[2026-03-08 04:10:16] ✅ VPN 已连接
[2026-03-08 04:11:16] ❌ VPN 未连接，触发重连...
[2026-03-08 04:11:16] ========== VPN 重连开始 ==========
[2026-03-08 04:11:16] 尝试 1/3...
[2026-03-08 04:11:16] 启动 FortiClient GUI...
[2026-03-08 04:11:19] ❌ FortiClient GUI 启动失败
[2026-03-08 04:11:19] 重试 1 失败：无法启动 FortiClient
[2026-03-08 04:11:29] 尝试 2/3...
[2026-03-08 04:11:29] 启动 FortiClient GUI...
[2026-03-08 04:11:29] FortiClient 已在运行，先关闭...
[2026-03-08 04:11:34] ❌ FortiClient GUI 启动失败
[2026-03-08 04:11:34] 重试 2 失败：无法启动 FortiClient
[2026-03-08 04:11:44] 尝试 3/3...
[2026-03-08 04:11:44] 启动 FortiClient GUI...
[2026-03-08 04:11:47] ❌ FortiClient GUI 启动失败
[2026-03-08 04:11:47] 重试 3 失败：无法启动 FortiClient
[2026-03-08 04:11:57] ❌ VPN 重连失败（已尝试 3 次）
[2026-03-08 04:11:57] ========== VPN 重连失败 ==========
[2026-03-08 04:12:57] ❌ VPN 未连接，触发重连...
[2026-03-08 04:12:57] ========== VPN 重连开始 ==========
[2026-03-08 04:12:57] 尝试 1/3...
[2026-03-08 04:12:57] 启动 FortiClient GUI...
[2026-03-08 04:12:57] FortiClient 已在运行，先关闭...
[2026-03-08 04:13:02] ❌ FortiClient GUI 启动失败
[2026-03-08 04:13:02] 重试 1 失败：无法启动 FortiClient
[2026-03-08 04:13:12] 尝试 2/3...
[2026-03-08 04:13:12] 启动 FortiClient GUI...
[2026-03-08 04:13:15] ❌ FortiClient GUI 启动失败
[2026-03-08 04:13:15] 重试 2 失败：无法启动 FortiClient
[2026-03-08 04:13:25] 尝试 3/3...
[2026-03-08 04:13:25] 启动 FortiClient GUI...
[2026-03-08 04:13:28] ❌ FortiClient GUI 启动失败
[2026-03-08 04:13:28] 重试 3 失败：无法启动 FortiClient
[2026-03-08 04:13:38] ❌ VPN 重连失败（已尝试 3 次）
[2026-03-08 04:13:38] ========== VPN 重连失败 ==========
[2026-03-08 04:14:38] ❌ VPN 未连接，触发重连...
[2026-03-08 04:14:38] ========== VPN 重连开始 ==========
[2026-03-08 04:14:38] 尝试 1/3...
[2026-03-08 04:14:38] 启动 FortiClient GUI...
[2026-03-08 04:14:41] ❌ FortiClient GUI 启动失败
[2026-03-08 04:14:41] 重试 1 失败：无法启动 FortiClient
[2026-03-08 04:14:51] 尝试 2/3...
[2026-03-08 04:14:51] 启动 FortiClient GUI...
[2026-03-08 04:14:54] ❌ FortiClient GUI 启动失败
[2026-03-08 04:14:54] 重试 2 失败：无法启动 FortiClient
[2026-03-08 04:15:04] 尝试 3/3...
[2026-03-08 04:15:04] 启动 FortiClient GUI...
[2026-03-08 04:15:07] ❌ FortiClient GUI 启动失败
[2026-03-08 04:15:07] 重试 3 失败：无法启动 FortiClient
[2026-03-08 04:15:17] ❌ VPN 重连失败（已尝试 3 次）
[2026-03-08 04:15:17] ========== VPN 重连失败 ==========
[2026-03-08 04:16:17] ✅ VPN 已连接
[2026-03-08 04:17:17] ✅ VPN 已连接
[2026-03-08 04:18:17] ✅ VPN 已连接
[2026-03-08 04:19:17] ✅ VPN 已连接
[2026-03-08 04:20:17] ✅ VPN 已连接
[2026-03-08 04:21:17] ✅ VPN 已连接
[2026-03-08 04:22:17] ✅ VPN 已连接
[2026-03-08 04:23:18] ✅ VPN 已连接
[2026-03-08 04:24:18] ✅ VPN 已连接
[2026-03-08 04:25:18] ✅ VPN 已连接
[2026-03-08 04:26:18] ✅ VPN 已连接
[2026-03-08 04:27:18] ✅ VPN 已连接
[2026-03-08 04:28:18] ✅ VPN 已连接
[2026-03-08 04:29:18] ✅ VPN 已连接
[2026-03-08 04:30:18] ✅ VPN 已连接
[2026-03-08 04:31:18] ✅ VPN 已连接
[2026-03-08 04:32:18] ✅ VPN 已连接
[2026-03-08 04:33:18] ✅ VPN 已连接
[2026-03-08 04:34:18] ✅ VPN 已连接
[2026-03-08 04:35:18] ✅ VPN 已连接
[2026-03-08 04:36:18] ✅ VPN 已连接
[2026-03-08 04:37:18] ✅ VPN 已连接
[2026-03-08 04:38:18] ✅ VPN 已连接
[2026-03-08 04:39:18] ✅ VPN 已连接
[2026-03-08 04:40:18] ✅ VPN 已连接
[2026-03-08 04:41:18] ✅ VPN 已连接
[2026-03-08 04:42:18] ✅ VPN 已连接
[2026-03-08 04:43:18] ✅ VPN 已连接
[2026-03-08 04:44:19] ✅ VPN 已连接
[2026-03-08 04:45:19] ✅ VPN 已连接
[2026-03-08 04:46:19] ✅ VPN 已连接
[2026-03-08 04:47:19] ✅ VPN 已连接
[2026-03-08 04:48:19] ✅ VPN 已连接
[2026-03-08 04:49:19] ✅ VPN 已连接
[2026-03-08 04:50:19] ✅ VPN 已连接
[2026-03-08 04:51:19] ✅ VPN 已连接
[2026-03-08 04:52:19] ✅ VPN 已连接
[2026-03-08 04:53:19] ✅ VPN 已连接
[2026-03-08 04:54:19] ✅ VPN 已连接
[2026-03-08 04:55:19] ✅ VPN 已连接
[2026-03-08 04:56:19] ✅ VPN 已连接
[2026-03-08 04:57:19] ✅ VPN 已连接
[2026-03-08 04:58:19] ✅ VPN 已连接
[2026-03-08 04:59:19] ✅ VPN 已连接
[2026-03-08 05:00:19] ✅ VPN 已连接
[2026-03-08 05:01:19] ✅ VPN 已连接
[2026-03-08 05:02:19] ✅ VPN 已连接
[2026-03-08 05:03:19] ✅ VPN 已连接
[2026-03-08 05:04:19] ✅ VPN 已连接
[2026-03-08 05:05:20] ✅ VPN 已连接
[2026-03-08 05:06:20] ✅ VPN 已连接
[2026-03-08 05:07:20] ✅ VPN 已连接
[2026-03-08 05:08:20] ✅ VPN 已连接
[2026-03-08 05:09:20] ✅ VPN 已连接
[2026-03-08 05:10:20] ✅ VPN 已连接
[2026-03-08 05:11:20] ✅ VPN 已连接
[2026-03-08 05:12:20] ✅ VPN 已连接
[2026-03-08 05:13:20] ✅ VPN 已连接
[2026-03-08 05:14:20] ✅ VPN 已连接
[2026-03-08 05:15:20] ✅ VPN 已连接
[2026-03-08 05:16:20] ✅ VPN 已连接
[2026-03-08 05:17:20] ✅ VPN 已连接
[2026-03-08 05:18:20] ✅ VPN 已连接
[2026-03-08 05:19:20] ✅ VPN 已连接
[2026-03-08 05:20:20] ✅ VPN 已连接
[2026-03-08 05:21:20] ✅ VPN 已连接
[2026-03-08 05:22:20] ✅ VPN 已连接
[2026-03-08 05:23:20] ✅ VPN 已连接
[2026-03-08 05:24:20] ✅ VPN 已连接
[2026-03-08 05:25:20] ✅ VPN 已连接
[2026-03-08 05:26:21] ✅ VPN 已连接
[2026-03-08 05:27:21] ✅ VPN 已连接
[2026-03-08 05:28:21] ✅ VPN 已连接
[2026-03-08 05:29:21] ✅ VPN 已连接
[2026-03-08 05:30:21] ✅ VPN 已连接
[2026-03-08 05:31:21] ✅ VPN 已连接
[2026-03-08 05:32:21] ✅ VPN 已连接
[2026-03-08 05:33:21] ✅ VPN 已连接
[2026-03-08 05:34:21] ✅ VPN 已连接
[2026-03-08 05:35:21] ✅ VPN 已连接
[2026-03-08 05:36:21] ✅ VPN 已连接
[2026-03-08 05:37:21] ✅ VPN 已连接
[2026-03-08 05:38:21] ✅ VPN 已连接
[2026-03-08 05:39:21] ✅ VPN 已连接
[2026-03-08 05:40:21] ✅ VPN 已连接
[2026-03-08 05:41:21] ✅ VPN 已连接
[2026-03-08 05:42:21] ✅ VPN 已连接
[2026-03-08 05:43:21] ✅ VPN 已连接
[2026-03-08 05:44:21] ✅ VPN 已连接
[2026-03-08 05:45:21] ✅ VPN 已连接
[2026-03-08 05:46:21] ✅ VPN 已连接
[2026-03-08 05:47:22] ✅ VPN 已连接
[2026-03-08 05:48:22] ✅ VPN 已连接
[2026-03-08 05:49:22] ✅ VPN 已连接
[2026-03-08 05:50:22] ✅ VPN 已连接
[2026-03-08 05:51:22] ✅ VPN 已连接
[2026-03-08 05:52:22] ✅ VPN 已连接
[2026-03-08 05:53:22] ✅ VPN 已连接
[2026-03-08 05:54:22] ✅ VPN 已连接
[2026-03-08 05:55:22] ✅ VPN 已连接
[2026-03-08 05:56:22] ✅ VPN 已连接
[2026-03-08 05:57:22] ✅ VPN 已连接
[2026-03-08 05:58:22] ✅ VPN 已连接
[2026-03-08 05:59:22] ✅ VPN 已连接
[2026-03-08 06:00:22] ✅ VPN 已连接
[2026-03-08 06:01:22] ✅ VPN 已连接
[2026-03-08 06:02:22] ✅ VPN 已连接
[2026-03-08 06:03:22] ✅ VPN 已连接
[2026-03-08 06:04:22] ✅ VPN 已连接
[2026-03-08 06:05:22] ✅ VPN 已连接
[2026-03-08 06:06:22] ✅ VPN 已连接
[2026-03-08 06:07:22] ✅ VPN 已连接
[2026-03-08 06:08:23] ✅ VPN 已连接
[2026-03-08 06:09:23] ✅ VPN 已连接
[2026-03-08 06:10:23] ✅ VPN 已连接
[2026-03-08 06:11:23] ✅ VPN 已连接
[2026-03-08 06:12:23] ✅ VPN 已连接
[2026-03-08 06:13:23] ✅ VPN 已连接
[2026-03-08 06:14:23] ✅ VPN 已连接
[2026-03-08 06:15:23] ✅ VPN 已连接
[2026-03-08 06:16:23] ✅ VPN 已连接
[2026-03-08 06:17:23] ✅ VPN 已连接
[2026-03-08 06:18:23] ✅ VPN 已连接
[2026-03-08 06:19:23] ✅ VPN 已连接
[2026-03-08 06:20:23] ✅ VPN 已连接
[2026-03-08 06:21:23] ✅ VPN 已连接
[2026-03-08 06:22:23] ✅ VPN 已连接
[2026-03-08 06:23:23] ✅ VPN 已连接
[2026-03-08 06:24:23] ✅ VPN 已连接
[2026-03-08 06:25:23] ✅ VPN 已连接
[2026-03-08 06:26:23] ✅ VPN 已连接
[2026-03-08 06:27:23] ✅ VPN 已连接
[2026-03-08 06:28:23] ✅ VPN 已连接
[2026-03-08 06:29:24] ✅ VPN 已连接
[2026-03-08 06:30:24] ✅ VPN 已连接
[2026-03-08 06:31:24] ✅ VPN 已连接
[2026-03-08 06:32:24] ✅ VPN 已连接
[2026-03-08 06:33:24] ✅ VPN 已连接
[2026-03-08 06:34:24] ✅ VPN 已连接
[2026-03-08 06:35:24] ✅ VPN 已连接
[2026-03-08 06:36:24] ✅ VPN 已连接
[2026-03-08 06:37:24] ✅ VPN 已连接
[2026-03-08 06:38:24] ✅ VPN 已连接
[2026-03-08 06:39:24] ✅ VPN 已连接
[2026-03-08 06:40:24] ✅ VPN 已连接
[2026-03-08 06:41:24] ✅ VPN 已连接
[2026-03-08 06:42:24] ✅ VPN 已连接
[2026-03-08 06:43:24] ✅ VPN 已连接
[2026-03-08 06:44:24] ✅ VPN 已连接
[2026-03-08 06:45:24] ✅ VPN 已连接
[2026-03-08 06:46:24] ✅ VPN 已连接
[2026-03-08 06:47:24] ✅ VPN 已连接
[2026-03-08 06:48:24] ✅ VPN 已连接
[2026-03-08 06:49:24] ✅ VPN 已连接
[2026-03-08 06:50:25] ✅ VPN 已连接
[2026-03-08 06:51:25] ✅ VPN 已连接
[2026-03-08 06:52:25] ✅ VPN 已连接
[2026-03-08 06:53:25] ✅ VPN 已连接
[2026-03-08 06:54:25] ✅ VPN 已连接
[2026-03-08 06:55:25] ✅ VPN 已连接
[2026-03-08 06:56:25] ✅ VPN 已连接
[2026-03-08 06:57:25] ✅ VPN 已连接
[2026-03-08 06:58:25] ✅ VPN 已连接
[2026-03-08 06:59:25] ✅ VPN 已连接
[2026-03-08 07:00:25] ✅ VPN 已连接
[2026-03-08 07:01:25] ✅ VPN 已连接
[2026-03-08 07:02:25] ✅ VPN 已连接
[2026-03-08 07:03:25] ✅ VPN 已连接
[2026-03-08 07:04:25] ✅ VPN 已连接
[2026-03-08 07:05:25] ✅ VPN 已连接
[2026-03-08 07:06:25] ✅ VPN 已连接
[2026-03-08 07:07:25] ✅ VPN 已连接
[2026-03-08 07:08:25] ✅ VPN 已连接
[2026-03-08 07:09:25] ✅ VPN 已连接
[2026-03-08 07:10:25] ✅ VPN 已连接
[2026-03-08 07:11:26] ✅ VPN 已连接
[2026-03-08 07:12:26] ✅ VPN 已连接
[2026-03-08 07:13:26] ✅ VPN 已连接
[2026-03-08 07:14:26] ✅ VPN 已连接
[2026-03-08 07:15:26] ✅ VPN 已连接
[2026-03-08 07:16:26] ✅ VPN 已连接
[2026-03-08 07:17:26] ✅ VPN 已连接
[2026-03-08 07:18:26] ✅ VPN 已连接
[2026-03-08 07:19:26] ✅ VPN 已连接
[2026-03-08 07:20:26] ✅ VPN 已连接
[2026-03-08 07:21:26] ✅ VPN 已连接
[2026-03-08 07:22:26] ✅ VPN 已连接
[2026-03-08 07:23:26] ✅ VPN 已连接
[2026-03-08 07:24:26] ✅ VPN 已连接
[2026-03-08 07:25:26] ✅ VPN 已连接
[2026-03-08 07:26:26] ✅ VPN 已连接
[2026-03-08 07:27:26] ✅ VPN 已连接
[2026-03-08 07:28:26] ✅ VPN 已连接
[2026-03-08 07:29:26] ✅ VPN 已连接
[2026-03-08 07:30:26] ✅ VPN 已连接
[2026-03-08 07:31:26] ✅ VPN 已连接
[2026-03-08 07:32:27] ✅ VPN 已连接
[2026-03-08 07:33:27] ✅ VPN 已连接
[2026-03-08 07:34:27] ✅ VPN 已连接
[2026-03-08 07:35:27] ✅ VPN 已连接
[2026-03-08 07:36:27] ✅ VPN 已连接
[2026-03-08 07:37:27] ✅ VPN 已连接
[2026-03-08 07:38:27] ✅ VPN 已连接
[2026-03-08 07:39:27] ✅ VPN 已连接
[2026-03-08 07:40:27] ✅ VPN 已连接
[2026-03-08 07:41:27] ✅ VPN 已连接
[2026-03-08 07:42:27] ✅ VPN 已连接
[2026-03-08 07:43:27] ✅ VPN 已连接
[2026-03-08 07:44:27] ✅ VPN 已连接
[2026-03-08 07:45:27] ✅ VPN 已连接
[2026-03-08 07:46:27] ✅ VPN 已连接
[2026-03-08 07:47:27] ✅ VPN 已连接
[2026-03-08 07:48:27] ✅ VPN 已连接
[2026-03-08 07:49:27] ✅ VPN 已连接
[2026-03-08 07:50:27] ✅ VPN 已连接
[2026-03-08 07:51:27] ✅ VPN 已连接
[2026-03-08 07:52:27] ✅ VPN 已连接
[2026-03-08 07:53:28] ✅ VPN 已连接
[2026-03-08 07:54:28] ✅ VPN 已连接
[2026-03-08 07:55:28] ✅ VPN 已连接
[2026-03-08 07:56:28] ✅ VPN 已连接
[2026-03-08 07:57:28] ✅ VPN 已连接
[2026-03-08 07:58:28] ✅ VPN 已连接
[2026-03-08 07:59:28] ✅ VPN 已连接
[2026-03-08 08:00:28] ✅ VPN 已连接
[2026-03-08 08:01:28] ✅ VPN 已连接
[2026-03-08 08:02:28] ✅ VPN 已连接
[2026-03-08 08:03:28] ✅ VPN 已连接
[2026-03-08 08:04:28] ✅ VPN 已连接
[2026-03-08 08:05:28] ✅ VPN 已连接
[2026-03-08 08:06:28] ✅ VPN 已连接
[2026-03-08 08:07:28] ✅ VPN 已连接
[2026-03-08 08:08:28] ✅ VPN 已连接
[2026-03-08 08:09:28] ✅ VPN 已连接
[2026-03-08 08:10:28] ✅ VPN 已连接
[2026-03-08 08:11:28] ✅ VPN 已连接
[2026-03-08 08:12:28] ✅ VPN 已连接
[2026-03-08 08:13:28] ✅ VPN 已连接
[2026-03-08 08:14:28] ✅ VPN 已连接
[2026-03-08 08:15:29] ✅ VPN 已连接
[2026-03-08 08:16:29] ✅ VPN 已连接
[2026-03-08 08:17:29] ✅ VPN 已连接
[2026-03-08 08:18:29] ✅ VPN 已连接
[2026-03-08 08:19:29] ✅ VPN 已连接
[2026-03-08 08:20:29] ✅ VPN 已连接
[2026-03-08 08:21:29] ✅ VPN 已连接
[2026-03-08 08:22:29] ✅ VPN 已连接
[2026-03-08 08:23:29] ✅ VPN 已连接
[2026-03-08 08:24:29] ✅ VPN 已连接
[2026-03-08 08:25:29] ✅ VPN 已连接
[2026-03-08 08:26:29] ✅ VPN 已连接
[2026-03-08 08:27:29] ✅ VPN 已连接
[2026-03-08 08:28:29] ✅ VPN 已连接
[2026-03-08 08:29:29] ✅ VPN 已连接
[2026-03-08 08:30:29] ✅ VPN 已连接
[2026-03-08 08:31:29] ✅ VPN 已连接
[2026-03-08 08:32:29] ✅ VPN 已连接
[2026-03-08 08:33:29] ✅ VPN 已连接
[2026-03-08 08:34:29] ✅ VPN 已连接
[2026-03-08 08:35:29] ✅ VPN 已连接
[2026-03-08 08:36:30] ✅ VPN 已连接
[2026-03-08 08:37:30] ✅ VPN 已连接
[2026-03-08 08:38:30] ✅ VPN 已连接
[2026-03-08 08:39:30] ✅ VPN 已连接
[2026-03-08 08:40:30] ✅ VPN 已连接
[2026-03-08 08:41:30] ✅ VPN 已连接
[2026-03-08 08:42:30] ✅ VPN 已连接
[2026-03-08 08:43:30] ✅ VPN 已连接
[2026-03-08 08:44:30] ✅ VPN 已连接
[2026-03-08 08:45:30] ✅ VPN 已连接
[2026-03-08 08:46:30] ✅ VPN 已连接
[2026-03-08 08:47:30] ✅ VPN 已连接
[2026-03-08 08:48:30] ✅ VPN 已连接
[2026-03-08 08:49:30] ✅ VPN 已连接
[2026-03-08 08:50:30] ✅ VPN 已连接
[2026-03-08 08:51:30] ✅ VPN 已连接
[2026-03-08 08:52:30] ✅ VPN 已连接
[2026-03-08 08:53:30] ✅ VPN 已连接
[2026-03-08 08:54:30] ✅ VPN 已连接
[2026-03-08 08:55:30] ✅ VPN 已连接
[2026-03-08 08:56:31] ✅ VPN 已连接
[2026-03-08 08:57:31] ✅ VPN 已连接
[2026-03-08 08:58:31] ✅ VPN 已连接
[2026-03-08 08:59:31] ✅ VPN 已连接
[2026-03-08 09:00:31] ✅ VPN 已连接
[2026-03-08 09:01:31] ✅ VPN 已连接
[2026-03-08 09:02:31] ✅ VPN 已连接
[2026-03-08 09:03:31] ✅ VPN 已连接
[2026-03-08 09:04:31] ✅ VPN 已连接
[2026-03-08 09:05:31] ✅ VPN 已连接
[2026-03-08 09:06:31] ✅ VPN 已连接
[2026-03-08 09:07:31] ✅ VPN 已连接
[2026-03-08 09:08:31] ✅ VPN 已连接
[2026-03-08 09:09:31] ✅ VPN 已连接
[2026-03-08 09:10:31] ✅ VPN 已连接
[2026-03-08 09:11:31] ✅ VPN 已连接
[2026-03-08 09:12:31] ✅ VPN 已连接
[2026-03-08 09:13:31] ✅ VPN 已连接
[2026-03-08 09:14:31] ✅ VPN 已连接
[2026-03-08 09:15:31] ✅ VPN 已连接
[2026-03-08 09:16:31] ✅ VPN 已连接
[2026-03-08 09:17:31] ✅ VPN 已连接
[2026-03-08 09:18:32] ✅ VPN 已连接
[2026-03-08 09:19:32] ✅ VPN 已连接
[2026-03-08 09:20:32] ✅ VPN 已连接
[2026-03-08 09:21:32] ✅ VPN 已连接
[2026-03-08 09:22:32] ✅ VPN 已连接
[2026-03-08 09:23:32] ✅ VPN 已连接
[2026-03-08 09:24:32] ✅ VPN 已连接
[2026-03-08 09:25:32] ✅ VPN 已连接
[2026-03-08 09:26:32] ✅ VPN 已连接
[2026-03-08 09:27:32] ✅ VPN 已连接
[2026-03-08 09:28:32] ✅ VPN 已连接
[2026-03-08 09:29:32] ✅ VPN 已连接
[2026-03-08 09:30:32] ✅ VPN 已连接
[2026-03-08 09:31:32] ✅ VPN 已连接
[2026-03-08 09:32:32] ✅ VPN 已连接
[2026-03-08 09:33:32] ✅ VPN 已连接
[2026-03-08 09:34:32] ✅ VPN 已连接
[2026-03-08 09:35:32] ✅ VPN 已连接
[2026-03-08 09:36:32] ✅ VPN 已连接
[2026-03-08 09:37:32] ✅ VPN 已连接
[2026-03-08 09:38:32] ✅ VPN 已连接
[2026-03-08 09:39:33] ✅ VPN 已连接
[2026-03-08 09:40:33] ✅ VPN 已连接
[2026-03-08 09:41:33] ✅ VPN 已连接
[2026-03-08 09:42:33] ✅ VPN 已连接
[2026-03-08 09:43:33] ✅ VPN 已连接
[2026-03-08 09:44:33] ✅ VPN 已连接
[2026-03-08 09:45:33] ✅ VPN 已连接
[2026-03-08 09:46:33] ✅ VPN 已连接
[2026-03-08 09:47:33] ✅ VPN 已连接
[2026-03-08 09:48:33] ✅ VPN 已连接
[2026-03-08 09:49:33] ✅ VPN 已连接
[2026-03-08 09:50:33] ✅ VPN 已连接
[2026-03-08 09:51:33] ✅ VPN 已连接
[2026-03-08 09:52:33] ✅ VPN 已连接
[2026-03-08 09:53:33] ✅ VPN 已连接
[2026-03-08 09:54:33] ✅ VPN 已连接
[2026-03-08 09:55:33] ✅ VPN 已连接
[2026-03-08 09:56:33] ✅ VPN 已连接
[2026-03-08 09:57:33] ✅ VPN 已连接
[2026-03-08 09:58:33] ✅ VPN 已连接
[2026-03-08 09:59:33] ✅ VPN 已连接
[2026-03-08 10:00:34] ✅ VPN 已连接
[2026-03-08 10:01:34] ✅ VPN 已连接
[2026-03-08 10:02:34] ✅ VPN 已连接
[2026-03-08 10:03:34] ✅ VPN 已连接
[2026-03-08 10:04:34] ✅ VPN 已连接
[2026-03-08 10:05:34] ✅ VPN 已连接
[2026-03-08 10:06:34] ✅ VPN 已连接
[2026-03-08 10:07:34] ✅ VPN 已连接
[2026-03-08 10:08:34] ✅ VPN 已连接
[2026-03-08 10:09:34] ✅ VPN 已连接
[2026-03-08 10:10:34] ✅ VPN 已连接
[2026-03-08 10:11:34] ✅ VPN 已连接
[2026-03-08 10:12:34] ✅ VPN 已连接
[2026-03-08 10:13:34] ✅ VPN 已连接
[2026-03-08 10:14:34] ✅ VPN 已连接
[2026-03-08 10:15:34] ✅ VPN 已连接
[2026-03-08 10:16:34] ✅ VPN 已连接
[2026-03-08 10:17:34] ✅ VPN 已连接
[2026-03-08 10:18:34] ✅ VPN 已连接
[2026-03-08 10:19:34] ✅ VPN 已连接
[2026-03-08 10:20:34] ✅ VPN 已连接
[2026-03-08 10:21:35] ✅ VPN 已连接
[2026-03-08 10:22:35] ✅ VPN 已连接
[2026-03-08 10:23:35] ✅ VPN 已连接
[2026-03-08 10:24:35] ✅ VPN 已连接
[2026-03-08 10:25:35] ✅ VPN 已连接
[2026-03-08 10:26:35] ✅ VPN 已连接
[2026-03-08 10:27:35] ✅ VPN 已连接
[2026-03-08 10:28:35] ✅ VPN 已连接
[2026-03-08 10:29:35] ✅ VPN 已连接
[2026-03-08 10:30:35] ✅ VPN 已连接
[2026-03-08 10:31:35] ✅ VPN 已连接
[2026-03-08 10:32:35] ✅ VPN 已连接
[2026-03-08 10:33:35] ✅ VPN 已连接
[2026-03-08 10:34:35] ✅ VPN 已连接
[2026-03-08 10:35:35] ✅ VPN 已连接
[2026-03-08 10:36:35] ✅ VPN 已连接
[2026-03-08 10:37:35] ✅ VPN 已连接
[2026-03-08 10:38:35] ✅ VPN 已连接
[2026-03-08 10:39:35] ✅ VPN 已连接
[2026-03-08 10:40:35] ✅ VPN 已连接
[2026-03-08 10:41:35] ✅ VPN 已连接
[2026-03-08 10:42:35] ✅ VPN 已连接
[2026-03-08 10:43:36] ✅ VPN 已连接
[2026-03-08 10:44:36] ✅ VPN 已连接
[2026-03-08 10:45:36] ✅ VPN 已连接
[2026-03-08 10:46:36] ✅ VPN 已连接
[2026-03-08 10:47:36] ✅ VPN 已连接
[2026-03-08 10:48:36] ✅ VPN 已连接
[2026-03-08 10:49:36] ✅ VPN 已连接
[2026-03-08 10:50:36] ✅ VPN 已连接
[2026-03-08 10:51:36] ✅ VPN 已连接
[2026-03-08 10:52:36] ✅ VPN 已连接
[2026-03-08 10:53:36] ✅ VPN 已连接
[2026-03-08 10:54:36] ✅ VPN 已连接
[2026-03-08 10:55:36] ✅ VPN 已连接
[2026-03-08 10:56:36] ✅ VPN 已连接
[2026-03-08 10:57:36] ✅ VPN 已连接
[2026-03-08 10:58:36] ✅ VPN 已连接
[2026-03-08 10:59:36] ✅ VPN 已连接
[2026-03-08 11:00:36] ✅ VPN 已连接
[2026-03-08 11:01:36] ✅ VPN 已连接
[2026-03-08 11:02:36] ✅ VPN 已连接
[2026-03-08 11:03:36] ✅ VPN 已连接
[2026-03-08 11:04:37] ✅ VPN 已连接
[2026-03-08 11:05:37] ✅ VPN 已连接
[2026-03-08 11:06:37] ✅ VPN 已连接
[2026-03-08 11:07:37] ✅ VPN 已连接
[2026-03-08 11:08:37] ✅ VPN 已连接
[2026-03-08 11:09:37] ✅ VPN 已连接
[2026-03-08 11:10:37] ✅ VPN 已连接
[2026-03-08 11:11:37] ✅ VPN 已连接
[2026-03-08 11:12:37] ✅ VPN 已连接
[2026-03-08 11:13:37] ✅ VPN 已连接
[2026-03-08 11:14:37] ✅ VPN 已连接
[2026-03-08 11:15:37] ✅ VPN 已连接
[2026-03-08 11:16:37] ✅ VPN 已连接
[2026-03-08 11:17:37] ✅ VPN 已连接
[2026-03-08 11:18:37] ✅ VPN 已连接
[2026-03-08 11:19:37] ✅ VPN 已连接
[2026-03-08 11:20:37] ✅ VPN 已连接
[2026-03-08 11:21:37] ✅ VPN 已连接
[2026-03-08 11:22:37] ✅ VPN 已连接
[2026-03-08 11:23:37] ✅ VPN 已连接
[2026-03-08 11:24:37] ✅ VPN 已连接
[2026-03-08 11:25:38] ✅ VPN 已连接
[2026-03-08 11:26:38] ✅ VPN 已连接
[2026-03-08 11:27:38] ✅ VPN 已连接
[2026-03-08 11:28:38] ✅ VPN 已连接
[2026-03-08 11:29:38] ✅ VPN 已连接
[2026-03-08 11:30:38] ✅ VPN 已连接
[2026-03-08 11:31:38] ✅ VPN 已连接
[2026-03-08 11:32:38] ✅ VPN 已连接
[2026-03-08 11:33:38] ✅ VPN 已连接
[2026-03-08 11:34:38] ✅ VPN 已连接
[2026-03-08 11:35:38] ✅ VPN 已连接
[2026-03-08 11:36:38] ✅ VPN 已连接
[2026-03-08 11:37:38] ✅ VPN 已连接
[2026-03-08 11:38:38] ✅ VPN 已连接
[2026-03-08 11:39:38] ✅ VPN 已连接
[2026-03-08 11:40:38] ✅ VPN 已连接
[2026-03-08 11:41:38] ✅ VPN 已连接
[2026-03-08 11:42:38] ✅ VPN 已连接
[2026-03-08 11:43:38] ✅ VPN 已连接
[2026-03-08 11:44:38] ✅ VPN 已连接
[2026-03-08 11:45:38] ✅ VPN 已连接
[2026-03-08 11:46:39] ✅ VPN 已连接
[2026-03-08 11:47:39] ✅ VPN 已连接
[2026-03-08 11:48:39] ✅ VPN 已连接
[2026-03-08 11:49:39] ✅ VPN 已连接
[2026-03-08 11:50:39] ✅ VPN 已连接
[2026-03-08 11:51:39] ✅ VPN 已连接
[2026-03-08 11:52:39] ✅ VPN 已连接
[2026-03-08 11:53:39] ✅ VPN 已连接
[2026-03-08 11:54:39] ✅ VPN 已连接
[2026-03-08 11:55:39] ✅ VPN 已连接
[2026-03-08 11:56:39] ✅ VPN 已连接
[2026-03-08 11:57:39] ✅ VPN 已连接
[2026-03-08 11:58:39] ✅ VPN 已连接
[2026-03-08 11:59:39] ✅ VPN 已连接
[2026-03-08 12:00:39] ✅ VPN 已连接
[2026-03-08 12:01:39] ✅ VPN 已连接
[2026-03-08 12:02:39] ✅ VPN 已连接
[2026-03-08 12:03:39] ✅ VPN 已连接
[2026-03-08 12:04:39] ✅ VPN 已连接
[2026-03-08 12:05:39] ✅ VPN 已连接
[2026-03-08 12:06:39] ✅ VPN 已连接
[2026-03-08 12:07:40] ✅ VPN 已连接
[2026-03-08 12:08:40] ✅ VPN 已连接
[2026-03-08 12:09:40] ✅ VPN 已连接
[2026-03-08 12:10:40] ✅ VPN 已连接
[2026-03-08 12:11:40] ✅ VPN 已连接
[2026-03-08 12:12:40] ✅ VPN 已连接
[2026-03-08 12:13:40] ✅ VPN 已连接
[2026-03-08 12:14:40] ✅ VPN 已连接
[2026-03-08 12:15:40] ❌ VPN 未连接，触发重连...
[2026-03-08 12:15:40] ========== VPN 重连开始 ==========
[2026-03-08 12:15:40] 尝试 1/3...
[2026-03-08 12:15:40] 启动 FortiClient GUI...
[2026-03-08 12:15:43] ❌ FortiClient GUI 启动失败
[2026-03-08 12:15:43] 重试 1 失败：无法启动 FortiClient
[2026-03-08 12:15:53] 尝试 2/3...
[2026-03-08 12:15:53] 启动 FortiClient GUI...
[2026-03-08 12:15:56] ❌ FortiClient GUI 启动失败
[2026-03-08 12:15:56] 重试 2 失败：无法启动 FortiClient
[2026-03-08 12:16:06] 尝试 3/3...
[2026-03-08 12:16:06] 启动 FortiClient GUI...
[2026-03-08 12:16:09] ❌ FortiClient GUI 启动失败
[2026-03-08 12:16:09] 重试 3 失败：无法启动 FortiClient
[2026-03-08 12:16:19] ❌ VPN 重连失败（已尝试 3 次）
[2026-03-08 12:16:19] ========== VPN 重连失败 ==========
[2026-03-08 12:17:19] ❌ VPN 未连接，触发重连...
[2026-03-08 12:17:19] ========== VPN 重连开始 ==========
[2026-03-08 12:17:19] 尝试 1/3...
[2026-03-08 12:17:19] 启动 FortiClient GUI...
[2026-03-08 12:17:22] ❌ FortiClient GUI 启动失败
[2026-03-08 12:17:22] 重试 1 失败：无法启动 FortiClient
[2026-03-08 12:17:32] 尝试 2/3...
[2026-03-08 12:17:32] 启动 FortiClient GUI...
[2026-03-08 12:17:35] ❌ FortiClient GUI 启动失败
[2026-03-08 12:17:35] 重试 2 失败：无法启动 FortiClient
[2026-03-08 12:17:45] 尝试 3/3...
[2026-03-08 12:17:45] 启动 FortiClient GUI...
[2026-03-08 12:17:48] ❌ FortiClient GUI 启动失败
[2026-03-08 12:17:48] 重试 3 失败：无法启动 FortiClient
[2026-03-08 12:17:58] ❌ VPN 重连失败（已尝试 3 次）
[2026-03-08 12:17:58] ========== VPN 重连失败 ==========
[2026-03-08 12:18:58] ✅ VPN 已连接
[2026-03-08 12:19:58] ✅ VPN 已连接
[2026-03-08 12:20:58] ✅ VPN 已连接
[2026-03-08 12:21:58] ✅ VPN 已连接
[2026-03-08 12:22:58] ✅ VPN 已连接
[2026-03-08 12:23:58] ✅ VPN 已连接
[2026-03-08 12:24:59] ✅ VPN 已连接
[2026-03-08 12:25:59] ✅ VPN 已连接
[2026-03-08 12:26:59] ✅ VPN 已连接
[2026-03-08 12:27:59] ✅ VPN 已连接
[2026-03-08 12:28:59] ✅ VPN 已连接
[2026-03-08 12:29:59] ✅ VPN 已连接
[2026-03-08 12:30:59] ✅ VPN 已连接
[2026-03-08 12:31:59] ✅ VPN 已连接
[2026-03-08 12:32:59] ✅ VPN 已连接
[2026-03-08 12:33:59] ✅ VPN 已连接
[2026-03-08 12:34:59] ✅ VPN 已连接
[2026-03-08 12:35:59] ✅ VPN 已连接
[2026-03-08 12:36:59] ✅ VPN 已连接
[2026-03-08 12:37:59] ✅ VPN 已连接
[2026-03-08 12:38:59] ✅ VPN 已连接
[2026-03-08 12:39:59] ✅ VPN 已连接
[2026-03-08 12:40:59] ✅ VPN 已连接
[2026-03-08 12:41:59] ✅ VPN 已连接
[2026-03-08 12:42:59] ✅ VPN 已连接
[2026-03-08 12:43:59] ✅ VPN 已连接
[2026-03-08 12:44:59] ✅ VPN 已连接
[2026-03-08 12:46:00] ✅ VPN 已连接
[2026-03-08 12:47:00] ✅ VPN 已连接
[2026-03-08 12:48:00] ✅ VPN 已连接
[2026-03-08 12:49:00] ✅ VPN 已连接
[2026-03-08 12:50:00] ✅ VPN 已连接
[2026-03-08 12:51:00] ✅ VPN 已连接
[2026-03-08 12:52:00] ✅ VPN 已连接
[2026-03-08 12:53:00] ✅ VPN 已连接
[2026-03-08 12:54:00] ✅ VPN 已连接
[2026-03-08 12:55:00] ✅ VPN 已连接
[2026-03-08 12:56:00] ✅ VPN 已连接
[2026-03-08 12:57:00] ✅ VPN 已连接
[2026-03-08 12:58:00] ✅ VPN 已连接
[2026-03-08 12:59:00] ✅ VPN 已连接
[2026-03-08 13:00:00] ✅ VPN 已连接
[2026-03-08 13:01:00] ✅ VPN 已连接
[2026-03-08 13:02:00] ✅ VPN 已连接
[2026-03-08 13:03:00] ✅ VPN 已连接
[2026-03-08 13:04:00] ✅ VPN 已连接
[2026-03-08 13:05:00] ✅ VPN 已连接
[2026-03-08 13:06:00] ✅ VPN 已连接
[2026-03-08 13:07:01] ✅ VPN 已连接
[2026-03-08 13:08:01] ✅ VPN 已连接
[2026-03-08 13:09:01] ✅ VPN 已连接
[2026-03-08 13:10:01] ✅ VPN 已连接
[2026-03-08 13:11:01] ✅ VPN 已连接
[2026-03-08 13:12:01] ✅ VPN 已连接
[2026-03-08 13:13:01] ✅ VPN 已连接
[2026-03-08 13:14:01] ✅ VPN 已连接
[2026-03-08 13:15:01] ✅ VPN 已连接
[2026-03-08 13:16:01] ✅ VPN 已连接
[2026-03-08 13:17:01] ✅ VPN 已连接
[2026-03-08 13:18:01] ✅ VPN 已连接
[2026-03-08 13:19:01] ✅ VPN 已连接
[2026-03-08 13:20:01] ✅ VPN 已连接
[2026-03-08 13:21:01] ✅ VPN 已连接
[2026-03-08 13:22:01] ✅ VPN 已连接
[2026-03-08 13:23:01] ✅ VPN 已连接
[2026-03-08 13:24:01] ✅ VPN 已连接
[2026-03-08 13:25:01] ✅ VPN 已连接
[2026-03-08 13:26:01] ✅ VPN 已连接
[2026-03-08 13:27:01] ✅ VPN 已连接
[2026-03-08 13:28:02] ✅ VPN 已连接
[2026-03-08 13:29:02] ✅ VPN 已连接
[2026-03-08 13:30:02] ✅ VPN 已连接
[2026-03-08 13:31:02] ✅ VPN 已连接
[2026-03-08 13:32:02] ✅ VPN 已连接
[2026-03-08 13:33:02] ✅ VPN 已连接
[2026-03-08 13:34:02] ✅ VPN 已连接
[2026-03-08 13:35:02] ✅ VPN 已连接
[2026-03-08 13:36:02] ✅ VPN 已连接
[2026-03-08 13:37:02] ✅ VPN 已连接
[2026-03-08 13:38:02] ✅ VPN 已连接
[2026-03-08 13:39:02] ✅ VPN 已连接
[2026-03-08 13:40:02] ✅ VPN 已连接
[2026-03-08 13:41:02] ✅ VPN 已连接
[2026-03-08 13:42:02] ✅ VPN 已连接
[2026-03-08 13:43:02] ✅ VPN 已连接
[2026-03-08 13:44:02] ✅ VPN 已连接
[2026-03-08 13:45:02] ✅ VPN 已连接
[2026-03-08 13:46:02] ✅ VPN 已连接
[2026-03-08 13:47:02] ✅ VPN 已连接
[2026-03-08 13:48:02] ✅ VPN 已连接
[2026-03-08 13:49:03] ✅ VPN 已连接
[2026-03-08 13:50:03] ✅ VPN 已连接
[2026-03-08 13:51:03] ✅ VPN 已连接
[2026-03-08 13:52:03] ✅ VPN 已连接
[2026-03-08 13:53:03] ✅ VPN 已连接
[2026-03-08 13:54:03] ✅ VPN 已连接
[2026-03-08 13:55:03] ✅ VPN 已连接
[2026-03-08 13:56:03] ✅ VPN 已连接
[2026-03-08 13:57:03] ✅ VPN 已连接
[2026-03-08 13:58:03] ✅ VPN 已连接
[2026-03-08 13:59:03] ✅ VPN 已连接
[2026-03-08 14:00:03] ✅ VPN 已连接
[2026-03-08 14:01:03] ✅ VPN 已连接
[2026-03-08 14:02:03] ✅ VPN 已连接
[2026-03-08 14:03:03] ✅ VPN 已连接
[2026-03-08 14:04:03] ✅ VPN 已连接
[2026-03-08 14:05:03] ✅ VPN 已连接
[2026-03-08 14:06:03] ✅ VPN 已连接
[2026-03-08 14:07:03] ✅ VPN 已连接
[2026-03-08 14:08:03] ✅ VPN 已连接
[2026-03-08 14:09:03] ✅ VPN 已连接
[2026-03-08 14:10:04] ✅ VPN 已连接
[2026-03-08 14:11:04] ✅ VPN 已连接
[2026-03-08 14:12:04] ✅ VPN 已连接
[2026-03-08 14:13:04] ✅ VPN 已连接
[2026-03-08 14:14:04] ✅ VPN 已连接
[2026-03-08 14:15:04] ✅ VPN 已连接
[2026-03-08 14:16:04] ✅ VPN 已连接
[2026-03-08 14:17:04] ✅ VPN 已连接
[2026-03-08 14:18:04] ✅ VPN 已连接
[2026-03-08 14:19:04] ✅ VPN 已连接
[2026-03-08 14:20:04] ✅ VPN 已连接
[2026-03-08 14:21:04] ✅ VPN 已连接
[2026-03-08 14:22:04] ✅ VPN 已连接
[2026-03-08 14:23:04] ✅ VPN 已连接
[2026-03-08 14:24:04] ✅ VPN 已连接
[2026-03-08 14:25:04] ✅ VPN 已连接
[2026-03-08 14:26:04] ✅ VPN 已连接
[2026-03-08 14:27:04] ✅ VPN 已连接
[2026-03-08 14:28:04] ✅ VPN 已连接
[2026-03-08 14:29:04] ✅ VPN 已连接
[2026-03-08 14:30:04] ✅ VPN 已连接
[2026-03-08 14:31:05] ✅ VPN 已连接
[2026-03-08 14:32:05] ✅ VPN 已连接
[2026-03-08 14:33:05] ✅ VPN 已连接
[2026-03-08 14:34:05] ✅ VPN 已连接
[2026-03-08 14:35:05] ✅ VPN 已连接
[2026-03-08 14:36:05] ✅ VPN 已连接
[2026-03-08 14:37:05] ✅ VPN 已连接
[2026-03-08 14:38:05] ✅ VPN 已连接
[2026-03-08 14:39:05] ✅ VPN 已连接
[2026-03-08 14:40:05] ✅ VPN 已连接
[2026-03-08 14:41:05] ✅ VPN 已连接
[2026-03-08 14:42:05] ✅ VPN 已连接
[2026-03-08 14:43:05] ✅ VPN 已连接
[2026-03-08 14:44:05] ✅ VPN 已连接
[2026-03-08 14:45:05] ✅ VPN 已连接
[2026-03-08 14:46:05] ✅ VPN 已连接
[2026-03-08 14:47:05] ✅ VPN 已连接
[2026-03-08 14:48:05] ✅ VPN 已连接
[2026-03-08 14:49:05] ✅ VPN 已连接
[2026-03-08 14:50:05] ✅ VPN 已连接
[2026-03-08 14:51:05] ✅ VPN 已连接
[2026-03-08 14:52:06] ✅ VPN 已连接
[2026-03-08 14:53:06] ✅ VPN 已连接
[2026-03-08 14:54:06] ✅ VPN 已连接
[2026-03-08 14:55:06] ✅ VPN 已连接
[2026-03-08 14:56:06] ✅ VPN 已连接
[2026-03-08 14:57:06] ✅ VPN 已连接
[2026-03-08 14:58:06] ✅ VPN 已连接
[2026-03-08 14:59:06] ✅ VPN 已连接
[2026-03-08 15:00:06] ✅ VPN 已连接
[2026-03-08 15:01:06] ✅ VPN 已连接
[2026-03-08 15:02:06] ✅ VPN 已连接
[2026-03-08 15:03:06] ✅ VPN 已连接
[2026-03-08 15:04:06] ✅ VPN 已连接
[2026-03-08 15:05:06] ✅ VPN 已连接
[2026-03-08 15:06:06] ✅ VPN 已连接
[2026-03-08 15:07:06] ✅ VPN 已连接
[2026-03-08 15:08:06] ✅ VPN 已连接
[2026-03-08 15:09:06] ✅ VPN 已连接
[2026-03-08 15:10:06] ✅ VPN 已连接
[2026-03-08 15:11:06] ✅ VPN 已连接
[2026-03-08 15:12:06] ✅ VPN 已连接
[2026-03-08 15:13:07] ✅ VPN 已连接
[2026-03-08 15:14:07] ✅ VPN 已连接
[2026-03-08 15:15:07] ✅ VPN 已连接
[2026-03-08 15:16:07] ✅ VPN 已连接
[2026-03-08 15:17:07] ✅ VPN 已连接
[2026-03-08 15:18:07] ✅ VPN 已连接
[2026-03-08 15:19:07] ✅ VPN 已连接
[2026-03-08 15:20:07] ✅ VPN 已连接
[2026-03-08 15:21:07] ✅ VPN 已连接
[2026-03-08 15:22:07] ✅ VPN 已连接
[2026-03-08 15:23:07] ✅ VPN 已连接
[2026-03-08 15:24:07] ✅ VPN 已连接
[2026-03-08 15:25:07] ✅ VPN 已连接
[2026-03-08 15:26:07] ✅ VPN 已连接
[2026-03-08 15:27:07] ✅ VPN 已连接
[2026-03-08 15:28:07] ✅ VPN 已连接
[2026-03-08 15:29:07] ✅ VPN 已连接
[2026-03-08 15:30:07] ✅ VPN 已连接
[2026-03-08 15:31:07] ✅ VPN 已连接
[2026-03-08 15:32:07] ✅ VPN 已连接
[2026-03-08 15:33:07] ✅ VPN 已连接
[2026-03-08 15:34:08] ✅ VPN 已连接
[2026-03-08 15:35:08] ✅ VPN 已连接
[2026-03-08 15:36:08] ✅ VPN 已连接
[2026-03-08 15:37:08] ✅ VPN 已连接
[2026-03-08 15:38:08] ✅ VPN 已连接
[2026-03-08 15:39:08] ✅ VPN 已连接
[2026-03-08 15:40:08] ✅ VPN 已连接
[2026-03-08 15:41:08] ✅ VPN 已连接
[2026-03-08 15:42:08] ✅ VPN 已连接
[2026-03-08 15:43:08] ✅ VPN 已连接
[2026-03-08 15:44:08] ✅ VPN 已连接
[2026-03-08 15:45:08] ✅ VPN 已连接
[2026-03-08 15:46:08] ✅ VPN 已连接
[2026-03-08 15:47:08] ✅ VPN 已连接
[2026-03-08 15:48:08] ✅ VPN 已连接
[2026-03-08 15:49:08] ✅ VPN 已连接
[2026-03-08 15:50:08] ✅ VPN 已连接
[2026-03-08 15:51:08] ✅ VPN 已连接
[2026-03-08 15:52:08] ✅ VPN 已连接
[2026-03-08 15:53:08] ✅ VPN 已连接
[2026-03-08 15:54:08] ✅ VPN 已连接
[2026-03-08 15:55:08] ✅ VPN 已连接
[2026-03-08 15:56:09] ✅ VPN 已连接
[2026-03-08 15:57:09] ✅ VPN 已连接
[2026-03-08 15:58:09] ✅ VPN 已连接
[2026-03-08 15:59:09] ✅ VPN 已连接
[2026-03-08 16:00:09] ✅ VPN 已连接
[2026-03-08 16:01:09] ✅ VPN 已连接
[2026-03-08 16:02:09] ✅ VPN 已连接
[2026-03-08 16:03:09] ✅ VPN 已连接
[2026-03-08 16:04:09] ✅ VPN 已连接
[2026-03-08 16:05:09] ✅ VPN 已连接
[2026-03-08 16:06:09] ✅ VPN 已连接
[2026-03-08 16:07:09] ✅ VPN 已连接
[2026-03-08 16:08:09] ✅ VPN 已连接
[2026-03-08 16:09:09] ✅ VPN 已连接
[2026-03-08 16:10:09] ✅ VPN 已连接
[2026-03-08 16:11:09] ✅ VPN 已连接
[2026-03-08 16:12:09] ✅ VPN 已连接
[2026-03-08 16:13:09] ✅ VPN 已连接
[2026-03-08 16:14:09] ✅ VPN 已连接
[2026-03-08 16:15:09] ✅ VPN 已连接
[2026-03-08 16:16:10] ✅ VPN 已连接
[2026-03-08 16:17:10] ✅ VPN 已连接
[2026-03-08 16:18:10] ✅ VPN 已连接
[2026-03-08 16:19:10] ✅ VPN 已连接
[2026-03-08 16:20:10] ✅ VPN 已连接
[2026-03-08 16:21:10] ✅ VPN 已连接
[2026-03-08 16:22:10] ✅ VPN 已连接
[2026-03-08 16:23:10] ✅ VPN 已连接
[2026-03-08 16:24:10] ✅ VPN 已连接
[2026-03-08 16:25:10] ✅ VPN 已连接
[2026-03-08 16:26:10] ✅ VPN 已连接
[2026-03-08 16:27:10] ✅ VPN 已连接
[2026-03-08 16:28:10] ✅ VPN 已连接
[2026-03-08 16:29:10] ✅ VPN 已连接
[2026-03-08 16:30:10] ✅ VPN 已连接
[2026-03-08 16:31:10] ✅ VPN 已连接
[2026-03-08 16:32:10] ✅ VPN 已连接
[2026-03-08 16:33:10] ✅ VPN 已连接
[2026-03-08 16:34:10] ✅ VPN 已连接
[2026-03-08 16:35:10] ✅ VPN 已连接
[2026-03-08 16:36:10] ✅ VPN 已连接
[2026-03-08 16:37:11] ✅ VPN 已连接
[2026-03-08 16:38:11] ✅ VPN 已连接
[2026-03-08 16:39:11] ✅ VPN 已连接
[2026-03-08 16:40:11] ✅ VPN 已连接
[2026-03-08 16:41:11] ✅ VPN 已连接
[2026-03-08 16:42:11] ✅ VPN 已连接
[2026-03-08 16:43:11] ✅ VPN 已连接
[2026-03-08 16:44:11] ✅ VPN 已连接
[2026-03-08 16:45:11] ✅ VPN 已连接
[2026-03-08 16:46:11] ✅ VPN 已连接
[2026-03-08 16:47:11] ✅ VPN 已连接
[2026-03-08 16:48:11] ✅ VPN 已连接
[2026-03-08 16:49:11] ✅ VPN 已连接
[2026-03-08 16:50:11] ✅ VPN 已连接
[2026-03-08 16:51:11] ✅ VPN 已连接
[2026-03-08 16:52:11] ✅ VPN 已连接
[2026-03-08 16:53:11] ✅ VPN 已连接
[2026-03-08 16:54:11] ✅ VPN 已连接
[2026-03-08 16:55:11] ✅ VPN 已连接
[2026-03-08 16:56:11] ✅ VPN 已连接
[2026-03-08 16:57:12] ✅ VPN 已连接
[2026-03-08 16:58:12] ✅ VPN 已连接
[2026-03-08 16:59:12] ✅ VPN 已连接
[2026-03-08 17:00:12] ✅ VPN 已连接
[2026-03-08 17:01:12] ✅ VPN 已连接
[2026-03-08 17:02:12] ✅ VPN 已连接
[2026-03-08 17:03:12] ✅ VPN 已连接
[2026-03-08 17:04:12] ✅ VPN 已连接
[2026-03-08 17:05:12] ✅ VPN 已连接
[2026-03-08 17:06:12] ✅ VPN 已连接
[2026-03-08 17:07:12] ✅ VPN 已连接
[2026-03-08 17:08:12] ✅ VPN 已连接
[2026-03-08 17:09:12] ✅ VPN 已连接
[2026-03-08 17:10:12] ✅ VPN 已连接
[2026-03-08 17:11:12] ✅ VPN 已连接
[2026-03-08 17:12:12] ✅ VPN 已连接
[2026-03-08 17:13:12] ✅ VPN 已连接
[2026-03-08 17:14:12] ✅ VPN 已连接
[2026-03-08 17:15:12] ✅ VPN 已连接
[2026-03-08 17:16:12] ✅ VPN 已连接
[2026-03-08 17:17:12] ✅ VPN 已连接
[2026-03-08 17:18:13] ✅ VPN 已连接
[2026-03-08 17:19:13] ✅ VPN 已连接
[2026-03-08 17:20:13] ✅ VPN 已连接
[2026-03-08 17:21:13] ✅ VPN 已连接
[2026-03-08 17:22:13] ✅ VPN 已连接
[2026-03-08 17:23:13] ✅ VPN 已连接
[2026-03-08 17:24:13] ✅ VPN 已连接
[2026-03-08 17:25:13] ✅ VPN 已连接
[2026-03-08 17:26:13] ✅ VPN 已连接
[2026-03-08 17:27:13] ✅ VPN 已连接
[2026-03-08 17:28:13] ✅ VPN 已连接
[2026-03-08 17:29:13] ✅ VPN 已连接
[2026-03-08 17:30:13] ✅ VPN 已连接
[2026-03-08 17:31:13] ✅ VPN 已连接
[2026-03-08 17:32:13] ✅ VPN 已连接
[2026-03-08 17:33:13] ✅ VPN 已连接
[2026-03-08 17:34:13] ✅ VPN 已连接
[2026-03-08 17:35:13] ✅ VPN 已连接
[2026-03-08 17:36:13] ✅ VPN 已连接
[2026-03-08 17:37:13] ✅ VPN 已连接
[2026-03-08 17:38:13] ✅ VPN 已连接
[2026-03-08 17:39:13] ✅ VPN 已连接
[2026-03-08 17:40:14] ✅ VPN 已连接
[2026-03-08 17:41:14] ✅ VPN 已连接
[2026-03-08 17:42:14] ✅ VPN 已连接
[2026-03-08 17:43:14] ✅ VPN 已连接
[2026-03-08 17:44:14] ✅ VPN 已连接
[2026-03-08 17:45:14] ✅ VPN 已连接
[2026-03-08 17:46:14] ✅ VPN 已连接
[2026-03-08 17:47:14] ✅ VPN 已连接
[2026-03-08 17:48:14] ✅ VPN 已连接
[2026-03-08 17:49:14] ✅ VPN 已连接
[2026-03-08 17:50:14] ✅ VPN 已连接
[2026-03-08 17:51:14] ✅ VPN 已连接
[2026-03-08 17:52:14] ✅ VPN 已连接
[2026-03-08 17:53:14] ✅ VPN 已连接
[2026-03-08 17:54:14] ✅ VPN 已连接
[2026-03-08 17:55:14] ✅ VPN 已连接
[2026-03-08 17:56:14] ✅ VPN 已连接
[2026-03-08 17:57:14] ✅ VPN 已连接
[2026-03-08 17:58:14] ✅ VPN 已连接
[2026-03-08 17:59:14] ✅ VPN 已连接
[2026-03-08 18:00:14] ✅ VPN 已连接
[2026-03-08 18:01:15] ✅ VPN 已连接
[2026-03-08 18:02:15] ✅ VPN 已连接
[2026-03-08 18:03:15] ✅ VPN 已连接
[2026-03-08 18:04:15] ✅ VPN 已连接
[2026-03-08 18:05:15] ✅ VPN 已连接
[2026-03-08 18:06:15] ✅ VPN 已连接
[2026-03-08 18:07:15] ✅ VPN 已连接
[2026-03-08 18:08:15] ✅ VPN 已连接
[2026-03-08 18:09:15] ✅ VPN 已连接
[2026-03-08 18:10:15] ✅ VPN 已连接
[2026-03-08 18:11:15] ✅ VPN 已连接
[2026-03-08 18:12:15] ✅ VPN 已连接
[2026-03-08 18:13:15] ✅ VPN 已连接
[2026-03-08 18:14:15] ✅ VPN 已连接
[2026-03-08 18:15:15] ✅ VPN 已连接
[2026-03-08 18:16:15] ✅ VPN 已连接
[2026-03-08 18:17:15] ✅ VPN 已连接
[2026-03-08 18:18:15] ✅ VPN 已连接
[2026-03-08 18:19:15] ✅ VPN 已连接
[2026-03-08 18:20:15] ✅ VPN 已连接
[2026-03-08 18:21:15] ✅ VPN 已连接
[2026-03-08 18:22:16] ✅ VPN 已连接
[2026-03-08 18:23:16] ✅ VPN 已连接
[2026-03-08 18:24:16] ✅ VPN 已连接
[2026-03-08 18:25:16] ✅ VPN 已连接
[2026-03-08 18:26:16] ✅ VPN 已连接
[2026-03-08 18:27:16] ✅ VPN 已连接
[2026-03-08 18:28:16] ✅ VPN 已连接
[2026-03-08 18:29:16] ✅ VPN 已连接
[2026-03-08 18:30:16] ✅ VPN 已连接
[2026-03-08 18:31:16] ✅ VPN 已连接
[2026-03-08 18:32:16] ✅ VPN 已连接
[2026-03-08 18:33:16] ✅ VPN 已连接
[2026-03-08 18:34:16] ✅ VPN 已连接
[2026-03-08 18:35:16] ✅ VPN 已连接
[2026-03-08 18:36:16] ✅ VPN 已连接
[2026-03-08 18:37:16] ✅ VPN 已连接
[2026-03-08 18:38:16] ✅ VPN 已连接
[2026-03-08 18:39:16] ✅ VPN 已连接
[2026-03-08 18:40:16] ✅ VPN 已连接
[2026-03-08 18:41:16] ✅ VPN 已连接
[2026-03-08 18:42:16] ✅ VPN 已连接
[2026-03-08 18:43:17] ✅ VPN 已连接
[2026-03-08 18:44:17] ✅ VPN 已连接
[2026-03-08 18:45:17] ✅ VPN 已连接
[2026-03-08 18:46:17] ✅ VPN 已连接
[2026-03-08 18:47:17] ✅ VPN 已连接
[2026-03-08 18:48:17] ✅ VPN 已连接
[2026-03-08 18:49:17] ✅ VPN 已连接
[2026-03-08 18:50:17] ✅ VPN 已连接
[2026-03-08 18:51:17] ✅ VPN 已连接
[2026-03-08 18:52:17] ✅ VPN 已连接
[2026-03-08 18:53:17] ✅ VPN 已连接
[2026-03-08 18:54:17] ✅ VPN 已连接
[2026-03-08 18:55:17] ✅ VPN 已连接
[2026-03-08 18:56:17] ✅ VPN 已连接
[2026-03-08 18:57:17] ✅ VPN 已连接
[2026-03-08 18:58:17] ✅ VPN 已连接
[2026-03-08 18:59:17] ✅ VPN 已连接
[2026-03-08 19:00:17] ✅ VPN 已连接
[2026-03-08 19:01:17] ✅ VPN 已连接
[2026-03-08 19:02:17] ✅ VPN 已连接
[2026-03-08 19:03:17] ✅ VPN 已连接
[2026-03-08 19:04:18] ✅ VPN 已连接
[2026-03-08 19:05:18] ✅ VPN 已连接
[2026-03-08 19:06:18] ✅ VPN 已连接
[2026-03-08 19:07:18] ✅ VPN 已连接
[2026-03-08 19:08:18] ✅ VPN 已连接
[2026-03-08 19:09:18] ✅ VPN 已连接
[2026-03-08 19:10:18] ✅ VPN 已连接
[2026-03-08 19:11:18] ✅ VPN 已连接
[2026-03-08 19:12:18] ✅ VPN 已连接
[2026-03-08 19:13:18] ✅ VPN 已连接
[2026-03-08 19:14:18] ✅ VPN 已连接
[2026-03-08 19:15:18] ✅ VPN 已连接
[2026-03-08 19:16:18] ✅ VPN 已连接
[2026-03-08 19:17:18] ✅ VPN 已连接
[2026-03-08 19:18:18] ✅ VPN 已连接
[2026-03-08 19:19:18] ✅ VPN 已连接
[2026-03-08 19:20:18] ✅ VPN 已连接
[2026-03-08 19:21:18] ✅ VPN 已连接
[2026-03-08 19:22:18] ✅ VPN 已连接
[2026-03-08 19:23:18] ✅ VPN 已连接
[2026-03-08 19:24:18] ✅ VPN 已连接
[2026-03-08 19:25:19] ✅ VPN 已连接
[2026-03-08 19:26:19] ✅ VPN 已连接
[2026-03-08 19:27:19] ✅ VPN 已连接
[2026-03-08 19:28:19] ✅ VPN 已连接
[2026-03-08 19:29:19] ✅ VPN 已连接
[2026-03-08 19:30:19] ✅ VPN 已连接
[2026-03-08 19:31:19] ✅ VPN 已连接
[2026-03-08 19:32:19] ✅ VPN 已连接
[2026-03-08 19:33:19] ✅ VPN 已连接
[2026-03-08 19:34:19] ✅ VPN 已连接
[2026-03-08 19:35:19] ✅ VPN 已连接
[2026-03-08 19:36:19] ✅ VPN 已连接
[2026-03-08 19:37:19] ✅ VPN 已连接
[2026-03-08 19:38:19] ✅ VPN 已连接
[2026-03-08 19:39:19] ✅ VPN 已连接
[2026-03-08 19:40:19] ✅ VPN 已连接
[2026-03-08 19:41:19] ✅ VPN 已连接
[2026-03-08 19:42:19] ✅ VPN 已连接
[2026-03-08 19:43:19] ✅ VPN 已连接
[2026-03-08 19:44:19] ✅ VPN 已连接
[2026-03-08 19:45:20] ✅ VPN 已连接
[2026-03-08 19:46:20] ✅ VPN 已连接
[2026-03-08 19:47:20] ✅ VPN 已连接
[2026-03-08 19:48:20] ✅ VPN 已连接
[2026-03-08 19:49:20] ✅ VPN 已连接
[2026-03-08 19:50:20] ✅ VPN 已连接
[2026-03-08 19:51:20] ✅ VPN 已连接
[2026-03-08 19:52:20] ✅ VPN 已连接
[2026-03-08 19:53:20] ✅ VPN 已连接
[2026-03-08 19:54:20] ✅ VPN 已连接
[2026-03-08 19:55:20] ✅ VPN 已连接
[2026-03-08 19:56:20] ✅ VPN 已连接
[2026-03-08 19:57:20] ❌ VPN 未连接，触发重连...
[2026-03-08 19:57:20] ========== VPN 重连开始 ==========
[2026-03-08 19:57:20] 尝试 1/3...
[2026-03-08 19:57:20] 启动 FortiClient GUI...
[2026-03-08 19:57:23] ❌ FortiClient GUI 启动失败
[2026-03-08 19:57:23] 重试 1 失败：无法启动 FortiClient
[2026-03-08 19:57:33] 尝试 2/3...
[2026-03-08 19:57:33] 启动 FortiClient GUI...
[2026-03-08 19:57:36] ❌ FortiClient GUI 启动失败
[2026-03-08 19:57:36] 重试 2 失败：无法启动 FortiClient
[2026-03-08 19:57:46] 尝试 3/3...
[2026-03-08 19:57:46] 启动 FortiClient GUI...
[2026-03-08 19:57:49] ❌ FortiClient GUI 启动失败
[2026-03-08 19:57:49] 重试 3 失败：无法启动 FortiClient
[2026-03-08 19:57:59] ❌ VPN 重连失败（已尝试 3 次）
[2026-03-08 19:57:59] ========== VPN 重连失败 ==========
[2026-03-08 19:58:59] ✅ VPN 已连接
[2026-03-08 19:59:59] ✅ VPN 已连接
[2026-03-08 20:00:59] ✅ VPN 已连接
[2026-03-08 20:01:59] ✅ VPN 已连接
[2026-03-08 20:02:59] ✅ VPN 已连接
[2026-03-08 20:04:00] ✅ VPN 已连接
[2026-03-08 20:05:00] ✅ VPN 已连接
[2026-03-08 20:06:00] ✅ VPN 已连接
[2026-03-08 20:07:00] ✅ VPN 已连接
[2026-03-08 20:08:00] ✅ VPN 已连接
[2026-03-08 20:09:00] ✅ VPN 已连接
[2026-03-08 20:10:00] ✅ VPN 已连接
[2026-03-08 20:11:00] ✅ VPN 已连接
[2026-03-08 20:12:00] ✅ VPN 已连接
[2026-03-08 20:13:00] ✅ VPN 已连接
[2026-03-08 20:14:00] ✅ VPN 已连接
[2026-03-08 20:15:00] ✅ VPN 已连接
[2026-03-08 20:16:00] ✅ VPN 已连接
[2026-03-08 20:17:00] ✅ VPN 已连接
[2026-03-08 20:18:00] ✅ VPN 已连接
[2026-03-08 20:19:00] ❌ VPN 未连接，触发重连...
[2026-03-08 20:19:00] ========== VPN 重连开始 ==========
[2026-03-08 20:19:00] 尝试 1/3...
[2026-03-08 20:19:00] 启动 FortiClient GUI...
[2026-03-08 20:19:03] ✅ FortiClient GUI 已启动
[2026-03-08 20:19:03] 触发 VPN 连接（Playwright 自动化）...
[2026-03-08 20:20:13] 重试 1 失败：自动登录失败
[2026-03-08 20:20:23] 尝试 2/3...
[2026-03-08 20:20:23] 启动 FortiClient GUI...
[2026-03-08 20:20:26] ❌ FortiClient GUI 启动失败
[2026-03-08 20:20:26] 重试 2 失败：无法启动 FortiClient
[2026-03-08 20:20:36] 尝试 3/3...
[2026-03-08 20:20:36] 启动 FortiClient GUI...
[2026-03-08 20:20:39] ❌ FortiClient GUI 启动失败
[2026-03-08 20:20:39] 重试 3 失败：无法启动 FortiClient
[2026-03-08 20:20:49] ❌ VPN 重连失败（已尝试 3 次）
[2026-03-08 20:20:49] ========== VPN 重连失败 ==========
[2026-03-08 20:21:49] ✅ VPN 已连接
[2026-03-08 20:22:49] ✅ VPN 已连接
[2026-03-08 20:23:49] ✅ VPN 已连接
[2026-03-08 20:24:49] ✅ VPN 已连接
[2026-03-08 20:25:49] ✅ VPN 已连接
[2026-03-08 20:26:49] ✅ VPN 已连接
[2026-03-08 20:27:49] ✅ VPN 已连接
[2026-03-08 20:28:49] ✅ VPN 已连接
[2026-03-08 20:29:49] ✅ VPN 已连接
[2026-03-08 20:30:49] ✅ VPN 已连接
[2026-03-08 20:31:49] ✅ VPN 已连接
[2026-03-08 20:32:49] ✅ VPN 已连接
[2026-03-08 20:33:49] ✅ VPN 已连接
[2026-03-08 20:34:49] ✅ VPN 已连接
[2026-03-08 20:35:50] ✅ VPN 已连接
[2026-03-08 20:36:50] ✅ VPN 已连接
[2026-03-08 20:37:50] ✅ VPN 已连接
[2026-03-08 20:38:50] ✅ VPN 已连接
[2026-03-08 20:39:50] ✅ VPN 已连接
[2026-03-08 20:40:50] ✅ VPN 已连接
[2026-03-08 20:41:50] ✅ VPN 已连接
[2026-03-08 20:42:50] ✅ VPN 已连接
[2026-03-08 20:43:50] ✅ VPN 已连接
[2026-03-08 20:44:50] ✅ VPN 已连接
[2026-03-08 20:45:50] ✅ VPN 已连接
[2026-03-08 20:46:50] ✅ VPN 已连接
[2026-03-08 20:47:50] ✅ VPN 已连接
[2026-03-08 20:48:50] ✅ VPN 已连接
[2026-03-08 20:49:50] ✅ VPN 已连接
[2026-03-08 20:50:50] ✅ VPN 已连接
[2026-03-08 20:51:50] ✅ VPN 已连接
[2026-03-08 20:52:50] ✅ VPN 已连接
[2026-03-08 20:53:50] ✅ VPN 已连接
[2026-03-08 20:54:50] ✅ VPN 已连接
[2026-03-08 20:55:50] ✅ VPN 已连接
[2026-03-08 20:56:51] ✅ VPN 已连接
[2026-03-08 20:57:51] ✅ VPN 已连接
[2026-03-08 20:58:51] ✅ VPN 已连接
[2026-03-08 20:59:51] ✅ VPN 已连接
[2026-03-08 21:00:51] ✅ VPN 已连接
[2026-03-08 21:01:51] ✅ VPN 已连接
[2026-03-08 21:02:51] ✅ VPN 已连接
[2026-03-08 21:03:51] ✅ VPN 已连接
[2026-03-08 21:04:51] ✅ VPN 已连接
[2026-03-08 21:05:51] ✅ VPN 已连接
[2026-03-08 21:06:51] ✅ VPN 已连接
[2026-03-08 21:07:51] ✅ VPN 已连接
[2026-03-08 21:08:51] ✅ VPN 已连接
[2026-03-08 21:09:51] ✅ VPN 已连接
[2026-03-08 21:10:51] ✅ VPN 已连接
[2026-03-08 21:11:51] ✅ VPN 已连接
[2026-03-08 21:12:51] ✅ VPN 已连接
[2026-03-08 21:13:51] ✅ VPN 已连接
[2026-03-08 21:14:51] ✅ VPN 已连接
[2026-03-08 21:15:51] ✅ VPN 已连接
[2026-03-08 21:16:51] ✅ VPN 已连接
[2026-03-08 21:17:52] ✅ VPN 已连接
[2026-03-08 21:18:52] ✅ VPN 已连接
[2026-03-08 21:19:52] ✅ VPN 已连接
[2026-03-08 21:20:52] ✅ VPN 已连接
[2026-03-08 21:21:52] ✅ VPN 已连接
[2026-03-08 21:22:52] ✅ VPN 已连接
[2026-03-08 21:23:52] ✅ VPN 已连接
[2026-03-08 21:24:52] ✅ VPN 已连接
[2026-03-08 21:25:52] ✅ VPN 已连接
[2026-03-08 21:26:52] ✅ VPN 已连接
[2026-03-08 21:27:52] ✅ VPN 已连接
[2026-03-08 21:28:52] ✅ VPN 已连接
[2026-03-08 21:29:52] ✅ VPN 已连接
[2026-03-08 21:30:52] ✅ VPN 已连接
[2026-03-08 21:31:52] ✅ VPN 已连接
[2026-03-08 21:32:52] ✅ VPN 已连接
[2026-03-08 21:33:52] ✅ VPN 已连接
[2026-03-08 21:34:52] ✅ VPN 已连接
[2026-03-08 21:35:52] ✅ VPN 已连接
[2026-03-08 21:36:52] ✅ VPN 已连接
[2026-03-08 21:37:52] ✅ VPN 已连接
[2026-03-08 21:38:53] ✅ VPN 已连接
[2026-03-08 21:39:53] ✅ VPN 已连接
[2026-03-08 21:40:53] ✅ VPN 已连接
[2026-03-08 21:41:53] ✅ VPN 已连接
[2026-03-08 21:42:53] ✅ VPN 已连接
[2026-03-08 21:43:53] ✅ VPN 已连接
[2026-03-08 21:44:53] ✅ VPN 已连接
[2026-03-08 21:45:53] ✅ VPN 已连接
[2026-03-08 21:46:53] ✅ VPN 已连接
[2026-03-08 21:47:53] ✅ VPN 已连接
[2026-03-08 21:48:53] ✅ VPN 已连接
[2026-03-08 21:49:53] ✅ VPN 已连接
[2026-03-08 21:50:53] ✅ VPN 已连接
[2026-03-08 21:51:53] ✅ VPN 已连接
[2026-03-08 21:52:53] ✅ VPN 已连接
[2026-03-08 21:53:53] ✅ VPN 已连接
[2026-03-08 21:54:53] ✅ VPN 已连接
[2026-03-08 21:55:53] ✅ VPN 已连接
[2026-03-08 21:56:53] ✅ VPN 已连接
[2026-03-08 21:57:53] ✅ VPN 已连接
[2026-03-08 21:58:53] ✅ VPN 已连接
[2026-03-08 21:59:54] ✅ VPN 已连接
[2026-03-08 22:00:54] ✅ VPN 已连接
[2026-03-08 22:01:54] ✅ VPN 已连接
[2026-03-08 22:02:54] ✅ VPN 已连接
[2026-03-08 22:03:54] ✅ VPN 已连接
[2026-03-08 22:04:54] ✅ VPN 已连接
[2026-03-08 22:05:54] ✅ VPN 已连接
[2026-03-08 22:06:54] ✅ VPN 已连接
[2026-03-08 22:07:54] ✅ VPN 已连接
[2026-03-08 22:08:54] ✅ VPN 已连接
[2026-03-08 22:09:54] ✅ VPN 已连接
[2026-03-08 22:10:54] ✅ VPN 已连接
[2026-03-08 22:11:54] ✅ VPN 已连接
[2026-03-08 22:12:54] ✅ VPN 已连接
[2026-03-08 22:13:54] ✅ VPN 已连接
[2026-03-08 22:14:54] ✅ VPN 已连接
[2026-03-08 22:15:54] ✅ VPN 已连接
[2026-03-08 22:16:54] ✅ VPN 已连接
[2026-03-08 22:17:54] ✅ VPN 已连接
[2026-03-08 22:18:54] ✅ VPN 已连接
[2026-03-08 22:19:54] ✅ VPN 已连接
[2026-03-08 22:20:55] ✅ VPN 已连接
[2026-03-08 22:21:55] ✅ VPN 已连接
[2026-03-08 22:22:55] ✅ VPN 已连接
[2026-03-08 22:23:55] ✅ VPN 已连接
[2026-03-08 22:24:55] ✅ VPN 已连接
[2026-03-08 22:25:55] ✅ VPN 已连接
[2026-03-08 22:26:55] ✅ VPN 已连接
[2026-03-08 22:27:55] ✅ VPN 已连接
[2026-03-08 22:28:55] ✅ VPN 已连接
[2026-03-08 22:29:55] ✅ VPN 已连接
[2026-03-08 22:30:55] ✅ VPN 已连接
[2026-03-08 22:31:55] ✅ VPN 已连接
[2026-03-08 22:32:55] ✅ VPN 已连接
[2026-03-08 22:33:55] ✅ VPN 已连接
[2026-03-08 22:34:55] ✅ VPN 已连接
[2026-03-08 22:35:55] ✅ VPN 已连接
[2026-03-08 22:36:55] ✅ VPN 已连接
[2026-03-08 22:37:55] ✅ VPN 已连接
[2026-03-08 22:38:55] ✅ VPN 已连接
[2026-03-08 22:39:55] ✅ VPN 已连接
[2026-03-08 22:40:55] ✅ VPN 已连接
[2026-03-08 22:41:56] ✅ VPN 已连接
[2026-03-08 22:42:56] ✅ VPN 已连接
[2026-03-08 22:43:56] ✅ VPN 已连接
[2026-03-08 22:44:56] ✅ VPN 已连接
[2026-03-08 22:45:56] ✅ VPN 已连接
[2026-03-08 22:46:56] ✅ VPN 已连接
[2026-03-08 22:47:56] ✅ VPN 已连接
[2026-03-08 22:48:56] ✅ VPN 已连接
[2026-03-08 22:49:56] ✅ VPN 已连接
[2026-03-08 22:50:56] ✅ VPN 已连接
[2026-03-08 22:51:56] ✅ VPN 已连接
[2026-03-08 22:52:56] ✅ VPN 已连接
[2026-03-08 22:53:56] ✅ VPN 已连接
[2026-03-08 22:54:56] ✅ VPN 已连接
[2026-03-08 22:55:56] ✅ VPN 已连接
[2026-03-08 22:56:56] ✅ VPN 已连接
[2026-03-08 22:57:56] ✅ VPN 已连接
[2026-03-08 22:58:56] ✅ VPN 已连接
[2026-03-08 22:59:56] ✅ VPN 已连接
[2026-03-08 23:00:56] ✅ VPN 已连接
[2026-03-08 23:01:56] ✅ VPN 已连接
[2026-03-08 23:02:57] ✅ VPN 已连接
[2026-03-08 23:03:57] ✅ VPN 已连接
[2026-03-08 23:04:57] ✅ VPN 已连接
[2026-03-08 23:05:57] ✅ VPN 已连接
[2026-03-08 23:06:57] ✅ VPN 已连接
[2026-03-08 23:07:57] ✅ VPN 已连接
[2026-03-08 23:08:57] ✅ VPN 已连接
[2026-03-08 23:09:57] ✅ VPN 已连接
[2026-03-08 23:10:57] ✅ VPN 已连接
[2026-03-08 23:11:57] ✅ VPN 已连接
[2026-03-08 23:12:57] ✅ VPN 已连接
[2026-03-08 23:13:57] ✅ VPN 已连接
[2026-03-08 23:14:57] ✅ VPN 已连接
[2026-03-08 23:15:57] ✅ VPN 已连接
[2026-03-08 23:16:57] ✅ VPN 已连接
[2026-03-08 23:17:57] ✅ VPN 已连接
[2026-03-08 23:18:57] ✅ VPN 已连接
[2026-03-08 23:19:57] ✅ VPN 已连接
[2026-03-08 23:20:57] ✅ VPN 已连接
[2026-03-08 23:21:57] ✅ VPN 已连接
[2026-03-08 23:22:57] ✅ VPN 已连接
[2026-03-08 23:23:58] ✅ VPN 已连接
[2026-03-08 23:24:58] ✅ VPN 已连接
[2026-03-08 23:25:58] ✅ VPN 已连接
[2026-03-08 23:26:58] ✅ VPN 已连接
[2026-03-08 23:27:58] ✅ VPN 已连接
[2026-03-08 23:28:58] ✅ VPN 已连接
[2026-03-08 23:29:58] ✅ VPN 已连接
[2026-03-08 23:30:58] ✅ VPN 已连接
[2026-03-08 23:31:58] ✅ VPN 已连接
[2026-03-08 23:32:58] ✅ VPN 已连接
[2026-03-08 23:33:58] ✅ VPN 已连接
[2026-03-08 23:34:58] ✅ VPN 已连接
[2026-03-08 23:35:58] ✅ VPN 已连接
[2026-03-08 23:36:58] ✅ VPN 已连接
[2026-03-08 23:37:58] ✅ VPN 已连接
[2026-03-08 23:38:58] ✅ VPN 已连接
[2026-03-08 23:39:58] ✅ VPN 已连接
[2026-03-08 23:40:58] ✅ VPN 已连接
[2026-03-08 23:41:58] ✅ VPN 已连接
[2026-03-08 23:42:58] ✅ VPN 已连接
[2026-03-08 23:43:58] ✅ VPN 已连接
[2026-03-08 23:44:59] ✅ VPN 已连接
[2026-03-08 23:45:59] ✅ VPN 已连接
[2026-03-08 23:46:59] ✅ VPN 已连接
[2026-03-08 23:47:59] ✅ VPN 已连接
[2026-03-08 23:48:59] ✅ VPN 已连接
[2026-03-08 23:49:59] ✅ VPN 已连接
[2026-03-08 23:50:59] ✅ VPN 已连接
[2026-03-08 23:51:59] ✅ VPN 已连接
[2026-03-08 23:52:59] ✅ VPN 已连接
[2026-03-08 23:53:59] ✅ VPN 已连接
[2026-03-08 23:54:59] ✅ VPN 已连接
[2026-03-08 23:55:59] ✅ VPN 已连接
[2026-03-08 23:56:59] ✅ VPN 已连接
[2026-03-08 23:57:59] ✅ VPN 已连接
[2026-03-08 23:58:59] ✅ VPN 已连接
[2026-03-08 23:59:59] ✅ VPN 已连接
[2026-03-09 00:00:59] ✅ VPN 已连接
[2026-03-09 00:01:59] ✅ VPN 已连接
[2026-03-09 00:02:59] ✅ VPN 已连接
[2026-03-09 00:03:59] ✅ VPN 已连接
[2026-03-09 00:04:59] ✅ VPN 已连接
[2026-03-09 00:06:00] ✅ VPN 已连接
[2026-03-09 00:07:00] ✅ VPN 已连接
[2026-03-09 00:08:00] ✅ VPN 已连接
[2026-03-09 00:09:00] ✅ VPN 已连接
[2026-03-09 00:10:00] ✅ VPN 已连接
[2026-03-09 00:11:00] ✅ VPN 已连接
[2026-03-09 00:12:00] ✅ VPN 已连接
[2026-03-09 00:13:00] ✅ VPN 已连接
[2026-03-09 00:14:00] ✅ VPN 已连接
[2026-03-09 00:15:00] ✅ VPN 已连接
[2026-03-09 00:16:00] ✅ VPN 已连接
[2026-03-09 00:17:00] ✅ VPN 已连接
[2026-03-09 00:18:00] ✅ VPN 已连接
[2026-03-09 00:19:00] ✅ VPN 已连接
[2026-03-09 00:20:00] ✅ VPN 已连接
[2026-03-09 00:21:00] ✅ VPN 已连接
[2026-03-09 00:22:00] ✅ VPN 已连接
[2026-03-09 00:23:00] ✅ VPN 已连接
[2026-03-09 00:24:00] ✅ VPN 已连接
[2026-03-09 00:25:00] ✅ VPN 已连接
[2026-03-09 00:26:00] ✅ VPN 已连接
[2026-03-09 00:27:01] ✅ VPN 已连接
[2026-03-09 00:28:01] ✅ VPN 已连接
[2026-03-09 00:29:01] ✅ VPN 已连接
[2026-03-09 00:30:01] ✅ VPN 已连接
[2026-03-09 00:31:01] ✅ VPN 已连接
[2026-03-09 00:32:01] ✅ VPN 已连接
[2026-03-09 00:33:01] ✅ VPN 已连接
[2026-03-09 00:34:01] ✅ VPN 已连接
[2026-03-09 00:35:01] ✅ VPN 已连接
[2026-03-09 00:36:01] ✅ VPN 已连接
[2026-03-09 00:37:01] ✅ VPN 已连接
[2026-03-09 00:38:01] ✅ VPN 已连接
[2026-03-09 00:39:01] ✅ VPN 已连接
[2026-03-09 00:40:01] ✅ VPN 已连接
[2026-03-09 00:41:01] ✅ VPN 已连接
[2026-03-09 00:42:01] ✅ VPN 已连接
[2026-03-09 00:43:01] ✅ VPN 已连接
[2026-03-09 00:44:01] ✅ VPN 已连接
[2026-03-09 00:45:01] ✅ VPN 已连接
[2026-03-09 00:46:01] ✅ VPN 已连接
[2026-03-09 00:47:01] ✅ VPN 已连接
[2026-03-09 00:48:02] ✅ VPN 已连接
[2026-03-09 00:49:02] ✅ VPN 已连接
[2026-03-09 00:50:02] ✅ VPN 已连接
[2026-03-09 00:51:02] ✅ VPN 已连接
[2026-03-09 00:52:02] ✅ VPN 已连接
[2026-03-09 00:53:02] ✅ VPN 已连接
[2026-03-09 00:54:02] ✅ VPN 已连接
[2026-03-09 00:55:02] ✅ VPN 已连接
[2026-03-09 00:56:02] ✅ VPN 已连接
[2026-03-09 00:57:02] ✅ VPN 已连接
[2026-03-09 00:58:02] ✅ VPN 已连接
[2026-03-09 00:59:02] ✅ VPN 已连接
[2026-03-09 01:00:02] ✅ VPN 已连接
[2026-03-09 01:01:02] ✅ VPN 已连接
[2026-03-09 01:02:02] ✅ VPN 已连接
[2026-03-09 01:03:02] ✅ VPN 已连接
[2026-03-09 01:04:02] ✅ VPN 已连接
[2026-03-09 01:05:02] ✅ VPN 已连接
[2026-03-09 01:06:02] ✅ VPN 已连接
[2026-03-09 01:07:02] ✅ VPN 已连接
[2026-03-09 01:08:02] ✅ VPN 已连接
[2026-03-09 01:09:02] ✅ VPN 已连接
[2026-03-09 01:10:03] ✅ VPN 已连接
[2026-03-09 01:11:03] ✅ VPN 已连接
[2026-03-09 01:12:03] ✅ VPN 已连接
[2026-03-09 01:13:03] ✅ VPN 已连接
[2026-03-09 01:14:03] ✅ VPN 已连接
[2026-03-09 01:15:03] ✅ VPN 已连接
[2026-03-09 01:16:03] ✅ VPN 已连接
[2026-03-09 01:17:03] ✅ VPN 已连接
[2026-03-09 01:18:03] ✅ VPN 已连接
[2026-03-09 01:19:03] ✅ VPN 已连接
[2026-03-09 01:20:03] ✅ VPN 已连接
[2026-03-09 01:21:03] ✅ VPN 已连接
[2026-03-09 01:22:03] ✅ VPN 已连接
[2026-03-09 01:23:03] ✅ VPN 已连接
[2026-03-09 01:24:03] ✅ VPN 已连接
[2026-03-09 01:25:03] ✅ VPN 已连接
[2026-03-09 01:26:03] ✅ VPN 已连接
[2026-03-09 01:27:03] ✅ VPN 已连接
[2026-03-09 01:28:03] ✅ VPN 已连接
[2026-03-09 01:29:03] ✅ VPN 已连接
[2026-03-09 01:30:03] ✅ VPN 已连接
[2026-03-09 01:31:04] ✅ VPN 已连接
[2026-03-09 01:32:04] ✅ VPN 已连接
[2026-03-09 01:33:04] ✅ VPN 已连接
[2026-03-09 01:34:04] ✅ VPN 已连接
[2026-03-09 01:35:04] ✅ VPN 已连接
[2026-03-09 01:36:04] ✅ VPN 已连接
[2026-03-09 01:37:04] ✅ VPN 已连接
[2026-03-09 01:38:04] ✅ VPN 已连接
[2026-03-09 01:39:04] ✅ VPN 已连接
[2026-03-09 01:40:04] ✅ VPN 已连接
[2026-03-09 01:41:04] ✅ VPN 已连接
[2026-03-09 01:42:04] ✅ VPN 已连接
[2026-03-09 01:43:04] ✅ VPN 已连接
[2026-03-09 01:44:04] ✅ VPN 已连接
[2026-03-09 01:45:04] ✅ VPN 已连接
[2026-03-09 01:46:04] ✅ VPN 已连接
[2026-03-09 01:47:04] ✅ VPN 已连接
[2026-03-09 01:48:04] ✅ VPN 已连接
[2026-03-09 01:49:04] ✅ VPN 已连接
[2026-03-09 01:50:04] ✅ VPN 已连接
[2026-03-09 01:51:04] ✅ VPN 已连接
[2026-03-09 01:52:05] ✅ VPN 已连接
[2026-03-09 01:53:05] ✅ VPN 已连接
[2026-03-09 01:54:05] ✅ VPN 已连接
[2026-03-09 01:55:05] ✅ VPN 已连接
[2026-03-09 01:56:05] ✅ VPN 已连接
[2026-03-09 01:57:05] ✅ VPN 已连接
[2026-03-09 01:58:05] ✅ VPN 已连接
[2026-03-09 01:59:05] ✅ VPN 已连接
[2026-03-09 02:00:05] ✅ VPN 已连接
[2026-03-09 02:01:05] ✅ VPN 已连接
[2026-03-09 02:02:05] ✅ VPN 已连接
[2026-03-09 02:03:05] ✅ VPN 已连接
[2026-03-09 02:04:05] ✅ VPN 已连接
[2026-03-09 02:05:05] ✅ VPN 已连接
[2026-03-09 02:06:05] ✅ VPN 已连接
[2026-03-09 02:07:05] ✅ VPN 已连接
[2026-03-09 02:08:05] ✅ VPN 已连接
[2026-03-09 02:09:05] ✅ VPN 已连接
[2026-03-09 02:10:05] ✅ VPN 已连接
[2026-03-09 02:11:05] ✅ VPN 已连接
[2026-03-09 02:12:05] ✅ VPN 已连接
[2026-03-09 02:13:06] ✅ VPN 已连接
[2026-03-09 02:14:06] ✅ VPN 已连接
[2026-03-09 02:15:06] ✅ VPN 已连接
[2026-03-09 02:16:06] ✅ VPN 已连接
[2026-03-09 02:17:06] ✅ VPN 已连接
[2026-03-09 02:18:06] ✅ VPN 已连接
[2026-03-09 02:19:06] ✅ VPN 已连接
[2026-03-09 02:20:06] ✅ VPN 已连接
[2026-03-09 02:21:06] ✅ VPN 已连接
[2026-03-09 02:22:06] ✅ VPN 已连接
[2026-03-09 02:23:06] ✅ VPN 已连接
[2026-03-09 02:24:06] ✅ VPN 已连接
[2026-03-09 02:25:06] ✅ VPN 已连接
[2026-03-09 02:26:06] ✅ VPN 已连接
[2026-03-09 02:27:06] ✅ VPN 已连接
[2026-03-09 02:28:06] ✅ VPN 已连接
[2026-03-09 02:29:06] ✅ VPN 已连接
[2026-03-09 02:30:06] ✅ VPN 已连接
[2026-03-09 02:31:06] ✅ VPN 已连接
[2026-03-09 02:32:06] ✅ VPN 已连接
[2026-03-09 02:33:06] ✅ VPN 已连接
[2026-03-09 02:34:07] ✅ VPN 已连接
[2026-03-09 02:35:07] ✅ VPN 已连接
[2026-03-09 02:36:07] ✅ VPN 已连接
[2026-03-09 02:37:07] ✅ VPN 已连接
[2026-03-09 02:38:07] ✅ VPN 已连接
[2026-03-09 02:39:07] ✅ VPN 已连接
[2026-03-09 02:40:07] ✅ VPN 已连接
[2026-03-09 02:41:07] ✅ VPN 已连接
[2026-03-09 02:42:07] ✅ VPN 已连接
[2026-03-09 02:43:07] ✅ VPN 已连接
[2026-03-09 02:44:07] ✅ VPN 已连接
[2026-03-09 02:45:07] ✅ VPN 已连接
[2026-03-09 02:46:07] ✅ VPN 已连接
[2026-03-09 02:47:07] ✅ VPN 已连接
[2026-03-09 02:48:07] ✅ VPN 已连接
[2026-03-09 02:49:07] ✅ VPN 已连接
[2026-03-09 02:50:07] ✅ VPN 已连接
[2026-03-09 02:51:07] ✅ VPN 已连接
[2026-03-09 02:52:07] ✅ VPN 已连接
[2026-03-09 02:53:07] ✅ VPN 已连接
[2026-03-09 02:54:07] ✅ VPN 已连接
[2026-03-09 02:55:08] ✅ VPN 已连接
[2026-03-09 02:56:08] ✅ VPN 已连接
[2026-03-09 02:57:08] ✅ VPN 已连接
[2026-03-09 02:58:08] ✅ VPN 已连接
[2026-03-09 02:59:08] ✅ VPN 已连接
[2026-03-09 03:00:08] ✅ VPN 已连接
[2026-03-09 03:01:08] ✅ VPN 已连接
[2026-03-09 03:02:08] ✅ VPN 已连接
[2026-03-09 03:03:08] ✅ VPN 已连接
[2026-03-09 03:04:08] ✅ VPN 已连接
[2026-03-09 03:05:08] ✅ VPN 已连接
[2026-03-09 03:06:08] ✅ VPN 已连接
[2026-03-09 03:07:08] ✅ VPN 已连接
[2026-03-09 03:08:08] ✅ VPN 已连接
[2026-03-09 03:09:08] ✅ VPN 已连接
[2026-03-09 03:10:08] ✅ VPN 已连接
[2026-03-09 03:11:08] ✅ VPN 已连接
[2026-03-09 03:12:08] ✅ VPN 已连接
[2026-03-09 03:13:08] ✅ VPN 已连接
[2026-03-09 03:14:08] ✅ VPN 已连接
[2026-03-09 03:15:08] ✅ VPN 已连接
[2026-03-09 03:16:09] ✅ VPN 已连接
[2026-03-09 03:17:09] ✅ VPN 已连接
[2026-03-09 03:18:09] ✅ VPN 已连接
[2026-03-09 03:19:09] ✅ VPN 已连接
[2026-03-09 03:20:09] ✅ VPN 已连接
[2026-03-09 03:21:09] ✅ VPN 已连接
[2026-03-09 03:22:09] ✅ VPN 已连接
[2026-03-09 03:23:09] ✅ VPN 已连接
[2026-03-09 03:24:09] ✅ VPN 已连接
[2026-03-09 03:25:09] ✅ VPN 已连接
[2026-03-09 03:26:09] ✅ VPN 已连接
[2026-03-09 03:27:09] ✅ VPN 已连接
[2026-03-09 03:28:09] ✅ VPN 已连接
[2026-03-09 03:29:09] ✅ VPN 已连接
[2026-03-09 03:30:09] ✅ VPN 已连接
[2026-03-09 03:31:09] ✅ VPN 已连接
[2026-03-09 03:32:09] ✅ VPN 已连接
[2026-03-09 03:33:09] ✅ VPN 已连接
[2026-03-09 03:34:09] ✅ VPN 已连接
[2026-03-09 03:35:09] ✅ VPN 已连接
[2026-03-09 03:36:09] ✅ VPN 已连接
[2026-03-09 03:37:09] ✅ VPN 已连接
[2026-03-09 03:38:10] ✅ VPN 已连接
[2026-03-09 03:39:10] ✅ VPN 已连接
[2026-03-09 03:40:10] ✅ VPN 已连接
[2026-03-09 03:41:10] ✅ VPN 已连接
[2026-03-09 03:42:10] ✅ VPN 已连接
[2026-03-09 03:43:10] ✅ VPN 已连接
[2026-03-09 03:44:10] ✅ VPN 已连接
[2026-03-09 03:45:10] ✅ VPN 已连接
[2026-03-09 03:46:10] ✅ VPN 已连接
[2026-03-09 03:47:10] ✅ VPN 已连接
[2026-03-09 03:48:10] ✅ VPN 已连接
[2026-03-09 03:49:10] ✅ VPN 已连接
[2026-03-09 03:50:10] ✅ VPN 已连接
[2026-03-09 03:51:10] ✅ VPN 已连接
[2026-03-09 03:52:10] ✅ VPN 已连接
[2026-03-09 03:53:10] ✅ VPN 已连接
[2026-03-09 03:54:10] ✅ VPN 已连接
[2026-03-09 03:55:10] ✅ VPN 已连接
[2026-03-09 03:56:10] ✅ VPN 已连接
[2026-03-09 03:57:10] ✅ VPN 已连接
[2026-03-09 03:58:10] ✅ VPN 已连接
[2026-03-09 03:59:11] ✅ VPN 已连接
[2026-03-09 04:00:11] ✅ VPN 已连接
[2026-03-09 04:01:11] ✅ VPN 已连接
[2026-03-09 04:02:11] ✅ VPN 已连接
[2026-03-09 04:03:11] ✅ VPN 已连接
[2026-03-09 04:04:11] ✅ VPN 已连接
[2026-03-09 04:05:11] ✅ VPN 已连接
[2026-03-09 04:06:11] ✅ VPN 已连接
[2026-03-09 04:07:11] ✅ VPN 已连接
[2026-03-09 04:08:11] ✅ VPN 已连接
[2026-03-09 04:09:11] ✅ VPN 已连接
[2026-03-09 04:10:11] ✅ VPN 已连接
[2026-03-09 04:11:11] ✅ VPN 已连接
[2026-03-09 04:12:11] ✅ VPN 已连接
[2026-03-09 04:13:11] ✅ VPN 已连接
[2026-03-09 04:14:11] ✅ VPN 已连接
[2026-03-09 04:15:11] ✅ VPN 已连接
[2026-03-09 04:16:11] ✅ VPN 已连接
[2026-03-09 04:17:11] ✅ VPN 已连接
[2026-03-09 04:18:11] ✅ VPN 已连接
[2026-03-09 04:19:12] ✅ VPN 已连接
[2026-03-09 04:20:12] ✅ VPN 已连接
[2026-03-09 04:21:12] ❌ VPN 未连接，触发重连...
[2026-03-09 04:21:12] ========== VPN 重连开始 ==========
[2026-03-09 04:21:12] 尝试 1/3...
[2026-03-09 04:21:12] 启动 FortiClient GUI...
[2026-03-09 04:21:15] ❌ FortiClient GUI 启动失败
[2026-03-09 04:21:15] 重试 1 失败：无法启动 FortiClient
[2026-03-09 04:21:25] 尝试 2/3...
[2026-03-09 04:21:25] 启动 FortiClient GUI...
[2026-03-09 04:21:28] ❌ FortiClient GUI 启动失败
[2026-03-09 04:21:28] 重试 2 失败：无法启动 FortiClient
[2026-03-09 04:21:38] 尝试 3/3...
[2026-03-09 04:21:38] 启动 FortiClient GUI...
[2026-03-09 04:21:41] ❌ FortiClient GUI 启动失败
[2026-03-09 04:21:41] 重试 3 失败：无法启动 FortiClient
[2026-03-09 04:21:51] ❌ VPN 重连失败（已尝试 3 次）
[2026-03-09 04:21:51] ========== VPN 重连失败 ==========
[2026-03-09 04:22:51] ❌ VPN 未连接，触发重连...
[2026-03-09 04:22:51] ========== VPN 重连开始 ==========
[2026-03-09 04:22:51] 尝试 1/3...
[2026-03-09 04:22:51] 启动 FortiClient GUI...
[2026-03-09 04:22:54] ❌ FortiClient GUI 启动失败
[2026-03-09 04:22:54] 重试 1 失败：无法启动 FortiClient
[2026-03-09 04:23:04] 尝试 2/3...
[2026-03-09 04:23:04] 启动 FortiClient GUI...
[2026-03-09 04:23:07] ❌ FortiClient GUI 启动失败
[2026-03-09 04:23:07] 重试 2 失败：无法启动 FortiClient
[2026-03-09 04:23:17] 尝试 3/3...
[2026-03-09 04:23:17] 启动 FortiClient GUI...
[2026-03-09 04:23:20] ❌ FortiClient GUI 启动失败
[2026-03-09 04:23:20] 重试 3 失败：无法启动 FortiClient
[2026-03-09 04:23:30] ❌ VPN 重连失败（已尝试 3 次）
[2026-03-09 04:23:30] ========== VPN 重连失败 ==========
[2026-03-09 04:24:30] ✅ VPN 已连接
[2026-03-09 04:25:30] ✅ VPN 已连接
[2026-03-09 04:26:30] ✅ VPN 已连接
[2026-03-09 04:27:30] ✅ VPN 已连接
[2026-03-09 04:28:30] ✅ VPN 已连接
[2026-03-09 04:29:30] ✅ VPN 已连接
[2026-03-09 04:30:30] ✅ VPN 已连接
[2026-03-09 04:31:30] ✅ VPN 已连接
[2026-03-09 04:32:30] ✅ VPN 已连接
[2026-03-09 04:33:30] ✅ VPN 已连接
[2026-03-09 04:34:30] ✅ VPN 已连接
[2026-03-09 04:35:31] ✅ VPN 已连接
[2026-03-09 04:36:31] ✅ VPN 已连接
[2026-03-09 04:37:31] ✅ VPN 已连接
[2026-03-09 04:38:31] ✅ VPN 已连接
[2026-03-09 04:39:31] ✅ VPN 已连接
[2026-03-09 04:40:31] ✅ VPN 已连接
[2026-03-09 04:41:31] ✅ VPN 已连接
[2026-03-09 04:42:31] ✅ VPN 已连接
[2026-03-09 04:43:31] ✅ VPN 已连接
[2026-03-09 04:44:31] ✅ VPN 已连接
[2026-03-09 04:45:31] ✅ VPN 已连接
[2026-03-09 04:46:31] ✅ VPN 已连接
[2026-03-09 04:47:31] ✅ VPN 已连接
[2026-03-09 04:48:31] ✅ VPN 已连接
[2026-03-09 04:49:31] ✅ VPN 已连接
[2026-03-09 04:50:31] ✅ VPN 已连接
[2026-03-09 04:51:31] ✅ VPN 已连接
[2026-03-09 04:52:31] ✅ VPN 已连接
[2026-03-09 04:53:31] ✅ VPN 已连接
[2026-03-09 04:54:31] ✅ VPN 已连接
[2026-03-09 04:55:31] ✅ VPN 已连接
[2026-03-09 04:56:32] ✅ VPN 已连接
[2026-03-09 04:57:32] ✅ VPN 已连接
[2026-03-09 04:58:32] ✅ VPN 已连接
[2026-03-09 04:59:32] ✅ VPN 已连接
[2026-03-09 05:00:32] ✅ VPN 已连接
[2026-03-09 05:01:32] ✅ VPN 已连接
[2026-03-09 05:02:32] ✅ VPN 已连接
[2026-03-09 05:03:32] ✅ VPN 已连接
[2026-03-09 05:04:32] ✅ VPN 已连接
[2026-03-09 05:05:32] ✅ VPN 已连接
[2026-03-09 05:06:32] ✅ VPN 已连接
[2026-03-09 05:07:32] ✅ VPN 已连接
[2026-03-09 05:08:32] ✅ VPN 已连接
[2026-03-09 05:09:32] ✅ VPN 已连接
[2026-03-09 05:10:32] ✅ VPN 已连接
[2026-03-09 05:11:32] ✅ VPN 已连接
[2026-03-09 05:12:32] ✅ VPN 已连接
[2026-03-09 05:13:32] ✅ VPN 已连接
[2026-03-09 05:14:32] ✅ VPN 已连接
[2026-03-09 05:15:32] ✅ VPN 已连接
[2026-03-09 05:16:32] ✅ VPN 已连接
[2026-03-09 05:17:32] ✅ VPN 已连接
[2026-03-09 05:18:33] ✅ VPN 已连接
[2026-03-09 05:19:33] ✅ VPN 已连接
[2026-03-09 05:20:33] ✅ VPN 已连接
[2026-03-09 05:21:33] ✅ VPN 已连接
[2026-03-09 05:22:33] ✅ VPN 已连接
[2026-03-09 05:23:33] ✅ VPN 已连接
[2026-03-09 05:24:33] ✅ VPN 已连接
[2026-03-09 05:25:33] ✅ VPN 已连接
[2026-03-09 05:26:33] ✅ VPN 已连接
[2026-03-09 05:27:33] ✅ VPN 已连接
[2026-03-09 05:28:33] ✅ VPN 已连接
[2026-03-09 05:29:33] ✅ VPN 已连接
[2026-03-09 05:30:33] ✅ VPN 已连接
[2026-03-09 05:31:33] ✅ VPN 已连接
[2026-03-09 05:32:33] ✅ VPN 已连接
[2026-03-09 05:33:33] ✅ VPN 已连接
[2026-03-09 05:34:33] ✅ VPN 已连接
[2026-03-09 05:35:33] ✅ VPN 已连接
[2026-03-09 05:36:33] ✅ VPN 已连接
[2026-03-09 05:37:33] ✅ VPN 已连接
[2026-03-09 05:38:33] ✅ VPN 已连接
[2026-03-09 05:39:34] ✅ VPN 已连接
[2026-03-09 05:40:34] ✅ VPN 已连接
[2026-03-09 05:41:34] ✅ VPN 已连接
[2026-03-09 05:42:34] ✅ VPN 已连接
[2026-03-09 05:43:34] ✅ VPN 已连接
[2026-03-09 05:44:34] ✅ VPN 已连接
[2026-03-09 05:45:34] ✅ VPN 已连接
[2026-03-09 05:46:34] ✅ VPN 已连接
[2026-03-09 05:47:34] ✅ VPN 已连接
[2026-03-09 05:48:34] ✅ VPN 已连接
[2026-03-09 05:49:34] ✅ VPN 已连接
[2026-03-09 05:50:34] ✅ VPN 已连接
[2026-03-09 05:51:34] ✅ VPN 已连接
[2026-03-09 05:52:34] ✅ VPN 已连接
[2026-03-09 05:53:34] ✅ VPN 已连接
[2026-03-09 05:54:34] ✅ VPN 已连接
[2026-03-09 05:55:34] ✅ VPN 已连接
[2026-03-09 05:56:34] ✅ VPN 已连接
[2026-03-09 05:57:34] ✅ VPN 已连接
[2026-03-09 05:58:34] ✅ VPN 已连接
[2026-03-09 05:59:34] ✅ VPN 已连接
[2026-03-09 06:00:35] ✅ VPN 已连接
[2026-03-09 06:01:35] ✅ VPN 已连接
[2026-03-09 06:02:35] ✅ VPN 已连接
[2026-03-09 06:03:35] ✅ VPN 已连接
[2026-03-09 06:04:35] ✅ VPN 已连接
[2026-03-09 06:05:35] ✅ VPN 已连接
[2026-03-09 06:06:35] ✅ VPN 已连接
[2026-03-09 06:07:35] ✅ VPN 已连接
[2026-03-09 06:08:35] ✅ VPN 已连接
[2026-03-09 06:09:35] ✅ VPN 已连接
[2026-03-09 06:10:35] ✅ VPN 已连接
[2026-03-09 06:11:35] ✅ VPN 已连接
[2026-03-09 06:12:35] ✅ VPN 已连接
[2026-03-09 06:13:35] ✅ VPN 已连接
[2026-03-09 06:14:35] ✅ VPN 已连接
[2026-03-09 06:15:35] ✅ VPN 已连接
[2026-03-09 06:16:35] ✅ VPN 已连接
[2026-03-09 06:17:35] ✅ VPN 已连接
[2026-03-09 06:18:35] ✅ VPN 已连接
[2026-03-09 06:19:35] ✅ VPN 已连接
[2026-03-09 06:20:36] ✅ VPN 已连接
[2026-03-09 06:21:36] ✅ VPN 已连接
[2026-03-09 06:22:36] ✅ VPN 已连接
[2026-03-09 06:23:36] ✅ VPN 已连接
[2026-03-09 06:24:36] ✅ VPN 已连接
[2026-03-09 06:25:36] ✅ VPN 已连接
[2026-03-09 06:26:36] ✅ VPN 已连接
[2026-03-09 06:27:36] ✅ VPN 已连接
[2026-03-09 06:28:36] ✅ VPN 已连接
[2026-03-09 06:29:36] ✅ VPN 已连接
[2026-03-09 06:30:36] ✅ VPN 已连接
[2026-03-09 06:31:36] ✅ VPN 已连接
[2026-03-09 06:32:36] ✅ VPN 已连接
[2026-03-09 06:33:36] ✅ VPN 已连接
[2026-03-09 06:34:36] ✅ VPN 已连接
[2026-03-09 06:35:36] ✅ VPN 已连接
[2026-03-09 06:36:36] ✅ VPN 已连接
[2026-03-09 06:37:36] ✅ VPN 已连接
[2026-03-09 06:38:36] ✅ VPN 已连接
[2026-03-09 06:39:36] ✅ VPN 已连接
[2026-03-09 06:40:36] ✅ VPN 已连接
[2026-03-09 06:41:36] ✅ VPN 已连接
[2026-03-09 06:42:37] ✅ VPN 已连接
[2026-03-09 06:43:37] ✅ VPN 已连接
[2026-03-09 06:44:37] ✅ VPN 已连接
[2026-03-09 06:45:37] ✅ VPN 已连接
[2026-03-09 06:46:37] ✅ VPN 已连接
[2026-03-09 06:47:37] ✅ VPN 已连接
[2026-03-09 06:48:37] ✅ VPN 已连接
[2026-03-09 06:49:37] ✅ VPN 已连接
[2026-03-09 06:50:37] ✅ VPN 已连接
[2026-03-09 06:51:37] ✅ VPN 已连接
[2026-03-09 06:52:37] ✅ VPN 已连接
[2026-03-09 06:53:37] ✅ VPN 已连接
[2026-03-09 06:54:37] ✅ VPN 已连接
[2026-03-09 06:55:37] ✅ VPN 已连接
[2026-03-09 06:56:37] ✅ VPN 已连接
[2026-03-09 06:57:37] ✅ VPN 已连接
[2026-03-09 06:58:37] ✅ VPN 已连接
[2026-03-09 06:59:37] ✅ VPN 已连接
[2026-03-09 07:00:37] ✅ VPN 已连接
[2026-03-09 07:01:37] ✅ VPN 已连接
[2026-03-09 07:02:38] ✅ VPN 已连接
[2026-03-09 07:03:38] ✅ VPN 已连接
[2026-03-09 07:04:38] ✅ VPN 已连接
[2026-03-09 07:05:38] ✅ VPN 已连接
[2026-03-09 07:06:38] ✅ VPN 已连接
[2026-03-09 07:07:38] ✅ VPN 已连接
[2026-03-09 07:08:38] ✅ VPN 已连接
[2026-03-09 07:09:38] ✅ VPN 已连接
[2026-03-09 07:10:38] ✅ VPN 已连接
[2026-03-09 07:11:38] ✅ VPN 已连接
[2026-03-09 07:12:38] ✅ VPN 已连接
[2026-03-09 07:13:38] ✅ VPN 已连接
[2026-03-09 07:14:38] ✅ VPN 已连接
[2026-03-09 07:15:38] ✅ VPN 已连接
[2026-03-09 07:16:38] ✅ VPN 已连接
[2026-03-09 07:17:38] ✅ VPN 已连接
[2026-03-09 07:18:38] ✅ VPN 已连接
[2026-03-09 07:19:38] ✅ VPN 已连接
[2026-03-09 07:20:38] ✅ VPN 已连接
[2026-03-09 07:21:38] ✅ VPN 已连接
[2026-03-09 07:22:38] ✅ VPN 已连接
[2026-03-09 07:23:39] ✅ VPN 已连接
[2026-03-09 07:24:39] ✅ VPN 已连接
[2026-03-09 07:25:39] ✅ VPN 已连接
[2026-03-09 07:26:39] ✅ VPN 已连接
[2026-03-09 07:27:39] ✅ VPN 已连接
[2026-03-09 07:28:39] ✅ VPN 已连接
[2026-03-09 07:29:39] ✅ VPN 已连接
[2026-03-09 07:30:39] ✅ VPN 已连接
[2026-03-09 07:31:39] ✅ VPN 已连接
[2026-03-09 07:32:39] ✅ VPN 已连接
[2026-03-09 07:33:39] ✅ VPN 已连接
[2026-03-09 07:34:39] ✅ VPN 已连接
[2026-03-09 07:35:39] ✅ VPN 已连接
[2026-03-09 07:36:39] ✅ VPN 已连接
[2026-03-09 07:37:39] ✅ VPN 已连接
[2026-03-09 07:38:39] ✅ VPN 已连接
[2026-03-09 07:39:39] ✅ VPN 已连接
[2026-03-09 07:40:39] ✅ VPN 已连接
[2026-03-09 07:41:39] ✅ VPN 已连接
[2026-03-09 07:42:39] ✅ VPN 已连接
[2026-03-09 07:43:39] ✅ VPN 已连接
[2026-03-09 07:44:40] ✅ VPN 已连接
[2026-03-09 07:45:40] ✅ VPN 已连接
[2026-03-09 07:46:40] ✅ VPN 已连接
[2026-03-09 07:47:40] ✅ VPN 已连接
[2026-03-09 07:48:40] ✅ VPN 已连接
[2026-03-09 07:49:40] ✅ VPN 已连接
[2026-03-09 07:50:40] ✅ VPN 已连接
[2026-03-09 07:51:40] ✅ VPN 已连接
[2026-03-09 07:52:40] ✅ VPN 已连接
[2026-03-09 07:53:40] ✅ VPN 已连接
[2026-03-09 07:54:40] ✅ VPN 已连接
[2026-03-09 07:55:40] ✅ VPN 已连接
[2026-03-09 07:56:40] ✅ VPN 已连接
[2026-03-09 07:57:40] ✅ VPN 已连接
[2026-03-09 07:58:40] ✅ VPN 已连接
[2026-03-09 07:59:40] ✅ VPN 已连接
[2026-03-09 08:00:40] ✅ VPN 已连接
[2026-03-09 08:01:40] ✅ VPN 已连接
[2026-03-09 08:02:40] ✅ VPN 已连接
[2026-03-09 08:03:40] ✅ VPN 已连接
[2026-03-09 08:04:40] ✅ VPN 已连接
[2026-03-09 08:05:41] ✅ VPN 已连接
[2026-03-09 08:06:41] ✅ VPN 已连接
[2026-03-09 08:07:41] ✅ VPN 已连接
[2026-03-09 08:08:41] ✅ VPN 已连接
[2026-03-09 08:09:41] ✅ VPN 已连接
[2026-03-09 08:10:41] ✅ VPN 已连接
[2026-03-09 08:11:41] ✅ VPN 已连接
[2026-03-09 08:12:41] ✅ VPN 已连接
[2026-03-09 08:13:41] ✅ VPN 已连接
[2026-03-09 08:14:41] ✅ VPN 已连接
[2026-03-09 08:15:41] ✅ VPN 已连接
[2026-03-09 08:16:41] ✅ VPN 已连接
[2026-03-09 08:17:41] ✅ VPN 已连接
[2026-03-09 08:18:41] ✅ VPN 已连接
[2026-03-09 08:19:41] ✅ VPN 已连接
[2026-03-09 08:20:41] ✅ VPN 已连接
[2026-03-09 08:21:41] ✅ VPN 已连接
[2026-03-09 08:22:41] ✅ VPN 已连接
[2026-03-09 08:23:41] ✅ VPN 已连接
[2026-03-09 08:24:41] ✅ VPN 已连接
[2026-03-09 08:25:41] ✅ VPN 已连接
[2026-03-09 08:26:41] ✅ VPN 已连接
[2026-03-09 08:27:42] ✅ VPN 已连接
[2026-03-09 08:28:42] ✅ VPN 已连接
[2026-03-09 08:29:42] ✅ VPN 已连接
[2026-03-09 08:30:42] ✅ VPN 已连接
[2026-03-09 08:31:42] ✅ VPN 已连接
[2026-03-09 08:32:42] ✅ VPN 已连接
[2026-03-09 08:33:42] ✅ VPN 已连接
[2026-03-09 08:34:42] ✅ VPN 已连接
[2026-03-09 08:35:42] ✅ VPN 已连接
[2026-03-09 08:36:42] ✅ VPN 已连接
[2026-03-09 08:37:42] ✅ VPN 已连接
[2026-03-09 08:38:42] ✅ VPN 已连接
[2026-03-09 08:39:42] ✅ VPN 已连接
[2026-03-09 08:40:42] ✅ VPN 已连接
[2026-03-09 08:41:42] ✅ VPN 已连接
[2026-03-09 08:42:42] ✅ VPN 已连接
[2026-03-09 08:43:42] ✅ VPN 已连接
[2026-03-09 08:44:42] ✅ VPN 已连接
[2026-03-09 08:45:42] ✅ VPN 已连接
[2026-03-09 08:46:42] ✅ VPN 已连接
[2026-03-09 08:47:42] ✅ VPN 已连接
[2026-03-09 08:48:43] ✅ VPN 已连接
[2026-03-09 08:49:43] ✅ VPN 已连接
[2026-03-09 08:50:43] ✅ VPN 已连接
[2026-03-09 08:51:43] ✅ VPN 已连接
[2026-03-09 08:52:43] ✅ VPN 已连接
[2026-03-09 08:53:43] ✅ VPN 已连接
[2026-03-09 08:54:43] ✅ VPN 已连接
[2026-03-09 08:55:43] ✅ VPN 已连接
[2026-03-09 08:56:43] ✅ VPN 已连接
[2026-03-09 08:57:43] ✅ VPN 已连接
[2026-03-09 08:58:43] ✅ VPN 已连接
[2026-03-09 08:59:43] ✅ VPN 已连接
[2026-03-09 09:00:43] ✅ VPN 已连接
[2026-03-09 09:01:43] ✅ VPN 已连接
[2026-03-09 09:02:43] ✅ VPN 已连接
[2026-03-09 09:03:43] ✅ VPN 已连接
[2026-03-09 09:04:43] ✅ VPN 已连接
[2026-03-09 09:05:43] ✅ VPN 已连接
[2026-03-09 09:06:43] ✅ VPN 已连接
[2026-03-09 09:07:43] ✅ VPN 已连接
[2026-03-09 09:08:43] ✅ VPN 已连接
[2026-03-09 09:09:44] ✅ VPN 已连接
[2026-03-09 09:10:44] ✅ VPN 已连接
[2026-03-09 09:11:44] ✅ VPN 已连接
[2026-03-09 09:12:44] ✅ VPN 已连接
[2026-03-09 09:13:44] ✅ VPN 已连接
[2026-03-09 09:14:44] ✅ VPN 已连接
[2026-03-09 09:15:44] ✅ VPN 已连接
[2026-03-09 09:16:44] ✅ VPN 已连接
[2026-03-09 09:17:44] ✅ VPN 已连接
[2026-03-09 09:18:44] ✅ VPN 已连接
[2026-03-09 09:19:44] ✅ VPN 已连接
[2026-03-09 09:20:44] ✅ VPN 已连接
[2026-03-09 09:21:44] ✅ VPN 已连接
[2026-03-09 09:22:44] ✅ VPN 已连接
[2026-03-09 09:23:44] ✅ VPN 已连接
[2026-03-09 09:24:44] ✅ VPN 已连接
[2026-03-09 09:25:44] ✅ VPN 已连接
[2026-03-09 09:26:44] ✅ VPN 已连接
[2026-03-09 09:27:44] ✅ VPN 已连接
[2026-03-09 09:28:44] ✅ VPN 已连接
[2026-03-09 09:29:44] ✅ VPN 已连接
[2026-03-09 09:30:45] ✅ VPN 已连接
[2026-03-09 09:31:45] ✅ VPN 已连接
[2026-03-09 09:32:45] ✅ VPN 已连接
[2026-03-09 09:33:45] ✅ VPN 已连接
[2026-03-09 09:34:45] ✅ VPN 已连接
[2026-03-09 09:35:45] ✅ VPN 已连接
[2026-03-09 09:36:45] ✅ VPN 已连接
[2026-03-09 09:37:45] ✅ VPN 已连接
[2026-03-09 09:38:45] ✅ VPN 已连接
[2026-03-09 09:39:45] ✅ VPN 已连接
[2026-03-09 09:40:45] ✅ VPN 已连接
[2026-03-09 09:41:45] ✅ VPN 已连接
[2026-03-09 09:42:45] ✅ VPN 已连接
[2026-03-09 09:43:45] ✅ VPN 已连接
[2026-03-09 09:44:45] ✅ VPN 已连接
[2026-03-09 09:45:45] ✅ VPN 已连接
[2026-03-09 09:46:45] ✅ VPN 已连接
[2026-03-09 09:47:45] ✅ VPN 已连接
[2026-03-09 09:48:45] ✅ VPN 已连接
[2026-03-09 09:49:45] ✅ VPN 已连接
[2026-03-09 09:50:45] ✅ VPN 已连接
[2026-03-09 09:51:46] ✅ VPN 已连接
[2026-03-09 09:52:46] ✅ VPN 已连接
[2026-03-09 09:53:46] ✅ VPN 已连接
[2026-03-09 09:54:46] ✅ VPN 已连接
[2026-03-09 09:55:46] ✅ VPN 已连接
[2026-03-09 09:56:46] ✅ VPN 已连接
[2026-03-09 09:57:46] ✅ VPN 已连接
[2026-03-09 09:58:46] ✅ VPN 已连接
[2026-03-09 09:59:46] ✅ VPN 已连接
[2026-03-09 10:00:46] ✅ VPN 已连接
[2026-03-09 10:01:46] ✅ VPN 已连接
[2026-03-09 10:02:46] ✅ VPN 已连接
[2026-03-09 10:03:46] ✅ VPN 已连接
[2026-03-09 10:04:46] ✅ VPN 已连接
[2026-03-09 10:05:46] ✅ VPN 已连接
[2026-03-09 10:06:46] ✅ VPN 已连接
[2026-03-09 10:07:46] ✅ VPN 已连接
[2026-03-09 10:08:46] ✅ VPN 已连接
[2026-03-09 10:09:46] ✅ VPN 已连接
[2026-03-09 10:10:46] ✅ VPN 已连接
[2026-03-09 10:11:47] ✅ VPN 已连接
[2026-03-09 10:12:47] ✅ VPN 已连接
[2026-03-09 10:13:47] ✅ VPN 已连接
[2026-03-09 10:14:47] ✅ VPN 已连接
[2026-03-09 10:15:47] ✅ VPN 已连接
[2026-03-09 10:16:47] ✅ VPN 已连接
[2026-03-09 10:17:47] ✅ VPN 已连接
[2026-03-09 10:18:47] ✅ VPN 已连接
[2026-03-09 10:19:47] ✅ VPN 已连接
[2026-03-09 10:20:47] ✅ VPN 已连接
[2026-03-09 10:21:47] ✅ VPN 已连接
[2026-03-09 10:22:47] ✅ VPN 已连接
[2026-03-09 10:23:47] ✅ VPN 已连接
[2026-03-09 10:24:47] ✅ VPN 已连接
[2026-03-09 10:25:47] ✅ VPN 已连接
[2026-03-09 10:26:47] ✅ VPN 已连接
[2026-03-09 10:27:47] ✅ VPN 已连接
[2026-03-09 10:28:47] ✅ VPN 已连接
[2026-03-09 10:29:47] ✅ VPN 已连接
[2026-03-09 10:30:47] ✅ VPN 已连接
[2026-03-09 10:31:47] ✅ VPN 已连接
[2026-03-09 10:32:48] ✅ VPN 已连接
[2026-03-09 10:33:48] ✅ VPN 已连接
[2026-03-09 10:34:48] ✅ VPN 已连接
[2026-03-09 10:35:48] ✅ VPN 已连接
[2026-03-09 10:36:48] ✅ VPN 已连接
[2026-03-09 10:37:48] ✅ VPN 已连接
[2026-03-09 10:38:48] ✅ VPN 已连接
[2026-03-09 10:39:48] ✅ VPN 已连接
[2026-03-09 10:40:48] ✅ VPN 已连接
[2026-03-09 10:41:48] ✅ VPN 已连接
[2026-03-09 10:42:48] ✅ VPN 已连接
[2026-03-09 10:43:48] ✅ VPN 已连接
[2026-03-09 10:44:48] ✅ VPN 已连接
[2026-03-09 10:45:48] ✅ VPN 已连接
[2026-03-09 10:46:48] ✅ VPN 已连接
[2026-03-09 10:47:48] ✅ VPN 已连接
[2026-03-09 10:48:48] ✅ VPN 已连接
[2026-03-09 10:49:48] ✅ VPN 已连接
[2026-03-09 10:50:48] ✅ VPN 已连接
[2026-03-09 10:51:48] ✅ VPN 已连接
[2026-03-09 10:52:48] ✅ VPN 已连接
[2026-03-09 10:53:49] ✅ VPN 已连接
[2026-03-09 10:54:49] ✅ VPN 已连接
[2026-03-09 10:55:49] ✅ VPN 已连接
[2026-03-09 10:56:49] ✅ VPN 已连接
[2026-03-09 10:57:49] ✅ VPN 已连接
[2026-03-09 10:58:49] ✅ VPN 已连接
[2026-03-09 10:59:49] ✅ VPN 已连接
[2026-03-09 11:00:49] ✅ VPN 已连接
[2026-03-09 11:01:49] ✅ VPN 已连接
[2026-03-09 11:02:49] ✅ VPN 已连接
[2026-03-09 11:03:49] ✅ VPN 已连接
[2026-03-09 11:04:49] ✅ VPN 已连接
[2026-03-09 11:05:49] ✅ VPN 已连接
[2026-03-09 11:06:49] ✅ VPN 已连接
[2026-03-09 11:07:49] ✅ VPN 已连接
[2026-03-09 11:08:49] ✅ VPN 已连接
[2026-03-09 11:09:49] ✅ VPN 已连接
[2026-03-09 11:10:49] ✅ VPN 已连接
[2026-03-09 11:11:49] ✅ VPN 已连接
[2026-03-09 11:12:49] ✅ VPN 已连接
[2026-03-09 11:13:49] ✅ VPN 已连接
[2026-03-09 11:14:50] ✅ VPN 已连接
[2026-03-09 11:15:50] ✅ VPN 已连接
[2026-03-09 11:16:50] ✅ VPN 已连接
[2026-03-09 11:17:50] ✅ VPN 已连接
[2026-03-09 11:18:50] ✅ VPN 已连接
[2026-03-09 11:19:50] ✅ VPN 已连接
[2026-03-09 11:20:50] ✅ VPN 已连接
[2026-03-09 11:21:50] ✅ VPN 已连接
[2026-03-09 11:22:50] ✅ VPN 已连接
[2026-03-09 11:23:50] ✅ VPN 已连接
[2026-03-09 11:24:50] ✅ VPN 已连接
[2026-03-09 11:25:50] ✅ VPN 已连接
[2026-03-09 11:26:50] ✅ VPN 已连接
[2026-03-09 11:27:50] ✅ VPN 已连接
[2026-03-09 11:28:50] ✅ VPN 已连接
[2026-03-09 11:29:50] ✅ VPN 已连接
[2026-03-09 11:30:50] ✅ VPN 已连接
[2026-03-09 11:31:50] ✅ VPN 已连接
[2026-03-09 11:32:50] ✅ VPN 已连接
[2026-03-09 11:33:50] ✅ VPN 已连接
[2026-03-09 11:34:51] ✅ VPN 已连接
[2026-03-09 11:35:51] ✅ VPN 已连接
[2026-03-09 11:36:51] ✅ VPN 已连接
[2026-03-09 11:37:51] ✅ VPN 已连接
[2026-03-09 11:38:51] ✅ VPN 已连接
[2026-03-09 11:39:51] ✅ VPN 已连接
[2026-03-09 11:40:51] ✅ VPN 已连接
[2026-03-09 11:41:51] ✅ VPN 已连接
[2026-03-09 11:42:51] ✅ VPN 已连接
[2026-03-09 11:43:51] ✅ VPN 已连接
[2026-03-09 11:44:51] ✅ VPN 已连接
[2026-03-09 11:45:51] ✅ VPN 已连接
[2026-03-09 11:46:51] ✅ VPN 已连接
[2026-03-09 11:47:51] ✅ VPN 已连接
[2026-03-09 11:48:51] ✅ VPN 已连接
[2026-03-09 11:49:51] ✅ VPN 已连接
[2026-03-09 11:50:51] ✅ VPN 已连接
[2026-03-09 11:51:51] ✅ VPN 已连接
[2026-03-09 11:52:51] ✅ VPN 已连接
[2026-03-09 11:53:51] ✅ VPN 已连接
[2026-03-09 11:54:52] ✅ VPN 已连接
[2026-03-09 11:55:52] ✅ VPN 已连接
[2026-03-09 11:56:52] ✅ VPN 已连接
[2026-03-09 11:57:52] ✅ VPN 已连接
[2026-03-09 11:58:52] ✅ VPN 已连接
[2026-03-09 11:59:52] ✅ VPN 已连接
[2026-03-09 12:00:52] ✅ VPN 已连接
[2026-03-09 12:01:52] ✅ VPN 已连接
[2026-03-09 12:02:52] ✅ VPN 已连接
[2026-03-09 12:03:52] ✅ VPN 已连接
[2026-03-09 12:04:52] ✅ VPN 已连接
[2026-03-09 12:05:52] ✅ VPN 已连接
[2026-03-09 12:06:52] ✅ VPN 已连接
[2026-03-09 12:07:52] ✅ VPN 已连接
[2026-03-09 12:08:52] ✅ VPN 已连接
[2026-03-09 12:09:52] ✅ VPN 已连接
[2026-03-09 12:10:52] ✅ VPN 已连接
[2026-03-09 12:11:52] ✅ VPN 已连接
[2026-03-09 12:12:52] ✅ VPN 已连接
[2026-03-09 12:13:52] ✅ VPN 已连接
[2026-03-09 12:14:52] ✅ VPN 已连接
[2026-03-09 12:15:53] ✅ VPN 已连接
[2026-03-09 12:16:53] ✅ VPN 已连接
[2026-03-09 12:17:53] ✅ VPN 已连接
[2026-03-09 12:18:53] ✅ VPN 已连接
[2026-03-09 12:19:53] ✅ VPN 已连接
[2026-03-09 12:20:53] ✅ VPN 已连接
[2026-03-09 12:21:53] ✅ VPN 已连接
[2026-03-09 12:22:53] ✅ VPN 已连接
[2026-03-09 12:23:53] ✅ VPN 已连接
[2026-03-09 12:24:53] ❌ VPN 未连接，触发重连...
[2026-03-09 12:24:53] ========== VPN 重连开始 ==========
[2026-03-09 12:24:53] 尝试 1/3...
[2026-03-09 12:24:53] 启动 FortiClient GUI...
[2026-03-09 12:24:56] ❌ FortiClient GUI 启动失败
[2026-03-09 12:24:56] 重试 1 失败：无法启动 FortiClient
[2026-03-09 12:25:06] 尝试 2/3...
[2026-03-09 12:25:06] 启动 FortiClient GUI...
[2026-03-09 12:25:09] ❌ FortiClient GUI 启动失败
[2026-03-09 12:25:09] 重试 2 失败：无法启动 FortiClient
[2026-03-09 12:25:19] 尝试 3/3...
[2026-03-09 12:25:19] 启动 FortiClient GUI...
[2026-03-09 12:25:22] ❌ FortiClient GUI 启动失败
[2026-03-09 12:25:22] 重试 3 失败：无法启动 FortiClient
[2026-03-09 12:25:32] ❌ VPN 重连失败（已尝试 3 次）
[2026-03-09 12:25:32] ========== VPN 重连失败 ==========
[2026-03-09 12:26:32] ❌ VPN 未连接，触发重连...
[2026-03-09 12:26:32] ========== VPN 重连开始 ==========
[2026-03-09 12:26:32] 尝试 1/3...
[2026-03-09 12:26:32] 启动 FortiClient GUI...
[2026-03-09 12:26:32] FortiClient 已在运行，先关闭...
[2026-03-09 12:26:37] ❌ FortiClient GUI 启动失败
[2026-03-09 12:26:37] 重试 1 失败：无法启动 FortiClient
[2026-03-09 12:26:47] 尝试 2/3...
[2026-03-09 12:26:47] 启动 FortiClient GUI...
[2026-03-09 12:26:50] ❌ FortiClient GUI 启动失败
[2026-03-09 12:26:50] 重试 2 失败：无法启动 FortiClient
[2026-03-09 12:27:00] 尝试 3/3...
[2026-03-09 12:27:00] 启动 FortiClient GUI...
[2026-03-09 12:27:03] ❌ FortiClient GUI 启动失败
[2026-03-09 12:27:03] 重试 3 失败：无法启动 FortiClient
[2026-03-09 12:27:13] ❌ VPN 重连失败（已尝试 3 次）
[2026-03-09 12:27:13] ========== VPN 重连失败 ==========
[2026-03-09 12:28:13] ❌ VPN 未连接，触发重连...
[2026-03-09 12:28:13] ========== VPN 重连开始 ==========
[2026-03-09 12:28:13] 尝试 1/3...
[2026-03-09 12:28:13] 启动 FortiClient GUI...
[2026-03-09 12:28:16] ❌ FortiClient GUI 启动失败
[2026-03-09 12:28:16] 重试 1 失败：无法启动 FortiClient
[2026-03-09 12:28:26] 尝试 2/3...
[2026-03-09 12:28:26] 启动 FortiClient GUI...
[2026-03-09 12:28:29] ❌ FortiClient GUI 启动失败
[2026-03-09 12:28:29] 重试 2 失败：无法启动 FortiClient
[2026-03-09 12:28:39] 尝试 3/3...
[2026-03-09 12:28:39] 启动 FortiClient GUI...
[2026-03-09 12:28:43] ❌ FortiClient GUI 启动失败
[2026-03-09 12:28:43] 重试 3 失败：无法启动 FortiClient
[2026-03-09 12:28:53] ❌ VPN 重连失败（已尝试 3 次）
[2026-03-09 12:28:53] ========== VPN 重连失败 ==========
[2026-03-09 12:29:53] ❌ VPN 未连接，触发重连...
[2026-03-09 12:29:53] ========== VPN 重连开始 ==========
[2026-03-09 12:29:53] 尝试 1/3...
[2026-03-09 12:29:53] 启动 FortiClient GUI...
[2026-03-09 12:29:53] FortiClient 已在运行，先关闭...
[2026-03-09 12:29:58] ❌ FortiClient GUI 启动失败
[2026-03-09 12:29:58] 重试 1 失败：无法启动 FortiClient
[2026-03-09 12:30:08] 尝试 2/3...
[2026-03-09 12:30:08] 启动 FortiClient GUI...
[2026-03-09 12:30:11] ❌ FortiClient GUI 启动失败
[2026-03-09 12:30:11] 重试 2 失败：无法启动 FortiClient
[2026-03-09 12:30:21] 尝试 3/3...
[2026-03-09 12:30:21] 启动 FortiClient GUI...
[2026-03-09 12:30:24] ❌ FortiClient GUI 启动失败
[2026-03-09 12:30:24] 重试 3 失败：无法启动 FortiClient
[2026-03-09 12:30:34] ❌ VPN 重连失败（已尝试 3 次）
[2026-03-09 12:30:34] ========== VPN 重连失败 ==========
[2026-03-09 12:31:34] ❌ VPN 未连接，触发重连...
[2026-03-09 12:31:34] ========== VPN 重连开始 ==========
[2026-03-09 12:31:34] 尝试 1/3...
[2026-03-09 12:31:34] 启动 FortiClient GUI...
[2026-03-09 12:31:34] FortiClient 已在运行，先关闭...
[2026-03-09 12:31:39] ❌ FortiClient GUI 启动失败
[2026-03-09 12:31:39] 重试 1 失败：无法启动 FortiClient
[2026-03-09 12:31:49] 尝试 2/3...
[2026-03-09 12:31:49] 启动 FortiClient GUI...
[2026-03-09 12:31:52] ❌ FortiClient GUI 启动失败
[2026-03-09 12:31:52] 重试 2 失败：无法启动 FortiClient
[2026-03-09 12:32:02] 尝试 3/3...
[2026-03-09 12:32:02] 启动 FortiClient GUI...
[2026-03-09 12:32:05] ❌ FortiClient GUI 启动失败
[2026-03-09 12:32:05] 重试 3 失败：无法启动 FortiClient
[2026-03-09 12:32:15] ❌ VPN 重连失败（已尝试 3 次）
[2026-03-09 12:32:15] ========== VPN 重连失败 ==========
[2026-03-09 12:33:15] ❌ VPN 未连接，触发重连...
[2026-03-09 12:33:15] ========== VPN 重连开始 ==========
[2026-03-09 12:33:15] 尝试 1/3...
[2026-03-09 12:33:15] 启动 FortiClient GUI...
[2026-03-09 12:33:18] ❌ FortiClient GUI 启动失败
[2026-03-09 12:33:18] 重试 1 失败：无法启动 FortiClient
[2026-03-09 12:33:28] 尝试 2/3...
[2026-03-09 12:33:28] 启动 FortiClient GUI...
[2026-03-09 12:33:31] ❌ FortiClient GUI 启动失败
[2026-03-09 12:33:31] 重试 2 失败：无法启动 FortiClient
[2026-03-09 12:33:41] 尝试 3/3...
[2026-03-09 12:33:41] 启动 FortiClient GUI...
[2026-03-09 12:33:44] ❌ FortiClient GUI 启动失败
[2026-03-09 12:33:44] 重试 3 失败：无法启动 FortiClient
[2026-03-09 12:33:54] ❌ VPN 重连失败（已尝试 3 次）
[2026-03-09 12:33:54] ========== VPN 重连失败 ==========
[2026-03-09 12:34:54] ✅ VPN 已连接
[2026-03-09 12:35:54] ✅ VPN 已连接
[2026-03-09 12:36:54] ✅ VPN 已连接
[2026-03-09 12:37:54] ✅ VPN 已连接
[2026-03-09 12:38:54] ✅ VPN 已连接
[2026-03-09 12:39:54] ✅ VPN 已连接
[2026-03-09 12:40:54] ✅ VPN 已连接
[2026-03-09 12:41:55] ✅ VPN 已连接
[2026-03-09 12:42:55] ✅ VPN 已连接
[2026-03-09 12:43:55] ✅ VPN 已连接
[2026-03-09 12:44:55] ✅ VPN 已连接
[2026-03-09 12:45:55] ✅ VPN 已连接
[2026-03-09 12:46:55] ✅ VPN 已连接
[2026-03-09 12:47:55] ✅ VPN 已连接
[2026-03-09 12:48:55] ✅ VPN 已连接
[2026-03-09 12:49:55] ✅ VPN 已连接
[2026-03-09 12:50:55] ✅ VPN 已连接
[2026-03-09 12:51:55] ✅ VPN 已连接
[2026-03-09 12:52:55] ✅ VPN 已连接
[2026-03-09 12:53:55] ✅ VPN 已连接
[2026-03-09 12:54:55] ✅ VPN 已连接
[2026-03-09 12:55:55] ✅ VPN 已连接
[2026-03-09 12:56:55] ✅ VPN 已连接
[2026-03-09 12:57:55] ✅ VPN 已连接
[2026-03-09 12:58:55] ✅ VPN 已连接
[2026-03-09 12:59:55] ✅ VPN 已连接
[2026-03-09 13:00:55] ✅ VPN 已连接
[2026-03-09 13:01:55] ✅ VPN 已连接
[2026-03-09 13:02:55] ✅ VPN 已连接
[2026-03-09 13:03:56] ✅ VPN 已连接
[2026-03-09 13:04:56] ✅ VPN 已连接
[2026-03-09 13:05:56] ✅ VPN 已连接
[2026-03-09 13:06:56] ✅ VPN 已连接
[2026-03-09 13:07:56] ✅ VPN 已连接
[2026-03-09 13:08:56] ✅ VPN 已连接
[2026-03-09 13:09:56] ✅ VPN 已连接
[2026-03-09 13:10:56] ✅ VPN 已连接
[2026-03-09 13:11:56] ✅ VPN 已连接
[2026-03-09 13:12:56] ✅ VPN 已连接
[2026-03-09 13:13:56] ✅ VPN 已连接
[2026-03-09 13:14:56] ✅ VPN 已连接
[2026-03-09 13:15:56] ✅ VPN 已连接
[2026-03-09 13:16:56] ✅ VPN 已连接
[2026-03-09 13:17:56] ✅ VPN 已连接
[2026-03-09 13:18:56] ✅ VPN 已连接
[2026-03-09 13:19:56] ✅ VPN 已连接
[2026-03-09 13:20:56] ✅ VPN 已连接
[2026-03-09 13:21:56] ✅ VPN 已连接
[2026-03-09 13:22:56] ✅ VPN 已连接
[2026-03-09 13:23:57] ✅ VPN 已连接
[2026-03-09 13:24:57] ✅ VPN 已连接
[2026-03-09 13:25:57] ✅ VPN 已连接
[2026-03-09 13:26:57] ✅ VPN 已连接
[2026-03-09 13:27:57] ✅ VPN 已连接
[2026-03-09 13:28:57] ✅ VPN 已连接
[2026-03-09 13:29:57] ✅ VPN 已连接
[2026-03-09 13:30:57] ✅ VPN 已连接
[2026-03-09 13:31:57] ✅ VPN 已连接
[2026-03-09 13:32:57] ✅ VPN 已连接
[2026-03-09 13:33:57] ✅ VPN 已连接
[2026-03-09 13:34:57] ✅ VPN 已连接
[2026-03-09 13:35:57] ✅ VPN 已连接
[2026-03-09 13:36:57] ✅ VPN 已连接
[2026-03-09 13:37:57] ✅ VPN 已连接
[2026-03-09 13:38:57] ✅ VPN 已连接
[2026-03-09 13:39:57] ✅ VPN 已连接
[2026-03-09 13:40:57] ✅ VPN 已连接
[2026-03-09 13:41:57] ✅ VPN 已连接
[2026-03-09 13:42:57] ✅ VPN 已连接
[2026-03-09 13:43:57] ✅ VPN 已连接
[2026-03-09 13:44:58] ✅ VPN 已连接
[2026-03-09 13:45:58] ✅ VPN 已连接
[2026-03-09 13:46:58] ✅ VPN 已连接
[2026-03-09 13:47:58] ✅ VPN 已连接
[2026-03-09 13:48:58] ✅ VPN 已连接
[2026-03-09 13:49:58] ✅ VPN 已连接
[2026-03-09 13:50:58] ✅ VPN 已连接
[2026-03-09 13:51:58] ✅ VPN 已连接
[2026-03-09 13:52:58] ✅ VPN 已连接
[2026-03-09 13:53:58] ✅ VPN 已连接
[2026-03-09 13:54:58] ✅ VPN 已连接
[2026-03-09 13:55:58] ✅ VPN 已连接
[2026-03-09 13:56:58] ✅ VPN 已连接
[2026-03-09 13:57:58] ✅ VPN 已连接
[2026-03-09 13:58:58] ✅ VPN 已连接
[2026-03-09 13:59:58] ✅ VPN 已连接
[2026-03-09 14:00:58] ✅ VPN 已连接
[2026-03-09 14:01:58] ✅ VPN 已连接
[2026-03-09 14:02:58] ✅ VPN 已连接
[2026-03-09 14:03:58] ✅ VPN 已连接
[2026-03-09 14:04:58] ✅ VPN 已连接
[2026-03-09 14:05:58] ✅ VPN 已连接
[2026-03-09 14:06:59] ✅ VPN 已连接
[2026-03-09 14:07:59] ✅ VPN 已连接
[2026-03-09 14:08:59] ✅ VPN 已连接
[2026-03-09 14:09:59] ✅ VPN 已连接
[2026-03-09 14:10:59] ✅ VPN 已连接
[2026-03-09 14:11:59] ✅ VPN 已连接
[2026-03-09 14:12:59] ✅ VPN 已连接
[2026-03-09 14:13:59] ✅ VPN 已连接
[2026-03-09 14:14:59] ✅ VPN 已连接
[2026-03-09 14:15:59] ✅ VPN 已连接
[2026-03-09 14:16:59] ✅ VPN 已连接
[2026-03-09 14:17:59] ✅ VPN 已连接
[2026-03-09 14:18:59] ✅ VPN 已连接
[2026-03-09 14:19:59] ✅ VPN 已连接
[2026-03-09 14:20:59] ✅ VPN 已连接
[2026-03-09 14:21:59] ✅ VPN 已连接
[2026-03-09 14:22:59] ✅ VPN 已连接
[2026-03-09 14:23:59] ✅ VPN 已连接
[2026-03-09 14:24:59] ✅ VPN 已连接
[2026-03-09 14:25:59] ✅ VPN 已连接
[2026-03-09 14:27:00] ✅ VPN 已连接
[2026-03-09 14:28:00] ✅ VPN 已连接
[2026-03-09 14:29:00] ✅ VPN 已连接
[2026-03-09 14:30:00] ✅ VPN 已连接
[2026-03-09 14:31:00] ✅ VPN 已连接
[2026-03-09 14:32:00] ✅ VPN 已连接
[2026-03-09 14:33:00] ✅ VPN 已连接
[2026-03-09 14:34:00] ✅ VPN 已连接
[2026-03-09 14:35:00] ✅ VPN 已连接
[2026-03-09 14:36:00] ✅ VPN 已连接
[2026-03-09 14:37:00] ✅ VPN 已连接
[2026-03-09 14:38:00] ✅ VPN 已连接
[2026-03-09 14:39:00] ✅ VPN 已连接
[2026-03-09 14:40:00] ✅ VPN 已连接
[2026-03-09 14:41:00] ✅ VPN 已连接
[2026-03-09 14:42:00] ✅ VPN 已连接
[2026-03-09 14:43:00] ✅ VPN 已连接
[2026-03-09 14:44:00] ✅ VPN 已连接
[2026-03-09 14:45:00] ✅ VPN 已连接
[2026-03-09 14:46:00] ✅ VPN 已连接
[2026-03-09 14:47:00] ✅ VPN 已连接
[2026-03-09 14:48:00] ✅ VPN 已连接
[2026-03-09 14:49:01] ✅ VPN 已连接
[2026-03-09 14:50:01] ✅ VPN 已连接
[2026-03-09 14:51:01] ✅ VPN 已连接
[2026-03-09 14:52:01] ✅ VPN 已连接
[2026-03-09 14:53:01] ✅ VPN 已连接
[2026-03-09 14:54:01] ✅ VPN 已连接
[2026-03-09 14:55:01] ✅ VPN 已连接
[2026-03-09 14:56:01] ✅ VPN 已连接
[2026-03-09 14:57:01] ✅ VPN 已连接
[2026-03-09 14:58:01] ✅ VPN 已连接
[2026-03-09 14:59:01] ✅ VPN 已连接
[2026-03-09 15:00:01] ✅ VPN 已连接
[2026-03-09 15:01:01] ✅ VPN 已连接
[2026-03-09 15:02:01] ✅ VPN 已连接
[2026-03-09 15:03:01] ✅ VPN 已连接
[2026-03-09 15:04:01] ✅ VPN 已连接
[2026-03-09 15:05:01] ✅ VPN 已连接
[2026-03-09 15:06:01] ✅ VPN 已连接
[2026-03-09 15:07:01] ✅ VPN 已连接
[2026-03-09 15:08:01] ✅ VPN 已连接
[2026-03-09 15:09:02] ✅ VPN 已连接
[2026-03-09 15:10:02] ✅ VPN 已连接
[2026-03-09 15:11:02] ✅ VPN 已连接
[2026-03-09 15:12:02] ✅ VPN 已连接
[2026-03-09 15:13:02] ✅ VPN 已连接
[2026-03-09 15:14:02] ✅ VPN 已连接
[2026-03-09 15:15:02] ✅ VPN 已连接
[2026-03-09 15:16:02] ✅ VPN 已连接
[2026-03-09 15:17:02] ✅ VPN 已连接
[2026-03-09 15:18:02] ✅ VPN 已连接
[2026-03-09 15:19:02] ✅ VPN 已连接
[2026-03-09 15:20:02] ✅ VPN 已连接
[2026-03-09 15:21:02] ✅ VPN 已连接
[2026-03-09 15:22:02] ✅ VPN 已连接
[2026-03-09 15:23:02] ✅ VPN 已连接
[2026-03-09 15:24:02] ✅ VPN 已连接
[2026-03-09 15:25:02] ✅ VPN 已连接
[2026-03-09 15:26:02] ✅ VPN 已连接
[2026-03-09 15:27:02] ✅ VPN 已连接
[2026-03-09 15:28:02] ✅ VPN 已连接
[2026-03-09 15:29:02] ✅ VPN 已连接
[2026-03-09 15:30:03] ✅ VPN 已连接
[2026-03-09 15:31:03] ✅ VPN 已连接
[2026-03-09 15:32:03] ✅ VPN 已连接
[2026-03-09 15:33:03] ✅ VPN 已连接
[2026-03-09 15:34:03] ✅ VPN 已连接
[2026-03-09 15:35:03] ✅ VPN 已连接
[2026-03-09 15:36:03] ✅ VPN 已连接
[2026-03-09 15:37:03] ✅ VPN 已连接
[2026-03-09 15:38:03] ✅ VPN 已连接
[2026-03-09 15:39:03] ✅ VPN 已连接
[2026-03-09 15:40:03] ✅ VPN 已连接
[2026-03-09 15:41:03] ✅ VPN 已连接
[2026-03-09 15:42:03] ✅ VPN 已连接
[2026-03-09 15:43:03] ✅ VPN 已连接
[2026-03-09 15:44:03] ✅ VPN 已连接
[2026-03-09 15:45:03] ✅ VPN 已连接
[2026-03-09 15:46:03] ✅ VPN 已连接
[2026-03-09 15:47:03] ✅ VPN 已连接
[2026-03-09 15:48:03] ✅ VPN 已连接
[2026-03-09 15:49:03] ✅ VPN 已连接
[2026-03-09 15:50:04] ✅ VPN 已连接
[2026-03-09 15:51:04] ✅ VPN 已连接
[2026-03-09 15:52:04] ✅ VPN 已连接
[2026-03-09 15:53:04] ✅ VPN 已连接
[2026-03-09 15:54:04] ✅ VPN 已连接
[2026-03-09 15:55:04] ✅ VPN 已连接
[2026-03-09 15:56:04] ✅ VPN 已连接
[2026-03-09 15:57:04] ✅ VPN 已连接
[2026-03-09 15:58:04] ✅ VPN 已连接
[2026-03-09 15:59:04] ✅ VPN 已连接
[2026-03-09 16:00:04] ✅ VPN 已连接
[2026-03-09 16:01:04] ✅ VPN 已连接
[2026-03-09 16:02:04] ✅ VPN 已连接
[2026-03-09 16:03:04] ✅ VPN 已连接
[2026-03-09 16:04:04] ✅ VPN 已连接
[2026-03-09 16:05:04] ✅ VPN 已连接
[2026-03-09 16:06:04] ✅ VPN 已连接
[2026-03-09 16:07:04] ✅ VPN 已连接
[2026-03-09 16:08:04] ✅ VPN 已连接
[2026-03-09 16:09:04] ✅ VPN 已连接
[2026-03-09 16:10:04] ✅ VPN 已连接
[2026-03-09 16:11:05] ✅ VPN 已连接
[2026-03-09 16:12:05] ✅ VPN 已连接
[2026-03-09 16:13:05] ✅ VPN 已连接
[2026-03-09 16:14:05] ✅ VPN 已连接
[2026-03-09 16:15:05] ✅ VPN 已连接
[2026-03-09 16:16:05] ✅ VPN 已连接
[2026-03-09 16:17:05] ✅ VPN 已连接
[2026-03-09 16:18:05] ✅ VPN 已连接
[2026-03-09 16:19:05] ✅ VPN 已连接
[2026-03-09 16:20:05] ✅ VPN 已连接
[2026-03-09 16:21:05] ✅ VPN 已连接
[2026-03-09 16:22:05] ✅ VPN 已连接
[2026-03-09 16:23:05] ✅ VPN 已连接
[2026-03-09 16:24:05] ✅ VPN 已连接
[2026-03-09 16:25:05] ✅ VPN 已连接
[2026-03-09 16:26:05] ✅ VPN 已连接
[2026-03-09 16:27:05] ✅ VPN 已连接
[2026-03-09 16:28:05] ✅ VPN 已连接
[2026-03-09 16:29:05] ✅ VPN 已连接
[2026-03-09 16:30:05] ✅ VPN 已连接
[2026-03-09 16:31:05] ✅ VPN 已连接
[2026-03-09 16:32:06] ✅ VPN 已连接
[2026-03-09 16:33:06] ✅ VPN 已连接
[2026-03-09 16:34:06] ✅ VPN 已连接
[2026-03-09 16:35:06] ✅ VPN 已连接
[2026-03-09 16:36:06] ✅ VPN 已连接
[2026-03-09 16:37:06] ✅ VPN 已连接
[2026-03-09 16:38:06] ✅ VPN 已连接
[2026-03-09 16:39:06] ✅ VPN 已连接
[2026-03-09 16:40:06] ✅ VPN 已连接
[2026-03-09 16:41:06] ✅ VPN 已连接
[2026-03-09 16:42:06] ✅ VPN 已连接
[2026-03-09 16:43:06] ✅ VPN 已连接
[2026-03-09 16:44:06] ✅ VPN 已连接
[2026-03-09 16:45:06] ✅ VPN 已连接
[2026-03-09 16:46:06] ✅ VPN 已连接
[2026-03-09 16:47:06] ✅ VPN 已连接
[2026-03-09 16:48:06] ✅ VPN 已连接
[2026-03-09 16:49:06] ✅ VPN 已连接
[2026-03-09 16:50:06] ✅ VPN 已连接
[2026-03-09 16:51:06] ✅ VPN 已连接
[2026-03-09 16:52:06] ✅ VPN 已连接
[2026-03-09 16:53:07] ✅ VPN 已连接
[2026-03-09 16:54:07] ✅ VPN 已连接
[2026-03-09 16:55:07] ✅ VPN 已连接
[2026-03-09 16:56:07] ✅ VPN 已连接
[2026-03-09 16:57:07] ✅ VPN 已连接
[2026-03-09 16:58:07] ✅ VPN 已连接
[2026-03-09 16:59:07] ✅ VPN 已连接
[2026-03-09 17:00:07] ✅ VPN 已连接
[2026-03-09 17:01:07] ✅ VPN 已连接
[2026-03-09 17:02:07] ✅ VPN 已连接
[2026-03-09 17:03:07] ✅ VPN 已连接
[2026-03-09 17:04:07] ✅ VPN 已连接
[2026-03-09 17:05:07] ✅ VPN 已连接
[2026-03-09 17:06:07] ✅ VPN 已连接
[2026-03-09 17:07:07] ✅ VPN 已连接
[2026-03-09 17:08:07] ✅ VPN 已连接
[2026-03-09 17:09:07] ✅ VPN 已连接
[2026-03-09 17:10:07] ✅ VPN 已连接
[2026-03-09 17:11:07] ✅ VPN 已连接
[2026-03-09 17:12:07] ✅ VPN 已连接
[2026-03-09 17:13:07] ✅ VPN 已连接
[2026-03-09 17:14:07] ✅ VPN 已连接
[2026-03-09 17:15:08] ✅ VPN 已连接
[2026-03-09 17:16:08] ✅ VPN 已连接
[2026-03-09 17:17:08] ✅ VPN 已连接
[2026-03-09 17:18:08] ✅ VPN 已连接
[2026-03-09 17:19:08] ✅ VPN 已连接
[2026-03-09 17:20:08] ✅ VPN 已连接
[2026-03-09 17:21:08] ✅ VPN 已连接
[2026-03-09 17:22:08] ✅ VPN 已连接
[2026-03-09 17:23:08] ✅ VPN 已连接
[2026-03-09 17:24:08] ✅ VPN 已连接
[2026-03-09 17:25:08] ✅ VPN 已连接
[2026-03-09 17:26:08] ✅ VPN 已连接
[2026-03-09 17:27:08] ✅ VPN 已连接
[2026-03-09 17:28:08] ✅ VPN 已连接
[2026-03-09 17:29:08] ✅ VPN 已连接
[2026-03-09 17:30:08] ✅ VPN 已连接
[2026-03-09 17:31:08] ✅ VPN 已连接
[2026-03-09 17:32:08] ✅ VPN 已连接
[2026-03-09 17:33:08] ✅ VPN 已连接
[2026-03-09 17:34:08] ✅ VPN 已连接
[2026-03-09 17:35:08] ✅ VPN 已连接
[2026-03-09 17:36:09] ✅ VPN 已连接
[2026-03-09 17:37:09] ✅ VPN 已连接
[2026-03-09 17:38:09] ✅ VPN 已连接
[2026-03-09 17:39:09] ✅ VPN 已连接
[2026-03-09 17:40:09] ✅ VPN 已连接
[2026-03-09 17:41:09] ✅ VPN 已连接
[2026-03-09 17:42:09] ✅ VPN 已连接
[2026-03-09 17:43:09] ✅ VPN 已连接
[2026-03-09 17:44:09] ✅ VPN 已连接
[2026-03-09 17:45:09] ✅ VPN 已连接
[2026-03-09 17:46:09] ✅ VPN 已连接
[2026-03-09 17:47:09] ✅ VPN 已连接
[2026-03-09 17:48:09] ✅ VPN 已连接
[2026-03-09 17:49:09] ✅ VPN 已连接
[2026-03-09 17:50:09] ✅ VPN 已连接
[2026-03-09 17:51:09] ✅ VPN 已连接
[2026-03-09 17:52:09] ✅ VPN 已连接
[2026-03-09 17:53:09] ✅ VPN 已连接
[2026-03-09 17:54:09] ✅ VPN 已连接
[2026-03-09 17:55:09] ✅ VPN 已连接
[2026-03-09 17:56:09] ✅ VPN 已连接
[2026-03-09 17:57:10] ✅ VPN 已连接
[2026-03-09 17:58:10] ✅ VPN 已连接
[2026-03-09 17:59:10] ✅ VPN 已连接
[2026-03-09 18:00:10] ✅ VPN 已连接
[2026-03-09 18:01:10] ✅ VPN 已连接
[2026-03-09 18:02:10] ✅ VPN 已连接
[2026-03-09 18:03:10] ✅ VPN 已连接
[2026-03-09 18:04:10] ✅ VPN 已连接
[2026-03-09 18:05:10] ✅ VPN 已连接
[2026-03-09 18:06:10] ✅ VPN 已连接
[2026-03-09 18:07:10] ✅ VPN 已连接
[2026-03-09 18:08:10] ✅ VPN 已连接
[2026-03-09 18:09:10] ✅ VPN 已连接
[2026-03-09 18:10:10] ✅ VPN 已连接
[2026-03-09 18:11:10] ✅ VPN 已连接
[2026-03-09 18:12:10] ✅ VPN 已连接
[2026-03-09 18:13:10] ✅ VPN 已连接
[2026-03-09 18:14:10] ✅ VPN 已连接
[2026-03-09 18:15:10] ✅ VPN 已连接
[2026-03-09 18:16:10] ✅ VPN 已连接
[2026-03-09 18:17:10] ✅ VPN 已连接
[2026-03-09 18:18:11] ✅ VPN 已连接
[2026-03-09 18:19:11] ✅ VPN 已连接
[2026-03-09 18:20:11] ✅ VPN 已连接
[2026-03-09 18:21:11] ✅ VPN 已连接
[2026-03-09 18:22:11] ✅ VPN 已连接
[2026-03-09 18:23:11] ✅ VPN 已连接
[2026-03-09 18:24:11] ✅ VPN 已连接
[2026-03-09 18:25:11] ✅ VPN 已连接
[2026-03-09 18:26:11] ✅ VPN 已连接
[2026-03-09 18:27:11] ✅ VPN 已连接
[2026-03-09 18:28:11] ✅ VPN 已连接
[2026-03-09 18:29:11] ✅ VPN 已连接
[2026-03-09 18:30:11] ✅ VPN 已连接
[2026-03-09 18:31:11] ✅ VPN 已连接
[2026-03-09 18:32:11] ✅ VPN 已连接
[2026-03-09 18:33:11] ✅ VPN 已连接
[2026-03-09 18:34:11] ✅ VPN 已连接
[2026-03-09 18:35:11] ✅ VPN 已连接
[2026-03-09 18:36:11] ✅ VPN 已连接
[2026-03-09 18:37:11] ✅ VPN 已连接
[2026-03-09 18:38:11] ✅ VPN 已连接
[2026-03-09 18:39:12] ✅ VPN 已连接
[2026-03-09 18:40:12] ✅ VPN 已连接
[2026-03-09 18:41:12] ✅ VPN 已连接
[2026-03-09 18:42:12] ✅ VPN 已连接
[2026-03-09 18:43:12] ✅ VPN 已连接
[2026-03-09 18:44:12] ✅ VPN 已连接
[2026-03-09 18:45:12] ✅ VPN 已连接
[2026-03-09 18:46:12] ✅ VPN 已连接
[2026-03-09 18:47:12] ✅ VPN 已连接
[2026-03-09 18:48:12] ✅ VPN 已连接
[2026-03-09 18:49:12] ✅ VPN 已连接
[2026-03-09 18:50:12] ✅ VPN 已连接
[2026-03-09 18:51:12] ✅ VPN 已连接
[2026-03-09 18:52:12] ✅ VPN 已连接
[2026-03-09 18:53:12] ✅ VPN 已连接
[2026-03-09 18:54:12] ✅ VPN 已连接
[2026-03-09 18:55:12] ✅ VPN 已连接
[2026-03-09 18:56:12] ✅ VPN 已连接
[2026-03-09 18:57:12] ✅ VPN 已连接
[2026-03-09 18:58:12] ✅ VPN 已连接
[2026-03-09 18:59:13] ✅ VPN 已连接
[2026-03-09 19:00:13] ✅ VPN 已连接
[2026-03-09 19:01:13] ✅ VPN 已连接
[2026-03-09 19:02:13] ✅ VPN 已连接
[2026-03-09 19:03:13] ✅ VPN 已连接
[2026-03-09 19:04:13] ✅ VPN 已连接
[2026-03-09 19:05:13] ✅ VPN 已连接
[2026-03-09 19:06:13] ✅ VPN 已连接
[2026-03-09 19:07:13] ✅ VPN 已连接
[2026-03-09 19:08:13] ✅ VPN 已连接
[2026-03-09 19:09:13] ✅ VPN 已连接
[2026-03-09 19:10:13] ✅ VPN 已连接
[2026-03-09 19:11:13] ✅ VPN 已连接
[2026-03-09 19:12:13] ✅ VPN 已连接
[2026-03-09 19:13:13] ✅ VPN 已连接
[2026-03-09 19:14:13] ✅ VPN 已连接
[2026-03-09 19:15:13] ✅ VPN 已连接
[2026-03-09 19:16:13] ✅ VPN 已连接
[2026-03-09 19:17:13] ✅ VPN 已连接
[2026-03-09 19:18:13] ✅ VPN 已连接
[2026-03-09 19:19:13] ✅ VPN 已连接
[2026-03-09 19:20:14] ✅ VPN 已连接
[2026-03-09 19:21:14] ✅ VPN 已连接
[2026-03-09 19:22:14] ✅ VPN 已连接
[2026-03-09 19:23:14] ✅ VPN 已连接
[2026-03-09 19:24:14] ✅ VPN 已连接
[2026-03-09 19:25:14] ✅ VPN 已连接
[2026-03-09 19:26:14] ✅ VPN 已连接
[2026-03-09 19:27:14] ✅ VPN 已连接
[2026-03-09 19:28:14] ✅ VPN 已连接
[2026-03-09 19:29:14] ✅ VPN 已连接
[2026-03-09 19:30:14] ✅ VPN 已连接
[2026-03-09 19:31:14] ✅ VPN 已连接
[2026-03-09 19:32:14] ✅ VPN 已连接
[2026-03-09 19:33:14] ✅ VPN 已连接
[2026-03-09 19:34:14] ✅ VPN 已连接
[2026-03-09 19:35:14] ✅ VPN 已连接
[2026-03-09 19:36:14] ✅ VPN 已连接
[2026-03-09 19:37:14] ✅ VPN 已连接
[2026-03-09 19:38:14] ✅ VPN 已连接
[2026-03-09 19:39:14] ✅ VPN 已连接
[2026-03-09 19:40:14] ✅ VPN 已连接
[2026-03-09 19:41:14] ✅ VPN 已连接
[2026-03-09 19:42:15] ✅ VPN 已连接
[2026-03-09 19:43:15] ✅ VPN 已连接
[2026-03-09 19:44:15] ✅ VPN 已连接
[2026-03-09 19:45:15] ✅ VPN 已连接
[2026-03-09 19:46:15] ✅ VPN 已连接
[2026-03-09 19:47:15] ✅ VPN 已连接
[2026-03-09 19:48:15] ✅ VPN 已连接
[2026-03-09 19:49:15] ✅ VPN 已连接
[2026-03-09 19:50:15] ✅ VPN 已连接
[2026-03-09 19:51:15] ✅ VPN 已连接
[2026-03-09 19:52:15] ✅ VPN 已连接
[2026-03-09 19:53:15] ✅ VPN 已连接
[2026-03-09 19:54:15] ✅ VPN 已连接
[2026-03-09 19:55:15] ✅ VPN 已连接
[2026-03-09 19:56:15] ✅ VPN 已连接
[2026-03-09 19:57:15] ✅ VPN 已连接
[2026-03-09 19:58:15] ✅ VPN 已连接
[2026-03-09 19:59:15] ✅ VPN 已连接
[2026-03-09 20:00:15] ✅ VPN 已连接
[2026-03-09 20:01:16] ✅ VPN 已连接
[2026-03-09 20:02:16] ✅ VPN 已连接
[2026-03-09 20:03:16] ✅ VPN 已连接
[2026-03-09 20:04:16] ✅ VPN 已连接
[2026-03-09 20:05:16] ✅ VPN 已连接
[2026-03-09 20:06:16] ✅ VPN 已连接
[2026-03-09 20:07:16] ✅ VPN 已连接
[2026-03-09 20:08:16] ✅ VPN 已连接
[2026-03-09 20:09:16] ✅ VPN 已连接
[2026-03-09 20:10:16] ✅ VPN 已连接
[2026-03-09 20:11:16] ✅ VPN 已连接
[2026-03-09 20:12:16] ✅ VPN 已连接
[2026-03-09 20:13:16] ✅ VPN 已连接
[2026-03-09 20:14:16] ✅ VPN 已连接
[2026-03-09 20:15:16] ✅ VPN 已连接
[2026-03-09 20:16:16] ✅ VPN 已连接
[2026-03-09 20:17:16] ✅ VPN 已连接
[2026-03-09 20:18:16] ✅ VPN 已连接
[2026-03-09 20:19:16] ✅ VPN 已连接
[2026-03-09 20:20:16] ✅ VPN 已连接
[2026-03-09 20:21:16] ✅ VPN 已连接
[2026-03-09 20:22:17] ✅ VPN 已连接
[2026-03-09 20:23:17] ✅ VPN 已连接
[2026-03-09 20:24:17] ✅ VPN 已连接
[2026-03-09 20:25:17] ✅ VPN 已连接
[2026-03-09 20:26:17] ✅ VPN 已连接
[2026-03-09 20:27:17] ✅ VPN 已连接
[2026-03-09 20:28:17] ✅ VPN 已连接
[2026-03-09 20:29:17] ✅ VPN 已连接
[2026-03-09 20:30:17] ✅ VPN 已连接
[2026-03-09 20:31:17] ✅ VPN 已连接
[2026-03-09 20:32:17] ✅ VPN 已连接
[2026-03-09 20:33:17] ✅ VPN 已连接
[2026-03-09 20:34:17] ✅ VPN 已连接
[2026-03-09 20:35:17] ❌ VPN 未连接，触发重连...
[2026-03-09 20:35:17] ========== VPN 重连开始 ==========
[2026-03-09 20:35:17] 尝试 1/3...
[2026-03-09 20:35:17] 启动 FortiClient GUI...
[2026-03-09 20:35:20] ❌ FortiClient GUI 启动失败
[2026-03-09 20:35:20] 重试 1 失败：无法启动 FortiClient
[2026-03-09 20:35:30] 尝试 2/3...
[2026-03-09 20:35:30] 启动 FortiClient GUI...
[2026-03-09 20:35:33] ❌ FortiClient GUI 启动失败
[2026-03-09 20:35:33] 重试 2 失败：无法启动 FortiClient
[2026-03-09 20:35:43] 尝试 3/3...
[2026-03-09 20:35:43] 启动 FortiClient GUI...
[2026-03-09 20:35:46] ❌ FortiClient GUI 启动失败
[2026-03-09 20:35:46] 重试 3 失败：无法启动 FortiClient
[2026-03-09 20:35:56] ❌ VPN 重连失败（已尝试 3 次）
[2026-03-09 20:35:56] ========== VPN 重连失败 ==========
[2026-03-09 20:36:56] ❌ VPN 未连接，触发重连...
[2026-03-09 20:36:56] ========== VPN 重连开始 ==========
[2026-03-09 20:36:56] 尝试 1/3...
[2026-03-09 20:36:56] 启动 FortiClient GUI...
[2026-03-09 20:36:56] FortiClient 已在运行，先关闭...
[2026-03-09 20:37:01] ❌ FortiClient GUI 启动失败
[2026-03-09 20:37:01] 重试 1 失败：无法启动 FortiClient
[2026-03-09 20:37:11] 尝试 2/3...
[2026-03-09 20:37:11] 启动 FortiClient GUI...
[2026-03-09 20:37:14] ❌ FortiClient GUI 启动失败
[2026-03-09 20:37:14] 重试 2 失败：无法启动 FortiClient
[2026-03-09 20:37:24] 尝试 3/3...
[2026-03-09 20:37:24] 启动 FortiClient GUI...
[2026-03-09 20:37:27] ❌ FortiClient GUI 启动失败
[2026-03-09 20:37:27] 重试 3 失败：无法启动 FortiClient
[2026-03-09 20:37:37] ❌ VPN 重连失败（已尝试 3 次）
[2026-03-09 20:37:37] ========== VPN 重连失败 ==========
[2026-03-09 20:38:38] ❌ VPN 未连接，触发重连...
[2026-03-09 20:38:38] ========== VPN 重连开始 ==========
[2026-03-09 20:38:38] 尝试 1/3...
[2026-03-09 20:38:38] 启动 FortiClient GUI...
[2026-03-09 20:38:41] ❌ FortiClient GUI 启动失败
[2026-03-09 20:38:41] 重试 1 失败：无法启动 FortiClient
[2026-03-09 20:38:51] 尝试 2/3...
[2026-03-09 20:38:51] 启动 FortiClient GUI...
[2026-03-09 20:38:54] ❌ FortiClient GUI 启动失败
[2026-03-09 20:38:54] 重试 2 失败：无法启动 FortiClient
[2026-03-09 20:39:04] 尝试 3/3...
[2026-03-09 20:39:04] 启动 FortiClient GUI...
[2026-03-09 20:39:07] ❌ FortiClient GUI 启动失败
[2026-03-09 20:39:07] 重试 3 失败：无法启动 FortiClient
[2026-03-09 20:39:17] ❌ VPN 重连失败（已尝试 3 次）
[2026-03-09 20:39:17] ========== VPN 重连失败 ==========
[2026-03-09 20:40:17] ✅ VPN 已连接
[2026-03-09 20:41:17] ✅ VPN 已连接
[2026-03-09 20:42:17] ✅ VPN 已连接
[2026-03-09 20:43:17] ✅ VPN 已连接
[2026-03-09 20:44:17] ✅ VPN 已连接
[2026-03-09 20:45:17] ✅ VPN 已连接
[2026-03-09 20:46:17] ✅ VPN 已连接
[2026-03-09 20:47:17] ✅ VPN 已连接
[2026-03-09 20:48:17] ✅ VPN 已连接
[2026-03-09 20:49:17] ✅ VPN 已连接
[2026-03-09 20:50:17] ✅ VPN 已连接
[2026-03-09 20:51:17] ✅ VPN 已连接
[2026-03-09 20:52:17] ✅ VPN 已连接
[2026-03-09 20:53:17] ✅ VPN 已连接
[2026-03-09 20:54:17] ✅ VPN 已连接
[2026-03-09 20:55:17] ✅ VPN 已连接
[2026-03-09 20:56:18] ✅ VPN 已连接
[2026-03-09 20:57:18] ✅ VPN 已连接
[2026-03-09 20:58:18] ✅ VPN 已连接
[2026-03-09 20:59:18] ✅ VPN 已连接
[2026-03-09 21:00:18] ✅ VPN 已连接
[2026-03-09 21:01:18] ✅ VPN 已连接
[2026-03-09 21:02:18] ✅ VPN 已连接
[2026-03-09 21:03:18] ✅ VPN 已连接
[2026-03-09 21:04:18] ✅ VPN 已连接
[2026-03-09 21:05:18] ✅ VPN 已连接
[2026-03-09 21:06:18] ✅ VPN 已连接
[2026-03-09 21:07:18] ✅ VPN 已连接
[2026-03-09 21:08:18] ✅ VPN 已连接
[2026-03-09 21:09:18] ✅ VPN 已连接
[2026-03-09 21:10:18] ✅ VPN 已连接
[2026-03-09 21:11:18] ✅ VPN 已连接
[2026-03-09 21:12:18] ✅ VPN 已连接
[2026-03-09 21:13:18] ✅ VPN 已连接
[2026-03-09 21:14:18] ✅ VPN 已连接
[2026-03-09 21:15:18] ✅ VPN 已连接
[2026-03-09 21:16:18] ✅ VPN 已连接
[2026-03-09 21:17:18] ✅ VPN 已连接
[2026-03-09 21:18:19] ✅ VPN 已连接
[2026-03-09 21:19:19] ✅ VPN 已连接
[2026-03-09 21:20:19] ✅ VPN 已连接
[2026-03-09 21:21:19] ✅ VPN 已连接
[2026-03-09 21:22:19] ✅ VPN 已连接
[2026-03-09 21:23:19] ✅ VPN 已连接
[2026-03-09 21:24:19] ✅ VPN 已连接
[2026-03-09 21:25:19] ✅ VPN 已连接
[2026-03-09 21:26:19] ✅ VPN 已连接
[2026-03-09 21:27:19] ✅ VPN 已连接
[2026-03-09 21:28:19] ✅ VPN 已连接
[2026-03-09 21:29:19] ✅ VPN 已连接
[2026-03-09 21:30:19] ✅ VPN 已连接
[2026-03-09 21:31:19] ✅ VPN 已连接
[2026-03-09 21:32:19] ✅ VPN 已连接
[2026-03-09 21:33:19] ✅ VPN 已连接
[2026-03-09 21:34:19] ✅ VPN 已连接
[2026-03-09 21:35:19] ✅ VPN 已连接
[2026-03-09 21:36:19] ✅ VPN 已连接
[2026-03-09 21:37:19] ✅ VPN 已连接
[2026-03-09 21:38:19] ✅ VPN 已连接
[2026-03-09 21:39:20] ✅ VPN 已连接
[2026-03-09 21:40:20] ✅ VPN 已连接
[2026-03-09 21:41:20] ✅ VPN 已连接
[2026-03-09 21:42:20] ✅ VPN 已连接
[2026-03-09 21:43:20] ✅ VPN 已连接
[2026-03-09 21:44:20] ✅ VPN 已连接
[2026-03-09 21:45:20] ✅ VPN 已连接
[2026-03-09 21:46:20] ✅ VPN 已连接
[2026-03-09 21:47:20] ✅ VPN 已连接
[2026-03-09 21:48:20] ✅ VPN 已连接
[2026-03-09 21:49:20] ✅ VPN 已连接
[2026-03-09 21:50:20] ✅ VPN 已连接
[2026-03-09 21:51:20] ✅ VPN 已连接
[2026-03-09 21:52:20] ✅ VPN 已连接
[2026-03-09 21:53:20] ✅ VPN 已连接
[2026-03-09 21:54:20] ✅ VPN 已连接
[2026-03-09 21:55:20] ✅ VPN 已连接
[2026-03-09 21:56:20] ✅ VPN 已连接
[2026-03-09 21:57:20] ✅ VPN 已连接
[2026-03-09 21:58:20] ✅ VPN 已连接
[2026-03-09 21:59:20] ✅ VPN 已连接
[2026-03-09 22:00:21] ✅ VPN 已连接
[2026-03-09 22:01:21] ✅ VPN 已连接
[2026-03-09 22:02:21] ✅ VPN 已连接
[2026-03-09 22:03:21] ✅ VPN 已连接
[2026-03-09 22:04:21] ✅ VPN 已连接
[2026-03-09 22:05:21] ✅ VPN 已连接
[2026-03-09 22:06:21] ✅ VPN 已连接
[2026-03-09 22:07:21] ✅ VPN 已连接
[2026-03-09 22:08:21] ✅ VPN 已连接
[2026-03-09 22:09:21] ✅ VPN 已连接
[2026-03-09 22:10:21] ✅ VPN 已连接
[2026-03-09 22:11:21] ✅ VPN 已连接
[2026-03-09 22:12:21] ✅ VPN 已连接
[2026-03-09 22:13:21] ✅ VPN 已连接
[2026-03-09 22:14:21] ✅ VPN 已连接
[2026-03-09 22:15:21] ✅ VPN 已连接
[2026-03-09 22:16:21] ✅ VPN 已连接
[2026-03-09 22:17:21] ✅ VPN 已连接
[2026-03-09 22:18:21] ✅ VPN 已连接
[2026-03-09 22:19:21] ✅ VPN 已连接
[2026-03-09 22:20:21] ✅ VPN 已连接
[2026-03-09 22:21:22] ✅ VPN 已连接
[2026-03-09 22:22:22] ✅ VPN 已连接
[2026-03-09 22:23:22] ✅ VPN 已连接
[2026-03-09 22:24:22] ✅ VPN 已连接
[2026-03-09 22:25:22] ✅ VPN 已连接
[2026-03-09 22:26:22] ✅ VPN 已连接
[2026-03-09 22:27:22] ✅ VPN 已连接
[2026-03-09 22:28:22] ✅ VPN 已连接
[2026-03-09 22:29:22] ✅ VPN 已连接
[2026-03-09 22:30:22] ✅ VPN 已连接
[2026-03-09 22:31:22] ✅ VPN 已连接
[2026-03-09 22:32:22] ✅ VPN 已连接
[2026-03-09 22:33:22] ✅ VPN 已连接
[2026-03-09 22:34:22] ✅ VPN 已连接
[2026-03-09 22:35:22] ✅ VPN 已连接
[2026-03-09 22:36:22] ✅ VPN 已连接
[2026-03-09 22:37:22] ✅ VPN 已连接
[2026-03-09 22:38:22] ✅ VPN 已连接
[2026-03-09 22:39:22] ✅ VPN 已连接
[2026-03-09 22:40:22] ✅ VPN 已连接
[2026-03-09 22:41:23] ✅ VPN 已连接
[2026-03-09 22:42:23] ✅ VPN 已连接
[2026-03-09 22:43:23] ✅ VPN 已连接
[2026-03-09 22:44:23] ✅ VPN 已连接
[2026-03-09 22:45:23] ✅ VPN 已连接
[2026-03-09 22:46:23] ✅ VPN 已连接
[2026-03-09 22:47:23] ✅ VPN 已连接
[2026-03-09 22:48:23] ✅ VPN 已连接
[2026-03-09 22:49:23] ✅ VPN 已连接
[2026-03-09 22:50:23] ✅ VPN 已连接
[2026-03-09 22:51:23] ✅ VPN 已连接
[2026-03-09 22:52:23] ✅ VPN 已连接
[2026-03-09 22:53:23] ✅ VPN 已连接
[2026-03-09 22:54:23] ✅ VPN 已连接
[2026-03-09 22:55:23] ✅ VPN 已连接
[2026-03-09 22:56:23] ✅ VPN 已连接
[2026-03-09 22:57:23] ✅ VPN 已连接
[2026-03-09 22:58:23] ✅ VPN 已连接
[2026-03-09 22:59:23] ✅ VPN 已连接
[2026-03-09 23:00:23] ✅ VPN 已连接
[2026-03-09 23:01:24] ✅ VPN 已连接
[2026-03-09 23:02:24] ✅ VPN 已连接
[2026-03-09 23:03:24] ✅ VPN 已连接
[2026-03-09 23:04:24] ✅ VPN 已连接
[2026-03-09 23:05:24] ✅ VPN 已连接
[2026-03-09 23:06:24] ✅ VPN 已连接
[2026-03-09 23:07:24] ✅ VPN 已连接
[2026-03-09 23:08:24] ✅ VPN 已连接
[2026-03-09 23:09:24] ✅ VPN 已连接
[2026-03-09 23:10:24] ✅ VPN 已连接
[2026-03-09 23:11:24] ✅ VPN 已连接
[2026-03-09 23:12:24] ✅ VPN 已连接
[2026-03-09 23:13:24] ✅ VPN 已连接
[2026-03-09 23:14:24] ✅ VPN 已连接
[2026-03-09 23:15:24] ✅ VPN 已连接
[2026-03-09 23:16:24] ✅ VPN 已连接
[2026-03-09 23:17:24] ✅ VPN 已连接
[2026-03-09 23:18:24] ✅ VPN 已连接
[2026-03-09 23:19:24] ✅ VPN 已连接
[2026-03-09 23:20:24] ✅ VPN 已连接
[2026-03-09 23:21:24] ✅ VPN 已连接
[2026-03-09 23:22:25] ✅ VPN 已连接
[2026-03-09 23:23:25] ✅ VPN 已连接
[2026-03-09 23:24:25] ✅ VPN 已连接
[2026-03-09 23:25:25] ✅ VPN 已连接
[2026-03-09 23:26:25] ✅ VPN 已连接
[2026-03-09 23:27:25] ✅ VPN 已连接
[2026-03-09 23:28:25] ✅ VPN 已连接
[2026-03-09 23:29:25] ✅ VPN 已连接
[2026-03-09 23:30:25] ✅ VPN 已连接
[2026-03-09 23:31:25] ✅ VPN 已连接
[2026-03-09 23:32:25] ✅ VPN 已连接
[2026-03-09 23:33:25] ✅ VPN 已连接
[2026-03-09 23:34:25] ✅ VPN 已连接
[2026-03-09 23:35:25] ✅ VPN 已连接
[2026-03-09 23:36:25] ✅ VPN 已连接
[2026-03-09 23:37:25] ✅ VPN 已连接
[2026-03-09 23:38:25] ✅ VPN 已连接
[2026-03-09 23:39:25] ✅ VPN 已连接
[2026-03-09 23:40:25] ✅ VPN 已连接
[2026-03-09 23:41:25] ✅ VPN 已连接
[2026-03-09 23:42:25] ✅ VPN 已连接
[2026-03-09 23:43:26] ✅ VPN 已连接
[2026-03-09 23:44:26] ✅ VPN 已连接
[2026-03-09 23:45:26] ✅ VPN 已连接
[2026-03-09 23:46:26] ✅ VPN 已连接
[2026-03-09 23:47:26] ✅ VPN 已连接
[2026-03-09 23:48:26] ✅ VPN 已连接
[2026-03-09 23:49:26] ✅ VPN 已连接
[2026-03-09 23:50:26] ✅ VPN 已连接
[2026-03-09 23:51:26] ✅ VPN 已连接
[2026-03-09 23:52:26] ✅ VPN 已连接
[2026-03-09 23:53:26] ✅ VPN 已连接
[2026-03-09 23:54:26] ✅ VPN 已连接
[2026-03-09 23:55:26] ✅ VPN 已连接
[2026-03-09 23:56:26] ✅ VPN 已连接
[2026-03-09 23:57:26] ✅ VPN 已连接
[2026-03-09 23:58:26] ✅ VPN 已连接
[2026-03-09 23:59:26] ✅ VPN 已连接
[2026-03-10 00:00:26] ✅ VPN 已连接
[2026-03-10 00:01:26] ✅ VPN 已连接
[2026-03-10 00:02:26] ✅ VPN 已连接
[2026-03-10 00:03:26] ✅ VPN 已连接
[2026-03-10 00:04:27] ✅ VPN 已连接
[2026-03-10 00:05:27] ✅ VPN 已连接
[2026-03-10 00:06:27] ✅ VPN 已连接
[2026-03-10 00:07:27] ✅ VPN 已连接
[2026-03-10 00:08:27] ✅ VPN 已连接
[2026-03-10 00:09:27] ✅ VPN 已连接
[2026-03-10 00:10:27] ✅ VPN 已连接
[2026-03-10 00:11:27] ✅ VPN 已连接
[2026-03-10 00:12:27] ✅ VPN 已连接
[2026-03-10 00:13:27] ✅ VPN 已连接
[2026-03-10 00:14:27] ✅ VPN 已连接
[2026-03-10 00:15:27] ✅ VPN 已连接
[2026-03-10 00:16:27] ✅ VPN 已连接
[2026-03-10 00:17:27] ✅ VPN 已连接
[2026-03-10 00:18:27] ✅ VPN 已连接
[2026-03-10 00:19:27] ✅ VPN 已连接
[2026-03-10 00:20:27] ✅ VPN 已连接
[2026-03-10 00:21:27] ✅ VPN 已连接
[2026-03-10 00:22:27] ✅ VPN 已连接
[2026-03-10 00:23:27] ✅ VPN 已连接
[2026-03-10 00:24:27] ✅ VPN 已连接
[2026-03-10 00:25:27] ✅ VPN 已连接
[2026-03-10 00:26:28] ✅ VPN 已连接
[2026-03-10 00:27:28] ✅ VPN 已连接
[2026-03-10 00:28:28] ✅ VPN 已连接
[2026-03-10 00:29:28] ✅ VPN 已连接
[2026-03-10 00:30:28] ✅ VPN 已连接
[2026-03-10 00:31:28] ✅ VPN 已连接
[2026-03-10 00:32:28] ✅ VPN 已连接
[2026-03-10 00:33:28] ✅ VPN 已连接
[2026-03-10 00:34:28] ✅ VPN 已连接
[2026-03-10 00:35:28] ✅ VPN 已连接
[2026-03-10 00:36:28] ✅ VPN 已连接
[2026-03-10 00:37:28] ✅ VPN 已连接
[2026-03-10 00:38:28] ✅ VPN 已连接
[2026-03-10 00:39:28] ✅ VPN 已连接
[2026-03-10 00:40:28] ✅ VPN 已连接
[2026-03-10 00:41:28] ✅ VPN 已连接
[2026-03-10 00:42:28] ✅ VPN 已连接
[2026-03-10 00:43:28] ✅ VPN 已连接
[2026-03-10 00:44:28] ✅ VPN 已连接
[2026-03-10 00:45:28] ✅ VPN 已连接
[2026-03-10 00:46:29] ✅ VPN 已连接
[2026-03-10 00:47:29] ✅ VPN 已连接
[2026-03-10 00:48:29] ✅ VPN 已连接
[2026-03-10 00:49:29] ✅ VPN 已连接
[2026-03-10 00:50:29] ✅ VPN 已连接
[2026-03-10 00:51:29] ✅ VPN 已连接
[2026-03-10 00:52:29] ✅ VPN 已连接
[2026-03-10 00:53:29] ✅ VPN 已连接
[2026-03-10 00:54:29] ✅ VPN 已连接
[2026-03-10 00:55:29] ✅ VPN 已连接
[2026-03-10 00:56:29] ✅ VPN 已连接
[2026-03-10 00:57:29] ✅ VPN 已连接
[2026-03-10 00:58:29] ✅ VPN 已连接
[2026-03-10 00:59:29] ✅ VPN 已连接
[2026-03-10 01:00:29] ✅ VPN 已连接
[2026-03-10 01:01:29] ✅ VPN 已连接
[2026-03-10 01:02:29] ✅ VPN 已连接
[2026-03-10 01:03:29] ✅ VPN 已连接
[2026-03-10 01:04:29] ✅ VPN 已连接
[2026-03-10 01:05:29] ✅ VPN 已连接
[2026-03-10 01:06:29] ✅ VPN 已连接
[2026-03-10 01:07:30] ✅ VPN 已连接
[2026-03-10 01:08:30] ✅ VPN 已连接
[2026-03-10 01:09:30] ✅ VPN 已连接
[2026-03-10 01:10:30] ✅ VPN 已连接
[2026-03-10 01:11:30] ✅ VPN 已连接
[2026-03-10 01:12:30] ✅ VPN 已连接
[2026-03-10 01:13:30] ✅ VPN 已连接
[2026-03-10 01:14:30] ✅ VPN 已连接
[2026-03-10 01:15:30] ✅ VPN 已连接
[2026-03-10 01:16:30] ✅ VPN 已连接
[2026-03-10 01:17:30] ✅ VPN 已连接
[2026-03-10 01:18:30] ✅ VPN 已连接
[2026-03-10 01:19:30] ✅ VPN 已连接
[2026-03-10 01:20:30] ✅ VPN 已连接
[2026-03-10 01:21:30] ✅ VPN 已连接
[2026-03-10 01:22:30] ✅ VPN 已连接
[2026-03-10 01:23:30] ✅ VPN 已连接
[2026-03-10 01:24:30] ✅ VPN 已连接
[2026-03-10 01:25:30] ✅ VPN 已连接
[2026-03-10 01:26:30] ✅ VPN 已连接
[2026-03-10 01:27:30] ✅ VPN 已连接
[2026-03-10 01:28:31] ✅ VPN 已连接
[2026-03-10 01:29:31] ✅ VPN 已连接
[2026-03-10 01:30:31] ✅ VPN 已连接
[2026-03-10 01:31:31] ✅ VPN 已连接
[2026-03-10 01:32:31] ✅ VPN 已连接
[2026-03-10 01:33:31] ✅ VPN 已连接
[2026-03-10 01:34:31] ✅ VPN 已连接
[2026-03-10 01:35:31] ✅ VPN 已连接
[2026-03-10 01:36:31] ✅ VPN 已连接
[2026-03-10 01:37:31] ✅ VPN 已连接
[2026-03-10 01:38:31] ✅ VPN 已连接
[2026-03-10 01:39:31] ✅ VPN 已连接
[2026-03-10 01:40:31] ✅ VPN 已连接
[2026-03-10 01:41:31] ✅ VPN 已连接
[2026-03-10 01:42:31] ✅ VPN 已连接
[2026-03-10 01:43:31] ✅ VPN 已连接
[2026-03-10 01:44:31] ✅ VPN 已连接
[2026-03-10 01:45:31] ✅ VPN 已连接
[2026-03-10 01:46:31] ✅ VPN 已连接
[2026-03-10 01:47:31] ✅ VPN 已连接
[2026-03-10 01:48:32] ✅ VPN 已连接
[2026-03-10 01:49:32] ✅ VPN 已连接
[2026-03-10 01:50:32] ✅ VPN 已连接
[2026-03-10 01:51:32] ✅ VPN 已连接
[2026-03-10 01:52:32] ✅ VPN 已连接
[2026-03-10 01:53:32] ✅ VPN 已连接
[2026-03-10 01:54:32] ✅ VPN 已连接
[2026-03-10 01:55:32] ✅ VPN 已连接
[2026-03-10 01:56:32] ✅ VPN 已连接
[2026-03-10 01:57:32] ✅ VPN 已连接
[2026-03-10 01:58:32] ✅ VPN 已连接
[2026-03-10 01:59:32] ✅ VPN 已连接
[2026-03-10 02:00:32] ✅ VPN 已连接
[2026-03-10 02:01:32] ✅ VPN 已连接
[2026-03-10 02:02:32] ✅ VPN 已连接
[2026-03-10 02:03:32] ✅ VPN 已连接
[2026-03-10 02:04:32] ✅ VPN 已连接
[2026-03-10 02:05:32] ✅ VPN 已连接
[2026-03-10 02:06:32] ✅ VPN 已连接
[2026-03-10 02:07:32] ✅ VPN 已连接
[2026-03-10 02:08:33] ✅ VPN 已连接
[2026-03-10 02:09:33] ✅ VPN 已连接
[2026-03-10 02:10:33] ✅ VPN 已连接
[2026-03-10 02:11:33] ✅ VPN 已连接
[2026-03-10 02:12:33] ✅ VPN 已连接
[2026-03-10 02:13:33] ✅ VPN 已连接
[2026-03-10 02:14:33] ✅ VPN 已连接
[2026-03-10 02:15:33] ✅ VPN 已连接
[2026-03-10 02:16:33] ✅ VPN 已连接
[2026-03-10 02:17:33] ✅ VPN 已连接
[2026-03-10 02:18:33] ✅ VPN 已连接
[2026-03-10 02:19:33] ✅ VPN 已连接
[2026-03-10 02:20:33] ✅ VPN 已连接
[2026-03-10 02:21:33] ✅ VPN 已连接
[2026-03-10 02:22:33] ✅ VPN 已连接
[2026-03-10 02:23:33] ✅ VPN 已连接
[2026-03-10 02:24:33] ✅ VPN 已连接
[2026-03-10 02:25:33] ✅ VPN 已连接
[2026-03-10 02:26:33] ✅ VPN 已连接
[2026-03-10 02:27:33] ✅ VPN 已连接
[2026-03-10 02:28:33] ✅ VPN 已连接
[2026-03-10 02:29:34] ✅ VPN 已连接
[2026-03-10 02:30:34] ✅ VPN 已连接
[2026-03-10 02:31:34] ✅ VPN 已连接
[2026-03-10 02:32:34] ✅ VPN 已连接
[2026-03-10 02:33:34] ✅ VPN 已连接
[2026-03-10 02:34:34] ✅ VPN 已连接
[2026-03-10 02:35:34] ✅ VPN 已连接
[2026-03-10 02:36:34] ✅ VPN 已连接
[2026-03-10 02:37:34] ✅ VPN 已连接
[2026-03-10 02:38:34] ✅ VPN 已连接
[2026-03-10 02:39:34] ✅ VPN 已连接
[2026-03-10 02:40:34] ✅ VPN 已连接
[2026-03-10 02:41:34] ✅ VPN 已连接
[2026-03-10 02:42:34] ✅ VPN 已连接
[2026-03-10 02:43:34] ✅ VPN 已连接
[2026-03-10 02:44:34] ✅ VPN 已连接
[2026-03-10 02:45:34] ✅ VPN 已连接
[2026-03-10 02:46:34] ✅ VPN 已连接
[2026-03-10 02:47:34] ✅ VPN 已连接
[2026-03-10 02:48:34] ✅ VPN 已连接
[2026-03-10 02:49:34] ✅ VPN 已连接
[2026-03-10 02:50:35] ✅ VPN 已连接
[2026-03-10 02:51:35] ✅ VPN 已连接
[2026-03-10 02:52:35] ✅ VPN 已连接
[2026-03-10 02:53:35] ✅ VPN 已连接
[2026-03-10 02:54:35] ✅ VPN 已连接
[2026-03-10 02:55:35] ✅ VPN 已连接
[2026-03-10 02:56:35] ✅ VPN 已连接
[2026-03-10 02:57:35] ✅ VPN 已连接
[2026-03-10 02:58:35] ✅ VPN 已连接
[2026-03-10 02:59:35] ✅ VPN 已连接
[2026-03-10 03:00:35] ✅ VPN 已连接
[2026-03-10 03:01:35] ✅ VPN 已连接
[2026-03-10 03:02:35] ✅ VPN 已连接
[2026-03-10 03:03:35] ✅ VPN 已连接
[2026-03-10 03:04:35] ✅ VPN 已连接
[2026-03-10 03:05:35] ✅ VPN 已连接
[2026-03-10 03:06:35] ✅ VPN 已连接
[2026-03-10 03:07:35] ✅ VPN 已连接
[2026-03-10 03:08:35] ✅ VPN 已连接
[2026-03-10 03:09:35] ✅ VPN 已连接
[2026-03-10 03:10:35] ✅ VPN 已连接
[2026-03-10 03:11:36] ✅ VPN 已连接
[2026-03-10 03:12:36] ✅ VPN 已连接
[2026-03-10 03:13:36] ✅ VPN 已连接
[2026-03-10 03:14:36] ✅ VPN 已连接
[2026-03-10 03:15:36] ✅ VPN 已连接
[2026-03-10 03:16:36] ✅ VPN 已连接
[2026-03-10 03:17:36] ✅ VPN 已连接
[2026-03-10 03:18:36] ✅ VPN 已连接
[2026-03-10 03:19:36] ✅ VPN 已连接
[2026-03-10 03:20:36] ✅ VPN 已连接
[2026-03-10 03:21:36] ✅ VPN 已连接
[2026-03-10 03:22:36] ✅ VPN 已连接
[2026-03-10 03:23:36] ✅ VPN 已连接
[2026-03-10 03:24:36] ✅ VPN 已连接
[2026-03-10 03:25:36] ✅ VPN 已连接
[2026-03-10 03:26:36] ✅ VPN 已连接
[2026-03-10 03:27:36] ✅ VPN 已连接
[2026-03-10 03:28:36] ✅ VPN 已连接
[2026-03-10 03:29:36] ✅ VPN 已连接
[2026-03-10 03:30:36] ✅ VPN 已连接
[2026-03-10 03:31:36] ✅ VPN 已连接
[2026-03-10 03:32:37] ✅ VPN 已连接
[2026-03-10 03:33:37] ✅ VPN 已连接
[2026-03-10 03:34:37] ✅ VPN 已连接
[2026-03-10 03:35:37] ✅ VPN 已连接
[2026-03-10 03:36:37] ✅ VPN 已连接
[2026-03-10 03:37:37] ✅ VPN 已连接
[2026-03-10 03:38:37] ✅ VPN 已连接
[2026-03-10 03:39:37] ✅ VPN 已连接
[2026-03-10 03:40:37] ✅ VPN 已连接
[2026-03-10 03:41:37] ✅ VPN 已连接
[2026-03-10 03:42:37] ✅ VPN 已连接
[2026-03-10 03:43:37] ✅ VPN 已连接
[2026-03-10 03:44:37] ✅ VPN 已连接
[2026-03-10 03:45:37] ✅ VPN 已连接
[2026-03-10 03:46:37] ✅ VPN 已连接
[2026-03-10 03:47:37] ✅ VPN 已连接
[2026-03-10 03:48:37] ✅ VPN 已连接
[2026-03-10 03:49:37] ✅ VPN 已连接
[2026-03-10 03:50:37] ✅ VPN 已连接
[2026-03-10 03:51:37] ✅ VPN 已连接
[2026-03-10 03:52:37] ✅ VPN 已连接
[2026-03-10 03:53:37] ✅ VPN 已连接
[2026-03-10 03:54:38] ✅ VPN 已连接
[2026-03-10 03:55:38] ✅ VPN 已连接
[2026-03-10 03:56:38] ✅ VPN 已连接
[2026-03-10 03:57:38] ✅ VPN 已连接
[2026-03-10 03:58:38] ✅ VPN 已连接
[2026-03-10 03:59:38] ✅ VPN 已连接
[2026-03-10 04:00:38] ✅ VPN 已连接
[2026-03-10 04:01:38] ✅ VPN 已连接
[2026-03-10 04:02:38] ✅ VPN 已连接
[2026-03-10 04:03:38] ✅ VPN 已连接
[2026-03-10 04:04:38] ✅ VPN 已连接
[2026-03-10 04:05:38] ✅ VPN 已连接
[2026-03-10 04:06:38] ✅ VPN 已连接
[2026-03-10 04:07:38] ✅ VPN 已连接
[2026-03-10 04:08:38] ✅ VPN 已连接
[2026-03-10 04:09:38] ✅ VPN 已连接
[2026-03-10 04:10:38] ✅ VPN 已连接
[2026-03-10 04:11:38] ✅ VPN 已连接
[2026-03-10 04:12:38] ✅ VPN 已连接
[2026-03-10 04:13:38] ✅ VPN 已连接
[2026-03-10 04:14:39] ✅ VPN 已连接
[2026-03-10 04:15:39] ✅ VPN 已连接
[2026-03-10 04:16:39] ✅ VPN 已连接
[2026-03-10 04:17:39] ✅ VPN 已连接
[2026-03-10 04:18:39] ✅ VPN 已连接
[2026-03-10 04:19:39] ✅ VPN 已连接
[2026-03-10 04:20:39] ✅ VPN 已连接
[2026-03-10 04:21:39] ✅ VPN 已连接
[2026-03-10 04:22:39] ✅ VPN 已连接
[2026-03-10 04:23:39] ✅ VPN 已连接
[2026-03-10 04:24:39] ✅ VPN 已连接
[2026-03-10 04:25:39] ✅ VPN 已连接
[2026-03-10 04:26:39] ✅ VPN 已连接
[2026-03-10 04:27:39] ✅ VPN 已连接
[2026-03-10 04:28:39] ✅ VPN 已连接
[2026-03-10 04:29:39] ✅ VPN 已连接
[2026-03-10 04:30:39] ✅ VPN 已连接
[2026-03-10 04:31:39] ✅ VPN 已连接
[2026-03-10 04:32:39] ✅ VPN 已连接
[2026-03-10 04:33:39] ✅ VPN 已连接
[2026-03-10 04:34:39] ✅ VPN 已连接
[2026-03-10 04:35:39] ✅ VPN 已连接
[2026-03-10 04:36:40] ✅ VPN 已连接
[2026-03-10 04:37:40] ✅ VPN 已连接
[2026-03-10 04:38:40] ✅ VPN 已连接
[2026-03-10 04:39:40] ✅ VPN 已连接
[2026-03-10 04:40:40] ❌ VPN 未连接，触发重连...
[2026-03-10 04:40:40] ========== VPN 重连开始 ==========
[2026-03-10 04:40:40] 尝试 1/3...
[2026-03-10 04:40:40] 启动 FortiClient GUI...
[2026-03-10 04:40:40] FortiClient 已在运行，先关闭...
[2026-03-10 04:40:45] ❌ FortiClient GUI 启动失败
[2026-03-10 04:40:45] 重试 1 失败：无法启动 FortiClient
[2026-03-10 04:40:55] 尝试 2/3...
[2026-03-10 04:40:55] 启动 FortiClient GUI...
[2026-03-10 04:40:58] ❌ FortiClient GUI 启动失败
[2026-03-10 04:40:58] 重试 2 失败：无法启动 FortiClient
[2026-03-10 04:41:08] 尝试 3/3...
[2026-03-10 04:41:08] 启动 FortiClient GUI...
[2026-03-10 04:41:11] ❌ FortiClient GUI 启动失败
[2026-03-10 04:41:11] 重试 3 失败：无法启动 FortiClient
[2026-03-10 04:41:21] ❌ VPN 重连失败（已尝试 3 次）
[2026-03-10 04:41:21] ========== VPN 重连失败 ==========
[2026-03-10 04:42:21] ❌ VPN 未连接，触发重连...
[2026-03-10 04:42:21] ========== VPN 重连开始 ==========
[2026-03-10 04:42:21] 尝试 1/3...
[2026-03-10 04:42:21] 启动 FortiClient GUI...
[2026-03-10 04:42:21] FortiClient 已在运行，先关闭...
[2026-03-10 04:42:26] ❌ FortiClient GUI 启动失败
[2026-03-10 04:42:26] 重试 1 失败：无法启动 FortiClient
[2026-03-10 04:42:36] 尝试 2/3...
[2026-03-10 04:42:36] 启动 FortiClient GUI...
[2026-03-10 04:42:39] ❌ FortiClient GUI 启动失败
[2026-03-10 04:42:39] 重试 2 失败：无法启动 FortiClient
[2026-03-10 04:42:49] 尝试 3/3...
[2026-03-10 04:42:49] 启动 FortiClient GUI...
[2026-03-10 04:42:52] ❌ FortiClient GUI 启动失败
[2026-03-10 04:42:52] 重试 3 失败：无法启动 FortiClient
[2026-03-10 04:43:02] ❌ VPN 重连失败（已尝试 3 次）
[2026-03-10 04:43:02] ========== VPN 重连失败 ==========
[2026-03-10 04:44:02] ❌ VPN 未连接，触发重连...
[2026-03-10 04:44:02] ========== VPN 重连开始 ==========
[2026-03-10 04:44:02] 尝试 1/3...
[2026-03-10 04:44:02] 启动 FortiClient GUI...
[2026-03-10 04:44:05] ❌ FortiClient GUI 启动失败
[2026-03-10 04:44:05] 重试 1 失败：无法启动 FortiClient
[2026-03-10 04:44:15] 尝试 2/3...
[2026-03-10 04:44:15] 启动 FortiClient GUI...
[2026-03-10 04:44:18] ❌ FortiClient GUI 启动失败
[2026-03-10 04:44:18] 重试 2 失败：无法启动 FortiClient
[2026-03-10 04:44:28] 尝试 3/3...
[2026-03-10 04:44:28] 启动 FortiClient GUI...
[2026-03-10 04:44:31] ❌ FortiClient GUI 启动失败
[2026-03-10 04:44:31] 重试 3 失败：无法启动 FortiClient
[2026-03-10 04:44:41] ❌ VPN 重连失败（已尝试 3 次）
[2026-03-10 04:44:41] ========== VPN 重连失败 ==========
[2026-03-10 04:45:41] ✅ VPN 已连接
[2026-03-10 04:46:41] ✅ VPN 已连接
[2026-03-10 04:47:41] ✅ VPN 已连接
[2026-03-10 04:48:41] ✅ VPN 已连接
[2026-03-10 04:49:41] ✅ VPN 已连接
[2026-03-10 04:50:42] ✅ VPN 已连接
[2026-03-10 04:51:42] ✅ VPN 已连接
[2026-03-10 04:52:42] ✅ VPN 已连接
[2026-03-10 04:53:42] ✅ VPN 已连接
[2026-03-10 04:54:42] ✅ VPN 已连接
[2026-03-10 04:55:42] ✅ VPN 已连接
[2026-03-10 04:56:42] ✅ VPN 已连接
[2026-03-10 04:57:42] ✅ VPN 已连接
[2026-03-10 04:58:42] ✅ VPN 已连接
[2026-03-10 04:59:42] ✅ VPN 已连接
[2026-03-10 05:00:42] ✅ VPN 已连接
[2026-03-10 05:01:42] ✅ VPN 已连接
[2026-03-10 05:02:42] ✅ VPN 已连接
[2026-03-10 05:03:42] ✅ VPN 已连接
[2026-03-10 05:04:42] ✅ VPN 已连接
[2026-03-10 05:05:42] ✅ VPN 已连接
[2026-03-10 05:06:42] ✅ VPN 已连接
[2026-03-10 05:07:42] ✅ VPN 已连接
[2026-03-10 05:08:42] ✅ VPN 已连接
[2026-03-10 05:09:42] ✅ VPN 已连接
[2026-03-10 05:10:42] ✅ VPN 已连接
[2026-03-10 05:11:43] ✅ VPN 已连接
[2026-03-10 05:12:43] ✅ VPN 已连接
[2026-03-10 05:13:43] ✅ VPN 已连接
[2026-03-10 05:14:43] ✅ VPN 已连接
[2026-03-10 05:15:43] ✅ VPN 已连接
[2026-03-10 05:16:43] ✅ VPN 已连接
[2026-03-10 05:17:43] ✅ VPN 已连接
[2026-03-10 05:18:43] ✅ VPN 已连接
[2026-03-10 05:19:43] ✅ VPN 已连接
[2026-03-10 05:20:43] ✅ VPN 已连接
[2026-03-10 05:21:43] ✅ VPN 已连接
[2026-03-10 05:22:43] ✅ VPN 已连接
[2026-03-10 05:23:43] ✅ VPN 已连接
[2026-03-10 05:24:43] ✅ VPN 已连接
[2026-03-10 05:25:43] ✅ VPN 已连接
[2026-03-10 05:26:43] ✅ VPN 已连接
[2026-03-10 05:27:43] ✅ VPN 已连接
[2026-03-10 05:28:43] ✅ VPN 已连接
[2026-03-10 05:29:43] ✅ VPN 已连接
[2026-03-10 05:30:43] ✅ VPN 已连接
[2026-03-10 05:31:44] ✅ VPN 已连接
[2026-03-10 05:32:44] ✅ VPN 已连接
[2026-03-10 05:33:44] ✅ VPN 已连接
[2026-03-10 05:34:44] ✅ VPN 已连接
[2026-03-10 05:35:44] ✅ VPN 已连接
[2026-03-10 05:36:44] ✅ VPN 已连接
[2026-03-10 05:37:44] ✅ VPN 已连接
[2026-03-10 05:38:44] ✅ VPN 已连接
[2026-03-10 05:39:44] ✅ VPN 已连接
[2026-03-10 05:40:44] ✅ VPN 已连接
[2026-03-10 05:41:44] ✅ VPN 已连接
[2026-03-10 05:42:44] ✅ VPN 已连接
[2026-03-10 05:43:44] ✅ VPN 已连接
[2026-03-10 05:44:44] ✅ VPN 已连接
[2026-03-10 05:45:44] ✅ VPN 已连接
[2026-03-10 05:46:44] ✅ VPN 已连接
[2026-03-10 05:47:44] ✅ VPN 已连接
[2026-03-10 05:48:44] ✅ VPN 已连接
[2026-03-10 05:49:44] ✅ VPN 已连接
[2026-03-10 05:50:44] ✅ VPN 已连接
[2026-03-10 05:51:44] ✅ VPN 已连接
[2026-03-10 05:52:44] ✅ VPN 已连接
[2026-03-10 05:53:45] ✅ VPN 已连接
[2026-03-10 05:54:45] ✅ VPN 已连接
[2026-03-10 05:55:45] ✅ VPN 已连接
[2026-03-10 05:56:45] ✅ VPN 已连接
[2026-03-10 05:57:45] ✅ VPN 已连接
[2026-03-10 05:58:45] ✅ VPN 已连接
[2026-03-10 05:59:45] ✅ VPN 已连接
[2026-03-10 06:00:45] ✅ VPN 已连接
[2026-03-10 06:01:45] ✅ VPN 已连接
[2026-03-10 06:02:45] ✅ VPN 已连接
[2026-03-10 06:03:45] ✅ VPN 已连接
[2026-03-10 06:04:45] ✅ VPN 已连接
[2026-03-10 06:05:45] ✅ VPN 已连接
[2026-03-10 06:06:45] ✅ VPN 已连接
[2026-03-10 06:07:45] ✅ VPN 已连接
[2026-03-10 06:08:45] ✅ VPN 已连接
[2026-03-10 06:09:45] ✅ VPN 已连接
[2026-03-10 06:10:45] ✅ VPN 已连接
[2026-03-10 06:11:45] ✅ VPN 已连接
[2026-03-10 06:12:45] ✅ VPN 已连接
[2026-03-10 06:13:46] ✅ VPN 已连接
[2026-03-10 06:14:46] ✅ VPN 已连接
[2026-03-10 06:15:46] ✅ VPN 已连接
[2026-03-10 06:16:46] ✅ VPN 已连接
[2026-03-10 06:17:46] ✅ VPN 已连接
[2026-03-10 06:18:46] ✅ VPN 已连接
[2026-03-10 06:19:46] ✅ VPN 已连接
[2026-03-10 06:20:46] ✅ VPN 已连接
[2026-03-10 06:21:46] ✅ VPN 已连接
[2026-03-10 06:22:46] ✅ VPN 已连接
[2026-03-10 06:23:46] ✅ VPN 已连接
[2026-03-10 06:24:46] ✅ VPN 已连接
[2026-03-10 06:25:46] ✅ VPN 已连接
[2026-03-10 06:26:46] ✅ VPN 已连接
[2026-03-10 06:27:46] ✅ VPN 已连接
[2026-03-10 06:28:46] ✅ VPN 已连接
[2026-03-10 06:29:46] ✅ VPN 已连接
[2026-03-10 06:30:46] ✅ VPN 已连接
[2026-03-10 06:31:46] ✅ VPN 已连接
[2026-03-10 06:32:46] ✅ VPN 已连接
[2026-03-10 06:33:46] ✅ VPN 已连接
[2026-03-10 06:34:47] ✅ VPN 已连接
[2026-03-10 06:35:47] ✅ VPN 已连接
[2026-03-10 06:36:47] ✅ VPN 已连接
[2026-03-10 06:37:47] ✅ VPN 已连接
[2026-03-10 06:38:47] ✅ VPN 已连接
[2026-03-10 06:39:47] ✅ VPN 已连接
[2026-03-10 06:40:47] ✅ VPN 已连接
[2026-03-10 06:41:47] ✅ VPN 已连接
[2026-03-10 06:42:47] ✅ VPN 已连接
[2026-03-10 06:43:47] ✅ VPN 已连接
[2026-03-10 06:44:47] ✅ VPN 已连接
[2026-03-10 06:45:47] ✅ VPN 已连接
[2026-03-10 06:46:47] ✅ VPN 已连接
[2026-03-10 06:47:47] ✅ VPN 已连接
[2026-03-10 06:48:47] ✅ VPN 已连接
[2026-03-10 06:49:47] ✅ VPN 已连接
[2026-03-10 06:50:47] ✅ VPN 已连接
[2026-03-10 06:51:47] ✅ VPN 已连接
[2026-03-10 06:52:47] ✅ VPN 已连接
[2026-03-10 06:53:47] ✅ VPN 已连接
[2026-03-10 06:54:47] ✅ VPN 已连接
[2026-03-10 06:55:48] ✅ VPN 已连接
[2026-03-10 06:56:48] ✅ VPN 已连接
[2026-03-10 06:57:48] ✅ VPN 已连接
[2026-03-10 06:58:48] ✅ VPN 已连接
[2026-03-10 06:59:48] ✅ VPN 已连接
[2026-03-10 07:00:48] ✅ VPN 已连接
[2026-03-10 07:01:48] ✅ VPN 已连接
[2026-03-10 07:02:48] ✅ VPN 已连接
[2026-03-10 07:03:48] ✅ VPN 已连接
[2026-03-10 07:04:48] ✅ VPN 已连接
[2026-03-10 07:05:48] ✅ VPN 已连接
[2026-03-10 07:06:48] ✅ VPN 已连接
[2026-03-10 07:07:48] ✅ VPN 已连接
[2026-03-10 07:08:48] ✅ VPN 已连接
[2026-03-10 07:09:48] ✅ VPN 已连接
[2026-03-10 07:10:48] ✅ VPN 已连接
[2026-03-10 07:11:48] ✅ VPN 已连接
[2026-03-10 07:12:48] ✅ VPN 已连接
[2026-03-10 07:13:48] ✅ VPN 已连接
[2026-03-10 07:14:48] ✅ VPN 已连接
[2026-03-10 07:15:48] ✅ VPN 已连接
[2026-03-10 07:16:48] ✅ VPN 已连接
[2026-03-10 07:17:49] ✅ VPN 已连接
[2026-03-10 07:18:49] ✅ VPN 已连接
[2026-03-10 07:19:49] ✅ VPN 已连接
[2026-03-10 07:20:49] ✅ VPN 已连接
[2026-03-10 07:21:49] ✅ VPN 已连接
[2026-03-10 07:22:49] ✅ VPN 已连接
[2026-03-10 07:23:49] ✅ VPN 已连接
[2026-03-10 07:24:49] ✅ VPN 已连接
[2026-03-10 07:25:49] ✅ VPN 已连接
[2026-03-10 07:26:49] ✅ VPN 已连接
[2026-03-10 07:27:49] ✅ VPN 已连接
[2026-03-10 07:28:49] ✅ VPN 已连接
[2026-03-10 07:29:49] ✅ VPN 已连接
[2026-03-10 07:30:49] ✅ VPN 已连接
[2026-03-10 07:31:49] ✅ VPN 已连接
[2026-03-10 07:32:49] ✅ VPN 已连接
[2026-03-10 07:33:49] ✅ VPN 已连接
[2026-03-10 07:34:49] ✅ VPN 已连接
[2026-03-10 07:35:49] ✅ VPN 已连接
[2026-03-10 07:36:49] ✅ VPN 已连接
[2026-03-10 07:37:49] ✅ VPN 已连接
[2026-03-10 07:38:50] ✅ VPN 已连接
[2026-03-10 07:39:50] ✅ VPN 已连接
[2026-03-10 07:40:50] ✅ VPN 已连接
[2026-03-10 07:41:50] ✅ VPN 已连接
[2026-03-10 07:42:50] ✅ VPN 已连接
[2026-03-10 07:43:50] ✅ VPN 已连接
[2026-03-10 07:44:50] ✅ VPN 已连接
[2026-03-10 07:45:50] ✅ VPN 已连接
[2026-03-10 07:46:50] ✅ VPN 已连接
[2026-03-10 07:47:50] ✅ VPN 已连接
[2026-03-10 07:48:50] ✅ VPN 已连接
[2026-03-10 07:49:50] ✅ VPN 已连接
[2026-03-10 07:50:50] ✅ VPN 已连接
[2026-03-10 07:51:50] ✅ VPN 已连接
[2026-03-10 07:52:50] ✅ VPN 已连接
[2026-03-10 07:53:50] ✅ VPN 已连接
[2026-03-10 07:54:50] ✅ VPN 已连接
[2026-03-10 07:55:50] ✅ VPN 已连接
[2026-03-10 07:56:50] ✅ VPN 已连接
[2026-03-10 07:57:50] ✅ VPN 已连接
[2026-03-10 07:58:50] ✅ VPN 已连接
[2026-03-10 07:59:51] ✅ VPN 已连接
[2026-03-10 08:00:51] ✅ VPN 已连接
[2026-03-10 08:01:51] ✅ VPN 已连接
[2026-03-10 08:02:51] ✅ VPN 已连接
[2026-03-10 08:03:51] ✅ VPN 已连接
[2026-03-10 08:04:51] ✅ VPN 已连接
[2026-03-10 08:05:51] ✅ VPN 已连接
[2026-03-10 08:06:51] ✅ VPN 已连接
[2026-03-10 08:07:51] ✅ VPN 已连接
[2026-03-10 08:08:51] ✅ VPN 已连接
[2026-03-10 08:09:51] ✅ VPN 已连接
[2026-03-10 08:10:51] ✅ VPN 已连接
[2026-03-10 08:11:51] ✅ VPN 已连接
[2026-03-10 08:12:51] ✅ VPN 已连接
[2026-03-10 08:13:51] ✅ VPN 已连接
[2026-03-10 08:14:51] ✅ VPN 已连接
[2026-03-10 08:15:51] ✅ VPN 已连接
[2026-03-10 08:16:51] ✅ VPN 已连接
[2026-03-10 08:17:51] ✅ VPN 已连接
[2026-03-10 08:18:51] ✅ VPN 已连接
[2026-03-10 08:19:51] ✅ VPN 已连接
[2026-03-10 08:20:52] ✅ VPN 已连接
[2026-03-10 08:21:52] ✅ VPN 已连接
[2026-03-10 08:22:52] ✅ VPN 已连接
[2026-03-10 08:23:52] ✅ VPN 已连接
[2026-03-10 08:24:52] ✅ VPN 已连接
[2026-03-10 08:25:52] ✅ VPN 已连接
[2026-03-10 08:26:52] ✅ VPN 已连接
[2026-03-10 08:27:52] ✅ VPN 已连接
[2026-03-10 08:28:52] ✅ VPN 已连接
[2026-03-10 08:29:52] ✅ VPN 已连接
[2026-03-10 08:30:52] ✅ VPN 已连接
[2026-03-10 08:31:52] ✅ VPN 已连接
[2026-03-10 08:32:52] ✅ VPN 已连接
[2026-03-10 08:33:52] ✅ VPN 已连接
[2026-03-10 08:34:52] ✅ VPN 已连接
[2026-03-10 08:35:52] ✅ VPN 已连接
[2026-03-10 08:36:52] ✅ VPN 已连接
[2026-03-10 08:37:52] ✅ VPN 已连接
[2026-03-10 08:38:52] ✅ VPN 已连接
[2026-03-10 08:39:52] ✅ VPN 已连接
[2026-03-10 08:40:52] ✅ VPN 已连接
[2026-03-10 08:41:53] ✅ VPN 已连接
[2026-03-10 08:42:53] ✅ VPN 已连接
[2026-03-10 08:43:53] ✅ VPN 已连接
[2026-03-10 08:44:53] ✅ VPN 已连接
[2026-03-10 08:45:53] ✅ VPN 已连接
[2026-03-10 08:46:53] ✅ VPN 已连接
[2026-03-10 08:47:53] ✅ VPN 已连接
[2026-03-10 08:48:53] ✅ VPN 已连接
[2026-03-10 08:49:53] ✅ VPN 已连接
[2026-03-10 08:50:53] ✅ VPN 已连接
[2026-03-10 08:51:53] ✅ VPN 已连接
[2026-03-10 08:52:53] ✅ VPN 已连接
[2026-03-10 08:53:53] ✅ VPN 已连接
[2026-03-10 08:54:53] ✅ VPN 已连接
[2026-03-10 08:55:53] ✅ VPN 已连接
[2026-03-10 08:56:53] ✅ VPN 已连接
[2026-03-10 08:57:53] ✅ VPN 已连接
[2026-03-10 08:58:53] ✅ VPN 已连接
[2026-03-10 08:59:53] ✅ VPN 已连接
[2026-03-10 09:00:53] ✅ VPN 已连接
[2026-03-10 09:01:53] ✅ VPN 已连接
[2026-03-10 09:02:54] ✅ VPN 已连接
[2026-03-10 09:03:54] ✅ VPN 已连接
[2026-03-10 09:04:54] ✅ VPN 已连接
[2026-03-10 09:05:54] ✅ VPN 已连接
[2026-03-10 09:06:54] ✅ VPN 已连接
[2026-03-10 09:07:54] ✅ VPN 已连接
[2026-03-10 09:08:54] ✅ VPN 已连接
[2026-03-10 09:09:54] ✅ VPN 已连接
[2026-03-10 09:10:54] ✅ VPN 已连接
[2026-03-10 09:11:54] ✅ VPN 已连接
[2026-03-10 09:12:54] ✅ VPN 已连接
[2026-03-10 09:13:54] ✅ VPN 已连接
[2026-03-10 09:14:54] ✅ VPN 已连接
[2026-03-10 09:15:54] ✅ VPN 已连接
[2026-03-10 09:16:54] ✅ VPN 已连接
[2026-03-10 09:17:54] ✅ VPN 已连接
[2026-03-10 09:18:54] ✅ VPN 已连接
[2026-03-10 09:19:54] ✅ VPN 已连接
[2026-03-10 09:20:54] ✅ VPN 已连接
[2026-03-10 09:21:54] ✅ VPN 已连接
[2026-03-10 09:22:54] ✅ VPN 已连接
[2026-03-10 09:23:55] ✅ VPN 已连接
[2026-03-10 09:24:55] ✅ VPN 已连接
[2026-03-10 09:25:55] ✅ VPN 已连接
[2026-03-10 09:26:55] ✅ VPN 已连接
[2026-03-10 09:27:55] ✅ VPN 已连接
[2026-03-10 09:28:55] ✅ VPN 已连接
[2026-03-10 09:29:55] ✅ VPN 已连接
[2026-03-10 09:30:55] ✅ VPN 已连接
[2026-03-10 09:31:55] ✅ VPN 已连接
[2026-03-10 09:32:55] ✅ VPN 已连接
[2026-03-10 09:33:55] ✅ VPN 已连接
[2026-03-10 09:34:55] ✅ VPN 已连接
[2026-03-10 09:35:55] ✅ VPN 已连接
[2026-03-10 09:36:55] ✅ VPN 已连接
[2026-03-10 09:37:55] ✅ VPN 已连接
[2026-03-10 09:38:55] ✅ VPN 已连接
[2026-03-10 09:39:55] ✅ VPN 已连接
[2026-03-10 09:40:55] ✅ VPN 已连接
[2026-03-10 09:41:55] ✅ VPN 已连接
[2026-03-10 09:42:55] ✅ VPN 已连接
[2026-03-10 09:43:55] ✅ VPN 已连接
[2026-03-10 09:44:56] ✅ VPN 已连接
[2026-03-10 09:45:56] ✅ VPN 已连接
[2026-03-10 09:46:56] ✅ VPN 已连接
[2026-03-10 09:47:56] ✅ VPN 已连接
[2026-03-10 09:48:56] ✅ VPN 已连接
[2026-03-10 09:49:56] ✅ VPN 已连接
[2026-03-10 09:50:56] ✅ VPN 已连接
[2026-03-10 09:51:56] ✅ VPN 已连接
[2026-03-10 09:52:56] ✅ VPN 已连接
[2026-03-10 09:53:56] ✅ VPN 已连接
[2026-03-10 09:54:56] ✅ VPN 已连接
[2026-03-10 09:55:56] ✅ VPN 已连接
[2026-03-10 09:56:56] ✅ VPN 已连接
[2026-03-10 09:57:56] ✅ VPN 已连接
[2026-03-10 09:58:56] ✅ VPN 已连接
[2026-03-10 09:59:56] ✅ VPN 已连接
[2026-03-10 10:00:56] ✅ VPN 已连接
[2026-03-10 10:01:56] ✅ VPN 已连接
[2026-03-10 10:02:56] ✅ VPN 已连接
[2026-03-10 10:03:56] ✅ VPN 已连接
[2026-03-10 10:04:56] ✅ VPN 已连接
[2026-03-10 10:05:57] ✅ VPN 已连接
[2026-03-10 10:06:57] ✅ VPN 已连接
[2026-03-10 10:07:57] ✅ VPN 已连接
[2026-03-10 10:08:57] ✅ VPN 已连接
[2026-03-10 10:09:57] ✅ VPN 已连接
[2026-03-10 10:10:57] ✅ VPN 已连接
[2026-03-10 10:11:57] ✅ VPN 已连接
[2026-03-10 10:12:57] ✅ VPN 已连接
[2026-03-10 10:13:57] ✅ VPN 已连接
[2026-03-10 10:14:57] ✅ VPN 已连接
[2026-03-10 10:15:57] ✅ VPN 已连接
[2026-03-10 10:16:57] ✅ VPN 已连接
[2026-03-10 10:17:57] ✅ VPN 已连接
[2026-03-10 10:18:57] ✅ VPN 已连接
[2026-03-10 10:19:57] ✅ VPN 已连接
[2026-03-10 10:20:57] ✅ VPN 已连接
[2026-03-10 10:21:57] ✅ VPN 已连接
[2026-03-10 10:22:57] ✅ VPN 已连接
[2026-03-10 10:23:57] ✅ VPN 已连接
[2026-03-10 10:24:57] ✅ VPN 已连接
[2026-03-10 10:25:57] ✅ VPN 已连接
[2026-03-10 10:26:57] ✅ VPN 已连接
[2026-03-10 10:27:58] ✅ VPN 已连接
[2026-03-10 10:28:58] ✅ VPN 已连接
[2026-03-10 10:29:58] ✅ VPN 已连接
[2026-03-10 10:30:58] ✅ VPN 已连接
[2026-03-10 10:31:58] ✅ VPN 已连接
[2026-03-10 10:32:58] ✅ VPN 已连接
[2026-03-10 10:33:58] ✅ VPN 已连接
[2026-03-10 10:34:58] ✅ VPN 已连接
[2026-03-10 10:35:58] ✅ VPN 已连接
[2026-03-10 10:36:58] ✅ VPN 已连接
[2026-03-10 10:37:58] ✅ VPN 已连接
[2026-03-10 10:38:58] ✅ VPN 已连接
[2026-03-10 10:39:58] ✅ VPN 已连接
[2026-03-10 10:40:58] ✅ VPN 已连接
[2026-03-10 10:41:58] ✅ VPN 已连接
[2026-03-10 10:42:58] ✅ VPN 已连接
[2026-03-10 10:43:58] ✅ VPN 已连接
[2026-03-10 10:44:58] ✅ VPN 已连接
[2026-03-10 10:45:58] ✅ VPN 已连接
[2026-03-10 10:46:58] ✅ VPN 已连接
[2026-03-10 10:47:58] ✅ VPN 已连接
[2026-03-10 10:48:59] ✅ VPN 已连接
[2026-03-10 10:49:59] ✅ VPN 已连接
[2026-03-10 10:50:59] ✅ VPN 已连接
[2026-03-10 10:51:59] ✅ VPN 已连接
[2026-03-10 10:52:59] ✅ VPN 已连接
[2026-03-10 10:53:59] ✅ VPN 已连接
[2026-03-10 10:54:59] ✅ VPN 已连接
[2026-03-10 10:55:59] ✅ VPN 已连接
[2026-03-10 10:56:59] ✅ VPN 已连接
[2026-03-10 10:57:59] ✅ VPN 已连接
[2026-03-10 10:58:59] ✅ VPN 已连接
[2026-03-10 10:59:59] ✅ VPN 已连接
[2026-03-10 11:00:59] ✅ VPN 已连接
[2026-03-10 11:01:59] ✅ VPN 已连接
[2026-03-10 11:02:59] ✅ VPN 已连接
[2026-03-10 11:03:59] ✅ VPN 已连接
[2026-03-10 11:04:59] ✅ VPN 已连接
[2026-03-10 11:05:59] ✅ VPN 已连接
[2026-03-10 11:06:59] ✅ VPN 已连接
[2026-03-10 11:07:59] ✅ VPN 已连接
[2026-03-10 11:08:59] ✅ VPN 已连接
[2026-03-10 11:10:00] ✅ VPN 已连接
[2026-03-10 11:11:00] ✅ VPN 已连接
[2026-03-10 11:12:00] ✅ VPN 已连接
[2026-03-10 11:13:00] ✅ VPN 已连接
[2026-03-10 11:14:00] ✅ VPN 已连接
[2026-03-10 11:15:00] ✅ VPN 已连接
[2026-03-10 11:16:00] ✅ VPN 已连接
[2026-03-10 11:17:00] ✅ VPN 已连接
[2026-03-10 11:18:00] ✅ VPN 已连接
[2026-03-10 11:19:00] ✅ VPN 已连接
[2026-03-10 11:20:00] ✅ VPN 已连接
[2026-03-10 11:21:00] ✅ VPN 已连接
[2026-03-10 11:22:00] ✅ VPN 已连接
[2026-03-10 11:23:00] ✅ VPN 已连接
[2026-03-10 11:24:00] ✅ VPN 已连接
[2026-03-10 11:25:00] ✅ VPN 已连接
[2026-03-10 11:26:00] ✅ VPN 已连接
[2026-03-10 11:27:00] ✅ VPN 已连接
[2026-03-10 11:28:00] ✅ VPN 已连接
[2026-03-10 11:29:00] ✅ VPN 已连接
[2026-03-10 11:30:00] ✅ VPN 已连接
[2026-03-10 11:31:00] ✅ VPN 已连接
[2026-03-10 11:32:01] ✅ VPN 已连接
[2026-03-10 11:33:01] ✅ VPN 已连接
[2026-03-10 11:34:01] ✅ VPN 已连接
[2026-03-10 11:35:01] ✅ VPN 已连接
[2026-03-10 11:36:01] ✅ VPN 已连接
[2026-03-10 11:37:01] ✅ VPN 已连接
[2026-03-10 11:38:01] ✅ VPN 已连接
[2026-03-10 11:39:01] ✅ VPN 已连接
[2026-03-10 11:40:01] ✅ VPN 已连接
[2026-03-10 11:41:01] ✅ VPN 已连接
[2026-03-10 11:42:01] ✅ VPN 已连接
[2026-03-10 11:43:01] ✅ VPN 已连接
[2026-03-10 11:44:01] ✅ VPN 已连接
[2026-03-10 11:45:01] ✅ VPN 已连接
[2026-03-10 11:46:01] ✅ VPN 已连接
[2026-03-10 11:47:01] ✅ VPN 已连接
[2026-03-10 11:48:01] ✅ VPN 已连接
[2026-03-10 11:49:01] ✅ VPN 已连接
[2026-03-10 11:50:01] ✅ VPN 已连接
[2026-03-10 11:51:01] ✅ VPN 已连接
[2026-03-10 11:52:02] ✅ VPN 已连接
[2026-03-10 11:53:02] ✅ VPN 已连接
[2026-03-10 11:54:02] ✅ VPN 已连接
[2026-03-10 11:55:02] ✅ VPN 已连接
[2026-03-10 11:56:02] ✅ VPN 已连接
[2026-03-10 11:57:02] ✅ VPN 已连接
[2026-03-10 11:58:02] ✅ VPN 已连接
[2026-03-10 11:59:02] ✅ VPN 已连接
[2026-03-10 12:00:02] ✅ VPN 已连接
[2026-03-10 12:01:02] ✅ VPN 已连接
[2026-03-10 12:02:02] ✅ VPN 已连接
[2026-03-10 12:03:02] ✅ VPN 已连接
[2026-03-10 12:04:02] ✅ VPN 已连接
[2026-03-10 12:05:02] ✅ VPN 已连接
[2026-03-10 12:06:02] ✅ VPN 已连接
[2026-03-10 12:07:02] ✅ VPN 已连接
[2026-03-10 12:08:02] ✅ VPN 已连接
[2026-03-10 12:09:02] ✅ VPN 已连接
[2026-03-10 12:10:02] ✅ VPN 已连接
[2026-03-10 12:11:02] ✅ VPN 已连接
[2026-03-10 12:12:02] ✅ VPN 已连接
[2026-03-10 12:13:03] ✅ VPN 已连接
[2026-03-10 12:14:03] ✅ VPN 已连接
[2026-03-10 12:15:03] ✅ VPN 已连接
[2026-03-10 12:16:03] ✅ VPN 已连接
[2026-03-10 12:17:03] ✅ VPN 已连接
[2026-03-10 12:18:03] ✅ VPN 已连接
[2026-03-10 12:19:03] ✅ VPN 已连接
[2026-03-10 12:20:03] ✅ VPN 已连接
[2026-03-10 12:21:03] ✅ VPN 已连接
[2026-03-10 12:22:03] ✅ VPN 已连接
[2026-03-10 12:23:03] ✅ VPN 已连接
[2026-03-10 12:24:03] ✅ VPN 已连接
[2026-03-10 12:25:03] ✅ VPN 已连接
[2026-03-10 12:26:03] ✅ VPN 已连接
[2026-03-10 12:27:03] ✅ VPN 已连接
[2026-03-10 12:28:03] ✅ VPN 已连接
[2026-03-10 12:29:03] ✅ VPN 已连接
[2026-03-10 12:30:03] ✅ VPN 已连接
[2026-03-10 12:31:03] ✅ VPN 已连接
[2026-03-10 12:32:03] ✅ VPN 已连接
[2026-03-10 12:33:03] ✅ VPN 已连接
[2026-03-10 12:34:04] ✅ VPN 已连接
[2026-03-10 12:35:04] ✅ VPN 已连接
[2026-03-10 12:36:04] ✅ VPN 已连接
[2026-03-10 12:37:04] ✅ VPN 已连接
[2026-03-10 12:38:04] ✅ VPN 已连接
[2026-03-10 12:39:04] ✅ VPN 已连接
[2026-03-10 12:40:04] ✅ VPN 已连接
[2026-03-10 12:41:04] ✅ VPN 已连接
[2026-03-10 12:42:04] ✅ VPN 已连接
[2026-03-10 12:43:04] ✅ VPN 已连接
[2026-03-10 12:44:04] ✅ VPN 已连接
[2026-03-10 12:45:04] ❌ VPN 未连接，触发重连...
[2026-03-10 12:45:04] ========== VPN 重连开始 ==========
[2026-03-10 12:45:04] 尝试 1/3...
[2026-03-10 12:45:04] 启动 FortiClient GUI...
[2026-03-10 12:45:07] ❌ FortiClient GUI 启动失败
[2026-03-10 12:45:07] 重试 1 失败：无法启动 FortiClient
[2026-03-10 12:45:17] 尝试 2/3...
[2026-03-10 12:45:17] 启动 FortiClient GUI...
[2026-03-10 12:45:20] ❌ FortiClient GUI 启动失败
[2026-03-10 12:45:20] 重试 2 失败：无法启动 FortiClient
[2026-03-10 12:45:30] 尝试 3/3...
[2026-03-10 12:45:30] 启动 FortiClient GUI...
[2026-03-10 12:45:33] ✅ FortiClient GUI 已启动
[2026-03-10 12:45:33] 触发 VPN 连接（Playwright 自动化）...
[2026-03-10 12:46:19] 重试 3 失败：自动登录失败
[2026-03-10 12:46:29] ❌ VPN 重连失败（已尝试 3 次）
[2026-03-10 12:46:29] ========== VPN 重连失败 ==========
[2026-03-10 12:47:29] ❌ VPN 未连接，触发重连...
[2026-03-10 12:47:29] ========== VPN 重连开始 ==========
[2026-03-10 12:47:29] 尝试 1/3...
[2026-03-10 12:47:29] 启动 FortiClient GUI...
[2026-03-10 12:47:29] FortiClient 已在运行，先关闭...
[2026-03-10 12:47:34] ❌ FortiClient GUI 启动失败
[2026-03-10 12:47:34] 重试 1 失败：无法启动 FortiClient
[2026-03-10 12:47:44] 尝试 2/3...
[2026-03-10 12:47:44] 启动 FortiClient GUI...
[2026-03-10 12:47:47] ❌ FortiClient GUI 启动失败
[2026-03-10 12:47:47] 重试 2 失败：无法启动 FortiClient
[2026-03-10 12:47:57] 尝试 3/3...
[2026-03-10 12:47:57] 启动 FortiClient GUI...
[2026-03-10 12:48:00] ❌ FortiClient GUI 启动失败
[2026-03-10 12:48:00] 重试 3 失败：无法启动 FortiClient
[2026-03-10 12:48:10] ❌ VPN 重连失败（已尝试 3 次）
[2026-03-10 12:48:10] ========== VPN 重连失败 ==========
[2026-03-10 12:49:10] ❌ VPN 未连接，触发重连...
[2026-03-10 12:49:10] ========== VPN 重连开始 ==========
[2026-03-10 12:49:10] 尝试 1/3...
[2026-03-10 12:49:10] 启动 FortiClient GUI...
[2026-03-10 12:49:13] ❌ FortiClient GUI 启动失败
[2026-03-10 12:49:13] 重试 1 失败：无法启动 FortiClient
[2026-03-10 12:49:23] 尝试 2/3...
[2026-03-10 12:49:23] 启动 FortiClient GUI...
[2026-03-10 12:49:26] ❌ FortiClient GUI 启动失败
[2026-03-10 12:49:26] 重试 2 失败：无法启动 FortiClient
[2026-03-10 12:49:36] 尝试 3/3...
[2026-03-10 12:49:36] 启动 FortiClient GUI...
[2026-03-10 12:49:39] ❌ FortiClient GUI 启动失败
[2026-03-10 12:49:39] 重试 3 失败：无法启动 FortiClient
[2026-03-10 12:49:49] ❌ VPN 重连失败（已尝试 3 次）
[2026-03-10 12:49:49] ========== VPN 重连失败 ==========
[2026-03-10 12:50:49] ✅ VPN 已连接
[2026-03-10 12:51:49] ✅ VPN 已连接
[2026-03-10 12:52:49] ✅ VPN 已连接
[2026-03-10 12:53:49] ✅ VPN 已连接
[2026-03-10 12:54:49] ✅ VPN 已连接
[2026-03-10 12:55:49] ✅ VPN 已连接
[2026-03-10 12:56:49] ✅ VPN 已连接
[2026-03-10 12:57:49] ✅ VPN 已连接
[2026-03-10 12:58:50] ✅ VPN 已连接
[2026-03-10 12:59:50] ✅ VPN 已连接
[2026-03-10 13:00:50] ✅ VPN 已连接
[2026-03-10 13:01:50] ✅ VPN 已连接
[2026-03-10 13:02:50] ✅ VPN 已连接
[2026-03-10 13:03:50] ✅ VPN 已连接
[2026-03-10 13:04:50] ✅ VPN 已连接
[2026-03-10 13:05:50] ✅ VPN 已连接
[2026-03-10 13:06:50] ✅ VPN 已连接
[2026-03-10 13:07:50] ✅ VPN 已连接
[2026-03-10 13:08:50] ✅ VPN 已连接
[2026-03-10 13:09:50] ✅ VPN 已连接
[2026-03-10 13:10:50] ✅ VPN 已连接
[2026-03-10 13:11:50] ✅ VPN 已连接
[2026-03-10 13:12:50] ✅ VPN 已连接
[2026-03-10 13:13:50] ✅ VPN 已连接
[2026-03-10 13:14:50] ✅ VPN 已连接
[2026-03-10 13:15:50] ✅ VPN 已连接
[2026-03-10 13:16:50] ✅ VPN 已连接
[2026-03-10 13:17:50] ✅ VPN 已连接
[2026-03-10 13:18:51] ✅ VPN 已连接
[2026-03-10 13:19:51] ✅ VPN 已连接
[2026-03-10 13:20:51] ✅ VPN 已连接
[2026-03-10 13:21:51] ✅ VPN 已连接
[2026-03-10 13:22:51] ✅ VPN 已连接
[2026-03-10 13:23:51] ✅ VPN 已连接
[2026-03-10 13:24:51] ✅ VPN 已连接
[2026-03-10 13:25:51] ✅ VPN 已连接
[2026-03-10 13:26:51] ✅ VPN 已连接
[2026-03-10 13:27:51] ✅ VPN 已连接
[2026-03-10 13:28:51] ✅ VPN 已连接
[2026-03-10 13:29:51] ✅ VPN 已连接
[2026-03-10 13:30:51] ✅ VPN 已连接
[2026-03-10 13:31:51] ✅ VPN 已连接
[2026-03-10 13:32:51] ✅ VPN 已连接
[2026-03-10 13:33:51] ✅ VPN 已连接
[2026-03-10 13:34:51] ✅ VPN 已连接
[2026-03-10 13:35:51] ✅ VPN 已连接
[2026-03-10 13:36:51] ✅ VPN 已连接
[2026-03-10 13:37:51] ✅ VPN 已连接
[2026-03-10 13:38:51] ✅ VPN 已连接
[2026-03-10 13:39:51] ✅ VPN 已连接
[2026-03-10 13:40:52] ✅ VPN 已连接
[2026-03-10 13:41:52] ✅ VPN 已连接
[2026-03-10 13:42:52] ✅ VPN 已连接
[2026-03-10 13:43:52] ✅ VPN 已连接
[2026-03-10 13:44:52] ✅ VPN 已连接
[2026-03-10 13:45:52] ✅ VPN 已连接
[2026-03-10 13:46:52] ✅ VPN 已连接
[2026-03-10 13:47:52] ✅ VPN 已连接
[2026-03-10 13:48:52] ✅ VPN 已连接
[2026-03-10 13:49:52] ✅ VPN 已连接
[2026-03-10 13:50:52] ✅ VPN 已连接
[2026-03-10 13:51:52] ✅ VPN 已连接
[2026-03-10 13:52:52] ✅ VPN 已连接
[2026-03-10 13:53:52] ✅ VPN 已连接
[2026-03-10 13:54:52] ✅ VPN 已连接
[2026-03-10 13:55:52] ✅ VPN 已连接
[2026-03-10 13:56:52] ✅ VPN 已连接
[2026-03-10 13:57:52] ✅ VPN 已连接
[2026-03-10 13:58:52] ✅ VPN 已连接
[2026-03-10 13:59:52] ✅ VPN 已连接
[2026-03-10 14:00:52] ✅ VPN 已连接
[2026-03-10 14:01:53] ✅ VPN 已连接
[2026-03-10 14:02:53] ✅ VPN 已连接
[2026-03-10 14:03:53] ✅ VPN 已连接
[2026-03-10 14:04:53] ✅ VPN 已连接
[2026-03-10 14:05:53] ✅ VPN 已连接
[2026-03-10 14:06:53] ✅ VPN 已连接
[2026-03-10 14:07:53] ✅ VPN 已连接
[2026-03-10 14:08:53] ✅ VPN 已连接
[2026-03-10 14:09:53] ✅ VPN 已连接
[2026-03-10 14:10:53] ✅ VPN 已连接
[2026-03-10 14:11:53] ✅ VPN 已连接
[2026-03-10 14:12:53] ✅ VPN 已连接
[2026-03-10 14:13:53] ✅ VPN 已连接
[2026-03-10 14:14:53] ✅ VPN 已连接
[2026-03-10 14:15:53] ✅ VPN 已连接
[2026-03-10 14:16:53] ✅ VPN 已连接
[2026-03-10 14:17:53] ✅ VPN 已连接
[2026-03-10 14:18:53] ✅ VPN 已连接
[2026-03-10 14:19:53] ✅ VPN 已连接
[2026-03-10 14:20:53] ✅ VPN 已连接
[2026-03-10 14:21:53] ✅ VPN 已连接
[2026-03-10 14:22:54] ✅ VPN 已连接
[2026-03-10 14:23:54] ✅ VPN 已连接
[2026-03-10 14:24:54] ✅ VPN 已连接
[2026-03-10 14:25:54] ✅ VPN 已连接
[2026-03-10 14:26:54] ✅ VPN 已连接
[2026-03-10 14:27:54] ✅ VPN 已连接
[2026-03-10 14:28:54] ✅ VPN 已连接
[2026-03-10 14:29:54] ✅ VPN 已连接
[2026-03-10 14:30:54] ✅ VPN 已连接
[2026-03-10 14:31:54] ✅ VPN 已连接
[2026-03-10 14:32:54] ✅ VPN 已连接
[2026-03-10 14:33:54] ✅ VPN 已连接
[2026-03-10 14:34:54] ✅ VPN 已连接
[2026-03-10 14:35:54] ✅ VPN 已连接
[2026-03-10 14:36:54] ✅ VPN 已连接
[2026-03-10 14:37:54] ✅ VPN 已连接
[2026-03-10 14:38:54] ✅ VPN 已连接
[2026-03-10 14:39:54] ✅ VPN 已连接
[2026-03-10 14:40:54] ✅ VPN 已连接
[2026-03-10 14:41:54] ✅ VPN 已连接
[2026-03-10 14:42:54] ✅ VPN 已连接
[2026-03-10 14:43:55] ✅ VPN 已连接
[2026-03-10 14:44:55] ✅ VPN 已连接
[2026-03-10 14:45:55] ✅ VPN 已连接
[2026-03-10 14:46:55] ✅ VPN 已连接
[2026-03-10 14:47:55] ✅ VPN 已连接
[2026-03-10 14:48:55] ✅ VPN 已连接
[2026-03-10 14:49:55] ✅ VPN 已连接
[2026-03-10 14:50:55] ✅ VPN 已连接
[2026-03-10 14:51:55] ✅ VPN 已连接
[2026-03-10 14:52:55] ✅ VPN 已连接
[2026-03-10 14:53:55] ✅ VPN 已连接
[2026-03-10 14:54:55] ✅ VPN 已连接
[2026-03-10 14:55:55] ✅ VPN 已连接
[2026-03-10 14:56:55] ✅ VPN 已连接
[2026-03-10 14:57:55] ✅ VPN 已连接
[2026-03-10 14:58:55] ✅ VPN 已连接
[2026-03-10 14:59:55] ✅ VPN 已连接
[2026-03-10 15:00:55] ✅ VPN 已连接
[2026-03-10 15:01:55] ✅ VPN 已连接
[2026-03-10 15:02:55] ✅ VPN 已连接
[2026-03-10 15:03:55] ✅ VPN 已连接
[2026-03-10 15:04:56] ✅ VPN 已连接
[2026-03-10 15:05:56] ✅ VPN 已连接
[2026-03-10 15:06:56] ✅ VPN 已连接
[2026-03-10 15:07:56] ✅ VPN 已连接
[2026-03-10 15:08:56] ✅ VPN 已连接
[2026-03-10 15:09:56] ✅ VPN 已连接
[2026-03-10 15:10:56] ✅ VPN 已连接
[2026-03-10 15:11:56] ✅ VPN 已连接
[2026-03-10 15:12:56] ✅ VPN 已连接
[2026-03-10 15:13:56] ✅ VPN 已连接
[2026-03-10 15:14:56] ✅ VPN 已连接
[2026-03-10 15:15:56] ✅ VPN 已连接
[2026-03-10 15:16:56] ✅ VPN 已连接
[2026-03-10 15:17:56] ✅ VPN 已连接
[2026-03-10 15:18:56] ✅ VPN 已连接
[2026-03-10 15:19:56] ✅ VPN 已连接
[2026-03-10 15:20:56] ✅ VPN 已连接
[2026-03-10 15:21:56] ✅ VPN 已连接
[2026-03-10 15:22:56] ✅ VPN 已连接
[2026-03-10 15:23:56] ✅ VPN 已连接
[2026-03-10 15:24:56] ✅ VPN 已连接
[2026-03-10 15:25:57] ✅ VPN 已连接
[2026-03-10 15:26:57] ✅ VPN 已连接
[2026-03-10 15:27:57] ✅ VPN 已连接
[2026-03-10 15:28:57] ✅ VPN 已连接
[2026-03-10 15:29:57] ✅ VPN 已连接
[2026-03-10 15:30:57] ✅ VPN 已连接
[2026-03-10 15:31:57] ✅ VPN 已连接
[2026-03-10 15:32:57] ✅ VPN 已连接
[2026-03-10 15:33:57] ✅ VPN 已连接
[2026-03-10 15:34:57] ✅ VPN 已连接
[2026-03-10 15:35:57] ✅ VPN 已连接
[2026-03-10 15:36:57] ✅ VPN 已连接
[2026-03-10 15:37:57] ✅ VPN 已连接
[2026-03-10 15:38:57] ✅ VPN 已连接
[2026-03-10 15:39:57] ✅ VPN 已连接
[2026-03-10 15:40:57] ✅ VPN 已连接
[2026-03-10 15:41:57] ✅ VPN 已连接
[2026-03-10 15:42:57] ✅ VPN 已连接
[2026-03-10 15:43:57] ✅ VPN 已连接
[2026-03-10 15:44:57] ✅ VPN 已连接
[2026-03-10 15:45:57] ✅ VPN 已连接
[2026-03-10 15:46:58] ✅ VPN 已连接
[2026-03-10 15:47:58] ✅ VPN 已连接
[2026-03-10 15:48:58] ✅ VPN 已连接
[2026-03-10 15:49:58] ✅ VPN 已连接
[2026-03-10 15:50:58] ✅ VPN 已连接
[2026-03-10 15:51:58] ✅ VPN 已连接
[2026-03-10 15:52:58] ✅ VPN 已连接
[2026-03-10 15:53:58] ✅ VPN 已连接
[2026-03-10 15:54:58] ✅ VPN 已连接
[2026-03-10 15:55:58] ✅ VPN 已连接
[2026-03-10 15:56:58] ✅ VPN 已连接
[2026-03-10 15:57:58] ✅ VPN 已连接
[2026-03-10 15:58:58] ✅ VPN 已连接
[2026-03-10 15:59:58] ✅ VPN 已连接
[2026-03-10 16:00:58] ✅ VPN 已连接
[2026-03-10 16:01:58] ✅ VPN 已连接
[2026-03-10 16:02:58] ✅ VPN 已连接
[2026-03-10 16:03:58] ✅ VPN 已连接
[2026-03-10 16:04:58] ✅ VPN 已连接
[2026-03-10 16:05:58] ✅ VPN 已连接
[2026-03-10 16:06:59] ✅ VPN 已连接
[2026-03-10 16:07:59] ✅ VPN 已连接
[2026-03-10 16:08:59] ✅ VPN 已连接
[2026-03-10 16:09:59] ✅ VPN 已连接
[2026-03-10 16:10:59] ✅ VPN 已连接
[2026-03-10 16:11:59] ✅ VPN 已连接
[2026-03-10 16:12:59] ✅ VPN 已连接
[2026-03-10 16:13:59] ✅ VPN 已连接
[2026-03-10 16:14:59] ✅ VPN 已连接
[2026-03-10 16:15:59] ✅ VPN 已连接
[2026-03-10 16:16:59] ✅ VPN 已连接
[2026-03-10 16:17:59] ✅ VPN 已连接
[2026-03-10 16:18:59] ✅ VPN 已连接
[2026-03-10 16:19:59] ✅ VPN 已连接
[2026-03-10 16:20:59] ✅ VPN 已连接
[2026-03-10 16:21:59] ✅ VPN 已连接
[2026-03-10 16:22:59] ✅ VPN 已连接
[2026-03-10 16:23:59] ✅ VPN 已连接
[2026-03-10 16:24:59] ✅ VPN 已连接
[2026-03-10 16:25:59] ✅ VPN 已连接
[2026-03-10 16:26:59] ✅ VPN 已连接
[2026-03-10 16:28:00] ✅ VPN 已连接
[2026-03-10 16:29:00] ✅ VPN 已连接
[2026-03-10 16:30:00] ✅ VPN 已连接
[2026-03-10 16:31:00] ✅ VPN 已连接
[2026-03-10 16:32:00] ✅ VPN 已连接
[2026-03-10 16:33:00] ✅ VPN 已连接
[2026-03-10 16:34:00] ✅ VPN 已连接
[2026-03-10 16:35:00] ✅ VPN 已连接
[2026-03-10 16:36:00] ✅ VPN 已连接
[2026-03-10 16:37:00] ✅ VPN 已连接
[2026-03-10 16:38:00] ✅ VPN 已连接
[2026-03-10 16:39:00] ✅ VPN 已连接
[2026-03-10 16:40:00] ✅ VPN 已连接
[2026-03-10 16:41:00] ✅ VPN 已连接
[2026-03-10 16:42:00] ✅ VPN 已连接
[2026-03-10 16:43:00] ✅ VPN 已连接
[2026-03-10 16:44:00] ✅ VPN 已连接
[2026-03-10 16:45:00] ✅ VPN 已连接
[2026-03-10 16:46:00] ✅ VPN 已连接
[2026-03-10 16:47:00] ✅ VPN 已连接
[2026-03-10 16:48:00] ✅ VPN 已连接
[2026-03-10 16:49:01] ✅ VPN 已连接
[2026-03-10 16:50:01] ✅ VPN 已连接
[2026-03-10 16:51:01] ✅ VPN 已连接
[2026-03-10 16:52:01] ✅ VPN 已连接
[2026-03-10 16:53:01] ✅ VPN 已连接
[2026-03-10 16:54:01] ✅ VPN 已连接
[2026-03-10 16:55:01] ✅ VPN 已连接
[2026-03-10 16:56:01] ✅ VPN 已连接
[2026-03-10 16:57:01] ✅ VPN 已连接
[2026-03-10 16:58:01] ✅ VPN 已连接
[2026-03-10 16:59:01] ✅ VPN 已连接
[2026-03-10 17:00:01] ✅ VPN 已连接
[2026-03-10 17:01:01] ✅ VPN 已连接
[2026-03-10 17:02:01] ✅ VPN 已连接
[2026-03-10 17:03:01] ✅ VPN 已连接
[2026-03-10 17:04:01] ✅ VPN 已连接
[2026-03-10 17:05:01] ✅ VPN 已连接
[2026-03-10 17:06:01] ✅ VPN 已连接
[2026-03-10 17:07:01] ✅ VPN 已连接
[2026-03-10 17:08:01] ✅ VPN 已连接
[2026-03-10 17:09:01] ✅ VPN 已连接
[2026-03-10 17:10:02] ✅ VPN 已连接
[2026-03-10 17:11:02] ✅ VPN 已连接
[2026-03-10 17:12:02] ✅ VPN 已连接
[2026-03-10 17:13:02] ✅ VPN 已连接
[2026-03-10 17:14:02] ✅ VPN 已连接
[2026-03-10 17:15:02] ✅ VPN 已连接
[2026-03-10 17:16:02] ✅ VPN 已连接
[2026-03-10 17:17:02] ✅ VPN 已连接
[2026-03-10 17:18:02] ✅ VPN 已连接
[2026-03-10 17:19:02] ✅ VPN 已连接
[2026-03-10 17:20:02] ✅ VPN 已连接
[2026-03-10 17:21:02] ✅ VPN 已连接
[2026-03-10 17:22:02] ✅ VPN 已连接
[2026-03-10 17:23:02] ✅ VPN 已连接
[2026-03-10 17:24:02] ✅ VPN 已连接
[2026-03-10 17:25:02] ✅ VPN 已连接
[2026-03-10 17:26:02] ✅ VPN 已连接
[2026-03-10 17:27:02] ✅ VPN 已连接
[2026-03-10 17:28:02] ✅ VPN 已连接
[2026-03-10 17:29:02] ✅ VPN 已连接
[2026-03-10 17:30:02] ✅ VPN 已连接
[2026-03-10 17:31:03] ✅ VPN 已连接
[2026-03-10 17:32:03] ✅ VPN 已连接
[2026-03-10 17:33:03] ✅ VPN 已连接
[2026-03-10 17:34:03] ✅ VPN 已连接
[2026-03-10 17:35:03] ✅ VPN 已连接
[2026-03-10 17:36:03] ✅ VPN 已连接
[2026-03-10 17:37:03] ✅ VPN 已连接
[2026-03-10 17:38:03] ✅ VPN 已连接
[2026-03-10 17:39:03] ✅ VPN 已连接
[2026-03-10 17:40:03] ✅ VPN 已连接
[2026-03-10 17:41:03] ✅ VPN 已连接
[2026-03-10 17:42:03] ✅ VPN 已连接
[2026-03-10 17:43:03] ✅ VPN 已连接
[2026-03-10 17:44:03] ✅ VPN 已连接
[2026-03-10 17:45:03] ✅ VPN 已连接
[2026-03-10 17:46:03] ✅ VPN 已连接
[2026-03-10 17:47:03] ✅ VPN 已连接
[2026-03-10 17:48:03] ✅ VPN 已连接
[2026-03-10 17:49:03] ✅ VPN 已连接
[2026-03-10 17:50:03] ✅ VPN 已连接
[2026-03-10 17:51:04] ✅ VPN 已连接
[2026-03-10 17:52:04] ✅ VPN 已连接
[2026-03-10 17:53:04] ✅ VPN 已连接
[2026-03-10 17:54:04] ✅ VPN 已连接
[2026-03-10 17:55:04] ✅ VPN 已连接
[2026-03-10 17:56:04] ✅ VPN 已连接
[2026-03-10 17:57:04] ✅ VPN 已连接
[2026-03-10 17:58:04] ✅ VPN 已连接
[2026-03-10 17:59:04] ✅ VPN 已连接
[2026-03-10 18:00:04] ✅ VPN 已连接
[2026-03-10 18:01:04] ✅ VPN 已连接
[2026-03-10 18:02:04] ✅ VPN 已连接
[2026-03-10 18:03:04] ✅ VPN 已连接
[2026-03-10 18:04:04] ✅ VPN 已连接
[2026-03-10 18:05:04] ✅ VPN 已连接
[2026-03-10 18:06:04] ✅ VPN 已连接
[2026-03-10 18:07:04] ✅ VPN 已连接
[2026-03-10 18:08:04] ✅ VPN 已连接
[2026-03-10 18:09:04] ✅ VPN 已连接
[2026-03-10 18:10:04] ✅ VPN 已连接
[2026-03-10 18:11:04] ✅ VPN 已连接
[2026-03-10 18:12:05] ✅ VPN 已连接
[2026-03-10 18:13:05] ✅ VPN 已连接
[2026-03-10 18:14:05] ✅ VPN 已连接
[2026-03-10 18:15:05] ✅ VPN 已连接
[2026-03-10 18:16:05] ✅ VPN 已连接
[2026-03-10 18:17:05] ✅ VPN 已连接
[2026-03-10 18:18:05] ✅ VPN 已连接
[2026-03-10 18:19:05] ✅ VPN 已连接
[2026-03-10 18:20:05] ✅ VPN 已连接
[2026-03-10 18:21:05] ✅ VPN 已连接
[2026-03-10 18:22:05] ✅ VPN 已连接
[2026-03-10 18:23:05] ✅ VPN 已连接
[2026-03-10 18:24:05] ✅ VPN 已连接
[2026-03-10 18:25:05] ✅ VPN 已连接
[2026-03-10 18:26:05] ✅ VPN 已连接
[2026-03-10 18:27:05] ✅ VPN 已连接
[2026-03-10 18:28:05] ✅ VPN 已连接
[2026-03-10 18:29:05] ✅ VPN 已连接
[2026-03-10 18:30:05] ✅ VPN 已连接
[2026-03-10 18:31:05] ✅ VPN 已连接
[2026-03-10 18:32:05] ✅ VPN 已连接
[2026-03-10 18:33:06] ✅ VPN 已连接
[2026-03-10 18:34:06] ✅ VPN 已连接
[2026-03-10 18:35:06] ✅ VPN 已连接
[2026-03-10 18:36:06] ✅ VPN 已连接
[2026-03-10 18:37:06] ✅ VPN 已连接
[2026-03-10 18:38:06] ✅ VPN 已连接
[2026-03-10 18:39:06] ✅ VPN 已连接
[2026-03-10 18:40:06] ✅ VPN 已连接
[2026-03-10 18:41:06] ✅ VPN 已连接
[2026-03-10 18:42:06] ✅ VPN 已连接
[2026-03-10 18:43:06] ✅ VPN 已连接
[2026-03-10 18:44:06] ✅ VPN 已连接
[2026-03-10 18:45:06] ✅ VPN 已连接
[2026-03-10 18:46:06] ✅ VPN 已连接
[2026-03-10 18:47:06] ✅ VPN 已连接
[2026-03-10 18:48:06] ✅ VPN 已连接
[2026-03-10 18:49:06] ✅ VPN 已连接
[2026-03-10 18:50:06] ✅ VPN 已连接
[2026-03-10 18:51:06] ✅ VPN 已连接
[2026-03-10 18:52:06] ✅ VPN 已连接
[2026-03-10 18:53:06] ✅ VPN 已连接
[2026-03-10 18:54:06] ✅ VPN 已连接
[2026-03-10 18:55:07] ✅ VPN 已连接
[2026-03-10 18:56:07] ✅ VPN 已连接
[2026-03-10 18:57:07] ✅ VPN 已连接
[2026-03-10 18:58:07] ✅ VPN 已连接
[2026-03-10 18:59:07] ✅ VPN 已连接
[2026-03-10 19:00:07] ✅ VPN 已连接
[2026-03-10 19:01:07] ✅ VPN 已连接
[2026-03-10 19:02:07] ✅ VPN 已连接
[2026-03-10 19:03:07] ✅ VPN 已连接
[2026-03-10 19:04:07] ✅ VPN 已连接
[2026-03-10 19:05:07] ✅ VPN 已连接
[2026-03-10 19:06:07] ✅ VPN 已连接
[2026-03-10 19:07:07] ✅ VPN 已连接
[2026-03-10 19:08:07] ✅ VPN 已连接
[2026-03-10 19:09:07] ✅ VPN 已连接
[2026-03-10 19:10:07] ✅ VPN 已连接
[2026-03-10 19:11:07] ✅ VPN 已连接
[2026-03-10 19:12:07] ✅ VPN 已连接
[2026-03-10 19:13:07] ✅ VPN 已连接
[2026-03-10 19:14:07] ✅ VPN 已连接
[2026-03-10 19:15:07] ✅ VPN 已连接
[2026-03-10 19:16:08] ✅ VPN 已连接
[2026-03-10 19:17:08] ✅ VPN 已连接
[2026-03-10 19:18:08] ✅ VPN 已连接
[2026-03-10 19:19:08] ✅ VPN 已连接
[2026-03-10 19:20:08] ✅ VPN 已连接
[2026-03-10 19:21:08] ✅ VPN 已连接
[2026-03-10 19:22:08] ✅ VPN 已连接
[2026-03-10 19:23:08] ✅ VPN 已连接
[2026-03-10 19:24:08] ✅ VPN 已连接
[2026-03-10 19:25:08] ✅ VPN 已连接
[2026-03-10 19:26:08] ✅ VPN 已连接
[2026-03-10 19:27:08] ✅ VPN 已连接
[2026-03-10 19:28:08] ✅ VPN 已连接
[2026-03-10 19:29:08] ✅ VPN 已连接
[2026-03-10 19:30:08] ✅ VPN 已连接
[2026-03-10 19:31:08] ✅ VPN 已连接
[2026-03-10 19:32:08] ✅ VPN 已连接
[2026-03-10 19:33:08] ✅ VPN 已连接
[2026-03-10 19:34:08] ✅ VPN 已连接
[2026-03-10 19:35:08] ✅ VPN 已连接
[2026-03-10 19:36:08] ✅ VPN 已连接
[2026-03-10 19:37:09] ✅ VPN 已连接
[2026-03-10 19:38:09] ✅ VPN 已连接
[2026-03-10 19:39:09] ✅ VPN 已连接
[2026-03-10 19:40:09] ✅ VPN 已连接
[2026-03-10 19:41:09] ✅ VPN 已连接
[2026-03-10 19:42:09] ✅ VPN 已连接
[2026-03-10 19:43:09] ✅ VPN 已连接
[2026-03-10 19:44:09] ✅ VPN 已连接
[2026-03-10 19:45:09] ✅ VPN 已连接
[2026-03-10 19:46:09] ✅ VPN 已连接
[2026-03-10 19:47:09] ✅ VPN 已连接
[2026-03-10 19:48:09] ✅ VPN 已连接
[2026-03-10 19:49:09] ✅ VPN 已连接
[2026-03-10 19:50:09] ✅ VPN 已连接
[2026-03-10 19:51:09] ✅ VPN 已连接
[2026-03-10 19:52:09] ✅ VPN 已连接
[2026-03-10 19:53:09] ✅ VPN 已连接
[2026-03-10 19:54:09] ✅ VPN 已连接
[2026-03-10 19:55:09] ✅ VPN 已连接
[2026-03-10 19:56:09] ✅ VPN 已连接
[2026-03-10 19:57:09] ✅ VPN 已连接
[2026-03-10 19:58:10] ✅ VPN 已连接
[2026-03-10 19:59:10] ✅ VPN 已连接
[2026-03-10 20:00:10] ✅ VPN 已连接
[2026-03-10 20:01:10] ✅ VPN 已连接
[2026-03-10 20:02:10] ✅ VPN 已连接
[2026-03-10 20:03:10] ✅ VPN 已连接
[2026-03-10 20:04:10] ✅ VPN 已连接
[2026-03-10 20:05:10] ✅ VPN 已连接
[2026-03-10 20:06:10] ✅ VPN 已连接
[2026-03-10 20:07:10] ✅ VPN 已连接
[2026-03-10 20:08:10] ✅ VPN 已连接
[2026-03-10 20:09:10] ✅ VPN 已连接
[2026-03-10 20:10:10] ✅ VPN 已连接
[2026-03-10 20:11:10] ✅ VPN 已连接
[2026-03-10 20:12:10] ✅ VPN 已连接
[2026-03-10 20:13:10] ✅ VPN 已连接
[2026-03-10 20:14:10] ✅ VPN 已连接
[2026-03-10 20:15:10] ✅ VPN 已连接
[2026-03-10 20:16:10] ✅ VPN 已连接
[2026-03-10 20:17:10] ✅ VPN 已连接
[2026-03-10 20:18:10] ✅ VPN 已连接
[2026-03-10 20:19:10] ✅ VPN 已连接
[2026-03-10 20:20:11] ✅ VPN 已连接
[2026-03-10 20:21:11] ✅ VPN 已连接
[2026-03-10 20:22:11] ✅ VPN 已连接
[2026-03-10 20:23:11] ✅ VPN 已连接
[2026-03-10 20:24:11] ✅ VPN 已连接
[2026-03-10 20:25:11] ✅ VPN 已连接
[2026-03-10 20:26:11] ✅ VPN 已连接
[2026-03-10 20:27:11] ✅ VPN 已连接
[2026-03-10 20:28:11] ✅ VPN 已连接
[2026-03-10 20:29:11] ✅ VPN 已连接
[2026-03-10 20:30:11] ✅ VPN 已连接
[2026-03-10 20:31:11] ✅ VPN 已连接
[2026-03-10 20:32:11] ✅ VPN 已连接
[2026-03-10 20:33:11] ✅ VPN 已连接
[2026-03-10 20:34:11] ✅ VPN 已连接
[2026-03-10 20:35:11] ✅ VPN 已连接
[2026-03-10 20:36:11] ✅ VPN 已连接
[2026-03-10 20:37:11] ✅ VPN 已连接
[2026-03-10 20:38:11] ✅ VPN 已连接
[2026-03-10 20:39:11] ✅ VPN 已连接
[2026-03-10 20:40:11] ✅ VPN 已连接
[2026-03-10 20:41:12] ✅ VPN 已连接
[2026-03-10 20:42:12] ✅ VPN 已连接
[2026-03-10 20:43:12] ✅ VPN 已连接
[2026-03-10 20:44:12] ✅ VPN 已连接
[2026-03-10 20:45:12] ✅ VPN 已连接
[2026-03-10 20:46:12] ✅ VPN 已连接
[2026-03-10 20:47:12] ✅ VPN 已连接
[2026-03-10 20:48:12] ✅ VPN 已连接
[2026-03-10 20:49:12] ✅ VPN 已连接
[2026-03-10 20:50:12] ✅ VPN 已连接
[2026-03-10 20:51:12] ❌ VPN 未连接，触发重连...
[2026-03-10 20:51:12] ========== VPN 重连开始 ==========
[2026-03-10 20:51:12] 尝试 1/3...
[2026-03-10 20:51:12] 启动 FortiClient GUI...
[2026-03-10 20:51:15] ❌ FortiClient GUI 启动失败
[2026-03-10 20:51:15] 重试 1 失败：无法启动 FortiClient
[2026-03-10 20:51:25] 尝试 2/3...
[2026-03-10 20:51:25] 启动 FortiClient GUI...
[2026-03-10 20:51:28] ✅ FortiClient GUI 已启动
[2026-03-10 20:51:28] 触发 VPN 连接（Playwright 自动化）...
[2026-03-10 20:52:37] 重试 2 失败：自动登录失败
[2026-03-10 20:52:47] 尝试 3/3...
[2026-03-10 20:52:47] 启动 FortiClient GUI...
[2026-03-10 20:52:50] ❌ FortiClient GUI 启动失败
[2026-03-10 20:52:50] 重试 3 失败：无法启动 FortiClient
[2026-03-10 20:53:00] ❌ VPN 重连失败（已尝试 3 次）
[2026-03-10 20:53:00] ========== VPN 重连失败 ==========
[2026-03-10 20:54:00] ✅ VPN 已连接
[2026-03-10 20:55:00] ✅ VPN 已连接
[2026-03-10 20:56:00] ✅ VPN 已连接
[2026-03-10 20:57:00] ✅ VPN 已连接
[2026-03-10 20:58:01] ✅ VPN 已连接
[2026-03-10 20:59:01] ✅ VPN 已连接
[2026-03-10 21:00:01] ✅ VPN 已连接
[2026-03-10 21:01:01] ✅ VPN 已连接
[2026-03-10 21:02:01] ✅ VPN 已连接
[2026-03-10 21:03:01] ✅ VPN 已连接
[2026-03-10 21:04:01] ✅ VPN 已连接
[2026-03-10 21:05:01] ✅ VPN 已连接
[2026-03-10 21:06:01] ✅ VPN 已连接
[2026-03-10 21:07:01] ✅ VPN 已连接
[2026-03-10 21:08:01] ✅ VPN 已连接
[2026-03-10 21:09:01] ✅ VPN 已连接
[2026-03-10 21:10:01] ✅ VPN 已连接
[2026-03-10 21:11:01] ✅ VPN 已连接
[2026-03-10 21:12:01] ✅ VPN 已连接
[2026-03-10 21:13:01] ✅ VPN 已连接
[2026-03-10 21:14:01] ✅ VPN 已连接
[2026-03-10 21:15:01] ✅ VPN 已连接
[2026-03-10 21:16:01] ✅ VPN 已连接
[2026-03-10 21:17:01] ✅ VPN 已连接
[2026-03-10 21:18:01] ✅ VPN 已连接
[2026-03-10 21:19:02] ✅ VPN 已连接
[2026-03-10 21:20:02] ✅ VPN 已连接
[2026-03-10 21:21:02] ✅ VPN 已连接
[2026-03-10 21:22:02] ✅ VPN 已连接
[2026-03-10 21:23:02] ✅ VPN 已连接
[2026-03-10 21:24:02] ✅ VPN 已连接
[2026-03-10 21:25:02] ✅ VPN 已连接
[2026-03-10 21:26:02] ✅ VPN 已连接
[2026-03-10 21:27:02] ✅ VPN 已连接
[2026-03-10 21:28:02] ✅ VPN 已连接
[2026-03-10 21:29:02] ✅ VPN 已连接
[2026-03-10 21:30:02] ✅ VPN 已连接
[2026-03-10 21:31:02] ✅ VPN 已连接
[2026-03-10 21:32:02] ✅ VPN 已连接
[2026-03-10 21:33:02] ✅ VPN 已连接
[2026-03-10 21:34:02] ✅ VPN 已连接
[2026-03-10 21:35:02] ✅ VPN 已连接
[2026-03-10 21:36:02] ✅ VPN 已连接
[2026-03-10 21:37:02] ✅ VPN 已连接
[2026-03-10 21:38:02] ✅ VPN 已连接
[2026-03-10 21:39:02] ✅ VPN 已连接
[2026-03-10 21:40:03] ✅ VPN 已连接
[2026-03-10 21:41:03] ✅ VPN 已连接
[2026-03-10 21:42:03] ✅ VPN 已连接
[2026-03-10 21:43:03] ✅ VPN 已连接
[2026-03-10 21:44:03] ✅ VPN 已连接
[2026-03-10 21:45:03] ✅ VPN 已连接
[2026-03-10 21:46:03] ✅ VPN 已连接
[2026-03-10 21:47:03] ✅ VPN 已连接
[2026-03-10 21:48:03] ✅ VPN 已连接
[2026-03-10 21:49:03] ✅ VPN 已连接
[2026-03-10 21:50:03] ✅ VPN 已连接
[2026-03-10 21:51:03] ✅ VPN 已连接
[2026-03-10 21:52:03] ✅ VPN 已连接
[2026-03-10 21:53:03] ✅ VPN 已连接
[2026-03-10 21:54:03] ✅ VPN 已连接
[2026-03-10 21:55:03] ✅ VPN 已连接
[2026-03-10 21:56:03] ✅ VPN 已连接
[2026-03-10 21:57:03] ✅ VPN 已连接
[2026-03-10 21:58:03] ✅ VPN 已连接
[2026-03-10 21:59:03] ✅ VPN 已连接
[2026-03-10 22:00:03] ✅ VPN 已连接
[2026-03-10 22:01:04] ✅ VPN 已连接
[2026-03-10 22:02:04] ✅ VPN 已连接
[2026-03-10 22:03:04] ✅ VPN 已连接
[2026-03-10 22:04:04] ✅ VPN 已连接
[2026-03-10 22:05:04] ✅ VPN 已连接
[2026-03-10 22:06:04] ✅ VPN 已连接
[2026-03-10 22:07:04] ✅ VPN 已连接
[2026-03-10 22:08:04] ✅ VPN 已连接
[2026-03-10 22:09:04] ✅ VPN 已连接
[2026-03-10 22:10:04] ✅ VPN 已连接
[2026-03-10 22:11:04] ✅ VPN 已连接
[2026-03-10 22:12:04] ✅ VPN 已连接
[2026-03-10 22:13:04] ✅ VPN 已连接
[2026-03-10 22:14:04] ✅ VPN 已连接
[2026-03-10 22:15:04] ✅ VPN 已连接
[2026-03-10 22:16:04] ✅ VPN 已连接
[2026-03-10 22:17:04] ✅ VPN 已连接
[2026-03-10 22:18:04] ✅ VPN 已连接
[2026-03-10 22:19:05] ✅ VPN 已连接
[2026-03-10 22:20:05] ✅ VPN 已连接
[2026-03-10 22:21:05] ✅ VPN 已连接
[2026-03-10 22:22:05] ✅ VPN 已连接
[2026-03-10 22:23:05] ✅ VPN 已连接
[2026-03-10 22:24:05] ✅ VPN 已连接
[2026-03-10 22:25:05] ✅ VPN 已连接
[2026-03-10 22:26:05] ✅ VPN 已连接
[2026-03-10 22:27:05] ✅ VPN 已连接
[2026-03-10 22:28:05] ✅ VPN 已连接
[2026-03-10 22:29:05] ✅ VPN 已连接
[2026-03-10 22:30:05] ✅ VPN 已连接
[2026-03-10 22:31:05] ✅ VPN 已连接
[2026-03-10 22:32:05] ✅ VPN 已连接
[2026-03-10 22:33:05] ✅ VPN 已连接
[2026-03-10 22:34:05] ✅ VPN 已连接
[2026-03-10 22:35:05] ✅ VPN 已连接
[2026-03-10 22:36:05] ✅ VPN 已连接
[2026-03-10 22:37:05] ✅ VPN 已连接
[2026-03-10 22:38:05] ✅ VPN 已连接
[2026-03-10 22:39:05] ✅ VPN 已连接
[2026-03-10 22:40:06] ✅ VPN 已连接
[2026-03-10 22:41:06] ✅ VPN 已连接
[2026-03-10 22:42:06] ✅ VPN 已连接
[2026-03-10 22:43:06] ✅ VPN 已连接
[2026-03-10 22:44:06] ✅ VPN 已连接
[2026-03-10 22:45:06] ✅ VPN 已连接
[2026-03-10 22:46:06] ✅ VPN 已连接
[2026-03-10 22:47:06] ✅ VPN 已连接
[2026-03-10 22:48:06] ✅ VPN 已连接
[2026-03-10 22:49:06] ✅ VPN 已连接
[2026-03-10 22:50:06] ✅ VPN 已连接
[2026-03-10 22:51:06] ✅ VPN 已连接
[2026-03-10 22:52:06] ✅ VPN 已连接
[2026-03-10 22:53:06] ✅ VPN 已连接
[2026-03-10 22:54:06] ✅ VPN 已连接
[2026-03-10 22:55:06] ✅ VPN 已连接
[2026-03-10 22:56:06] ✅ VPN 已连接
[2026-03-10 22:57:06] ✅ VPN 已连接
[2026-03-10 22:58:06] ✅ VPN 已连接
[2026-03-10 22:59:06] ✅ VPN 已连接
[2026-03-10 23:00:06] ✅ VPN 已连接
[2026-03-10 23:01:07] ✅ VPN 已连接
[2026-03-10 23:02:07] ✅ VPN 已连接
[2026-03-10 23:03:07] ✅ VPN 已连接
[2026-03-10 23:04:07] ✅ VPN 已连接
[2026-03-10 23:05:07] ✅ VPN 已连接
[2026-03-10 23:06:07] ✅ VPN 已连接
[2026-03-10 23:07:07] ✅ VPN 已连接
[2026-03-10 23:08:07] ✅ VPN 已连接
[2026-03-10 23:09:07] ✅ VPN 已连接
[2026-03-10 23:10:07] ✅ VPN 已连接
[2026-03-10 23:11:07] ✅ VPN 已连接
[2026-03-10 23:12:07] ✅ VPN 已连接
[2026-03-10 23:13:07] ✅ VPN 已连接
[2026-03-10 23:14:07] ✅ VPN 已连接
[2026-03-10 23:15:07] ✅ VPN 已连接
[2026-03-10 23:16:07] ✅ VPN 已连接
[2026-03-10 23:17:07] ✅ VPN 已连接
[2026-03-10 23:18:07] ✅ VPN 已连接
[2026-03-10 23:19:07] ✅ VPN 已连接
[2026-03-10 23:20:07] ✅ VPN 已连接
[2026-03-10 23:21:07] ✅ VPN 已连接
[2026-03-10 23:22:08] ✅ VPN 已连接
[2026-03-10 23:23:08] ✅ VPN 已连接
[2026-03-10 23:24:08] ✅ VPN 已连接
[2026-03-10 23:25:08] ✅ VPN 已连接
[2026-03-10 23:26:08] ✅ VPN 已连接
[2026-03-10 23:27:08] ✅ VPN 已连接
[2026-03-10 23:28:08] ✅ VPN 已连接
[2026-03-10 23:29:08] ✅ VPN 已连接
[2026-03-10 23:30:08] ✅ VPN 已连接
[2026-03-10 23:31:08] ✅ VPN 已连接
[2026-03-10 23:32:08] ✅ VPN 已连接
[2026-03-10 23:33:08] ✅ VPN 已连接
[2026-03-10 23:34:08] ✅ VPN 已连接
[2026-03-10 23:35:08] ✅ VPN 已连接
[2026-03-10 23:36:08] ✅ VPN 已连接
[2026-03-10 23:37:08] ✅ VPN 已连接
[2026-03-10 23:38:08] ✅ VPN 已连接
[2026-03-10 23:39:08] ✅ VPN 已连接
[2026-03-10 23:40:08] ✅ VPN 已连接
[2026-03-10 23:41:08] ✅ VPN 已连接
[2026-03-10 23:42:08] ✅ VPN 已连接
[2026-03-10 23:43:09] ✅ VPN 已连接
[2026-03-10 23:44:09] ✅ VPN 已连接
[2026-03-10 23:45:09] ✅ VPN 已连接
[2026-03-10 23:46:09] ✅ VPN 已连接
[2026-03-10 23:47:09] ✅ VPN 已连接
[2026-03-10 23:48:09] ✅ VPN 已连接
[2026-03-10 23:49:09] ✅ VPN 已连接
[2026-03-10 23:50:09] ✅ VPN 已连接
[2026-03-10 23:51:09] ✅ VPN 已连接
[2026-03-10 23:52:09] ✅ VPN 已连接
[2026-03-10 23:53:09] ✅ VPN 已连接
[2026-03-10 23:54:09] ✅ VPN 已连接
[2026-03-10 23:55:09] ✅ VPN 已连接
[2026-03-10 23:56:09] ✅ VPN 已连接
[2026-03-10 23:57:09] ✅ VPN 已连接
[2026-03-10 23:58:09] ✅ VPN 已连接
[2026-03-10 23:59:09] ✅ VPN 已连接
[2026-03-11 00:00:09] ✅ VPN 已连接
[2026-03-11 00:01:09] ✅ VPN 已连接
[2026-03-11 00:02:09] ✅ VPN 已连接
[2026-03-11 00:03:09] ✅ VPN 已连接
[2026-03-11 00:04:10] ✅ VPN 已连接
[2026-03-11 00:05:10] ✅ VPN 已连接
[2026-03-11 00:06:10] ✅ VPN 已连接
[2026-03-11 00:07:10] ✅ VPN 已连接
[2026-03-11 00:08:10] ✅ VPN 已连接
[2026-03-11 00:09:10] ✅ VPN 已连接
[2026-03-11 00:10:10] ✅ VPN 已连接
[2026-03-11 00:11:10] ✅ VPN 已连接
[2026-03-11 00:12:10] ✅ VPN 已连接
[2026-03-11 00:13:10] ✅ VPN 已连接
[2026-03-11 00:14:10] ✅ VPN 已连接
[2026-03-11 00:15:10] ✅ VPN 已连接
[2026-03-11 00:16:10] ✅ VPN 已连接
[2026-03-11 00:17:10] ✅ VPN 已连接
[2026-03-11 00:18:10] ✅ VPN 已连接
[2026-03-11 00:19:10] ✅ VPN 已连接
[2026-03-11 00:20:10] ✅ VPN 已连接
[2026-03-11 00:21:10] ✅ VPN 已连接
[2026-03-11 00:22:10] ✅ VPN 已连接
[2026-03-11 00:23:10] ✅ VPN 已连接
[2026-03-11 00:24:11] ✅ VPN 已连接
[2026-03-11 00:25:11] ✅ VPN 已连接
[2026-03-11 00:26:11] ✅ VPN 已连接
[2026-03-11 00:27:11] ✅ VPN 已连接
[2026-03-11 00:28:11] ✅ VPN 已连接
[2026-03-11 00:29:11] ✅ VPN 已连接
[2026-03-11 00:30:11] ✅ VPN 已连接
[2026-03-11 00:31:11] ✅ VPN 已连接
[2026-03-11 00:32:11] ✅ VPN 已连接
[2026-03-11 00:33:11] ✅ VPN 已连接
[2026-03-11 00:34:11] ✅ VPN 已连接
[2026-03-11 00:35:11] ✅ VPN 已连接
[2026-03-11 00:36:11] ✅ VPN 已连接
[2026-03-11 00:37:11] ✅ VPN 已连接
[2026-03-11 00:38:11] ✅ VPN 已连接
[2026-03-11 00:39:11] ✅ VPN 已连接
[2026-03-11 00:40:11] ✅ VPN 已连接
[2026-03-11 00:41:11] ✅ VPN 已连接
[2026-03-11 00:42:11] ✅ VPN 已连接
[2026-03-11 00:43:11] ✅ VPN 已连接
[2026-03-11 00:44:11] ✅ VPN 已连接
[2026-03-11 00:45:12] ✅ VPN 已连接
[2026-03-11 00:46:12] ✅ VPN 已连接
[2026-03-11 00:47:12] ✅ VPN 已连接
[2026-03-11 00:48:12] ✅ VPN 已连接
[2026-03-11 00:49:12] ✅ VPN 已连接
[2026-03-11 00:50:12] ✅ VPN 已连接
[2026-03-11 00:51:12] ✅ VPN 已连接
[2026-03-11 00:52:12] ✅ VPN 已连接
[2026-03-11 00:53:12] ✅ VPN 已连接
[2026-03-11 00:54:12] ✅ VPN 已连接
[2026-03-11 00:55:12] ✅ VPN 已连接
[2026-03-11 00:56:12] ✅ VPN 已连接
[2026-03-11 00:57:12] ✅ VPN 已连接
[2026-03-11 00:58:12] ✅ VPN 已连接
[2026-03-11 00:59:12] ✅ VPN 已连接
[2026-03-11 01:00:12] ✅ VPN 已连接
[2026-03-11 01:01:12] ✅ VPN 已连接
[2026-03-11 01:02:12] ✅ VPN 已连接
[2026-03-11 01:03:12] ✅ VPN 已连接
[2026-03-11 01:04:12] ✅ VPN 已连接
[2026-03-11 01:05:12] ✅ VPN 已连接
[2026-03-11 01:06:13] ✅ VPN 已连接
[2026-03-11 01:07:13] ✅ VPN 已连接
[2026-03-11 01:08:13] ✅ VPN 已连接
[2026-03-11 01:09:13] ✅ VPN 已连接
[2026-03-11 01:10:13] ✅ VPN 已连接
[2026-03-11 01:11:13] ✅ VPN 已连接
[2026-03-11 01:12:13] ✅ VPN 已连接
[2026-03-11 01:13:13] ✅ VPN 已连接
[2026-03-11 01:14:13] ✅ VPN 已连接
[2026-03-11 01:15:13] ✅ VPN 已连接
[2026-03-11 01:16:13] ✅ VPN 已连接
[2026-03-11 01:17:13] ✅ VPN 已连接
[2026-03-11 01:18:13] ✅ VPN 已连接
[2026-03-11 01:19:13] ✅ VPN 已连接
[2026-03-11 01:20:13] ✅ VPN 已连接
[2026-03-11 01:21:13] ✅ VPN 已连接
[2026-03-11 01:22:13] ✅ VPN 已连接
[2026-03-11 01:23:13] ✅ VPN 已连接
[2026-03-11 01:24:13] ✅ VPN 已连接
[2026-03-11 01:25:13] ✅ VPN 已连接
[2026-03-11 01:26:13] ✅ VPN 已连接
[2026-03-11 01:27:14] ✅ VPN 已连接
[2026-03-11 01:28:14] ✅ VPN 已连接
[2026-03-11 01:29:14] ✅ VPN 已连接
[2026-03-11 01:30:14] ✅ VPN 已连接
[2026-03-11 01:31:14] ✅ VPN 已连接
[2026-03-11 01:32:14] ✅ VPN 已连接
[2026-03-11 01:33:14] ✅ VPN 已连接
[2026-03-11 01:34:14] ✅ VPN 已连接
[2026-03-11 01:35:14] ✅ VPN 已连接
[2026-03-11 01:36:14] ✅ VPN 已连接
[2026-03-11 01:37:14] ✅ VPN 已连接
[2026-03-11 01:38:14] ✅ VPN 已连接
[2026-03-11 01:39:14] ✅ VPN 已连接
[2026-03-11 01:40:14] ✅ VPN 已连接
[2026-03-11 01:41:14] ✅ VPN 已连接
[2026-03-11 01:42:14] ✅ VPN 已连接
[2026-03-11 01:43:14] ✅ VPN 已连接
[2026-03-11 01:44:14] ✅ VPN 已连接
[2026-03-11 01:45:14] ✅ VPN 已连接
[2026-03-11 01:46:14] ✅ VPN 已连接
[2026-03-11 01:47:14] ✅ VPN 已连接
[2026-03-11 01:48:15] ✅ VPN 已连接
[2026-03-11 01:49:15] ✅ VPN 已连接
[2026-03-11 01:50:15] ✅ VPN 已连接
[2026-03-11 01:51:15] ✅ VPN 已连接
[2026-03-11 01:52:15] ✅ VPN 已连接
[2026-03-11 01:53:15] ✅ VPN 已连接
[2026-03-11 01:54:15] ✅ VPN 已连接
[2026-03-11 01:55:15] ✅ VPN 已连接
[2026-03-11 01:56:15] ✅ VPN 已连接
[2026-03-11 01:57:15] ✅ VPN 已连接
[2026-03-11 01:58:15] ✅ VPN 已连接
[2026-03-11 01:59:15] ✅ VPN 已连接
[2026-03-11 02:00:15] ✅ VPN 已连接
[2026-03-11 02:01:15] ✅ VPN 已连接
[2026-03-11 02:02:15] ✅ VPN 已连接
[2026-03-11 02:03:15] ✅ VPN 已连接
[2026-03-11 02:04:15] ✅ VPN 已连接
[2026-03-11 02:05:15] ✅ VPN 已连接
[2026-03-11 02:06:15] ✅ VPN 已连接
[2026-03-11 02:07:15] ✅ VPN 已连接
[2026-03-11 02:08:16] ✅ VPN 已连接
[2026-03-11 02:09:16] ✅ VPN 已连接
[2026-03-11 02:10:16] ✅ VPN 已连接
[2026-03-11 02:11:16] ✅ VPN 已连接
[2026-03-11 02:12:16] ✅ VPN 已连接
[2026-03-11 02:13:16] ✅ VPN 已连接
[2026-03-11 02:14:16] ✅ VPN 已连接
[2026-03-11 02:15:16] ✅ VPN 已连接
[2026-03-11 02:16:16] ✅ VPN 已连接
[2026-03-11 02:17:16] ✅ VPN 已连接
[2026-03-11 02:18:16] ✅ VPN 已连接
[2026-03-11 02:19:16] ✅ VPN 已连接
[2026-03-11 02:20:16] ✅ VPN 已连接
[2026-03-11 02:21:16] ✅ VPN 已连接
[2026-03-11 02:22:16] ✅ VPN 已连接
[2026-03-11 02:23:16] ✅ VPN 已连接
[2026-03-11 02:24:16] ✅ VPN 已连接
[2026-03-11 02:25:16] ✅ VPN 已连接
[2026-03-11 02:26:16] ✅ VPN 已连接
[2026-03-11 02:27:16] ✅ VPN 已连接
[2026-03-11 02:28:17] ✅ VPN 已连接
[2026-03-11 02:29:17] ✅ VPN 已连接
[2026-03-11 02:30:17] ✅ VPN 已连接
[2026-03-11 02:31:17] ✅ VPN 已连接
[2026-03-11 02:32:17] ✅ VPN 已连接
[2026-03-11 02:33:17] ✅ VPN 已连接
[2026-03-11 02:34:17] ✅ VPN 已连接
[2026-03-11 02:35:17] ✅ VPN 已连接
[2026-03-11 02:36:17] ✅ VPN 已连接
[2026-03-11 02:37:17] ✅ VPN 已连接
[2026-03-11 02:38:17] ✅ VPN 已连接
[2026-03-11 02:39:17] ✅ VPN 已连接
[2026-03-11 02:40:17] ✅ VPN 已连接
[2026-03-11 02:41:17] ✅ VPN 已连接
[2026-03-11 02:42:17] ✅ VPN 已连接
[2026-03-11 02:43:17] ✅ VPN 已连接
[2026-03-11 02:44:17] ✅ VPN 已连接
[2026-03-11 02:45:17] ✅ VPN 已连接
[2026-03-11 02:46:17] ✅ VPN 已连接
[2026-03-11 02:47:17] ✅ VPN 已连接
[2026-03-11 02:48:17] ✅ VPN 已连接
[2026-03-11 02:49:18] ✅ VPN 已连接
[2026-03-11 02:50:18] ✅ VPN 已连接
[2026-03-11 02:51:18] ✅ VPN 已连接
[2026-03-11 02:52:18] ✅ VPN 已连接
[2026-03-11 02:53:18] ✅ VPN 已连接
[2026-03-11 02:54:18] ✅ VPN 已连接
[2026-03-11 02:55:18] ✅ VPN 已连接
[2026-03-11 02:56:18] ✅ VPN 已连接
[2026-03-11 02:57:18] ✅ VPN 已连接
[2026-03-11 02:58:18] ✅ VPN 已连接
[2026-03-11 02:59:18] ✅ VPN 已连接
[2026-03-11 03:00:18] ✅ VPN 已连接
[2026-03-11 03:01:18] ✅ VPN 已连接
[2026-03-11 03:02:18] ✅ VPN 已连接
[2026-03-11 03:03:18] ✅ VPN 已连接
[2026-03-11 03:04:18] ✅ VPN 已连接
[2026-03-11 03:05:18] ✅ VPN 已连接
[2026-03-11 03:06:18] ✅ VPN 已连接
[2026-03-11 03:07:18] ✅ VPN 已连接
[2026-03-11 03:08:18] ✅ VPN 已连接
[2026-03-11 03:09:18] ✅ VPN 已连接
[2026-03-11 03:10:19] ✅ VPN 已连接
[2026-03-11 03:11:19] ✅ VPN 已连接
[2026-03-11 03:12:19] ✅ VPN 已连接
[2026-03-11 03:13:19] ✅ VPN 已连接
[2026-03-11 03:14:19] ✅ VPN 已连接
[2026-03-11 03:15:19] ✅ VPN 已连接
[2026-03-11 03:16:19] ✅ VPN 已连接
[2026-03-11 03:17:19] ✅ VPN 已连接
[2026-03-11 03:18:19] ✅ VPN 已连接
[2026-03-11 03:19:19] ✅ VPN 已连接
[2026-03-11 03:20:19] ✅ VPN 已连接
[2026-03-11 03:21:19] ✅ VPN 已连接
[2026-03-11 03:22:19] ✅ VPN 已连接
[2026-03-11 03:23:19] ✅ VPN 已连接
[2026-03-11 03:24:19] ✅ VPN 已连接
[2026-03-11 03:25:19] ✅ VPN 已连接
[2026-03-11 03:26:19] ✅ VPN 已连接
[2026-03-11 03:27:19] ✅ VPN 已连接
[2026-03-11 03:28:19] ✅ VPN 已连接
[2026-03-11 03:29:19] ✅ VPN 已连接
[2026-03-11 03:30:19] ✅ VPN 已连接
[2026-03-11 03:31:20] ✅ VPN 已连接
[2026-03-11 03:32:20] ✅ VPN 已连接
[2026-03-11 03:33:20] ✅ VPN 已连接
[2026-03-11 03:34:20] ✅ VPN 已连接
[2026-03-11 03:35:20] ✅ VPN 已连接
[2026-03-11 03:36:20] ✅ VPN 已连接
[2026-03-11 03:37:20] ✅ VPN 已连接
[2026-03-11 03:38:20] ✅ VPN 已连接
[2026-03-11 03:39:20] ✅ VPN 已连接
[2026-03-11 03:40:20] ✅ VPN 已连接
[2026-03-11 03:41:20] ✅ VPN 已连接
[2026-03-11 03:42:20] ✅ VPN 已连接
[2026-03-11 03:43:20] ✅ VPN 已连接
[2026-03-11 03:44:20] ✅ VPN 已连接
[2026-03-11 03:45:20] ✅ VPN 已连接
[2026-03-11 03:46:20] ✅ VPN 已连接
[2026-03-11 03:47:20] ✅ VPN 已连接
[2026-03-11 03:48:20] ✅ VPN 已连接
[2026-03-11 03:49:20] ✅ VPN 已连接
[2026-03-11 03:50:20] ✅ VPN 已连接
[2026-03-11 03:51:20] ✅ VPN 已连接
[2026-03-11 03:52:21] ✅ VPN 已连接
[2026-03-11 03:53:21] ✅ VPN 已连接
[2026-03-11 03:54:21] ✅ VPN 已连接
[2026-03-11 03:55:21] ✅ VPN 已连接
[2026-03-11 03:56:21] ✅ VPN 已连接
[2026-03-11 03:57:21] ✅ VPN 已连接
[2026-03-11 03:58:21] ✅ VPN 已连接
[2026-03-11 03:59:21] ✅ VPN 已连接
[2026-03-11 04:00:21] ✅ VPN 已连接
[2026-03-11 04:01:21] ✅ VPN 已连接
[2026-03-11 04:02:21] ✅ VPN 已连接
[2026-03-11 04:03:21] ✅ VPN 已连接
[2026-03-11 04:04:21] ✅ VPN 已连接
[2026-03-11 04:05:21] ✅ VPN 已连接
[2026-03-11 04:06:21] ✅ VPN 已连接
[2026-03-11 04:07:21] ✅ VPN 已连接
[2026-03-11 04:08:21] ✅ VPN 已连接
[2026-03-11 04:09:21] ✅ VPN 已连接
[2026-03-11 04:10:21] ✅ VPN 已连接
[2026-03-11 04:11:21] ✅ VPN 已连接
[2026-03-11 04:12:21] ✅ VPN 已连接
[2026-03-11 04:13:22] ✅ VPN 已连接
[2026-03-11 04:14:22] ✅ VPN 已连接
[2026-03-11 04:15:22] ✅ VPN 已连接
[2026-03-11 04:16:22] ✅ VPN 已连接
[2026-03-11 04:17:22] ✅ VPN 已连接
[2026-03-11 04:18:22] ✅ VPN 已连接
[2026-03-11 04:19:22] ✅ VPN 已连接
[2026-03-11 04:20:22] ✅ VPN 已连接
[2026-03-11 04:21:22] ✅ VPN 已连接
[2026-03-11 04:22:22] ✅ VPN 已连接
[2026-03-11 04:23:22] ✅ VPN 已连接
[2026-03-11 04:24:22] ✅ VPN 已连接
[2026-03-11 04:25:22] ✅ VPN 已连接
[2026-03-11 04:26:22] ✅ VPN 已连接
[2026-03-11 04:27:22] ✅ VPN 已连接
[2026-03-11 04:28:22] ✅ VPN 已连接
[2026-03-11 04:29:22] ✅ VPN 已连接
[2026-03-11 04:30:22] ✅ VPN 已连接
[2026-03-11 04:31:22] ✅ VPN 已连接
[2026-03-11 04:32:23] ✅ VPN 已连接
[2026-03-11 04:33:23] ✅ VPN 已连接
[2026-03-11 04:34:23] ✅ VPN 已连接
[2026-03-11 04:35:23] ✅ VPN 已连接
[2026-03-11 04:36:23] ✅ VPN 已连接
[2026-03-11 04:37:23] ✅ VPN 已连接
[2026-03-11 04:38:23] ✅ VPN 已连接
[2026-03-11 04:39:23] ✅ VPN 已连接
[2026-03-11 04:40:23] ✅ VPN 已连接
[2026-03-11 04:41:23] ✅ VPN 已连接
[2026-03-11 04:42:23] ✅ VPN 已连接
[2026-03-11 04:43:23] ✅ VPN 已连接
[2026-03-11 04:44:23] ✅ VPN 已连接
[2026-03-11 04:45:23] ✅ VPN 已连接
[2026-03-11 04:46:23] ✅ VPN 已连接
[2026-03-11 04:47:23] ✅ VPN 已连接
[2026-03-11 04:48:23] ✅ VPN 已连接
[2026-03-11 04:49:23] ✅ VPN 已连接
[2026-03-11 04:50:23] ✅ VPN 已连接
[2026-03-11 04:51:23] ✅ VPN 已连接
[2026-03-11 04:52:23] ✅ VPN 已连接
[2026-03-11 04:53:24] ❌ VPN 未连接，触发重连...
[2026-03-11 04:53:24] ========== VPN 重连开始 ==========
[2026-03-11 04:53:24] 尝试 1/3...
[2026-03-11 04:53:24] 启动 FortiClient GUI...
[2026-03-11 04:53:27] ❌ FortiClient GUI 启动失败
[2026-03-11 04:53:27] 重试 1 失败：无法启动 FortiClient
[2026-03-11 04:53:37] 尝试 2/3...
[2026-03-11 04:53:37] 启动 FortiClient GUI...
[2026-03-11 04:53:40] ❌ FortiClient GUI 启动失败
[2026-03-11 04:53:40] 重试 2 失败：无法启动 FortiClient
[2026-03-11 04:53:50] 尝试 3/3...
[2026-03-11 04:53:50] 启动 FortiClient GUI...
[2026-03-11 04:53:53] ❌ FortiClient GUI 启动失败
[2026-03-11 04:53:53] 重试 3 失败：无法启动 FortiClient
[2026-03-11 04:54:03] ❌ VPN 重连失败（已尝试 3 次）
[2026-03-11 04:54:03] ========== VPN 重连失败 ==========
[2026-03-11 04:55:03] ❌ VPN 未连接，触发重连...
[2026-03-11 04:55:03] ========== VPN 重连开始 ==========
[2026-03-11 04:55:03] 尝试 1/3...
[2026-03-11 04:55:03] 启动 FortiClient GUI...
[2026-03-11 04:55:06] ❌ FortiClient GUI 启动失败
[2026-03-11 04:55:06] 重试 1 失败：无法启动 FortiClient
[2026-03-11 04:55:16] 尝试 2/3...
[2026-03-11 04:55:16] 启动 FortiClient GUI...
[2026-03-11 04:55:19] ❌ FortiClient GUI 启动失败
[2026-03-11 04:55:19] 重试 2 失败：无法启动 FortiClient
[2026-03-11 04:55:29] 尝试 3/3...
[2026-03-11 04:55:29] 启动 FortiClient GUI...
[2026-03-11 04:55:32] ❌ FortiClient GUI 启动失败
[2026-03-11 04:55:32] 重试 3 失败：无法启动 FortiClient
[2026-03-11 04:55:42] ❌ VPN 重连失败（已尝试 3 次）
[2026-03-11 04:55:42] ========== VPN 重连失败 ==========
[2026-03-11 04:56:42] ✅ VPN 已连接
[2026-03-11 04:57:42] ✅ VPN 已连接
[2026-03-11 04:58:42] ✅ VPN 已连接
[2026-03-11 04:59:42] ✅ VPN 已连接
[2026-03-11 05:00:42] ✅ VPN 已连接
[2026-03-11 05:01:42] ✅ VPN 已连接
[2026-03-11 05:02:42] ✅ VPN 已连接
[2026-03-11 05:03:42] ✅ VPN 已连接
[2026-03-11 05:04:42] ✅ VPN 已连接
[2026-03-11 05:05:42] ✅ VPN 已连接
[2026-03-11 05:06:42] ✅ VPN 已连接
[2026-03-11 05:07:42] ✅ VPN 已连接
[2026-03-11 05:08:42] ✅ VPN 已连接
[2026-03-11 05:09:43] ✅ VPN 已连接
[2026-03-11 05:10:43] ✅ VPN 已连接
[2026-03-11 05:11:43] ✅ VPN 已连接
[2026-03-11 05:12:43] ✅ VPN 已连接
[2026-03-11 05:13:43] ✅ VPN 已连接
[2026-03-11 05:14:43] ✅ VPN 已连接
[2026-03-11 05:15:43] ✅ VPN 已连接
[2026-03-11 05:16:43] ✅ VPN 已连接
[2026-03-11 05:17:43] ✅ VPN 已连接
[2026-03-11 05:18:43] ✅ VPN 已连接
[2026-03-11 05:19:43] ✅ VPN 已连接
[2026-03-11 05:20:43] ✅ VPN 已连接
[2026-03-11 05:21:43] ✅ VPN 已连接
[2026-03-11 05:22:43] ✅ VPN 已连接
[2026-03-11 05:23:43] ✅ VPN 已连接
[2026-03-11 05:24:43] ✅ VPN 已连接
[2026-03-11 05:25:43] ✅ VPN 已连接
[2026-03-11 05:26:43] ✅ VPN 已连接
[2026-03-11 05:27:43] ✅ VPN 已连接
[2026-03-11 05:28:43] ✅ VPN 已连接
[2026-03-11 05:29:44] ✅ VPN 已连接
[2026-03-11 05:30:44] ✅ VPN 已连接
[2026-03-11 05:31:44] ✅ VPN 已连接
[2026-03-11 05:32:44] ✅ VPN 已连接
[2026-03-11 05:33:44] ✅ VPN 已连接
[2026-03-11 05:34:44] ✅ VPN 已连接
[2026-03-11 05:35:44] ✅ VPN 已连接
[2026-03-11 05:36:44] ✅ VPN 已连接
[2026-03-11 05:37:44] ✅ VPN 已连接
[2026-03-11 05:38:44] ✅ VPN 已连接
[2026-03-11 05:39:44] ✅ VPN 已连接
[2026-03-11 05:40:44] ✅ VPN 已连接
[2026-03-11 05:41:44] ✅ VPN 已连接
[2026-03-11 05:42:44] ✅ VPN 已连接
[2026-03-11 05:43:44] ✅ VPN 已连接
[2026-03-11 05:44:44] ✅ VPN 已连接
[2026-03-11 05:45:44] ✅ VPN 已连接
[2026-03-11 05:46:44] ✅ VPN 已连接
[2026-03-11 05:47:44] ✅ VPN 已连接
[2026-03-11 05:48:44] ✅ VPN 已连接
[2026-03-11 05:49:44] ✅ VPN 已连接
[2026-03-11 05:50:45] ✅ VPN 已连接
[2026-03-11 05:51:45] ✅ VPN 已连接
[2026-03-11 05:52:45] ✅ VPN 已连接
[2026-03-11 05:53:45] ✅ VPN 已连接
[2026-03-11 05:54:45] ✅ VPN 已连接
[2026-03-11 05:55:45] ✅ VPN 已连接
[2026-03-11 05:56:45] ✅ VPN 已连接
[2026-03-11 05:57:45] ✅ VPN 已连接
[2026-03-11 05:58:45] ✅ VPN 已连接
[2026-03-11 05:59:45] ✅ VPN 已连接
[2026-03-11 06:00:45] ✅ VPN 已连接
[2026-03-11 06:01:45] ✅ VPN 已连接
[2026-03-11 06:02:45] ✅ VPN 已连接
[2026-03-11 06:03:45] ✅ VPN 已连接
[2026-03-11 06:04:45] ✅ VPN 已连接
[2026-03-11 06:05:45] ✅ VPN 已连接
[2026-03-11 06:06:45] ✅ VPN 已连接
[2026-03-11 06:07:45] ✅ VPN 已连接
[2026-03-11 06:08:45] ✅ VPN 已连接
[2026-03-11 06:09:45] ✅ VPN 已连接
[2026-03-11 06:10:45] ✅ VPN 已连接
[2026-03-11 06:11:46] ✅ VPN 已连接
[2026-03-11 06:12:46] ✅ VPN 已连接
[2026-03-11 06:13:46] ✅ VPN 已连接
[2026-03-11 06:14:46] ✅ VPN 已连接
[2026-03-11 06:15:46] ✅ VPN 已连接
[2026-03-11 06:16:46] ✅ VPN 已连接
[2026-03-11 06:17:46] ✅ VPN 已连接
[2026-03-11 06:18:46] ✅ VPN 已连接
[2026-03-11 06:19:46] ✅ VPN 已连接
[2026-03-11 06:20:46] ✅ VPN 已连接
[2026-03-11 06:21:46] ✅ VPN 已连接
[2026-03-11 06:22:46] ✅ VPN 已连接
[2026-03-11 06:23:46] ✅ VPN 已连接
[2026-03-11 06:24:46] ✅ VPN 已连接
[2026-03-11 06:25:46] ✅ VPN 已连接
[2026-03-11 06:26:46] ✅ VPN 已连接
[2026-03-11 06:27:46] ✅ VPN 已连接
[2026-03-11 06:28:46] ✅ VPN 已连接
[2026-03-11 06:29:46] ✅ VPN 已连接
[2026-03-11 06:30:46] ✅ VPN 已连接
[2026-03-11 06:31:47] ✅ VPN 已连接
[2026-03-11 06:32:47] ✅ VPN 已连接
[2026-03-11 06:33:47] ✅ VPN 已连接
[2026-03-11 06:34:47] ✅ VPN 已连接
[2026-03-11 06:35:47] ✅ VPN 已连接
[2026-03-11 06:36:47] ✅ VPN 已连接
[2026-03-11 06:37:47] ✅ VPN 已连接
[2026-03-11 06:38:47] ✅ VPN 已连接
[2026-03-11 06:39:47] ✅ VPN 已连接
[2026-03-11 06:40:47] ✅ VPN 已连接
[2026-03-11 06:41:47] ✅ VPN 已连接
[2026-03-11 06:42:47] ✅ VPN 已连接
[2026-03-11 06:43:47] ✅ VPN 已连接
[2026-03-11 06:44:47] ✅ VPN 已连接
[2026-03-11 06:45:47] ✅ VPN 已连接
[2026-03-11 06:46:47] ✅ VPN 已连接
[2026-03-11 06:47:47] ✅ VPN 已连接
[2026-03-11 06:48:47] ✅ VPN 已连接
[2026-03-11 06:49:47] ✅ VPN 已连接
[2026-03-11 06:50:47] ✅ VPN 已连接
[2026-03-11 06:51:47] ✅ VPN 已连接
[2026-03-11 06:52:48] ✅ VPN 已连接
[2026-03-11 06:53:48] ✅ VPN 已连接
[2026-03-11 06:54:48] ✅ VPN 已连接
[2026-03-11 06:55:48] ✅ VPN 已连接
[2026-03-11 06:56:48] ✅ VPN 已连接
[2026-03-11 06:57:48] ✅ VPN 已连接
[2026-03-11 06:58:48] ✅ VPN 已连接
[2026-03-11 06:59:48] ✅ VPN 已连接
[2026-03-11 07:00:48] ✅ VPN 已连接
[2026-03-11 07:01:48] ✅ VPN 已连接
[2026-03-11 07:02:48] ✅ VPN 已连接
[2026-03-11 07:03:48] ✅ VPN 已连接
[2026-03-11 07:04:48] ✅ VPN 已连接
[2026-03-11 07:05:48] ✅ VPN 已连接
[2026-03-11 07:06:48] ✅ VPN 已连接
[2026-03-11 07:07:48] ✅ VPN 已连接
[2026-03-11 07:08:48] ✅ VPN 已连接
[2026-03-11 07:09:48] ✅ VPN 已连接
[2026-03-11 07:10:48] ✅ VPN 已连接
[2026-03-11 07:11:48] ✅ VPN 已连接
[2026-03-11 07:12:48] ✅ VPN 已连接
[2026-03-11 07:13:49] ✅ VPN 已连接
[2026-03-11 07:14:49] ✅ VPN 已连接
[2026-03-11 07:15:49] ✅ VPN 已连接
[2026-03-11 07:16:49] ✅ VPN 已连接
[2026-03-11 07:17:49] ✅ VPN 已连接
[2026-03-11 07:18:49] ✅ VPN 已连接
[2026-03-11 07:19:49] ✅ VPN 已连接
[2026-03-11 07:20:49] ✅ VPN 已连接
[2026-03-11 07:21:49] ✅ VPN 已连接
[2026-03-11 07:22:49] ✅ VPN 已连接
[2026-03-11 07:23:49] ✅ VPN 已连接
[2026-03-11 07:24:49] ✅ VPN 已连接
[2026-03-11 07:25:49] ✅ VPN 已连接
[2026-03-11 07:26:49] ✅ VPN 已连接
[2026-03-11 07:27:49] ✅ VPN 已连接
[2026-03-11 07:28:49] ✅ VPN 已连接
[2026-03-11 07:29:49] ✅ VPN 已连接
[2026-03-11 07:30:49] ✅ VPN 已连接
[2026-03-11 07:31:49] ✅ VPN 已连接
[2026-03-11 07:32:49] ✅ VPN 已连接
[2026-03-11 07:33:50] ✅ VPN 已连接
[2026-03-11 07:34:50] ✅ VPN 已连接
[2026-03-11 07:35:50] ✅ VPN 已连接
[2026-03-11 07:36:50] ✅ VPN 已连接
[2026-03-11 07:37:50] ✅ VPN 已连接
[2026-03-11 07:38:50] ✅ VPN 已连接
[2026-03-11 07:39:50] ✅ VPN 已连接
[2026-03-11 07:40:50] ✅ VPN 已连接
[2026-03-11 07:41:50] ✅ VPN 已连接
[2026-03-11 07:42:50] ✅ VPN 已连接
[2026-03-11 07:43:50] ✅ VPN 已连接
[2026-03-11 07:44:50] ✅ VPN 已连接
[2026-03-11 07:45:50] ✅ VPN 已连接
[2026-03-11 07:46:50] ✅ VPN 已连接
[2026-03-11 07:47:50] ✅ VPN 已连接
[2026-03-11 07:48:50] ✅ VPN 已连接
[2026-03-11 07:49:50] ✅ VPN 已连接
[2026-03-11 07:50:50] ✅ VPN 已连接
[2026-03-11 07:51:50] ✅ VPN 已连接
[2026-03-11 07:52:50] ✅ VPN 已连接
[2026-03-11 07:53:50] ✅ VPN 已连接
[2026-03-11 07:54:51] ✅ VPN 已连接
[2026-03-11 07:55:51] ✅ VPN 已连接
[2026-03-11 07:56:51] ✅ VPN 已连接
[2026-03-11 07:57:51] ✅ VPN 已连接
[2026-03-11 07:58:51] ✅ VPN 已连接
[2026-03-11 07:59:51] ✅ VPN 已连接
[2026-03-11 08:00:51] ✅ VPN 已连接
[2026-03-11 08:01:51] ✅ VPN 已连接
[2026-03-11 08:02:51] ✅ VPN 已连接
[2026-03-11 08:03:51] ✅ VPN 已连接
[2026-03-11 08:04:51] ✅ VPN 已连接
[2026-03-11 08:05:51] ✅ VPN 已连接
[2026-03-11 08:06:51] ✅ VPN 已连接
[2026-03-11 08:07:51] ✅ VPN 已连接
[2026-03-11 08:08:51] ✅ VPN 已连接
[2026-03-11 08:09:51] ✅ VPN 已连接
[2026-03-11 08:10:51] ✅ VPN 已连接
[2026-03-11 08:11:51] ✅ VPN 已连接
[2026-03-11 08:12:51] ✅ VPN 已连接
[2026-03-11 08:13:51] ✅ VPN 已连接
[2026-03-11 08:14:52] ✅ VPN 已连接
[2026-03-11 08:15:52] ✅ VPN 已连接
[2026-03-11 08:16:52] ✅ VPN 已连接
[2026-03-11 08:17:52] ✅ VPN 已连接
[2026-03-11 08:18:52] ✅ VPN 已连接
[2026-03-11 08:19:52] ✅ VPN 已连接
[2026-03-11 08:20:52] ✅ VPN 已连接
[2026-03-11 08:21:52] ✅ VPN 已连接
[2026-03-11 08:22:52] ✅ VPN 已连接
[2026-03-11 08:23:52] ✅ VPN 已连接
[2026-03-11 08:24:52] ✅ VPN 已连接
[2026-03-11 08:25:52] ✅ VPN 已连接
[2026-03-11 08:26:52] ✅ VPN 已连接
[2026-03-11 08:27:52] ✅ VPN 已连接
[2026-03-11 08:28:52] ✅ VPN 已连接
[2026-03-11 08:29:52] ✅ VPN 已连接
[2026-03-11 08:30:52] ✅ VPN 已连接
[2026-03-11 08:31:52] ✅ VPN 已连接
[2026-03-11 08:32:52] ✅ VPN 已连接
[2026-03-11 08:33:52] ✅ VPN 已连接
[2026-03-11 08:34:52] ✅ VPN 已连接
[2026-03-11 08:35:53] ✅ VPN 已连接
[2026-03-11 08:36:53] ✅ VPN 已连接
[2026-03-11 08:37:53] ✅ VPN 已连接
[2026-03-11 08:38:53] ✅ VPN 已连接
[2026-03-11 08:39:53] ✅ VPN 已连接
[2026-03-11 08:40:53] ✅ VPN 已连接
[2026-03-11 08:41:53] ✅ VPN 已连接
[2026-03-11 08:42:53] ✅ VPN 已连接
[2026-03-11 08:43:53] ✅ VPN 已连接
[2026-03-11 08:44:53] ✅ VPN 已连接
[2026-03-11 08:45:53] ✅ VPN 已连接
[2026-03-11 08:46:53] ✅ VPN 已连接
[2026-03-11 08:47:53] ✅ VPN 已连接
[2026-03-11 08:48:53] ✅ VPN 已连接
[2026-03-11 08:49:53] ✅ VPN 已连接
[2026-03-11 08:50:53] ✅ VPN 已连接
[2026-03-11 08:51:53] ✅ VPN 已连接
[2026-03-11 08:52:53] ✅ VPN 已连接
[2026-03-11 08:53:53] ✅ VPN 已连接
[2026-03-11 08:54:53] ✅ VPN 已连接
[2026-03-11 08:55:53] ✅ VPN 已连接
[2026-03-11 08:56:54] ✅ VPN 已连接
[2026-03-11 08:57:54] ✅ VPN 已连接
[2026-03-11 08:58:54] ✅ VPN 已连接
[2026-03-11 08:59:54] ✅ VPN 已连接
[2026-03-11 09:00:54] ✅ VPN 已连接
[2026-03-11 09:01:54] ✅ VPN 已连接
[2026-03-11 09:02:54] ✅ VPN 已连接
[2026-03-11 09:03:54] ✅ VPN 已连接
[2026-03-11 09:04:54] ✅ VPN 已连接
[2026-03-11 09:05:54] ✅ VPN 已连接
[2026-03-11 09:06:54] ✅ VPN 已连接
[2026-03-11 09:07:54] ✅ VPN 已连接
[2026-03-11 09:08:54] ✅ VPN 已连接
[2026-03-11 09:09:54] ✅ VPN 已连接
[2026-03-11 09:10:54] ✅ VPN 已连接
[2026-03-11 09:11:54] ✅ VPN 已连接
[2026-03-11 09:12:54] ✅ VPN 已连接
[2026-03-11 09:13:54] ✅ VPN 已连接
[2026-03-11 09:14:54] ✅ VPN 已连接
[2026-03-11 09:15:54] ✅ VPN 已连接
[2026-03-11 09:16:54] ✅ VPN 已连接
[2026-03-11 09:17:55] ✅ VPN 已连接
[2026-03-11 09:18:55] ✅ VPN 已连接
[2026-03-11 09:19:55] ✅ VPN 已连接
[2026-03-11 09:20:55] ✅ VPN 已连接
[2026-03-11 09:21:55] ✅ VPN 已连接
[2026-03-11 09:22:55] ✅ VPN 已连接
[2026-03-11 09:23:55] ✅ VPN 已连接
[2026-03-11 09:24:55] ✅ VPN 已连接
[2026-03-11 09:25:55] ✅ VPN 已连接
[2026-03-11 09:26:55] ✅ VPN 已连接
[2026-03-11 09:27:55] ✅ VPN 已连接
[2026-03-11 09:28:55] ✅ VPN 已连接
[2026-03-11 09:29:55] ✅ VPN 已连接
[2026-03-11 09:30:55] ✅ VPN 已连接
[2026-03-11 09:31:55] ✅ VPN 已连接
[2026-03-11 09:32:55] ✅ VPN 已连接
[2026-03-11 09:33:55] ✅ VPN 已连接
[2026-03-11 09:34:55] ✅ VPN 已连接
[2026-03-11 09:35:55] ✅ VPN 已连接
[2026-03-11 09:36:55] ✅ VPN 已连接
[2026-03-11 09:37:55] ✅ VPN 已连接
[2026-03-11 09:38:56] ✅ VPN 已连接
[2026-03-11 09:39:56] ✅ VPN 已连接
[2026-03-11 09:40:56] ✅ VPN 已连接
[2026-03-11 09:41:56] ✅ VPN 已连接
[2026-03-11 09:42:56] ✅ VPN 已连接
[2026-03-11 09:43:56] ✅ VPN 已连接
[2026-03-11 09:44:56] ✅ VPN 已连接
[2026-03-11 09:45:56] ✅ VPN 已连接
[2026-03-11 09:46:56] ✅ VPN 已连接
[2026-03-11 09:47:56] ✅ VPN 已连接
[2026-03-11 09:48:56] ✅ VPN 已连接
[2026-03-11 09:49:56] ✅ VPN 已连接
[2026-03-11 09:50:56] ✅ VPN 已连接
[2026-03-11 09:51:56] ✅ VPN 已连接
[2026-03-11 09:52:56] ✅ VPN 已连接
[2026-03-11 09:53:56] ✅ VPN 已连接
[2026-03-11 09:54:56] ✅ VPN 已连接
[2026-03-11 09:55:56] ✅ VPN 已连接
[2026-03-11 09:56:56] ✅ VPN 已连接
[2026-03-11 09:57:56] ✅ VPN 已连接
[2026-03-11 09:58:57] ✅ VPN 已连接
[2026-03-11 09:59:57] ✅ VPN 已连接
[2026-03-11 10:00:57] ✅ VPN 已连接
[2026-03-11 10:01:57] ✅ VPN 已连接
[2026-03-11 10:02:57] ✅ VPN 已连接
[2026-03-11 10:03:57] ✅ VPN 已连接
[2026-03-11 10:04:57] ✅ VPN 已连接
[2026-03-11 10:05:57] ✅ VPN 已连接
[2026-03-11 10:06:57] ✅ VPN 已连接
[2026-03-11 10:07:57] ✅ VPN 已连接
[2026-03-11 10:08:57] ✅ VPN 已连接
[2026-03-11 10:09:57] ✅ VPN 已连接
[2026-03-11 10:10:57] ✅ VPN 已连接
[2026-03-11 10:11:57] ✅ VPN 已连接
[2026-03-11 10:12:57] ✅ VPN 已连接
[2026-03-11 10:13:57] ✅ VPN 已连接
[2026-03-11 10:14:57] ✅ VPN 已连接
[2026-03-11 10:15:57] ✅ VPN 已连接
[2026-03-11 10:16:57] ✅ VPN 已连接
[2026-03-11 10:17:57] ✅ VPN 已连接
[2026-03-11 10:18:57] ✅ VPN 已连接
[2026-03-11 10:19:58] ✅ VPN 已连接
[2026-03-11 10:20:58] ✅ VPN 已连接
[2026-03-11 10:21:58] ✅ VPN 已连接
[2026-03-11 10:22:58] ✅ VPN 已连接
[2026-03-11 10:23:58] ✅ VPN 已连接
[2026-03-11 10:24:58] ✅ VPN 已连接
[2026-03-11 10:25:58] ✅ VPN 已连接
[2026-03-11 10:26:58] ✅ VPN 已连接
[2026-03-11 10:27:58] ✅ VPN 已连接
[2026-03-11 10:28:58] ✅ VPN 已连接
[2026-03-11 10:29:58] ✅ VPN 已连接
[2026-03-11 10:30:58] ✅ VPN 已连接
[2026-03-11 10:31:58] ✅ VPN 已连接
[2026-03-11 10:32:58] ✅ VPN 已连接
[2026-03-11 10:33:58] ✅ VPN 已连接
[2026-03-11 10:34:58] ✅ VPN 已连接
[2026-03-11 10:35:58] ✅ VPN 已连接
[2026-03-11 10:36:58] ✅ VPN 已连接
[2026-03-11 10:37:58] ✅ VPN 已连接
[2026-03-11 10:38:58] ✅ VPN 已连接
[2026-03-11 10:39:58] ✅ VPN 已连接
[2026-03-11 10:40:59] ✅ VPN 已连接
[2026-03-11 10:41:59] ✅ VPN 已连接
[2026-03-11 10:42:59] ✅ VPN 已连接
[2026-03-11 10:43:59] ✅ VPN 已连接
[2026-03-11 10:44:59] ✅ VPN 已连接
[2026-03-11 10:45:59] ✅ VPN 已连接
[2026-03-11 10:46:59] ✅ VPN 已连接
[2026-03-11 10:47:59] ✅ VPN 已连接
[2026-03-11 10:48:59] ✅ VPN 已连接
[2026-03-11 10:49:59] ✅ VPN 已连接
[2026-03-11 10:50:59] ✅ VPN 已连接
[2026-03-11 10:51:59] ✅ VPN 已连接
[2026-03-11 10:52:59] ✅ VPN 已连接
[2026-03-11 10:53:59] ✅ VPN 已连接
[2026-03-11 10:54:59] ✅ VPN 已连接
[2026-03-11 10:55:59] ✅ VPN 已连接
[2026-03-11 10:56:59] ✅ VPN 已连接
[2026-03-11 10:57:59] ✅ VPN 已连接
[2026-03-11 10:58:59] ✅ VPN 已连接
[2026-03-11 10:59:59] ✅ VPN 已连接
[2026-03-11 11:00:59] ✅ VPN 已连接
[2026-03-11 11:02:00] ✅ VPN 已连接
[2026-03-11 11:03:00] ✅ VPN 已连接
[2026-03-11 11:04:00] ✅ VPN 已连接
[2026-03-11 11:05:00] ✅ VPN 已连接
[2026-03-11 11:06:00] ✅ VPN 已连接
[2026-03-11 11:07:00] ✅ VPN 已连接
[2026-03-11 11:08:00] ✅ VPN 已连接
[2026-03-11 11:09:00] ✅ VPN 已连接
[2026-03-11 11:10:00] ✅ VPN 已连接
[2026-03-11 11:11:00] ✅ VPN 已连接
[2026-03-11 11:12:00] ✅ VPN 已连接
[2026-03-11 11:13:00] ✅ VPN 已连接
[2026-03-11 11:14:00] ✅ VPN 已连接
[2026-03-11 11:15:00] ✅ VPN 已连接
[2026-03-11 11:16:00] ✅ VPN 已连接
[2026-03-11 11:17:00] ✅ VPN 已连接
[2026-03-11 11:18:00] ✅ VPN 已连接
[2026-03-11 11:19:00] ✅ VPN 已连接
[2026-03-11 11:20:00] ✅ VPN 已连接
[2026-03-11 11:21:00] ✅ VPN 已连接
[2026-03-11 11:22:00] ✅ VPN 已连接
[2026-03-11 11:23:01] ✅ VPN 已连接
[2026-03-11 11:24:01] ✅ VPN 已连接
[2026-03-11 11:25:01] ✅ VPN 已连接
[2026-03-11 11:26:01] ✅ VPN 已连接
[2026-03-11 11:27:01] ✅ VPN 已连接
[2026-03-11 11:28:01] ✅ VPN 已连接
[2026-03-11 11:29:01] ✅ VPN 已连接
[2026-03-11 11:30:01] ✅ VPN 已连接
[2026-03-11 11:31:01] ✅ VPN 已连接
[2026-03-11 11:32:01] ✅ VPN 已连接
[2026-03-11 11:33:01] ✅ VPN 已连接
[2026-03-11 11:34:01] ✅ VPN 已连接
[2026-03-11 11:35:01] ✅ VPN 已连接
[2026-03-11 11:36:01] ✅ VPN 已连接
[2026-03-11 11:37:01] ✅ VPN 已连接
[2026-03-11 11:38:01] ✅ VPN 已连接
[2026-03-11 11:39:01] ✅ VPN 已连接
[2026-03-11 11:40:01] ✅ VPN 已连接
[2026-03-11 11:41:01] ✅ VPN 已连接
[2026-03-11 11:42:01] ✅ VPN 已连接
[2026-03-11 11:43:02] ✅ VPN 已连接
[2026-03-11 11:44:02] ✅ VPN 已连接
[2026-03-11 11:45:02] ✅ VPN 已连接
[2026-03-11 11:46:02] ✅ VPN 已连接
[2026-03-11 11:47:02] ✅ VPN 已连接
[2026-03-11 11:48:02] ✅ VPN 已连接
[2026-03-11 11:49:02] ✅ VPN 已连接
[2026-03-11 11:50:02] ✅ VPN 已连接
[2026-03-11 11:51:02] ✅ VPN 已连接
[2026-03-11 11:52:02] ✅ VPN 已连接
[2026-03-11 11:53:02] ✅ VPN 已连接
[2026-03-11 11:54:02] ✅ VPN 已连接
[2026-03-11 11:55:02] ✅ VPN 已连接
[2026-03-11 11:56:02] ✅ VPN 已连接
[2026-03-11 11:57:02] ✅ VPN 已连接
[2026-03-11 11:58:02] ✅ VPN 已连接
[2026-03-11 11:59:02] ✅ VPN 已连接
[2026-03-11 12:00:02] ✅ VPN 已连接
[2026-03-11 12:01:02] ✅ VPN 已连接
[2026-03-11 12:02:02] ✅ VPN 已连接
[2026-03-11 12:03:03] ✅ VPN 已连接
[2026-03-11 12:04:03] ✅ VPN 已连接
[2026-03-11 12:05:03] ✅ VPN 已连接
[2026-03-11 12:06:03] ✅ VPN 已连接
[2026-03-11 12:07:03] ✅ VPN 已连接
[2026-03-11 12:08:03] ✅ VPN 已连接
[2026-03-11 12:09:03] ✅ VPN 已连接
[2026-03-11 12:10:03] ✅ VPN 已连接
[2026-03-11 12:11:03] ✅ VPN 已连接
[2026-03-11 12:12:03] ✅ VPN 已连接
[2026-03-11 12:13:03] ✅ VPN 已连接
[2026-03-11 12:14:03] ✅ VPN 已连接
[2026-03-11 12:15:03] ✅ VPN 已连接
[2026-03-11 12:16:03] ✅ VPN 已连接
[2026-03-11 12:17:03] ✅ VPN 已连接
[2026-03-11 12:18:03] ✅ VPN 已连接
[2026-03-11 12:19:03] ✅ VPN 已连接
[2026-03-11 12:20:03] ✅ VPN 已连接
[2026-03-11 12:21:04] ✅ VPN 已连接
[2026-03-11 12:22:04] ✅ VPN 已连接
[2026-03-11 12:23:04] ✅ VPN 已连接
[2026-03-11 12:24:04] ✅ VPN 已连接
[2026-03-11 12:25:04] ✅ VPN 已连接
[2026-03-11 12:26:04] ✅ VPN 已连接
[2026-03-11 12:27:04] ✅ VPN 已连接
[2026-03-11 12:28:04] ✅ VPN 已连接
[2026-03-11 12:29:04] ✅ VPN 已连接
[2026-03-11 12:30:04] ✅ VPN 已连接
[2026-03-11 12:31:04] ✅ VPN 已连接
[2026-03-11 12:32:04] ✅ VPN 已连接
[2026-03-11 12:33:04] ✅ VPN 已连接
[2026-03-11 12:34:04] ✅ VPN 已连接
[2026-03-11 12:35:04] ✅ VPN 已连接
[2026-03-11 12:36:05] ✅ VPN 已连接
[2026-03-11 12:37:05] ✅ VPN 已连接
[2026-03-11 12:38:05] ✅ VPN 已连接
[2026-03-11 12:39:05] ✅ VPN 已连接
[2026-03-11 12:40:05] ✅ VPN 已连接
[2026-03-11 12:41:05] ✅ VPN 已连接
[2026-03-11 12:42:05] ✅ VPN 已连接
[2026-03-11 12:43:05] ✅ VPN 已连接
[2026-03-11 12:44:05] ✅ VPN 已连接
[2026-03-11 12:45:05] ✅ VPN 已连接
[2026-03-11 12:46:05] ✅ VPN 已连接
[2026-03-11 12:47:05] ✅ VPN 已连接
[2026-03-11 12:48:05] ✅ VPN 已连接
[2026-03-11 12:49:05] ✅ VPN 已连接
[2026-03-11 12:50:05] ✅ VPN 已连接
[2026-03-11 12:51:05] ✅ VPN 已连接
[2026-03-11 12:52:05] ✅ VPN 已连接
[2026-03-11 12:53:05] ✅ VPN 已连接
[2026-03-11 12:54:05] ✅ VPN 已连接
[2026-03-11 12:55:06] ✅ VPN 已连接
[2026-03-11 12:56:06] ❌ VPN 未连接，触发重连...
[2026-03-11 12:56:06] ========== VPN 重连开始 ==========
[2026-03-11 12:56:06] 尝试 1/3...
[2026-03-11 12:56:06] 启动 FortiClient GUI...
[2026-03-11 12:56:09] ❌ FortiClient GUI 启动失败
[2026-03-11 12:56:09] 重试 1 失败：无法启动 FortiClient
[2026-03-11 12:56:19] 尝试 2/3...
[2026-03-11 12:56:19] 启动 FortiClient GUI...
[2026-03-11 12:56:22] ❌ FortiClient GUI 启动失败
[2026-03-11 12:56:22] 重试 2 失败：无法启动 FortiClient
[2026-03-11 12:56:32] 尝试 3/3...
[2026-03-11 12:56:32] 启动 FortiClient GUI...
[2026-03-11 12:56:35] ❌ FortiClient GUI 启动失败
[2026-03-11 12:56:35] 重试 3 失败：无法启动 FortiClient
[2026-03-11 12:56:45] ❌ VPN 重连失败（已尝试 3 次）
[2026-03-11 12:56:45] ========== VPN 重连失败 ==========
[2026-03-11 12:57:45] ❌ VPN 未连接，触发重连...
[2026-03-11 12:57:45] ========== VPN 重连开始 ==========
[2026-03-11 12:57:45] 尝试 1/3...
[2026-03-11 12:57:45] 启动 FortiClient GUI...
[2026-03-11 12:57:48] ❌ FortiClient GUI 启动失败
[2026-03-11 12:57:48] 重试 1 失败：无法启动 FortiClient
[2026-03-11 12:57:58] 尝试 2/3...
[2026-03-11 12:57:58] 启动 FortiClient GUI...
[2026-03-11 12:58:01] ❌ FortiClient GUI 启动失败
[2026-03-11 12:58:01] 重试 2 失败：无法启动 FortiClient
[2026-03-11 12:58:11] 尝试 3/3...
[2026-03-11 12:58:11] 启动 FortiClient GUI...
[2026-03-11 12:58:14] ❌ FortiClient GUI 启动失败
[2026-03-11 12:58:14] 重试 3 失败：无法启动 FortiClient
[2026-03-11 12:58:24] ❌ VPN 重连失败（已尝试 3 次）
[2026-03-11 12:58:24] ========== VPN 重连失败 ==========
[2026-03-11 12:59:24] ✅ VPN 已连接
[2026-03-11 13:00:24] ✅ VPN 已连接
[2026-03-11 13:01:24] ✅ VPN 已连接
[2026-03-11 13:02:24] ✅ VPN 已连接
[2026-03-11 13:03:24] ✅ VPN 已连接
[2026-03-11 13:04:24] ✅ VPN 已连接
[2026-03-11 13:05:24] ✅ VPN 已连接
[2026-03-11 13:06:24] ✅ VPN 已连接
[2026-03-11 13:07:24] ✅ VPN 已连接
[2026-03-11 13:08:24] ✅ VPN 已连接
[2026-03-11 13:09:24] ✅ VPN 已连接
[2026-03-11 13:10:25] ✅ VPN 已连接
[2026-03-11 13:11:25] ✅ VPN 已连接
[2026-03-11 13:12:25] ✅ VPN 已连接
[2026-03-11 13:13:25] ✅ VPN 已连接
[2026-03-11 13:14:25] ✅ VPN 已连接
[2026-03-11 13:15:25] ✅ VPN 已连接
[2026-03-11 13:16:25] ✅ VPN 已连接
[2026-03-11 13:17:25] ✅ VPN 已连接
[2026-03-11 13:18:25] ✅ VPN 已连接
[2026-03-11 13:19:25] ✅ VPN 已连接
[2026-03-11 13:20:25] ✅ VPN 已连接
[2026-03-11 13:21:25] ✅ VPN 已连接
[2026-03-11 13:22:25] ✅ VPN 已连接
[2026-03-11 13:23:25] ✅ VPN 已连接
[2026-03-11 13:24:25] ✅ VPN 已连接
[2026-03-11 13:25:25] ✅ VPN 已连接
[2026-03-11 13:26:25] ✅ VPN 已连接
[2026-03-11 13:27:25] ✅ VPN 已连接
[2026-03-11 13:28:26] ✅ VPN 已连接
[2026-03-11 13:29:26] ✅ VPN 已连接
[2026-03-11 13:30:26] ✅ VPN 已连接
[2026-03-11 13:31:26] ✅ VPN 已连接
[2026-03-11 13:32:26] ✅ VPN 已连接
[2026-03-11 13:33:26] ✅ VPN 已连接
[2026-03-11 13:34:26] ✅ VPN 已连接
[2026-03-11 13:35:26] ✅ VPN 已连接
[2026-03-11 13:36:26] ✅ VPN 已连接
[2026-03-11 13:37:26] ✅ VPN 已连接
[2026-03-11 13:38:26] ✅ VPN 已连接
[2026-03-11 13:39:26] ✅ VPN 已连接
[2026-03-11 13:40:26] ✅ VPN 已连接
[2026-03-11 13:41:26] ✅ VPN 已连接
[2026-03-11 13:42:26] ✅ VPN 已连接
[2026-03-11 13:43:26] ✅ VPN 已连接
[2026-03-11 13:44:26] ✅ VPN 已连接
[2026-03-11 13:45:27] ✅ VPN 已连接
[2026-03-11 13:46:27] ✅ VPN 已连接
[2026-03-11 13:47:27] ✅ VPN 已连接
[2026-03-11 13:48:27] ✅ VPN 已连接
[2026-03-11 13:49:27] ✅ VPN 已连接
[2026-03-11 13:50:27] ✅ VPN 已连接
[2026-03-11 13:51:27] ✅ VPN 已连接
[2026-03-11 13:52:27] ✅ VPN 已连接
[2026-03-11 13:53:27] ✅ VPN 已连接
[2026-03-11 13:54:27] ✅ VPN 已连接
[2026-03-11 13:55:27] ✅ VPN 已连接
[2026-03-11 13:56:27] ✅ VPN 已连接
[2026-03-11 13:57:27] ✅ VPN 已连接
[2026-03-11 13:58:27] ✅ VPN 已连接
[2026-03-11 13:59:27] ✅ VPN 已连接
[2026-03-11 14:00:27] ✅ VPN 已连接
[2026-03-11 14:01:27] ✅ VPN 已连接
[2026-03-11 14:02:28] ✅ VPN 已连接
[2026-03-11 14:03:28] ✅ VPN 已连接
[2026-03-11 14:04:28] ✅ VPN 已连接
[2026-03-11 14:05:28] ✅ VPN 已连接
[2026-03-11 14:06:28] ✅ VPN 已连接
[2026-03-11 14:07:28] ✅ VPN 已连接
[2026-03-11 14:08:28] ✅ VPN 已连接
[2026-03-11 14:09:28] ✅ VPN 已连接
[2026-03-11 14:10:28] ✅ VPN 已连接
[2026-03-11 14:11:28] ✅ VPN 已连接
[2026-03-11 14:12:28] ✅ VPN 已连接
[2026-03-11 14:13:28] ✅ VPN 已连接
[2026-03-11 14:14:28] ✅ VPN 已连接
[2026-03-11 14:15:28] ✅ VPN 已连接
[2026-03-11 14:16:28] ✅ VPN 已连接
[2026-03-11 14:17:28] ✅ VPN 已连接
[2026-03-11 14:18:28] ✅ VPN 已连接
[2026-03-11 14:19:29] ✅ VPN 已连接
[2026-03-11 14:20:29] ✅ VPN 已连接
[2026-03-11 14:21:29] ✅ VPN 已连接
[2026-03-11 14:22:29] ✅ VPN 已连接
[2026-03-11 14:23:29] ✅ VPN 已连接
[2026-03-11 14:24:29] ✅ VPN 已连接
[2026-03-11 14:25:29] ✅ VPN 已连接
[2026-03-11 14:26:29] ✅ VPN 已连接
[2026-03-11 14:27:29] ✅ VPN 已连接
[2026-03-11 14:28:29] ✅ VPN 已连接
[2026-03-11 14:29:29] ✅ VPN 已连接
[2026-03-11 14:30:29] ✅ VPN 已连接
[2026-03-11 14:31:29] ✅ VPN 已连接
[2026-03-11 14:32:29] ✅ VPN 已连接
[2026-03-11 14:33:29] ✅ VPN 已连接
[2026-03-11 14:34:29] ✅ VPN 已连接
[2026-03-11 14:35:29] ✅ VPN 已连接
[2026-03-11 14:36:30] ✅ VPN 已连接
[2026-03-11 14:37:30] ✅ VPN 已连接
[2026-03-11 14:38:30] ✅ VPN 已连接
[2026-03-11 14:39:30] ✅ VPN 已连接
[2026-03-11 14:40:30] ✅ VPN 已连接
[2026-03-11 14:41:30] ✅ VPN 已连接
[2026-03-11 14:42:30] ✅ VPN 已连接
[2026-03-11 14:43:30] ✅ VPN 已连接
[2026-03-11 14:44:30] ✅ VPN 已连接
[2026-03-11 14:45:30] ✅ VPN 已连接
[2026-03-11 14:46:30] ✅ VPN 已连接
[2026-03-11 14:47:30] ✅ VPN 已连接
[2026-03-11 14:48:30] ✅ VPN 已连接
[2026-03-11 14:49:30] ✅ VPN 已连接
[2026-03-11 14:50:30] ✅ VPN 已连接
[2026-03-11 14:51:31] ✅ VPN 已连接
[2026-03-11 14:52:31] ✅ VPN 已连接
[2026-03-11 14:53:31] ✅ VPN 已连接
[2026-03-11 14:54:31] ✅ VPN 已连接
[2026-03-11 14:55:31] ✅ VPN 已连接
[2026-03-11 14:56:31] ✅ VPN 已连接
[2026-03-11 14:57:31] ✅ VPN 已连接
[2026-03-11 14:58:31] ✅ VPN 已连接
[2026-03-11 14:59:31] ✅ VPN 已连接
[2026-03-11 15:00:31] ✅ VPN 已连接
[2026-03-11 15:01:31] ✅ VPN 已连接
[2026-03-11 15:02:31] ✅ VPN 已连接
[2026-03-11 15:03:31] ✅ VPN 已连接
[2026-03-11 15:04:31] ✅ VPN 已连接
[2026-03-11 15:05:31] ✅ VPN 已连接
[2026-03-11 15:06:31] ✅ VPN 已连接
[2026-03-11 15:07:31] ✅ VPN 已连接
[2026-03-11 15:08:32] ✅ VPN 已连接
[2026-03-11 15:09:32] ✅ VPN 已连接
[2026-03-11 15:10:32] ✅ VPN 已连接
[2026-03-11 15:11:32] ✅ VPN 已连接
[2026-03-11 15:12:32] ✅ VPN 已连接
[2026-03-11 15:13:32] ✅ VPN 已连接
[2026-03-11 15:14:32] ✅ VPN 已连接
[2026-03-11 15:15:32] ✅ VPN 已连接
[2026-03-11 15:16:32] ✅ VPN 已连接
[2026-03-11 15:17:32] ✅ VPN 已连接
[2026-03-11 15:18:32] ✅ VPN 已连接
[2026-03-11 15:19:32] ✅ VPN 已连接
[2026-03-11 15:20:32] ✅ VPN 已连接
[2026-03-11 15:21:32] ✅ VPN 已连接
[2026-03-11 15:22:32] ✅ VPN 已连接
[2026-03-11 15:23:32] ✅ VPN 已连接
[2026-03-11 15:24:33] ✅ VPN 已连接
[2026-03-11 15:25:33] ✅ VPN 已连接
[2026-03-11 15:26:33] ✅ VPN 已连接
[2026-03-11 15:27:33] ✅ VPN 已连接
[2026-03-11 15:28:33] ✅ VPN 已连接
[2026-03-11 15:29:33] ✅ VPN 已连接
[2026-03-11 15:30:33] ✅ VPN 已连接
[2026-03-11 15:31:33] ✅ VPN 已连接
[2026-03-11 15:32:33] ✅ VPN 已连接
[2026-03-11 15:33:33] ✅ VPN 已连接
[2026-03-11 15:34:33] ✅ VPN 已连接
[2026-03-11 15:35:33] ✅ VPN 已连接
[2026-03-11 15:36:33] ✅ VPN 已连接
[2026-03-11 15:37:33] ✅ VPN 已连接
[2026-03-11 15:38:33] ✅ VPN 已连接
[2026-03-11 15:39:33] ✅ VPN 已连接
[2026-03-11 15:40:33] ✅ VPN 已连接
[2026-03-11 15:41:33] ✅ VPN 已连接
[2026-03-11 15:42:33] ✅ VPN 已连接
[2026-03-11 15:43:34] ✅ VPN 已连接
[2026-03-11 15:44:34] ✅ VPN 已连接
[2026-03-11 15:45:34] ✅ VPN 已连接
[2026-03-11 15:46:34] ✅ VPN 已连接
[2026-03-11 15:47:34] ✅ VPN 已连接
[2026-03-11 15:48:34] ✅ VPN 已连接
[2026-03-11 15:49:34] ✅ VPN 已连接
[2026-03-11 15:50:34] ✅ VPN 已连接
[2026-03-11 15:51:34] ✅ VPN 已连接
[2026-03-11 15:52:34] ✅ VPN 已连接
[2026-03-11 15:53:34] ✅ VPN 已连接
[2026-03-11 15:54:34] ✅ VPN 已连接
[2026-03-11 15:55:34] ✅ VPN 已连接
[2026-03-11 15:56:34] ✅ VPN 已连接
[2026-03-11 15:57:34] ✅ VPN 已连接
[2026-03-11 15:58:34] ✅ VPN 已连接
[2026-03-11 15:59:34] ✅ VPN 已连接
[2026-03-11 16:00:34] ✅ VPN 已连接
[2026-03-11 16:01:34] ✅ VPN 已连接
[2026-03-11 16:02:34] ✅ VPN 已连接
[2026-03-11 16:03:35] ✅ VPN 已连接
[2026-03-11 16:04:35] ✅ VPN 已连接
[2026-03-11 16:05:35] ✅ VPN 已连接
[2026-03-11 16:06:35] ✅ VPN 已连接
[2026-03-11 16:07:35] ✅ VPN 已连接
[2026-03-11 16:08:35] ✅ VPN 已连接
[2026-03-11 16:09:35] ✅ VPN 已连接
[2026-03-11 16:10:35] ✅ VPN 已连接
[2026-03-11 16:11:35] ✅ VPN 已连接
[2026-03-11 16:12:35] ✅ VPN 已连接
[2026-03-11 16:13:35] ✅ VPN 已连接
[2026-03-11 16:14:35] ✅ VPN 已连接
[2026-03-11 16:15:35] ✅ VPN 已连接
[2026-03-11 16:16:35] ✅ VPN 已连接
[2026-03-11 16:17:35] ✅ VPN 已连接
[2026-03-11 16:18:35] ✅ VPN 已连接
[2026-03-11 16:19:36] ✅ VPN 已连接
[2026-03-11 16:20:36] ✅ VPN 已连接
[2026-03-11 16:21:36] ✅ VPN 已连接
[2026-03-11 16:22:36] ✅ VPN 已连接
[2026-03-11 16:23:36] ✅ VPN 已连接
[2026-03-11 16:24:36] ✅ VPN 已连接
[2026-03-11 16:25:36] ✅ VPN 已连接
[2026-03-11 16:26:36] ✅ VPN 已连接
[2026-03-11 16:27:36] ✅ VPN 已连接
[2026-03-11 16:28:36] ✅ VPN 已连接
[2026-03-11 16:29:36] ✅ VPN 已连接
[2026-03-11 16:30:36] ✅ VPN 已连接
[2026-03-11 16:31:36] ✅ VPN 已连接
[2026-03-11 16:32:36] ✅ VPN 已连接
[2026-03-11 16:33:36] ✅ VPN 已连接
[2026-03-11 16:34:36] ✅ VPN 已连接
[2026-03-11 16:35:36] ✅ VPN 已连接
[2026-03-11 16:36:36] ✅ VPN 已连接
[2026-03-11 16:37:36] ✅ VPN 已连接
[2026-03-11 16:38:37] ✅ VPN 已连接
[2026-03-11 16:39:37] ✅ VPN 已连接
[2026-03-11 16:40:37] ✅ VPN 已连接
[2026-03-11 16:41:37] ✅ VPN 已连接
[2026-03-11 16:42:37] ✅ VPN 已连接
[2026-03-11 16:43:37] ✅ VPN 已连接
[2026-03-11 16:44:37] ✅ VPN 已连接
[2026-03-11 16:45:37] ✅ VPN 已连接
[2026-03-11 16:46:37] ✅ VPN 已连接
[2026-03-11 16:47:37] ✅ VPN 已连接
[2026-03-11 16:48:37] ✅ VPN 已连接
[2026-03-11 16:49:37] ✅ VPN 已连接
[2026-03-11 16:50:37] ✅ VPN 已连接
[2026-03-11 16:51:37] ✅ VPN 已连接
[2026-03-11 16:52:37] ✅ VPN 已连接
[2026-03-11 16:53:37] ✅ VPN 已连接
[2026-03-11 16:54:37] ✅ VPN 已连接
[2026-03-11 16:55:38] ✅ VPN 已连接
[2026-03-11 16:56:38] ✅ VPN 已连接
[2026-03-11 16:57:38] ✅ VPN 已连接
[2026-03-11 16:58:38] ✅ VPN 已连接
[2026-03-11 16:59:38] ✅ VPN 已连接
[2026-03-11 17:00:38] ✅ VPN 已连接
[2026-03-11 17:01:38] ✅ VPN 已连接
[2026-03-11 17:02:38] ✅ VPN 已连接
[2026-03-11 17:03:38] ✅ VPN 已连接
[2026-03-11 17:04:38] ✅ VPN 已连接
[2026-03-11 17:05:38] ✅ VPN 已连接
[2026-03-11 17:06:38] ✅ VPN 已连接
[2026-03-11 17:07:38] ✅ VPN 已连接
[2026-03-11 17:08:38] ✅ VPN 已连接
[2026-03-11 17:09:38] ✅ VPN 已连接
[2026-03-11 17:10:38] ✅ VPN 已连接
[2026-03-11 17:11:38] ✅ VPN 已连接
[2026-03-11 17:12:38] ✅ VPN 已连接
[2026-03-11 17:13:39] ✅ VPN 已连接
[2026-03-11 17:14:39] ✅ VPN 已连接
[2026-03-11 17:15:39] ✅ VPN 已连接
[2026-03-11 17:16:39] ✅ VPN 已连接
[2026-03-11 17:17:39] ✅ VPN 已连接
[2026-03-11 17:18:39] ✅ VPN 已连接
[2026-03-11 17:19:39] ✅ VPN 已连接
[2026-03-11 17:20:39] ✅ VPN 已连接
[2026-03-11 17:21:39] ✅ VPN 已连接
[2026-03-11 17:22:39] ✅ VPN 已连接
[2026-03-11 17:23:39] ✅ VPN 已连接
[2026-03-11 17:24:39] ✅ VPN 已连接
[2026-03-11 17:25:39] ✅ VPN 已连接
[2026-03-11 17:26:39] ✅ VPN 已连接
[2026-03-11 17:27:39] ✅ VPN 已连接
[2026-03-11 17:28:39] ✅ VPN 已连接
[2026-03-11 17:29:39] ✅ VPN 已连接
[2026-03-11 17:30:39] ✅ VPN 已连接
[2026-03-11 17:31:39] ✅ VPN 已连接
[2026-03-11 17:32:39] ✅ VPN 已连接
[2026-03-11 17:33:39] ✅ VPN 已连接
[2026-03-11 17:34:39] ✅ VPN 已连接
[2026-03-11 17:35:40] ✅ VPN 已连接
[2026-03-11 17:36:40] ✅ VPN 已连接
[2026-03-11 17:37:40] ✅ VPN 已连接
[2026-03-11 17:38:40] ✅ VPN 已连接
[2026-03-11 17:39:40] ✅ VPN 已连接
[2026-03-11 17:40:40] ✅ VPN 已连接
[2026-03-11 17:41:40] ✅ VPN 已连接
[2026-03-11 17:42:40] ✅ VPN 已连接
[2026-03-11 17:43:40] ✅ VPN 已连接
[2026-03-11 17:44:40] ✅ VPN 已连接
[2026-03-11 17:45:40] ✅ VPN 已连接
[2026-03-11 17:46:40] ✅ VPN 已连接
[2026-03-11 17:47:40] ✅ VPN 已连接
[2026-03-11 17:48:40] ✅ VPN 已连接
[2026-03-11 17:49:40] ✅ VPN 已连接
[2026-03-11 17:50:40] ✅ VPN 已连接
[2026-03-11 17:51:40] ✅ VPN 已连接
[2026-03-11 17:52:40] ✅ VPN 已连接
[2026-03-11 17:53:40] ✅ VPN 已连接
[2026-03-11 17:54:40] ✅ VPN 已连接
[2026-03-11 17:55:40] ✅ VPN 已连接
[2026-03-11 17:56:40] ✅ VPN 已连接
[2026-03-11 17:57:41] ✅ VPN 已连接
[2026-03-11 17:58:41] ✅ VPN 已连接
[2026-03-11 17:59:41] ✅ VPN 已连接
[2026-03-11 18:00:41] ✅ VPN 已连接
[2026-03-11 18:01:41] ✅ VPN 已连接
[2026-03-11 18:02:41] ✅ VPN 已连接
[2026-03-11 18:03:41] ✅ VPN 已连接
[2026-03-11 18:04:41] ✅ VPN 已连接
[2026-03-11 18:05:41] ✅ VPN 已连接
[2026-03-11 18:06:41] ✅ VPN 已连接
[2026-03-11 18:07:41] ✅ VPN 已连接
[2026-03-11 18:08:41] ✅ VPN 已连接
[2026-03-11 18:09:41] ✅ VPN 已连接
[2026-03-11 18:10:41] ✅ VPN 已连接
[2026-03-11 18:11:41] ✅ VPN 已连接
[2026-03-11 18:12:41] ✅ VPN 已连接
[2026-03-11 18:13:41] ✅ VPN 已连接
[2026-03-11 18:14:41] ✅ VPN 已连接
[2026-03-11 18:15:41] ✅ VPN 已连接
[2026-03-11 18:16:41] ✅ VPN 已连接
[2026-03-11 18:17:42] ✅ VPN 已连接
[2026-03-11 18:18:42] ✅ VPN 已连接
[2026-03-11 18:19:42] ✅ VPN 已连接
[2026-03-11 18:20:42] ✅ VPN 已连接
[2026-03-11 18:21:42] ✅ VPN 已连接
[2026-03-11 18:22:42] ✅ VPN 已连接
[2026-03-11 18:23:42] ✅ VPN 已连接
[2026-03-11 18:24:42] ✅ VPN 已连接
[2026-03-11 18:25:42] ✅ VPN 已连接
[2026-03-11 18:26:42] ✅ VPN 已连接
[2026-03-11 18:27:42] ✅ VPN 已连接
[2026-03-11 18:28:42] ✅ VPN 已连接
[2026-03-11 18:29:42] ✅ VPN 已连接
[2026-03-11 18:30:42] ✅ VPN 已连接
[2026-03-11 18:31:42] ✅ VPN 已连接
[2026-03-11 18:32:42] ✅ VPN 已连接
[2026-03-11 18:33:42] ✅ VPN 已连接
[2026-03-11 18:34:42] ✅ VPN 已连接
[2026-03-11 18:35:42] ✅ VPN 已连接
[2026-03-11 18:36:42] ✅ VPN 已连接
[2026-03-11 18:37:42] ✅ VPN 已连接
[2026-03-11 18:38:43] ✅ VPN 已连接
[2026-03-11 18:39:43] ✅ VPN 已连接
[2026-03-11 18:40:43] ✅ VPN 已连接
[2026-03-11 18:41:43] ✅ VPN 已连接
[2026-03-11 18:42:43] ✅ VPN 已连接
[2026-03-11 18:43:43] ✅ VPN 已连接
[2026-03-11 18:44:43] ✅ VPN 已连接
[2026-03-11 18:45:43] ✅ VPN 已连接
[2026-03-11 18:46:43] ✅ VPN 已连接
[2026-03-11 18:47:43] ✅ VPN 已连接
[2026-03-11 18:48:43] ✅ VPN 已连接
[2026-03-11 18:49:43] ✅ VPN 已连接
[2026-03-11 18:50:43] ✅ VPN 已连接
[2026-03-11 18:51:43] ✅ VPN 已连接
[2026-03-11 18:52:43] ✅ VPN 已连接
[2026-03-11 18:53:43] ✅ VPN 已连接
[2026-03-11 18:54:43] ✅ VPN 已连接
[2026-03-11 18:55:43] ✅ VPN 已连接
[2026-03-11 18:56:43] ✅ VPN 已连接
[2026-03-11 18:57:43] ✅ VPN 已连接
[2026-03-11 18:58:43] ✅ VPN 已连接
[2026-03-11 18:59:44] ✅ VPN 已连接
[2026-03-11 19:00:44] ✅ VPN 已连接
[2026-03-11 19:01:44] ✅ VPN 已连接
[2026-03-11 19:02:44] ✅ VPN 已连接
[2026-03-11 19:03:44] ✅ VPN 已连接
[2026-03-11 19:04:44] ✅ VPN 已连接
[2026-03-11 19:05:44] ✅ VPN 已连接
[2026-03-11 19:06:44] ✅ VPN 已连接
[2026-03-11 19:07:44] ✅ VPN 已连接
[2026-03-11 19:08:44] ✅ VPN 已连接
[2026-03-11 19:09:44] ✅ VPN 已连接
[2026-03-11 19:10:44] ✅ VPN 已连接
[2026-03-11 19:11:44] ✅ VPN 已连接
[2026-03-11 19:12:44] ✅ VPN 已连接
[2026-03-11 19:13:44] ✅ VPN 已连接
[2026-03-11 19:14:44] ✅ VPN 已连接
[2026-03-11 19:15:44] ✅ VPN 已连接
[2026-03-11 19:16:44] ✅ VPN 已连接
[2026-03-11 19:17:44] ✅ VPN 已连接
[2026-03-11 19:18:44] ✅ VPN 已连接
[2026-03-11 19:19:44] ✅ VPN 已连接
[2026-03-11 19:20:45] ✅ VPN 已连接
[2026-03-11 19:21:45] ✅ VPN 已连接
[2026-03-11 19:22:45] ✅ VPN 已连接
[2026-03-11 19:23:45] ✅ VPN 已连接
[2026-03-11 19:24:45] ✅ VPN 已连接
[2026-03-11 19:25:45] ✅ VPN 已连接
[2026-03-11 19:26:45] ✅ VPN 已连接
[2026-03-11 19:27:45] ✅ VPN 已连接
[2026-03-11 19:28:45] ✅ VPN 已连接
[2026-03-11 19:29:45] ✅ VPN 已连接
[2026-03-11 19:30:45] ✅ VPN 已连接
[2026-03-11 19:31:45] ✅ VPN 已连接
[2026-03-11 19:32:45] ✅ VPN 已连接
[2026-03-11 19:33:45] ✅ VPN 已连接
[2026-03-11 19:34:45] ✅ VPN 已连接
[2026-03-11 19:35:45] ✅ VPN 已连接
[2026-03-11 19:36:45] ✅ VPN 已连接
[2026-03-11 19:37:45] ✅ VPN 已连接
[2026-03-11 19:38:45] ✅ VPN 已连接
[2026-03-11 19:39:46] ✅ VPN 已连接
[2026-03-11 19:40:46] ✅ VPN 已连接
[2026-03-11 19:41:46] ✅ VPN 已连接
[2026-03-11 19:42:46] ✅ VPN 已连接
[2026-03-11 19:43:46] ✅ VPN 已连接
[2026-03-11 19:44:46] ✅ VPN 已连接
[2026-03-11 19:45:46] ✅ VPN 已连接
[2026-03-11 19:46:46] ✅ VPN 已连接
[2026-03-11 19:47:46] ✅ VPN 已连接
[2026-03-11 19:48:46] ✅ VPN 已连接
[2026-03-11 19:49:46] ✅ VPN 已连接
[2026-03-11 19:50:46] ✅ VPN 已连接
[2026-03-11 19:51:46] ✅ VPN 已连接
[2026-03-11 19:52:46] ✅ VPN 已连接
[2026-03-11 19:53:46] ✅ VPN 已连接
[2026-03-11 19:54:46] ✅ VPN 已连接
[2026-03-11 19:55:46] ✅ VPN 已连接
[2026-03-11 19:56:46] ✅ VPN 已连接
[2026-03-11 19:57:46] ✅ VPN 已连接
[2026-03-11 19:58:46] ✅ VPN 已连接
[2026-03-11 19:59:46] ✅ VPN 已连接
[2026-03-11 20:00:47] ✅ VPN 已连接
[2026-03-11 20:01:47] ✅ VPN 已连接
[2026-03-11 20:02:47] ✅ VPN 已连接
[2026-03-11 20:03:47] ✅ VPN 已连接
[2026-03-11 20:04:47] ✅ VPN 已连接
[2026-03-11 20:05:47] ✅ VPN 已连接
[2026-03-11 20:06:47] ✅ VPN 已连接
[2026-03-11 20:07:47] ✅ VPN 已连接
[2026-03-11 20:08:47] ✅ VPN 已连接
[2026-03-11 20:09:47] ✅ VPN 已连接
[2026-03-11 20:10:47] ✅ VPN 已连接
[2026-03-11 20:11:47] ✅ VPN 已连接
[2026-03-11 20:12:47] ✅ VPN 已连接
[2026-03-11 20:13:47] ✅ VPN 已连接
[2026-03-11 20:14:47] ✅ VPN 已连接
[2026-03-11 20:15:47] ✅ VPN 已连接
[2026-03-11 20:16:47] ✅ VPN 已连接
[2026-03-11 20:17:47] ✅ VPN 已连接
[2026-03-11 20:18:47] ✅ VPN 已连接
[2026-03-11 20:19:48] ✅ VPN 已连接
[2026-03-11 20:20:48] ✅ VPN 已连接
[2026-03-11 20:21:48] ✅ VPN 已连接
[2026-03-11 20:22:48] ✅ VPN 已连接
[2026-03-11 20:23:48] ✅ VPN 已连接
[2026-03-11 20:24:48] ✅ VPN 已连接
[2026-03-11 20:25:48] ✅ VPN 已连接
[2026-03-11 20:26:48] ✅ VPN 已连接
[2026-03-11 20:27:48] ✅ VPN 已连接
[2026-03-11 20:28:48] ✅ VPN 已连接
[2026-03-11 20:29:48] ✅ VPN 已连接
[2026-03-11 20:30:48] ✅ VPN 已连接
[2026-03-11 20:31:48] ✅ VPN 已连接
[2026-03-11 20:32:48] ✅ VPN 已连接
[2026-03-11 20:33:48] ✅ VPN 已连接
[2026-03-11 20:34:48] ✅ VPN 已连接
[2026-03-11 20:35:48] ✅ VPN 已连接
[2026-03-11 20:36:48] ✅ VPN 已连接
[2026-03-11 20:37:48] ✅ VPN 已连接
[2026-03-11 20:38:49] ✅ VPN 已连接
[2026-03-11 20:39:49] ✅ VPN 已连接
[2026-03-11 20:40:49] ✅ VPN 已连接
[2026-03-11 20:41:49] ✅ VPN 已连接
[2026-03-11 20:42:49] ✅ VPN 已连接
[2026-03-11 20:43:49] ✅ VPN 已连接
[2026-03-11 20:44:49] ✅ VPN 已连接
[2026-03-11 20:45:49] ✅ VPN 已连接
[2026-03-11 20:46:49] ✅ VPN 已连接
[2026-03-11 20:47:49] ✅ VPN 已连接
[2026-03-11 20:48:49] ✅ VPN 已连接
[2026-03-11 20:49:49] ✅ VPN 已连接
[2026-03-11 20:50:49] ✅ VPN 已连接
[2026-03-11 20:51:49] ✅ VPN 已连接
[2026-03-11 20:52:49] ✅ VPN 已连接
[2026-03-11 20:53:49] ✅ VPN 已连接
[2026-03-11 20:54:49] ✅ VPN 已连接
[2026-03-11 20:55:49] ✅ VPN 已连接
[2026-03-11 20:56:49] ✅ VPN 已连接
[2026-03-11 20:57:50] ✅ VPN 已连接
[2026-03-11 20:58:50] ✅ VPN 已连接
[2026-03-11 20:59:50] ❌ VPN 未连接，触发重连...
[2026-03-11 20:59:50] ========== VPN 重连开始 ==========
[2026-03-11 20:59:50] 尝试 1/3...
[2026-03-11 20:59:50] 启动 FortiClient GUI...
[2026-03-11 20:59:50] FortiClient 已在运行，先关闭...
[2026-03-11 20:59:55] ❌ FortiClient GUI 启动失败
[2026-03-11 20:59:55] 重试 1 失败：无法启动 FortiClient
[2026-03-11 21:00:05] 尝试 2/3...
[2026-03-11 21:00:05] 启动 FortiClient GUI...
[2026-03-11 21:00:08] ❌ FortiClient GUI 启动失败
[2026-03-11 21:00:08] 重试 2 失败：无法启动 FortiClient
[2026-03-11 21:00:18] 尝试 3/3...
[2026-03-11 21:00:18] 启动 FortiClient GUI...
[2026-03-11 21:00:21] ❌ FortiClient GUI 启动失败
[2026-03-11 21:00:21] 重试 3 失败：无法启动 FortiClient
[2026-03-11 21:00:31] ❌ VPN 重连失败（已尝试 3 次）
[2026-03-11 21:00:31] ========== VPN 重连失败 ==========
[2026-03-11 21:01:31] ❌ VPN 未连接，触发重连...
[2026-03-11 21:01:31] ========== VPN 重连开始 ==========
[2026-03-11 21:01:31] 尝试 1/3...
[2026-03-11 21:01:31] 启动 FortiClient GUI...
[2026-03-11 21:01:34] ❌ FortiClient GUI 启动失败
[2026-03-11 21:01:34] 重试 1 失败：无法启动 FortiClient
[2026-03-11 21:01:44] 尝试 2/3...
[2026-03-11 21:01:44] 启动 FortiClient GUI...
[2026-03-11 21:01:44] FortiClient 已在运行，先关闭...
[2026-03-11 21:01:49] ❌ FortiClient GUI 启动失败
[2026-03-11 21:01:49] 重试 2 失败：无法启动 FortiClient
[2026-03-11 21:01:59] 尝试 3/3...
[2026-03-11 21:01:59] 启动 FortiClient GUI...
[2026-03-11 21:02:02] ❌ FortiClient GUI 启动失败
[2026-03-11 21:02:02] 重试 3 失败：无法启动 FortiClient
[2026-03-11 21:02:12] ❌ VPN 重连失败（已尝试 3 次）
[2026-03-11 21:02:12] ========== VPN 重连失败 ==========
[2026-03-11 21:03:12] ❌ VPN 未连接，触发重连...
[2026-03-11 21:03:12] ========== VPN 重连开始 ==========
[2026-03-11 21:03:12] 尝试 1/3...
[2026-03-11 21:03:12] 启动 FortiClient GUI...
[2026-03-11 21:03:15] ❌ FortiClient GUI 启动失败
[2026-03-11 21:03:15] 重试 1 失败：无法启动 FortiClient
[2026-03-11 21:03:25] 尝试 2/3...
[2026-03-11 21:03:25] 启动 FortiClient GUI...
[2026-03-11 21:03:28] ❌ FortiClient GUI 启动失败
[2026-03-11 21:03:28] 重试 2 失败：无法启动 FortiClient
[2026-03-11 21:03:38] 尝试 3/3...
[2026-03-11 21:03:38] 启动 FortiClient GUI...
[2026-03-11 21:03:41] ❌ FortiClient GUI 启动失败
[2026-03-11 21:03:41] 重试 3 失败：无法启动 FortiClient
[2026-03-11 21:03:51] ❌ VPN 重连失败（已尝试 3 次）
[2026-03-11 21:03:51] ========== VPN 重连失败 ==========
[2026-03-11 21:04:51] ✅ VPN 已连接
[2026-03-11 21:05:51] ✅ VPN 已连接
[2026-03-11 21:06:51] ✅ VPN 已连接
[2026-03-11 21:07:51] ✅ VPN 已连接
[2026-03-11 21:08:51] ✅ VPN 已连接
[2026-03-11 21:09:52] ✅ VPN 已连接
[2026-03-11 21:10:52] ✅ VPN 已连接
[2026-03-11 21:11:52] ✅ VPN 已连接
[2026-03-11 21:12:52] ✅ VPN 已连接
[2026-03-11 21:13:52] ✅ VPN 已连接
[2026-03-11 21:14:52] ✅ VPN 已连接
[2026-03-11 21:15:52] ✅ VPN 已连接
[2026-03-11 21:16:52] ✅ VPN 已连接
[2026-03-11 21:17:52] ✅ VPN 已连接
[2026-03-11 21:18:52] ✅ VPN 已连接
[2026-03-11 21:19:52] ✅ VPN 已连接
[2026-03-11 21:20:52] ✅ VPN 已连接
[2026-03-11 21:21:52] ✅ VPN 已连接
[2026-03-11 21:22:52] ✅ VPN 已连接
[2026-03-11 21:23:52] ✅ VPN 已连接
[2026-03-11 21:24:52] ✅ VPN 已连接
[2026-03-11 21:25:52] ✅ VPN 已连接
[2026-03-11 21:26:52] ✅ VPN 已连接
[2026-03-11 21:27:52] ✅ VPN 已连接
[2026-03-11 21:28:53] ✅ VPN 已连接
[2026-03-11 21:29:53] ✅ VPN 已连接
[2026-03-11 21:30:53] ✅ VPN 已连接
[2026-03-11 21:31:53] ✅ VPN 已连接
[2026-03-11 21:32:53] ✅ VPN 已连接
[2026-03-11 21:33:53] ✅ VPN 已连接
[2026-03-11 21:34:53] ✅ VPN 已连接
[2026-03-11 21:35:53] ✅ VPN 已连接
[2026-03-11 21:36:53] ✅ VPN 已连接
[2026-03-11 21:37:53] ✅ VPN 已连接
[2026-03-11 21:38:53] ✅ VPN 已连接
[2026-03-11 21:39:53] ✅ VPN 已连接
[2026-03-11 21:40:53] ✅ VPN 已连接
[2026-03-11 21:41:53] ✅ VPN 已连接
[2026-03-11 21:42:53] ✅ VPN 已连接
[2026-03-11 21:43:53] ✅ VPN 已连接
[2026-03-11 21:44:53] ✅ VPN 已连接
[2026-03-11 21:45:53] ✅ VPN 已连接
[2026-03-11 21:46:54] ✅ VPN 已连接
[2026-03-11 21:47:54] ✅ VPN 已连接
[2026-03-11 21:48:54] ✅ VPN 已连接
[2026-03-11 21:49:54] ✅ VPN 已连接
[2026-03-11 21:50:54] ✅ VPN 已连接
[2026-03-11 21:51:54] ✅ VPN 已连接
[2026-03-11 21:52:54] ✅ VPN 已连接
[2026-03-11 21:53:54] ✅ VPN 已连接
[2026-03-11 21:54:54] ✅ VPN 已连接
[2026-03-11 21:55:54] ✅ VPN 已连接
[2026-03-11 21:56:54] ✅ VPN 已连接
[2026-03-11 21:57:54] ✅ VPN 已连接
[2026-03-11 21:58:54] ✅ VPN 已连接
[2026-03-11 21:59:54] ✅ VPN 已连接
[2026-03-11 22:00:54] ✅ VPN 已连接
[2026-03-11 22:01:54] ✅ VPN 已连接
[2026-03-11 22:02:54] ✅ VPN 已连接
[2026-03-11 22:03:54] ✅ VPN 已连接
[2026-03-11 22:04:54] ✅ VPN 已连接
[2026-03-11 22:05:55] ✅ VPN 已连接
[2026-03-11 22:06:55] ✅ VPN 已连接
[2026-03-11 22:07:55] ✅ VPN 已连接
[2026-03-11 22:08:55] ✅ VPN 已连接
[2026-03-11 22:09:55] ✅ VPN 已连接
[2026-03-11 22:10:55] ✅ VPN 已连接
[2026-03-11 22:11:55] ✅ VPN 已连接
[2026-03-11 22:12:55] ✅ VPN 已连接
[2026-03-11 22:13:55] ✅ VPN 已连接
[2026-03-11 22:14:55] ✅ VPN 已连接
[2026-03-11 22:15:55] ✅ VPN 已连接
[2026-03-11 22:16:55] ✅ VPN 已连接
[2026-03-11 22:17:55] ✅ VPN 已连接
[2026-03-11 22:18:55] ✅ VPN 已连接
[2026-03-11 22:19:55] ✅ VPN 已连接
[2026-03-11 22:20:55] ✅ VPN 已连接
[2026-03-11 22:21:55] ✅ VPN 已连接
[2026-03-11 22:22:55] ✅ VPN 已连接
[2026-03-11 22:23:55] ✅ VPN 已连接
[2026-03-11 22:24:56] ✅ VPN 已连接
[2026-03-11 22:25:56] ✅ VPN 已连接
[2026-03-11 22:26:56] ✅ VPN 已连接
[2026-03-11 22:27:56] ✅ VPN 已连接
[2026-03-11 22:28:56] ✅ VPN 已连接
[2026-03-11 22:29:56] ✅ VPN 已连接
[2026-03-11 22:30:56] ✅ VPN 已连接
[2026-03-11 22:31:56] ✅ VPN 已连接
[2026-03-11 22:32:56] ✅ VPN 已连接
[2026-03-11 22:33:56] ✅ VPN 已连接
[2026-03-11 22:34:56] ✅ VPN 已连接
[2026-03-11 22:35:56] ✅ VPN 已连接
[2026-03-11 22:36:56] ✅ VPN 已连接
[2026-03-11 22:37:56] ✅ VPN 已连接
[2026-03-11 22:38:56] ✅ VPN 已连接
[2026-03-11 22:39:56] ✅ VPN 已连接
[2026-03-11 22:40:56] ✅ VPN 已连接
[2026-03-11 22:41:56] ✅ VPN 已连接
[2026-03-11 22:42:56] ✅ VPN 已连接
[2026-03-11 22:43:57] ✅ VPN 已连接
[2026-03-11 22:44:57] ✅ VPN 已连接
[2026-03-11 22:45:57] ✅ VPN 已连接
[2026-03-11 22:46:57] ✅ VPN 已连接
[2026-03-11 22:47:57] ✅ VPN 已连接
[2026-03-11 22:48:57] ✅ VPN 已连接
[2026-03-11 22:49:57] ✅ VPN 已连接
[2026-03-11 22:50:57] ✅ VPN 已连接
[2026-03-11 22:51:57] ✅ VPN 已连接
[2026-03-11 22:52:57] ✅ VPN 已连接
[2026-03-11 22:53:57] ✅ VPN 已连接
[2026-03-11 22:54:57] ✅ VPN 已连接
[2026-03-11 22:55:57] ✅ VPN 已连接
[2026-03-11 22:56:57] ✅ VPN 已连接
[2026-03-11 22:57:57] ✅ VPN 已连接
[2026-03-11 22:58:57] ✅ VPN 已连接
[2026-03-11 22:59:57] ✅ VPN 已连接
[2026-03-11 23:00:57] ✅ VPN 已连接
[2026-03-11 23:01:57] ✅ VPN 已连接
[2026-03-11 23:02:58] ✅ VPN 已连接
[2026-03-11 23:03:58] ✅ VPN 已连接
[2026-03-11 23:04:58] ✅ VPN 已连接
[2026-03-11 23:05:58] ✅ VPN 已连接
[2026-03-11 23:06:58] ✅ VPN 已连接
[2026-03-11 23:07:58] ✅ VPN 已连接
[2026-03-11 23:08:58] ✅ VPN 已连接
[2026-03-11 23:09:58] ✅ VPN 已连接
[2026-03-11 23:10:58] ✅ VPN 已连接
[2026-03-11 23:11:58] ✅ VPN 已连接
[2026-03-11 23:12:58] ✅ VPN 已连接
[2026-03-11 23:13:58] ✅ VPN 已连接
[2026-03-11 23:14:58] ✅ VPN 已连接
[2026-03-11 23:15:58] ✅ VPN 已连接
[2026-03-11 23:16:58] ✅ VPN 已连接
[2026-03-11 23:17:58] ✅ VPN 已连接
[2026-03-11 23:18:58] ✅ VPN 已连接
[2026-03-11 23:19:58] ✅ VPN 已连接
[2026-03-11 23:20:58] ✅ VPN 已连接
[2026-03-11 23:21:59] ✅ VPN 已连接
[2026-03-11 23:22:59] ✅ VPN 已连接
[2026-03-11 23:23:59] ✅ VPN 已连接
[2026-03-11 23:24:59] ✅ VPN 已连接
[2026-03-11 23:25:59] ✅ VPN 已连接
[2026-03-11 23:26:59] ✅ VPN 已连接
[2026-03-11 23:27:59] ✅ VPN 已连接
[2026-03-11 23:28:59] ✅ VPN 已连接
[2026-03-11 23:29:59] ✅ VPN 已连接
[2026-03-11 23:30:59] ✅ VPN 已连接
[2026-03-11 23:31:59] ✅ VPN 已连接
[2026-03-11 23:32:59] ✅ VPN 已连接
[2026-03-11 23:33:59] ✅ VPN 已连接
[2026-03-11 23:34:59] ✅ VPN 已连接
[2026-03-11 23:35:59] ✅ VPN 已连接
[2026-03-11 23:36:59] ✅ VPN 已连接
[2026-03-11 23:37:59] ✅ VPN 已连接
[2026-03-11 23:38:59] ✅ VPN 已连接
[2026-03-11 23:40:00] ✅ VPN 已连接
[2026-03-11 23:41:00] ✅ VPN 已连接
[2026-03-11 23:42:00] ✅ VPN 已连接
[2026-03-11 23:43:00] ✅ VPN 已连接
[2026-03-11 23:44:00] ✅ VPN 已连接
[2026-03-11 23:45:00] ✅ VPN 已连接
[2026-03-11 23:46:00] ✅ VPN 已连接
[2026-03-11 23:47:00] ✅ VPN 已连接
[2026-03-11 23:48:00] ✅ VPN 已连接
[2026-03-11 23:49:00] ✅ VPN 已连接
[2026-03-11 23:50:00] ✅ VPN 已连接
[2026-03-11 23:51:00] ✅ VPN 已连接
[2026-03-11 23:52:00] ✅ VPN 已连接
[2026-03-11 23:53:00] ✅ VPN 已连接
[2026-03-11 23:54:00] ✅ VPN 已连接
[2026-03-11 23:55:00] ✅ VPN 已连接
[2026-03-11 23:56:00] ✅ VPN 已连接
[2026-03-11 23:57:00] ✅ VPN 已连接
[2026-03-11 23:58:00] ✅ VPN 已连接
[2026-03-11 23:59:01] ✅ VPN 已连接
[2026-03-12 00:00:01] ✅ VPN 已连接
[2026-03-12 00:01:01] ✅ VPN 已连接
[2026-03-12 00:02:01] ✅ VPN 已连接
[2026-03-12 00:03:01] ✅ VPN 已连接
[2026-03-12 00:04:01] ✅ VPN 已连接
[2026-03-12 00:05:01] ✅ VPN 已连接
[2026-03-12 00:06:01] ✅ VPN 已连接
[2026-03-12 00:07:01] ✅ VPN 已连接
[2026-03-12 00:08:01] ✅ VPN 已连接
[2026-03-12 00:09:01] ✅ VPN 已连接
[2026-03-12 00:10:01] ✅ VPN 已连接
[2026-03-12 00:11:01] ✅ VPN 已连接
[2026-03-12 00:12:01] ✅ VPN 已连接
[2026-03-12 00:13:01] ✅ VPN 已连接
[2026-03-12 00:14:01] ✅ VPN 已连接
[2026-03-12 00:15:01] ✅ VPN 已连接
[2026-03-12 00:16:01] ✅ VPN 已连接
[2026-03-12 00:17:01] ✅ VPN 已连接
[2026-03-12 00:18:02] ✅ VPN 已连接
[2026-03-12 00:19:02] ✅ VPN 已连接
[2026-03-12 00:20:02] ✅ VPN 已连接
[2026-03-12 00:21:02] ✅ VPN 已连接
[2026-03-12 00:22:02] ✅ VPN 已连接
[2026-03-12 00:23:02] ✅ VPN 已连接
[2026-03-12 00:24:02] ✅ VPN 已连接
[2026-03-12 00:25:02] ✅ VPN 已连接
[2026-03-12 00:26:02] ✅ VPN 已连接
[2026-03-12 00:27:02] ✅ VPN 已连接
[2026-03-12 00:28:02] ✅ VPN 已连接
[2026-03-12 00:29:02] ✅ VPN 已连接
[2026-03-12 00:30:02] ✅ VPN 已连接
[2026-03-12 00:31:02] ✅ VPN 已连接
[2026-03-12 00:32:02] ✅ VPN 已连接
[2026-03-12 00:33:02] ✅ VPN 已连接
[2026-03-12 00:34:02] ✅ VPN 已连接
[2026-03-12 00:35:03] ✅ VPN 已连接
[2026-03-12 00:36:03] ✅ VPN 已连接
[2026-03-12 00:37:03] ✅ VPN 已连接
[2026-03-12 00:38:03] ✅ VPN 已连接
[2026-03-12 00:39:03] ✅ VPN 已连接
[2026-03-12 00:40:03] ✅ VPN 已连接
[2026-03-12 00:41:03] ✅ VPN 已连接
[2026-03-12 00:42:03] ✅ VPN 已连接
[2026-03-12 00:43:03] ✅ VPN 已连接
[2026-03-12 00:44:03] ✅ VPN 已连接
[2026-03-12 00:45:03] ✅ VPN 已连接
[2026-03-12 00:46:03] ✅ VPN 已连接
[2026-03-12 00:47:03] ✅ VPN 已连接
[2026-03-12 00:48:03] ✅ VPN 已连接
[2026-03-12 00:49:03] ✅ VPN 已连接
[2026-03-12 00:50:03] ✅ VPN 已连接
[2026-03-12 00:51:03] ✅ VPN 已连接
[2026-03-12 00:52:03] ✅ VPN 已连接
[2026-03-12 00:53:03] ✅ VPN 已连接
[2026-03-12 00:54:04] ✅ VPN 已连接
[2026-03-12 00:55:04] ✅ VPN 已连接
[2026-03-12 00:56:04] ✅ VPN 已连接
[2026-03-12 00:57:04] ✅ VPN 已连接
[2026-03-12 00:58:04] ✅ VPN 已连接
[2026-03-12 00:59:04] ✅ VPN 已连接
[2026-03-12 01:00:04] ✅ VPN 已连接
[2026-03-12 01:01:04] ✅ VPN 已连接
[2026-03-12 01:02:04] ✅ VPN 已连接
[2026-03-12 01:03:04] ✅ VPN 已连接
[2026-03-12 01:04:04] ✅ VPN 已连接
[2026-03-12 01:05:04] ✅ VPN 已连接
[2026-03-12 01:06:04] ✅ VPN 已连接
[2026-03-12 01:07:04] ✅ VPN 已连接
[2026-03-12 01:08:04] ✅ VPN 已连接
[2026-03-12 01:09:04] ✅ VPN 已连接
[2026-03-12 01:10:04] ✅ VPN 已连接
[2026-03-12 01:11:04] ✅ VPN 已连接
[2026-03-12 01:12:05] ✅ VPN 已连接
[2026-03-12 01:13:05] ✅ VPN 已连接
[2026-03-12 01:14:05] ✅ VPN 已连接
[2026-03-12 01:15:05] ✅ VPN 已连接
[2026-03-12 01:16:05] ✅ VPN 已连接
[2026-03-12 01:17:05] ✅ VPN 已连接
[2026-03-12 01:18:05] ✅ VPN 已连接
[2026-03-12 01:19:05] ✅ VPN 已连接
[2026-03-12 01:20:05] ✅ VPN 已连接
[2026-03-12 01:21:05] ✅ VPN 已连接
[2026-03-12 01:22:05] ✅ VPN 已连接
[2026-03-12 01:23:05] ✅ VPN 已连接
[2026-03-12 01:24:05] ✅ VPN 已连接
[2026-03-12 01:25:05] ✅ VPN 已连接
[2026-03-12 01:26:05] ✅ VPN 已连接
[2026-03-12 01:27:05] ✅ VPN 已连接
[2026-03-12 01:28:05] ✅ VPN 已连接
[2026-03-12 01:29:05] ✅ VPN 已连接
[2026-03-12 01:30:05] ✅ VPN 已连接
[2026-03-12 01:31:06] ✅ VPN 已连接
[2026-03-12 01:32:06] ✅ VPN 已连接
[2026-03-12 01:33:06] ✅ VPN 已连接
[2026-03-12 01:34:06] ✅ VPN 已连接
[2026-03-12 01:35:06] ✅ VPN 已连接
[2026-03-12 01:36:06] ✅ VPN 已连接
[2026-03-12 01:37:06] ✅ VPN 已连接
[2026-03-12 01:38:06] ✅ VPN 已连接
[2026-03-12 01:39:06] ✅ VPN 已连接
[2026-03-12 01:40:06] ✅ VPN 已连接
[2026-03-12 01:41:06] ✅ VPN 已连接
[2026-03-12 01:42:06] ✅ VPN 已连接
[2026-03-12 01:43:06] ✅ VPN 已连接
[2026-03-12 01:44:06] ✅ VPN 已连接
[2026-03-12 01:45:06] ✅ VPN 已连接
[2026-03-12 01:46:06] ✅ VPN 已连接
[2026-03-12 01:47:06] ✅ VPN 已连接
[2026-03-12 01:48:06] ✅ VPN 已连接
[2026-03-12 01:49:06] ✅ VPN 已连接
[2026-03-12 01:50:07] ✅ VPN 已连接
[2026-03-12 01:51:07] ✅ VPN 已连接
[2026-03-12 01:52:07] ✅ VPN 已连接
[2026-03-12 01:53:07] ✅ VPN 已连接
[2026-03-12 01:54:07] ✅ VPN 已连接
[2026-03-12 01:55:07] ✅ VPN 已连接
[2026-03-12 01:56:07] ✅ VPN 已连接
[2026-03-12 01:57:07] ✅ VPN 已连接
[2026-03-12 01:58:07] ✅ VPN 已连接
[2026-03-12 01:59:07] ✅ VPN 已连接
[2026-03-12 02:00:07] ✅ VPN 已连接
[2026-03-12 02:01:07] ✅ VPN 已连接
[2026-03-12 02:02:07] ✅ VPN 已连接
[2026-03-12 02:03:07] ✅ VPN 已连接
[2026-03-12 02:04:07] ✅ VPN 已连接
[2026-03-12 02:05:07] ✅ VPN 已连接
[2026-03-12 02:06:07] ✅ VPN 已连接
[2026-03-12 02:07:07] ✅ VPN 已连接
[2026-03-12 02:08:07] ✅ VPN 已连接
[2026-03-12 02:09:08] ✅ VPN 已连接
[2026-03-12 02:10:08] ✅ VPN 已连接
[2026-03-12 02:11:08] ✅ VPN 已连接
[2026-03-12 02:12:08] ✅ VPN 已连接
[2026-03-12 02:13:08] ✅ VPN 已连接
[2026-03-12 02:14:08] ✅ VPN 已连接
[2026-03-12 02:15:08] ✅ VPN 已连接
[2026-03-12 02:16:08] ✅ VPN 已连接
[2026-03-12 02:17:08] ✅ VPN 已连接
[2026-03-12 02:18:08] ✅ VPN 已连接
[2026-03-12 02:19:08] ✅ VPN 已连接
[2026-03-12 02:20:08] ✅ VPN 已连接
[2026-03-12 02:21:08] ✅ VPN 已连接
[2026-03-12 02:22:08] ✅ VPN 已连接
[2026-03-12 02:23:08] ✅ VPN 已连接
[2026-03-12 02:24:08] ✅ VPN 已连接
[2026-03-12 02:25:08] ✅ VPN 已连接
[2026-03-12 02:26:08] ✅ VPN 已连接
[2026-03-12 02:27:09] ✅ VPN 已连接
[2026-03-12 02:28:09] ✅ VPN 已连接
[2026-03-12 02:29:09] ✅ VPN 已连接
[2026-03-12 02:30:09] ✅ VPN 已连接
[2026-03-12 02:31:09] ✅ VPN 已连接
[2026-03-12 02:32:09] ✅ VPN 已连接
[2026-03-12 02:33:09] ✅ VPN 已连接
[2026-03-12 02:34:09] ✅ VPN 已连接
[2026-03-12 02:35:09] ✅ VPN 已连接
[2026-03-12 02:36:09] ✅ VPN 已连接
[2026-03-12 02:37:09] ✅ VPN 已连接
[2026-03-12 02:38:09] ✅ VPN 已连接
[2026-03-12 02:39:09] ✅ VPN 已连接
[2026-03-12 02:40:09] ✅ VPN 已连接
[2026-03-12 02:41:09] ✅ VPN 已连接
[2026-03-12 02:42:09] ✅ VPN 已连接
[2026-03-12 02:43:09] ✅ VPN 已连接
[2026-03-12 02:44:09] ✅ VPN 已连接
[2026-03-12 02:45:09] ✅ VPN 已连接
[2026-03-12 02:46:10] ✅ VPN 已连接
[2026-03-12 02:47:10] ✅ VPN 已连接
[2026-03-12 02:48:10] ✅ VPN 已连接
[2026-03-12 02:49:10] ✅ VPN 已连接
[2026-03-12 02:50:10] ✅ VPN 已连接
[2026-03-12 02:51:10] ✅ VPN 已连接
[2026-03-12 02:52:10] ✅ VPN 已连接
[2026-03-12 02:53:10] ✅ VPN 已连接
[2026-03-12 02:54:10] ✅ VPN 已连接
[2026-03-12 02:55:10] ✅ VPN 已连接
[2026-03-12 02:56:10] ✅ VPN 已连接
[2026-03-12 02:57:10] ✅ VPN 已连接
[2026-03-12 02:58:10] ✅ VPN 已连接
[2026-03-12 02:59:10] ✅ VPN 已连接
[2026-03-12 03:00:10] ✅ VPN 已连接
[2026-03-12 03:01:11] ✅ VPN 已连接
[2026-03-12 03:02:11] ✅ VPN 已连接
[2026-03-12 03:03:11] ✅ VPN 已连接
[2026-03-12 03:04:11] ✅ VPN 已连接
[2026-03-12 03:05:11] ✅ VPN 已连接
[2026-03-12 03:06:11] ✅ VPN 已连接
[2026-03-12 03:07:11] ✅ VPN 已连接
[2026-03-12 03:08:11] ✅ VPN 已连接
[2026-03-12 03:09:11] ✅ VPN 已连接
[2026-03-12 03:10:11] ✅ VPN 已连接
[2026-03-12 03:11:11] ✅ VPN 已连接
[2026-03-12 03:12:11] ✅ VPN 已连接
[2026-03-12 03:13:11] ✅ VPN 已连接
[2026-03-12 03:14:11] ✅ VPN 已连接
[2026-03-12 03:15:11] ✅ VPN 已连接
[2026-03-12 03:16:11] ✅ VPN 已连接
[2026-03-12 03:17:11] ✅ VPN 已连接
[2026-03-12 03:18:12] ✅ VPN 已连接
[2026-03-12 03:19:12] ✅ VPN 已连接
[2026-03-12 03:20:12] ✅ VPN 已连接
[2026-03-12 03:21:12] ✅ VPN 已连接
[2026-03-12 03:22:12] ✅ VPN 已连接
[2026-03-12 03:23:12] ✅ VPN 已连接
[2026-03-12 03:24:12] ✅ VPN 已连接
[2026-03-12 03:25:12] ✅ VPN 已连接
[2026-03-12 03:26:12] ✅ VPN 已连接
[2026-03-12 03:27:12] ✅ VPN 已连接
[2026-03-12 03:28:12] ✅ VPN 已连接
[2026-03-12 03:29:12] ✅ VPN 已连接
[2026-03-12 03:30:12] ✅ VPN 已连接
[2026-03-12 03:31:12] ✅ VPN 已连接
[2026-03-12 03:32:12] ✅ VPN 已连接
[2026-03-12 03:33:12] ✅ VPN 已连接
[2026-03-12 03:34:12] ✅ VPN 已连接
[2026-03-12 03:35:12] ✅ VPN 已连接
[2026-03-12 03:36:12] ✅ VPN 已连接
[2026-03-12 03:37:13] ✅ VPN 已连接
[2026-03-12 03:38:13] ✅ VPN 已连接
[2026-03-12 03:39:13] ✅ VPN 已连接
[2026-03-12 03:40:13] ✅ VPN 已连接
[2026-03-12 03:41:13] ✅ VPN 已连接
[2026-03-12 03:42:13] ✅ VPN 已连接
[2026-03-12 03:43:13] ✅ VPN 已连接
[2026-03-12 03:44:13] ✅ VPN 已连接
[2026-03-12 03:45:13] ✅ VPN 已连接
[2026-03-12 03:46:13] ✅ VPN 已连接
[2026-03-12 03:47:13] ✅ VPN 已连接
[2026-03-12 03:48:13] ✅ VPN 已连接
[2026-03-12 03:49:13] ✅ VPN 已连接
[2026-03-12 03:50:13] ✅ VPN 已连接
[2026-03-12 03:51:13] ✅ VPN 已连接
[2026-03-12 03:52:13] ✅ VPN 已连接
[2026-03-12 03:53:13] ✅ VPN 已连接
[2026-03-12 03:54:13] ✅ VPN 已连接
[2026-03-12 03:55:13] ✅ VPN 已连接
[2026-03-12 03:56:13] ✅ VPN 已连接
[2026-03-12 03:57:14] ✅ VPN 已连接
[2026-03-12 03:58:14] ✅ VPN 已连接
[2026-03-12 03:59:14] ✅ VPN 已连接
[2026-03-12 04:00:14] ✅ VPN 已连接
[2026-03-12 04:01:14] ✅ VPN 已连接
[2026-03-12 04:02:14] ✅ VPN 已连接
[2026-03-12 04:03:14] ✅ VPN 已连接
[2026-03-12 04:04:14] ✅ VPN 已连接
[2026-03-12 04:05:14] ✅ VPN 已连接
[2026-03-12 04:06:14] ✅ VPN 已连接
[2026-03-12 04:07:14] ✅ VPN 已连接
[2026-03-12 04:08:14] ✅ VPN 已连接
[2026-03-12 04:09:14] ✅ VPN 已连接
[2026-03-12 04:10:14] ✅ VPN 已连接
[2026-03-12 04:11:14] ✅ VPN 已连接
[2026-03-12 04:12:14] ✅ VPN 已连接
[2026-03-12 04:13:14] ✅ VPN 已连接
[2026-03-12 04:14:14] ✅ VPN 已连接
[2026-03-12 04:15:14] ✅ VPN 已连接
[2026-03-12 04:16:15] ✅ VPN 已连接
[2026-03-12 04:17:15] ✅ VPN 已连接
[2026-03-12 04:18:15] ✅ VPN 已连接
[2026-03-12 04:19:15] ✅ VPN 已连接
[2026-03-12 04:20:15] ✅ VPN 已连接
[2026-03-12 04:21:15] ✅ VPN 已连接
[2026-03-12 04:22:15] ✅ VPN 已连接
[2026-03-12 04:23:15] ✅ VPN 已连接
[2026-03-12 04:24:15] ✅ VPN 已连接
[2026-03-12 04:25:15] ✅ VPN 已连接
[2026-03-12 04:26:15] ✅ VPN 已连接
[2026-03-12 04:27:15] ✅ VPN 已连接
[2026-03-12 04:28:15] ✅ VPN 已连接
[2026-03-12 04:29:15] ✅ VPN 已连接
[2026-03-12 04:30:15] ✅ VPN 已连接
[2026-03-12 04:31:15] ✅ VPN 已连接
[2026-03-12 04:32:15] ✅ VPN 已连接
[2026-03-12 04:33:15] ✅ VPN 已连接
[2026-03-12 04:34:16] ✅ VPN 已连接
[2026-03-12 04:35:16] ✅ VPN 已连接
[2026-03-12 04:36:16] ✅ VPN 已连接
[2026-03-12 04:37:16] ✅ VPN 已连接
[2026-03-12 04:38:16] ✅ VPN 已连接
[2026-03-12 04:39:16] ✅ VPN 已连接
[2026-03-12 04:40:16] ✅ VPN 已连接
[2026-03-12 04:41:16] ✅ VPN 已连接
[2026-03-12 04:42:16] ✅ VPN 已连接
[2026-03-12 04:43:16] ✅ VPN 已连接
[2026-03-12 04:44:16] ✅ VPN 已连接
[2026-03-12 04:45:16] ✅ VPN 已连接
[2026-03-12 04:46:16] ✅ VPN 已连接
[2026-03-12 04:47:16] ✅ VPN 已连接
[2026-03-12 04:48:16] ✅ VPN 已连接
[2026-03-12 04:49:16] ✅ VPN 已连接
[2026-03-12 04:50:16] ✅ VPN 已连接
[2026-03-12 04:51:16] ✅ VPN 已连接
[2026-03-12 04:52:16] ✅ VPN 已连接
[2026-03-12 04:53:16] ✅ VPN 已连接
[2026-03-12 04:54:17] ✅ VPN 已连接
[2026-03-12 04:55:17] ✅ VPN 已连接
[2026-03-12 04:56:17] ✅ VPN 已连接
[2026-03-12 04:57:17] ✅ VPN 已连接
[2026-03-12 04:58:17] ✅ VPN 已连接
[2026-03-12 04:59:17] ✅ VPN 已连接
[2026-03-12 05:00:17] ✅ VPN 已连接
[2026-03-12 05:01:17] ✅ VPN 已连接
[2026-03-12 05:02:17] ✅ VPN 已连接
[2026-03-12 05:03:17] ✅ VPN 已连接
[2026-03-12 05:04:17] ✅ VPN 已连接
[2026-03-12 05:05:17] ❌ VPN 未连接，触发重连...
[2026-03-12 05:05:17] ========== VPN 重连开始 ==========
[2026-03-12 05:05:17] 尝试 1/3...
[2026-03-12 05:05:17] 启动 FortiClient GUI...
[2026-03-12 05:05:20] ❌ FortiClient GUI 启动失败
[2026-03-12 05:05:20] 重试 1 失败：无法启动 FortiClient
[2026-03-12 05:05:30] 尝试 2/3...
[2026-03-12 05:05:30] 启动 FortiClient GUI...
[2026-03-12 05:05:33] ❌ FortiClient GUI 启动失败
[2026-03-12 05:05:33] 重试 2 失败：无法启动 FortiClient
[2026-03-12 05:05:43] 尝试 3/3...
[2026-03-12 05:05:43] 启动 FortiClient GUI...
[2026-03-12 05:05:46] ✅ FortiClient GUI 已启动
[2026-03-12 05:05:46] 触发 VPN 连接（Playwright 自动化）...
[2026-03-12 05:06:56] 重试 3 失败：自动登录失败
[2026-03-12 05:07:06] ❌ VPN 重连失败（已尝试 3 次）
[2026-03-12 05:07:06] ========== VPN 重连失败 ==========
[2026-03-12 05:08:06] ✅ VPN 已连接
[2026-03-12 05:09:06] ✅ VPN 已连接
[2026-03-12 05:10:06] ✅ VPN 已连接
[2026-03-12 05:11:06] ✅ VPN 已连接
[2026-03-12 05:12:06] ✅ VPN 已连接
[2026-03-12 05:13:06] ✅ VPN 已连接
[2026-03-12 05:14:06] ✅ VPN 已连接
[2026-03-12 05:15:07] ✅ VPN 已连接
[2026-03-12 05:16:07] ✅ VPN 已连接
[2026-03-12 05:17:07] ✅ VPN 已连接
[2026-03-12 05:18:07] ✅ VPN 已连接
[2026-03-12 05:19:07] ✅ VPN 已连接
[2026-03-12 05:20:07] ✅ VPN 已连接
[2026-03-12 05:21:07] ✅ VPN 已连接
[2026-03-12 05:22:07] ✅ VPN 已连接
[2026-03-12 05:23:07] ✅ VPN 已连接
[2026-03-12 05:24:07] ✅ VPN 已连接
[2026-03-12 05:25:07] ✅ VPN 已连接
[2026-03-12 05:26:07] ✅ VPN 已连接
[2026-03-12 05:27:07] ✅ VPN 已连接
[2026-03-12 05:28:07] ✅ VPN 已连接
[2026-03-12 05:29:07] ✅ VPN 已连接
[2026-03-12 05:30:07] ✅ VPN 已连接
[2026-03-12 05:31:07] ✅ VPN 已连接
[2026-03-12 05:32:07] ✅ VPN 已连接
[2026-03-12 05:33:07] ✅ VPN 已连接
[2026-03-12 05:34:07] ✅ VPN 已连接
[2026-03-12 05:35:08] ✅ VPN 已连接
[2026-03-12 05:36:08] ✅ VPN 已连接
[2026-03-12 05:37:08] ✅ VPN 已连接
[2026-03-12 05:38:08] ✅ VPN 已连接
[2026-03-12 05:39:08] ✅ VPN 已连接
[2026-03-12 05:40:08] ✅ VPN 已连接
[2026-03-12 05:41:08] ✅ VPN 已连接
[2026-03-12 05:42:08] ✅ VPN 已连接
[2026-03-12 05:43:08] ✅ VPN 已连接
[2026-03-12 05:44:08] ✅ VPN 已连接
[2026-03-12 05:45:08] ✅ VPN 已连接
[2026-03-12 05:46:08] ✅ VPN 已连接
[2026-03-12 05:47:08] ✅ VPN 已连接
[2026-03-12 05:48:08] ✅ VPN 已连接
[2026-03-12 05:49:08] ✅ VPN 已连接
[2026-03-12 05:50:08] ✅ VPN 已连接
[2026-03-12 05:51:08] ✅ VPN 已连接
[2026-03-12 05:52:08] ✅ VPN 已连接
[2026-03-12 05:53:08] ✅ VPN 已连接
[2026-03-12 05:54:09] ✅ VPN 已连接
[2026-03-12 05:55:09] ✅ VPN 已连接
[2026-03-12 05:56:09] ✅ VPN 已连接
[2026-03-12 05:57:09] ✅ VPN 已连接
[2026-03-12 05:58:09] ✅ VPN 已连接
[2026-03-12 05:59:09] ✅ VPN 已连接
[2026-03-12 06:00:09] ✅ VPN 已连接
[2026-03-12 06:01:09] ✅ VPN 已连接
[2026-03-12 06:02:09] ✅ VPN 已连接
[2026-03-12 06:03:09] ✅ VPN 已连接
[2026-03-12 06:04:09] ✅ VPN 已连接
[2026-03-12 06:05:09] ✅ VPN 已连接
[2026-03-12 06:06:09] ✅ VPN 已连接
[2026-03-12 06:07:09] ✅ VPN 已连接
[2026-03-12 06:08:09] ✅ VPN 已连接
[2026-03-12 06:09:09] ✅ VPN 已连接
[2026-03-12 06:10:09] ✅ VPN 已连接
[2026-03-12 06:11:09] ✅ VPN 已连接
[2026-03-12 06:12:10] ✅ VPN 已连接
[2026-03-12 06:13:10] ✅ VPN 已连接
[2026-03-12 06:14:10] ✅ VPN 已连接
[2026-03-12 06:15:10] ✅ VPN 已连接
[2026-03-12 06:16:10] ✅ VPN 已连接
[2026-03-12 06:17:10] ✅ VPN 已连接
[2026-03-12 06:18:10] ✅ VPN 已连接
[2026-03-12 06:19:10] ✅ VPN 已连接
[2026-03-12 06:20:10] ✅ VPN 已连接
[2026-03-12 06:21:10] ✅ VPN 已连接
[2026-03-12 06:22:10] ✅ VPN 已连接
[2026-03-12 06:23:10] ✅ VPN 已连接
[2026-03-12 06:24:10] ✅ VPN 已连接
[2026-03-12 06:25:10] ✅ VPN 已连接
[2026-03-12 06:26:10] ✅ VPN 已连接
[2026-03-12 06:27:10] ✅ VPN 已连接
[2026-03-12 06:28:10] ✅ VPN 已连接
[2026-03-12 06:29:10] ✅ VPN 已连接
[2026-03-12 06:30:10] ✅ VPN 已连接
[2026-03-12 06:31:10] ✅ VPN 已连接
[2026-03-12 06:32:10] ✅ VPN 已连接
[2026-03-12 06:33:11] ✅ VPN 已连接
[2026-03-12 06:34:11] ✅ VPN 已连接
[2026-03-12 06:35:11] ✅ VPN 已连接
[2026-03-12 06:36:11] ✅ VPN 已连接
[2026-03-12 06:37:11] ✅ VPN 已连接
[2026-03-12 06:38:11] ✅ VPN 已连接
[2026-03-12 06:39:11] ✅ VPN 已连接
[2026-03-12 06:40:11] ✅ VPN 已连接
[2026-03-12 06:41:11] ✅ VPN 已连接
[2026-03-12 06:42:11] ✅ VPN 已连接
[2026-03-12 06:43:11] ✅ VPN 已连接
[2026-03-12 06:44:11] ✅ VPN 已连接
[2026-03-12 06:45:11] ✅ VPN 已连接
[2026-03-12 06:46:11] ✅ VPN 已连接
[2026-03-12 06:47:11] ✅ VPN 已连接
[2026-03-12 06:48:11] ✅ VPN 已连接
[2026-03-12 06:49:11] ✅ VPN 已连接
[2026-03-12 06:50:12] ✅ VPN 已连接
[2026-03-12 06:51:12] ✅ VPN 已连接
[2026-03-12 06:52:12] ✅ VPN 已连接
[2026-03-12 06:53:12] ✅ VPN 已连接
[2026-03-12 06:54:12] ✅ VPN 已连接
[2026-03-12 06:55:12] ✅ VPN 已连接
[2026-03-12 06:56:12] ✅ VPN 已连接
[2026-03-12 06:57:12] ✅ VPN 已连接
[2026-03-12 06:58:12] ✅ VPN 已连接
[2026-03-12 06:59:12] ✅ VPN 已连接
[2026-03-12 07:00:12] ✅ VPN 已连接
[2026-03-12 07:01:12] ✅ VPN 已连接
[2026-03-12 07:02:12] ✅ VPN 已连接
[2026-03-12 07:03:12] ✅ VPN 已连接
[2026-03-12 07:04:12] ✅ VPN 已连接
[2026-03-12 07:05:12] ✅ VPN 已连接
[2026-03-12 07:06:12] ✅ VPN 已连接
[2026-03-12 07:07:13] ✅ VPN 已连接
[2026-03-12 07:08:13] ✅ VPN 已连接
[2026-03-12 07:09:13] ✅ VPN 已连接
[2026-03-12 07:10:13] ✅ VPN 已连接
[2026-03-12 07:11:13] ✅ VPN 已连接
[2026-03-12 07:12:13] ✅ VPN 已连接
[2026-03-12 07:13:13] ✅ VPN 已连接
[2026-03-12 07:14:13] ✅ VPN 已连接
[2026-03-12 07:15:13] ✅ VPN 已连接
[2026-03-12 07:16:13] ✅ VPN 已连接
[2026-03-12 07:17:13] ✅ VPN 已连接
[2026-03-12 07:18:13] ✅ VPN 已连接
[2026-03-12 07:19:13] ✅ VPN 已连接
[2026-03-12 07:20:13] ✅ VPN 已连接
[2026-03-12 07:21:13] ✅ VPN 已连接
[2026-03-12 07:22:13] ✅ VPN 已连接
[2026-03-12 07:23:13] ✅ VPN 已连接
[2026-03-12 07:24:13] ✅ VPN 已连接
[2026-03-12 07:25:13] ✅ VPN 已连接
[2026-03-12 07:26:13] ✅ VPN 已连接
[2026-03-12 07:27:14] ✅ VPN 已连接
[2026-03-12 07:28:14] ✅ VPN 已连接
[2026-03-12 07:29:14] ✅ VPN 已连接
[2026-03-12 07:30:14] ✅ VPN 已连接
[2026-03-12 07:31:14] ✅ VPN 已连接
[2026-03-12 07:32:14] ✅ VPN 已连接
[2026-03-12 07:33:14] ✅ VPN 已连接
[2026-03-12 07:34:14] ✅ VPN 已连接
[2026-03-12 07:35:14] ✅ VPN 已连接
[2026-03-12 07:36:14] ✅ VPN 已连接
[2026-03-12 07:37:14] ✅ VPN 已连接
[2026-03-12 07:38:14] ✅ VPN 已连接
[2026-03-12 07:39:14] ✅ VPN 已连接
[2026-03-12 07:40:14] ✅ VPN 已连接
[2026-03-12 07:41:14] ✅ VPN 已连接
[2026-03-12 07:42:14] ✅ VPN 已连接
[2026-03-12 07:43:14] ✅ VPN 已连接
[2026-03-12 07:44:14] ✅ VPN 已连接
[2026-03-12 07:45:14] ✅ VPN 已连接
[2026-03-12 07:46:14] ✅ VPN 已连接
[2026-03-12 07:47:15] ✅ VPN 已连接
[2026-03-12 07:48:15] ✅ VPN 已连接
[2026-03-12 07:49:15] ✅ VPN 已连接
[2026-03-12 07:50:15] ✅ VPN 已连接
[2026-03-12 07:51:15] ✅ VPN 已连接
[2026-03-12 07:52:15] ✅ VPN 已连接
[2026-03-12 07:53:15] ✅ VPN 已连接
[2026-03-12 07:54:15] ✅ VPN 已连接
[2026-03-12 07:55:15] ✅ VPN 已连接
[2026-03-12 07:56:15] ✅ VPN 已连接
[2026-03-12 07:57:15] ✅ VPN 已连接
[2026-03-12 07:58:15] ✅ VPN 已连接
[2026-03-12 07:59:15] ✅ VPN 已连接
[2026-03-12 08:00:15] ✅ VPN 已连接
[2026-03-12 08:01:15] ✅ VPN 已连接
[2026-03-12 08:02:15] ✅ VPN 已连接
[2026-03-12 08:03:15] ✅ VPN 已连接
[2026-03-12 08:04:15] ✅ VPN 已连接
[2026-03-12 08:05:15] ✅ VPN 已连接
[2026-03-12 08:06:15] ✅ VPN 已连接
[2026-03-12 08:07:15] ✅ VPN 已连接
[2026-03-12 08:08:16] ✅ VPN 已连接
[2026-03-12 08:09:16] ✅ VPN 已连接
[2026-03-12 08:10:16] ✅ VPN 已连接
[2026-03-12 08:11:16] ✅ VPN 已连接
[2026-03-12 08:12:16] ✅ VPN 已连接
[2026-03-12 08:13:16] ✅ VPN 已连接
[2026-03-12 08:14:16] ✅ VPN 已连接
[2026-03-12 08:15:16] ✅ VPN 已连接
[2026-03-12 08:16:16] ✅ VPN 已连接
[2026-03-12 08:17:16] ✅ VPN 已连接
[2026-03-12 08:18:16] ✅ VPN 已连接
[2026-03-12 08:19:16] ✅ VPN 已连接
[2026-03-12 08:20:16] ✅ VPN 已连接
[2026-03-12 08:21:16] ✅ VPN 已连接
[2026-03-12 08:22:16] ✅ VPN 已连接
[2026-03-12 08:23:16] ✅ VPN 已连接
[2026-03-12 08:24:16] ✅ VPN 已连接
[2026-03-12 08:25:16] ✅ VPN 已连接
[2026-03-12 08:26:16] ✅ VPN 已连接
[2026-03-12 08:27:16] ✅ VPN 已连接
[2026-03-12 08:28:16] ✅ VPN 已连接
[2026-03-12 08:29:17] ✅ VPN 已连接
[2026-03-12 08:30:17] ✅ VPN 已连接
[2026-03-12 08:31:17] ✅ VPN 已连接
[2026-03-12 08:32:17] ✅ VPN 已连接
[2026-03-12 08:33:17] ❌ VPN 未连接，触发重连...
[2026-03-12 08:33:17] ========== VPN 重连开始 ==========
[2026-03-12 08:33:17] 尝试 1/3...
[2026-03-12 08:33:17] 启动 FortiClient GUI...
[2026-03-12 08:33:20] ✅ FortiClient GUI 已启动
[2026-03-12 08:33:20] 触发 VPN 连接（Playwright 自动化）...
[2026-03-12 08:34:29] 重试 1 失败：自动登录失败
[2026-03-12 08:34:39] 尝试 2/3...
[2026-03-12 08:34:39] 启动 FortiClient GUI...
[2026-03-12 08:34:42] ❌ FortiClient GUI 启动失败
[2026-03-12 08:34:42] 重试 2 失败：无法启动 FortiClient
[2026-03-12 08:34:52] 尝试 3/3...
[2026-03-12 08:34:52] 启动 FortiClient GUI...
[2026-03-12 08:34:55] ❌ FortiClient GUI 启动失败
[2026-03-12 08:34:55] 重试 3 失败：无法启动 FortiClient
[2026-03-12 08:35:05] ❌ VPN 重连失败（已尝试 3 次）
[2026-03-12 08:35:05] ========== VPN 重连失败 ==========
[2026-03-12 08:36:05] ✅ VPN 已连接
[2026-03-12 08:37:05] ✅ VPN 已连接
[2026-03-12 08:38:05] ✅ VPN 已连接
[2026-03-12 08:39:05] ✅ VPN 已连接
[2026-03-12 08:40:05] ✅ VPN 已连接
[2026-03-12 08:41:05] ✅ VPN 已连接
[2026-03-12 08:42:05] ✅ VPN 已连接
[2026-03-12 08:43:05] ✅ VPN 已连接
[2026-03-12 08:44:05] ✅ VPN 已连接
[2026-03-12 08:45:05] ✅ VPN 已连接
[2026-03-12 08:46:06] ✅ VPN 已连接
[2026-03-12 08:47:06] ✅ VPN 已连接
[2026-03-12 08:48:06] ✅ VPN 已连接
[2026-03-12 08:49:06] ✅ VPN 已连接
[2026-03-12 08:50:06] ✅ VPN 已连接
[2026-03-12 08:51:06] ✅ VPN 已连接
[2026-03-12 08:52:06] ✅ VPN 已连接
[2026-03-12 08:53:06] ✅ VPN 已连接
[2026-03-12 08:54:06] ✅ VPN 已连接
[2026-03-12 08:55:06] ✅ VPN 已连接
[2026-03-12 08:56:06] ✅ VPN 已连接
[2026-03-12 08:57:06] ✅ VPN 已连接
[2026-03-12 08:58:06] ✅ VPN 已连接
[2026-03-12 08:59:06] ✅ VPN 已连接
[2026-03-12 09:00:06] ✅ VPN 已连接
[2026-03-12 09:01:06] ✅ VPN 已连接
[2026-03-12 09:02:06] ✅ VPN 已连接
[2026-03-12 09:03:06] ✅ VPN 已连接
[2026-03-12 09:04:06] ✅ VPN 已连接
[2026-03-12 09:05:06] ✅ VPN 已连接
[2026-03-12 09:06:07] ✅ VPN 已连接
[2026-03-12 09:07:07] ✅ VPN 已连接
[2026-03-12 09:08:07] ✅ VPN 已连接
[2026-03-12 09:09:07] ✅ VPN 已连接
[2026-03-12 09:10:07] ✅ VPN 已连接
[2026-03-12 09:11:07] ✅ VPN 已连接
[2026-03-12 09:12:07] ✅ VPN 已连接
[2026-03-12 09:13:07] ✅ VPN 已连接
[2026-03-12 09:14:07] ✅ VPN 已连接
[2026-03-12 09:15:07] ✅ VPN 已连接
[2026-03-12 09:16:07] ✅ VPN 已连接
[2026-03-12 09:17:07] ✅ VPN 已连接
[2026-03-12 09:18:07] ✅ VPN 已连接
[2026-03-12 09:19:07] ✅ VPN 已连接
[2026-03-12 09:20:07] ✅ VPN 已连接
[2026-03-12 09:21:07] ✅ VPN 已连接
[2026-03-12 09:22:07] ✅ VPN 已连接
[2026-03-12 09:23:07] ✅ VPN 已连接
[2026-03-12 09:24:07] ✅ VPN 已连接
[2026-03-12 09:25:07] ✅ VPN 已连接
[2026-03-12 09:26:07] ✅ VPN 已连接
[2026-03-12 09:27:08] ✅ VPN 已连接
[2026-03-12 09:28:08] ✅ VPN 已连接
[2026-03-12 09:29:08] ✅ VPN 已连接
[2026-03-12 09:30:08] ✅ VPN 已连接
[2026-03-12 09:31:08] ✅ VPN 已连接
[2026-03-12 09:32:08] ✅ VPN 已连接
[2026-03-12 09:33:08] ✅ VPN 已连接
[2026-03-12 09:34:08] ✅ VPN 已连接
[2026-03-12 09:35:08] ✅ VPN 已连接
[2026-03-12 09:36:08] ✅ VPN 已连接
[2026-03-12 09:37:08] ✅ VPN 已连接
[2026-03-12 09:38:08] ✅ VPN 已连接
[2026-03-12 09:39:08] ✅ VPN 已连接
[2026-03-12 09:40:08] ✅ VPN 已连接
[2026-03-12 09:41:08] ✅ VPN 已连接
[2026-03-12 09:42:08] ✅ VPN 已连接
[2026-03-12 09:43:08] ✅ VPN 已连接
[2026-03-12 09:44:08] ✅ VPN 已连接
[2026-03-12 09:45:08] ✅ VPN 已连接
[2026-03-12 09:46:09] ✅ VPN 已连接
[2026-03-12 09:47:09] ✅ VPN 已连接
[2026-03-12 09:48:09] ✅ VPN 已连接
[2026-03-12 09:49:09] ✅ VPN 已连接
[2026-03-12 09:50:09] ✅ VPN 已连接
[2026-03-12 09:51:09] ✅ VPN 已连接
[2026-03-12 09:52:09] ✅ VPN 已连接
[2026-03-12 09:53:09] ✅ VPN 已连接
[2026-03-12 09:54:09] ✅ VPN 已连接
[2026-03-12 09:55:09] ✅ VPN 已连接
[2026-03-12 09:56:09] ✅ VPN 已连接
[2026-03-12 09:57:09] ✅ VPN 已连接
[2026-03-12 09:58:09] ✅ VPN 已连接
[2026-03-12 09:59:09] ✅ VPN 已连接
[2026-03-12 10:00:09] ✅ VPN 已连接
[2026-03-12 10:01:09] ✅ VPN 已连接
[2026-03-12 10:02:10] ✅ VPN 已连接
[2026-03-12 10:03:10] ✅ VPN 已连接
[2026-03-12 10:04:10] ✅ VPN 已连接
[2026-03-12 10:05:10] ✅ VPN 已连接
[2026-03-12 10:06:10] ✅ VPN 已连接
[2026-03-12 10:07:10] ✅ VPN 已连接
[2026-03-12 10:08:10] ✅ VPN 已连接
[2026-03-12 10:09:10] ✅ VPN 已连接
[2026-03-12 10:10:10] ✅ VPN 已连接
[2026-03-12 10:11:10] ✅ VPN 已连接
[2026-03-12 10:12:10] ✅ VPN 已连接
[2026-03-12 10:13:10] ✅ VPN 已连接
[2026-03-12 10:14:10] ✅ VPN 已连接
[2026-03-12 10:15:10] ✅ VPN 已连接
[2026-03-12 10:16:10] ✅ VPN 已连接
[2026-03-12 10:17:10] ✅ VPN 已连接
[2026-03-12 10:18:11] ✅ VPN 已连接
[2026-03-12 10:19:11] ✅ VPN 已连接
[2026-03-12 10:20:11] ✅ VPN 已连接
[2026-03-12 10:21:11] ✅ VPN 已连接
[2026-03-12 10:22:11] ✅ VPN 已连接
[2026-03-12 10:23:11] ✅ VPN 已连接
[2026-03-12 10:24:11] ✅ VPN 已连接
[2026-03-12 10:25:11] ✅ VPN 已连接
[2026-03-12 10:26:11] ✅ VPN 已连接
[2026-03-12 10:27:11] ✅ VPN 已连接
[2026-03-12 10:28:11] ✅ VPN 已连接
[2026-03-12 10:29:11] ✅ VPN 已连接
[2026-03-12 10:30:11] ✅ VPN 已连接
[2026-03-12 10:31:11] ✅ VPN 已连接
[2026-03-12 10:32:11] ✅ VPN 已连接
[2026-03-12 10:33:11] ✅ VPN 已连接
[2026-03-12 10:34:11] ✅ VPN 已连接
[2026-03-12 10:35:11] ✅ VPN 已连接
[2026-03-12 10:36:12] ✅ VPN 已连接
[2026-03-12 10:37:12] ✅ VPN 已连接
[2026-03-12 10:38:12] ✅ VPN 已连接
[2026-03-12 10:39:12] ✅ VPN 已连接
[2026-03-12 10:40:12] ✅ VPN 已连接
[2026-03-12 10:41:12] ✅ VPN 已连接
[2026-03-12 10:42:12] ✅ VPN 已连接
[2026-03-12 10:43:12] ✅ VPN 已连接
[2026-03-12 10:44:12] ✅ VPN 已连接
[2026-03-12 10:45:12] ✅ VPN 已连接
[2026-03-12 10:46:12] ✅ VPN 已连接
[2026-03-12 10:47:12] ✅ VPN 已连接
[2026-03-12 10:48:12] ✅ VPN 已连接
[2026-03-12 10:49:12] ✅ VPN 已连接
[2026-03-12 10:50:12] ✅ VPN 已连接
[2026-03-12 10:51:13] ✅ VPN 已连接
[2026-03-12 10:52:13] ✅ VPN 已连接
[2026-03-12 10:53:13] ✅ VPN 已连接
[2026-03-12 10:54:13] ✅ VPN 已连接
[2026-03-12 10:55:13] ✅ VPN 已连接
[2026-03-12 10:56:13] ✅ VPN 已连接
[2026-03-12 10:57:13] ✅ VPN 已连接
[2026-03-12 10:58:13] ✅ VPN 已连接
[2026-03-12 10:59:13] ✅ VPN 已连接
[2026-03-12 11:00:13] ✅ VPN 已连接
[2026-03-12 11:01:13] ✅ VPN 已连接
[2026-03-12 11:02:13] ✅ VPN 已连接
[2026-03-12 11:03:13] ✅ VPN 已连接
[2026-03-12 11:04:13] ✅ VPN 已连接
[2026-03-12 11:05:13] ✅ VPN 已连接
[2026-03-12 11:06:13] ✅ VPN 已连接
[2026-03-12 11:07:14] ✅ VPN 已连接
[2026-03-12 11:08:14] ✅ VPN 已连接
[2026-03-12 11:09:14] ✅ VPN 已连接
[2026-03-12 11:10:14] ✅ VPN 已连接
[2026-03-12 11:11:14] ✅ VPN 已连接
[2026-03-12 11:12:14] ✅ VPN 已连接
[2026-03-12 11:13:14] ✅ VPN 已连接
[2026-03-12 11:14:14] ✅ VPN 已连接
[2026-03-12 11:15:14] ✅ VPN 已连接
[2026-03-12 11:16:14] ✅ VPN 已连接
[2026-03-12 11:17:14] ✅ VPN 已连接
[2026-03-12 11:18:14] ✅ VPN 已连接
[2026-03-12 11:19:14] ✅ VPN 已连接
[2026-03-12 11:20:14] ✅ VPN 已连接
[2026-03-12 11:21:14] ✅ VPN 已连接
[2026-03-12 11:22:14] ✅ VPN 已连接
[2026-03-12 11:23:15] ✅ VPN 已连接
[2026-03-12 11:24:15] ✅ VPN 已连接
[2026-03-12 11:25:15] ✅ VPN 已连接
[2026-03-12 11:26:15] ✅ VPN 已连接
[2026-03-12 11:27:15] ✅ VPN 已连接
[2026-03-12 11:28:15] ✅ VPN 已连接
[2026-03-12 11:29:15] ✅ VPN 已连接
[2026-03-12 11:30:15] ✅ VPN 已连接
[2026-03-12 11:31:15] ✅ VPN 已连接
[2026-03-12 11:32:15] ✅ VPN 已连接
[2026-03-12 11:33:15] ✅ VPN 已连接
[2026-03-12 11:34:15] ✅ VPN 已连接
[2026-03-12 11:35:15] ✅ VPN 已连接
[2026-03-12 11:36:15] ✅ VPN 已连接
[2026-03-12 11:37:15] ✅ VPN 已连接
[2026-03-12 11:38:15] ✅ VPN 已连接
[2026-03-12 11:39:15] ✅ VPN 已连接
[2026-03-12 11:40:15] ✅ VPN 已连接
[2026-03-12 11:41:16] ✅ VPN 已连接
[2026-03-12 11:42:16] ✅ VPN 已连接
[2026-03-12 11:43:16] ✅ VPN 已连接
[2026-03-12 11:44:16] ✅ VPN 已连接
[2026-03-12 11:45:16] ✅ VPN 已连接
[2026-03-12 11:46:16] ✅ VPN 已连接
[2026-03-12 11:47:16] ✅ VPN 已连接
[2026-03-12 11:48:16] ✅ VPN 已连接
[2026-03-12 11:49:16] ✅ VPN 已连接
[2026-03-12 11:50:16] ✅ VPN 已连接
[2026-03-12 11:51:16] ✅ VPN 已连接
[2026-03-12 11:52:16] ✅ VPN 已连接
[2026-03-12 11:53:16] ✅ VPN 已连接
[2026-03-12 11:54:16] ✅ VPN 已连接
[2026-03-12 11:55:16] ✅ VPN 已连接
[2026-03-12 11:56:16] ✅ VPN 已连接
[2026-03-12 11:57:16] ✅ VPN 已连接
[2026-03-12 11:58:16] ✅ VPN 已连接
[2026-03-12 11:59:16] ✅ VPN 已连接
[2026-03-12 12:00:16] ✅ VPN 已连接
[2026-03-12 12:01:17] ✅ VPN 已连接
[2026-03-12 12:02:17] ✅ VPN 已连接
[2026-03-12 12:03:17] ✅ VPN 已连接
[2026-03-12 12:04:17] ✅ VPN 已连接
[2026-03-12 12:05:17] ✅ VPN 已连接
[2026-03-12 12:06:17] ✅ VPN 已连接
[2026-03-12 12:07:17] ✅ VPN 已连接
[2026-03-12 12:08:17] ✅ VPN 已连接
[2026-03-12 12:09:17] ✅ VPN 已连接
[2026-03-12 12:10:17] ✅ VPN 已连接
[2026-03-12 12:11:17] ✅ VPN 已连接
[2026-03-12 12:12:17] ✅ VPN 已连接
[2026-03-12 12:13:17] ✅ VPN 已连接
[2026-03-12 12:14:17] ✅ VPN 已连接
[2026-03-12 12:15:17] ✅ VPN 已连接
[2026-03-12 12:16:17] ✅ VPN 已连接
[2026-03-12 12:17:17] ✅ VPN 已连接
[2026-03-12 12:18:17] ✅ VPN 已连接
[2026-03-12 12:19:17] ✅ VPN 已连接
[2026-03-12 12:20:17] ✅ VPN 已连接
[2026-03-12 12:21:18] ✅ VPN 已连接
[2026-03-12 12:22:18] ✅ VPN 已连接
[2026-03-12 12:23:18] ✅ VPN 已连接
[2026-03-12 12:24:18] ✅ VPN 已连接
[2026-03-12 12:25:18] ✅ VPN 已连接
[2026-03-12 12:26:18] ✅ VPN 已连接
[2026-03-12 12:27:18] ✅ VPN 已连接
[2026-03-12 12:28:18] ✅ VPN 已连接
[2026-03-12 12:29:18] ✅ VPN 已连接
[2026-03-12 12:30:18] ✅ VPN 已连接
[2026-03-12 12:31:18] ✅ VPN 已连接
[2026-03-12 12:32:18] ✅ VPN 已连接
[2026-03-12 12:33:18] ✅ VPN 已连接
[2026-03-12 12:34:18] ✅ VPN 已连接
[2026-03-12 12:35:18] ✅ VPN 已连接
[2026-03-12 12:36:18] ✅ VPN 已连接
[2026-03-12 12:37:18] ✅ VPN 已连接
[2026-03-12 12:38:18] ✅ VPN 已连接
[2026-03-12 12:39:18] ✅ VPN 已连接
[2026-03-12 12:40:19] ✅ VPN 已连接
[2026-03-12 12:41:19] ✅ VPN 已连接
[2026-03-12 12:42:19] ✅ VPN 已连接
[2026-03-12 12:43:19] ✅ VPN 已连接
[2026-03-12 12:44:19] ✅ VPN 已连接
[2026-03-12 12:45:19] ✅ VPN 已连接
[2026-03-12 12:46:19] ✅ VPN 已连接
[2026-03-12 12:47:19] ✅ VPN 已连接
[2026-03-12 12:48:19] ✅ VPN 已连接
[2026-03-12 12:49:19] ✅ VPN 已连接
[2026-03-12 12:50:19] ✅ VPN 已连接
[2026-03-12 12:51:19] ✅ VPN 已连接
[2026-03-12 12:52:19] ✅ VPN 已连接
[2026-03-12 12:53:19] ✅ VPN 已连接
[2026-03-12 12:54:19] ✅ VPN 已连接
[2026-03-12 12:55:19] ✅ VPN 已连接
[2026-03-12 12:56:19] ✅ VPN 已连接
[2026-03-12 12:57:19] ✅ VPN 已连接
[2026-03-12 12:58:19] ✅ VPN 已连接
[2026-03-12 12:59:19] ✅ VPN 已连接
[2026-03-12 13:00:20] ❌ VPN 未连接，触发重连...
[2026-03-12 13:00:20] ========== VPN 重连开始 ==========
[2026-03-12 13:00:20] 尝试 1/3...
[2026-03-12 13:00:20] 启动 FortiClient GUI...
[2026-03-12 13:00:23] ❌ FortiClient GUI 启动失败
[2026-03-12 13:00:23] 重试 1 失败：无法启动 FortiClient
[2026-03-12 13:00:33] 尝试 2/3...
[2026-03-12 13:00:33] 启动 FortiClient GUI...
[2026-03-12 13:00:36] ❌ FortiClient GUI 启动失败
[2026-03-12 13:00:36] 重试 2 失败：无法启动 FortiClient
[2026-03-12 13:00:46] 尝试 3/3...
[2026-03-12 13:00:46] 启动 FortiClient GUI...
[2026-03-12 13:00:49] ❌ FortiClient GUI 启动失败
[2026-03-12 13:00:49] 重试 3 失败：无法启动 FortiClient
[2026-03-12 13:00:59] ❌ VPN 重连失败（已尝试 3 次）
[2026-03-12 13:00:59] ========== VPN 重连失败 ==========
[2026-03-12 13:01:59] ❌ VPN 未连接，触发重连...
[2026-03-12 13:01:59] ========== VPN 重连开始 ==========
[2026-03-12 13:01:59] 尝试 1/3...
[2026-03-12 13:01:59] 启动 FortiClient GUI...
[2026-03-12 13:02:02] ❌ FortiClient GUI 启动失败
[2026-03-12 13:02:02] 重试 1 失败：无法启动 FortiClient
[2026-03-12 13:02:12] 尝试 2/3...
[2026-03-12 13:02:12] 启动 FortiClient GUI...
[2026-03-12 13:02:12] FortiClient 已在运行，先关闭...
[2026-03-12 13:02:17] ❌ FortiClient GUI 启动失败
[2026-03-12 13:02:17] 重试 2 失败：无法启动 FortiClient
[2026-03-12 13:02:27] 尝试 3/3...
[2026-03-12 13:02:27] 启动 FortiClient GUI...
[2026-03-12 13:02:30] ❌ FortiClient GUI 启动失败
[2026-03-12 13:02:30] 重试 3 失败：无法启动 FortiClient
[2026-03-12 13:02:40] ❌ VPN 重连失败（已尝试 3 次）
[2026-03-12 13:02:40] ========== VPN 重连失败 ==========
[2026-03-12 13:03:40] ❌ VPN 未连接，触发重连...
[2026-03-12 13:03:40] ========== VPN 重连开始 ==========
[2026-03-12 13:03:40] 尝试 1/3...
[2026-03-12 13:03:40] 启动 FortiClient GUI...
[2026-03-12 13:03:43] ❌ FortiClient GUI 启动失败
[2026-03-12 13:03:43] 重试 1 失败：无法启动 FortiClient
[2026-03-12 13:03:53] 尝试 2/3...
[2026-03-12 13:03:53] 启动 FortiClient GUI...
[2026-03-12 13:03:56] ❌ FortiClient GUI 启动失败
[2026-03-12 13:03:56] 重试 2 失败：无法启动 FortiClient
[2026-03-12 13:04:06] 尝试 3/3...
[2026-03-12 13:04:06] 启动 FortiClient GUI...
[2026-03-12 13:04:09] ❌ FortiClient GUI 启动失败
[2026-03-12 13:04:09] 重试 3 失败：无法启动 FortiClient
[2026-03-12 13:04:19] ❌ VPN 重连失败（已尝试 3 次）
[2026-03-12 13:04:19] ========== VPN 重连失败 ==========
[2026-03-12 13:05:19] ✅ VPN 已连接
[2026-03-12 13:06:19] ✅ VPN 已连接
[2026-03-12 13:07:19] ✅ VPN 已连接
[2026-03-12 13:08:19] ✅ VPN 已连接
[2026-03-12 13:09:19] ✅ VPN 已连接
[2026-03-12 13:10:19] ✅ VPN 已连接
[2026-03-12 13:11:19] ✅ VPN 已连接
[2026-03-12 13:12:20] ✅ VPN 已连接
[2026-03-12 13:13:20] ✅ VPN 已连接
[2026-03-12 13:14:20] ✅ VPN 已连接
[2026-03-12 13:15:20] ✅ VPN 已连接
[2026-03-12 13:16:20] ✅ VPN 已连接
[2026-03-12 13:17:20] ✅ VPN 已连接
[2026-03-12 13:18:20] ✅ VPN 已连接
[2026-03-12 13:19:20] ✅ VPN 已连接
[2026-03-12 13:20:20] ✅ VPN 已连接
[2026-03-12 13:21:20] ✅ VPN 已连接
[2026-03-12 13:22:20] ✅ VPN 已连接
[2026-03-12 13:23:20] ✅ VPN 已连接
[2026-03-12 13:24:20] ✅ VPN 已连接
[2026-03-12 13:25:20] ✅ VPN 已连接
[2026-03-12 13:26:20] ✅ VPN 已连接
[2026-03-12 13:27:20] ✅ VPN 已连接
[2026-03-12 13:28:20] ✅ VPN 已连接
[2026-03-12 13:29:20] ✅ VPN 已连接
[2026-03-12 13:30:20] ✅ VPN 已连接
[2026-03-12 13:31:20] ✅ VPN 已连接
[2026-03-12 13:32:21] ✅ VPN 已连接
[2026-03-12 13:33:21] ✅ VPN 已连接
[2026-03-12 13:34:21] ✅ VPN 已连接
[2026-03-12 13:35:21] ✅ VPN 已连接
[2026-03-12 13:36:21] ✅ VPN 已连接
[2026-03-12 13:37:21] ✅ VPN 已连接
[2026-03-12 13:38:21] ✅ VPN 已连接
[2026-03-12 13:39:21] ✅ VPN 已连接
[2026-03-12 13:40:21] ✅ VPN 已连接
[2026-03-12 13:41:21] ✅ VPN 已连接
[2026-03-12 13:42:21] ✅ VPN 已连接
[2026-03-12 13:43:21] ✅ VPN 已连接
[2026-03-12 13:44:21] ✅ VPN 已连接
[2026-03-12 13:45:21] ✅ VPN 已连接
[2026-03-12 13:46:21] ✅ VPN 已连接
[2026-03-12 13:47:21] ✅ VPN 已连接
[2026-03-12 13:48:21] ✅ VPN 已连接
[2026-03-12 13:49:21] ✅ VPN 已连接
[2026-03-12 13:50:22] ✅ VPN 已连接
[2026-03-12 13:51:22] ✅ VPN 已连接
[2026-03-12 13:52:22] ✅ VPN 已连接
[2026-03-12 13:53:22] ✅ VPN 已连接
[2026-03-12 13:54:22] ✅ VPN 已连接
[2026-03-12 13:55:22] ✅ VPN 已连接
[2026-03-12 13:56:22] ✅ VPN 已连接
[2026-03-12 13:57:22] ✅ VPN 已连接
[2026-03-12 13:58:22] ✅ VPN 已连接
[2026-03-12 13:59:22] ✅ VPN 已连接
[2026-03-12 14:00:22] ✅ VPN 已连接
[2026-03-12 14:01:22] ✅ VPN 已连接
[2026-03-12 14:02:22] ✅ VPN 已连接
[2026-03-12 14:03:22] ✅ VPN 已连接
[2026-03-12 14:04:22] ✅ VPN 已连接
[2026-03-12 14:05:22] ✅ VPN 已连接
[2026-03-12 14:06:22] ✅ VPN 已连接
[2026-03-12 14:07:22] ✅ VPN 已连接
[2026-03-12 14:08:22] ✅ VPN 已连接
[2026-03-12 14:09:22] ✅ VPN 已连接
[2026-03-12 14:10:22] ✅ VPN 已连接
[2026-03-12 14:11:23] ✅ VPN 已连接
[2026-03-12 14:12:23] ✅ VPN 已连接
[2026-03-12 14:13:23] ✅ VPN 已连接
[2026-03-12 14:14:23] ✅ VPN 已连接
[2026-03-12 14:15:23] ✅ VPN 已连接
[2026-03-12 14:16:23] ✅ VPN 已连接
[2026-03-12 14:17:23] ✅ VPN 已连接
[2026-03-12 14:18:23] ✅ VPN 已连接
[2026-03-12 14:19:23] ✅ VPN 已连接
[2026-03-12 14:20:23] ✅ VPN 已连接
[2026-03-12 14:21:23] ✅ VPN 已连接
[2026-03-12 14:22:23] ✅ VPN 已连接
[2026-03-12 14:23:23] ✅ VPN 已连接
[2026-03-12 14:24:23] ✅ VPN 已连接
[2026-03-12 14:25:23] ✅ VPN 已连接
[2026-03-12 14:26:23] ✅ VPN 已连接
[2026-03-12 14:27:23] ✅ VPN 已连接
[2026-03-12 14:28:23] ✅ VPN 已连接
[2026-03-12 14:29:23] ✅ VPN 已连接
[2026-03-12 14:30:23] ✅ VPN 已连接
[2026-03-12 14:31:23] ✅ VPN 已连接
[2026-03-12 14:32:24] ✅ VPN 已连接
[2026-03-12 14:33:24] ✅ VPN 已连接
[2026-03-12 14:34:24] ✅ VPN 已连接
[2026-03-12 14:35:24] ✅ VPN 已连接
[2026-03-12 14:36:24] ✅ VPN 已连接
[2026-03-12 14:37:24] ✅ VPN 已连接
[2026-03-12 14:38:24] ✅ VPN 已连接
[2026-03-12 14:39:24] ✅ VPN 已连接
[2026-03-12 14:40:24] ✅ VPN 已连接
[2026-03-12 14:41:24] ✅ VPN 已连接
[2026-03-12 14:42:24] ✅ VPN 已连接
[2026-03-12 14:43:24] ✅ VPN 已连接
[2026-03-12 14:44:24] ✅ VPN 已连接
[2026-03-12 14:45:24] ✅ VPN 已连接
[2026-03-12 14:46:24] ✅ VPN 已连接
[2026-03-12 14:47:24] ✅ VPN 已连接
[2026-03-12 14:48:24] ✅ VPN 已连接
[2026-03-12 14:49:24] ✅ VPN 已连接
[2026-03-12 14:50:24] ✅ VPN 已连接
[2026-03-12 14:51:25] ✅ VPN 已连接
[2026-03-12 14:52:25] ✅ VPN 已连接
[2026-03-12 14:53:25] ✅ VPN 已连接
[2026-03-12 14:54:25] ✅ VPN 已连接
[2026-03-12 14:55:25] ✅ VPN 已连接
[2026-03-12 14:56:25] ✅ VPN 已连接
[2026-03-12 14:57:25] ✅ VPN 已连接
[2026-03-12 14:58:25] ✅ VPN 已连接
[2026-03-12 14:59:25] ✅ VPN 已连接
[2026-03-12 15:00:25] ✅ VPN 已连接
[2026-03-12 15:01:25] ✅ VPN 已连接
[2026-03-12 15:02:25] ✅ VPN 已连接
[2026-03-12 15:03:25] ✅ VPN 已连接
[2026-03-12 15:04:25] ✅ VPN 已连接
[2026-03-12 15:05:25] ✅ VPN 已连接
[2026-03-12 15:06:25] ✅ VPN 已连接
[2026-03-12 15:07:25] ✅ VPN 已连接
[2026-03-12 15:08:25] ✅ VPN 已连接
[2026-03-12 15:09:25] ✅ VPN 已连接
[2026-03-12 15:10:26] ✅ VPN 已连接
[2026-03-12 15:11:26] ✅ VPN 已连接
[2026-03-12 15:12:26] ✅ VPN 已连接
[2026-03-12 15:13:26] ✅ VPN 已连接
[2026-03-12 15:14:26] ✅ VPN 已连接
[2026-03-12 15:15:26] ✅ VPN 已连接
[2026-03-12 15:16:26] ✅ VPN 已连接
[2026-03-12 15:17:26] ✅ VPN 已连接
[2026-03-12 15:18:26] ✅ VPN 已连接
[2026-03-12 15:19:26] ✅ VPN 已连接
[2026-03-12 15:20:26] ✅ VPN 已连接
[2026-03-12 15:21:26] ✅ VPN 已连接
[2026-03-12 15:22:26] ✅ VPN 已连接
[2026-03-12 15:23:26] ✅ VPN 已连接
[2026-03-12 15:24:26] ✅ VPN 已连接
[2026-03-12 15:25:26] ✅ VPN 已连接
[2026-03-12 15:26:26] ✅ VPN 已连接
[2026-03-12 15:27:26] ✅ VPN 已连接
[2026-03-12 15:28:26] ✅ VPN 已连接
[2026-03-12 15:29:27] ✅ VPN 已连接
[2026-03-12 15:30:27] ✅ VPN 已连接
[2026-03-12 15:31:27] ✅ VPN 已连接
[2026-03-12 15:32:27] ✅ VPN 已连接
[2026-03-12 15:33:27] ✅ VPN 已连接
[2026-03-12 15:34:27] ✅ VPN 已连接
[2026-03-12 15:35:27] ✅ VPN 已连接
[2026-03-12 15:36:27] ✅ VPN 已连接
[2026-03-12 15:37:27] ✅ VPN 已连接
[2026-03-12 15:38:27] ✅ VPN 已连接
[2026-03-12 15:39:27] ✅ VPN 已连接
[2026-03-12 15:40:27] ✅ VPN 已连接
[2026-03-12 15:41:27] ✅ VPN 已连接
[2026-03-12 15:42:27] ✅ VPN 已连接
[2026-03-12 15:43:27] ✅ VPN 已连接
[2026-03-12 15:44:27] ✅ VPN 已连接
[2026-03-12 15:45:27] ✅ VPN 已连接
[2026-03-12 15:46:27] ✅ VPN 已连接
[2026-03-12 15:47:27] ✅ VPN 已连接
[2026-03-12 15:48:28] ✅ VPN 已连接
[2026-03-12 15:49:28] ✅ VPN 已连接
[2026-03-12 15:50:28] ✅ VPN 已连接
[2026-03-12 15:51:28] ✅ VPN 已连接
[2026-03-12 15:52:28] ✅ VPN 已连接
[2026-03-12 15:53:28] ✅ VPN 已连接
[2026-03-12 15:54:28] ✅ VPN 已连接
[2026-03-12 15:55:28] ✅ VPN 已连接
[2026-03-12 15:56:28] ✅ VPN 已连接
[2026-03-12 15:57:28] ✅ VPN 已连接
[2026-03-12 15:58:28] ✅ VPN 已连接
[2026-03-12 15:59:28] ✅ VPN 已连接
[2026-03-12 16:00:28] ✅ VPN 已连接
[2026-03-12 16:01:28] ✅ VPN 已连接
[2026-03-12 16:02:28] ✅ VPN 已连接
[2026-03-12 16:03:28] ✅ VPN 已连接
[2026-03-12 16:04:28] ✅ VPN 已连接
[2026-03-12 16:05:28] ✅ VPN 已连接
[2026-03-12 16:06:29] ✅ VPN 已连接
[2026-03-12 16:07:29] ✅ VPN 已连接
[2026-03-12 16:08:29] ✅ VPN 已连接
[2026-03-12 16:09:29] ✅ VPN 已连接
[2026-03-12 16:10:29] ✅ VPN 已连接
[2026-03-12 16:11:29] ✅ VPN 已连接
[2026-03-12 16:12:29] ✅ VPN 已连接
[2026-03-12 16:13:29] ✅ VPN 已连接
[2026-03-12 16:14:29] ✅ VPN 已连接
[2026-03-12 16:15:29] ✅ VPN 已连接
[2026-03-12 16:16:29] ✅ VPN 已连接
[2026-03-12 16:17:29] ✅ VPN 已连接
[2026-03-12 16:18:29] ✅ VPN 已连接
[2026-03-12 16:19:29] ✅ VPN 已连接
[2026-03-12 16:20:29] ✅ VPN 已连接
[2026-03-12 16:21:29] ✅ VPN 已连接
[2026-03-12 16:22:29] ✅ VPN 已连接
[2026-03-12 16:23:29] ✅ VPN 已连接
[2026-03-12 16:24:29] ✅ VPN 已连接
[2026-03-12 16:25:30] ✅ VPN 已连接
[2026-03-12 16:26:30] ✅ VPN 已连接
[2026-03-12 16:27:30] ✅ VPN 已连接
[2026-03-12 16:28:30] ✅ VPN 已连接
[2026-03-12 16:29:30] ✅ VPN 已连接
[2026-03-12 16:30:30] ✅ VPN 已连接
[2026-03-12 16:31:30] ✅ VPN 已连接
[2026-03-12 16:32:30] ✅ VPN 已连接
[2026-03-12 16:33:30] ✅ VPN 已连接
[2026-03-12 16:34:30] ✅ VPN 已连接
[2026-03-12 16:35:30] ✅ VPN 已连接
[2026-03-12 16:36:30] ✅ VPN 已连接
[2026-03-12 16:37:30] ✅ VPN 已连接
[2026-03-12 16:38:30] ✅ VPN 已连接
[2026-03-12 16:39:30] ✅ VPN 已连接
[2026-03-12 16:40:30] ✅ VPN 已连接
[2026-03-12 16:41:30] ✅ VPN 已连接
[2026-03-12 16:42:30] ✅ VPN 已连接
[2026-03-12 16:43:30] ✅ VPN 已连接
[2026-03-12 16:44:31] ✅ VPN 已连接
[2026-03-12 16:45:31] ✅ VPN 已连接
[2026-03-12 16:46:31] ✅ VPN 已连接
[2026-03-12 16:47:31] ✅ VPN 已连接
[2026-03-12 16:48:31] ✅ VPN 已连接
[2026-03-12 16:49:31] ✅ VPN 已连接
[2026-03-12 16:50:31] ✅ VPN 已连接
[2026-03-12 16:51:31] ✅ VPN 已连接
[2026-03-12 16:52:31] ✅ VPN 已连接
[2026-03-12 16:53:31] ✅ VPN 已连接
[2026-03-12 16:54:31] ✅ VPN 已连接
[2026-03-12 16:55:31] ✅ VPN 已连接
[2026-03-12 16:56:31] ✅ VPN 已连接
[2026-03-12 16:57:31] ✅ VPN 已连接
[2026-03-12 16:58:31] ✅ VPN 已连接
[2026-03-12 16:59:31] ✅ VPN 已连接
[2026-03-12 17:00:31] ✅ VPN 已连接
[2026-03-12 17:01:32] ✅ VPN 已连接
[2026-03-12 17:02:32] ✅ VPN 已连接
[2026-03-12 17:03:32] ✅ VPN 已连接
[2026-03-12 17:04:32] ✅ VPN 已连接
[2026-03-12 17:05:32] ✅ VPN 已连接
[2026-03-12 17:06:32] ✅ VPN 已连接
[2026-03-12 17:07:32] ✅ VPN 已连接
[2026-03-12 17:08:32] ✅ VPN 已连接
[2026-03-12 17:09:32] ✅ VPN 已连接
[2026-03-12 17:10:32] ✅ VPN 已连接
[2026-03-12 17:11:32] ✅ VPN 已连接
[2026-03-12 17:12:32] ✅ VPN 已连接
[2026-03-12 17:13:32] ✅ VPN 已连接
[2026-03-12 17:14:32] ✅ VPN 已连接
[2026-03-12 17:15:32] ✅ VPN 已连接
[2026-03-12 17:16:32] ✅ VPN 已连接
[2026-03-12 17:17:32] ✅ VPN 已连接
[2026-03-12 17:18:32] ✅ VPN 已连接
[2026-03-12 17:19:32] ✅ VPN 已连接
[2026-03-12 17:20:32] ✅ VPN 已连接
[2026-03-12 17:21:33] ✅ VPN 已连接
[2026-03-12 17:22:33] ✅ VPN 已连接
[2026-03-12 17:23:33] ✅ VPN 已连接
[2026-03-12 17:24:33] ✅ VPN 已连接
[2026-03-12 17:25:33] ✅ VPN 已连接
[2026-03-12 17:26:33] ✅ VPN 已连接
[2026-03-12 17:27:33] ✅ VPN 已连接
[2026-03-12 17:28:33] ✅ VPN 已连接
[2026-03-12 17:29:33] ✅ VPN 已连接
[2026-03-12 17:30:33] ✅ VPN 已连接
[2026-03-12 17:31:33] ✅ VPN 已连接
[2026-03-12 17:32:33] ✅ VPN 已连接
[2026-03-12 17:33:33] ✅ VPN 已连接
[2026-03-12 17:34:33] ✅ VPN 已连接
[2026-03-12 17:35:33] ✅ VPN 已连接
[2026-03-12 17:36:33] ✅ VPN 已连接
[2026-03-12 17:37:33] ✅ VPN 已连接
[2026-03-12 17:38:33] ✅ VPN 已连接
[2026-03-12 17:39:33] ✅ VPN 已连接
[2026-03-12 17:40:34] ✅ VPN 已连接
[2026-03-12 17:41:34] ✅ VPN 已连接
[2026-03-12 17:42:34] ✅ VPN 已连接
[2026-03-12 17:43:34] ✅ VPN 已连接
[2026-03-12 17:44:34] ✅ VPN 已连接
[2026-03-12 17:45:34] ✅ VPN 已连接
[2026-03-12 17:46:34] ✅ VPN 已连接
[2026-03-12 17:47:34] ✅ VPN 已连接
[2026-03-12 17:48:34] ✅ VPN 已连接
[2026-03-12 17:49:34] ✅ VPN 已连接
[2026-03-12 17:50:34] ✅ VPN 已连接
[2026-03-12 17:51:34] ✅ VPN 已连接
[2026-03-12 17:52:34] ✅ VPN 已连接
[2026-03-12 17:53:34] ✅ VPN 已连接
[2026-03-12 17:54:34] ✅ VPN 已连接
[2026-03-12 17:55:34] ✅ VPN 已连接
[2026-03-12 17:56:34] ✅ VPN 已连接
[2026-03-12 17:57:35] ✅ VPN 已连接
[2026-03-12 17:58:35] ✅ VPN 已连接
[2026-03-12 17:59:35] ✅ VPN 已连接
[2026-03-12 18:00:35] ✅ VPN 已连接
[2026-03-12 18:01:35] ✅ VPN 已连接
[2026-03-12 18:02:35] ✅ VPN 已连接
[2026-03-12 18:03:35] ✅ VPN 已连接
[2026-03-12 18:04:35] ✅ VPN 已连接
[2026-03-12 18:05:35] ✅ VPN 已连接
[2026-03-12 18:06:35] ✅ VPN 已连接
[2026-03-12 18:07:35] ✅ VPN 已连接
[2026-03-12 18:08:35] ✅ VPN 已连接
[2026-03-12 18:09:35] ✅ VPN 已连接
[2026-03-12 18:10:35] ✅ VPN 已连接
[2026-03-12 18:11:35] ✅ VPN 已连接
[2026-03-12 18:12:35] ✅ VPN 已连接
[2026-03-12 18:13:35] ✅ VPN 已连接
[2026-03-12 18:14:36] ✅ VPN 已连接
[2026-03-12 18:15:36] ✅ VPN 已连接
[2026-03-12 18:16:36] ✅ VPN 已连接
[2026-03-12 18:17:36] ✅ VPN 已连接
[2026-03-12 18:18:36] ✅ VPN 已连接
[2026-03-12 18:19:36] ✅ VPN 已连接
[2026-03-12 18:20:36] ✅ VPN 已连接
[2026-03-12 18:21:36] ✅ VPN 已连接
[2026-03-12 18:22:36] ✅ VPN 已连接
[2026-03-12 18:23:36] ✅ VPN 已连接
[2026-03-12 18:24:36] ✅ VPN 已连接
[2026-03-12 18:25:36] ✅ VPN 已连接
[2026-03-12 18:26:36] ✅ VPN 已连接
[2026-03-12 18:27:36] ✅ VPN 已连接
[2026-03-12 18:28:36] ✅ VPN 已连接
[2026-03-12 18:29:36] ✅ VPN 已连接
[2026-03-12 18:30:36] ✅ VPN 已连接
[2026-03-12 18:31:37] ✅ VPN 已连接
[2026-03-12 18:32:37] ✅ VPN 已连接
[2026-03-12 18:33:37] ✅ VPN 已连接
[2026-03-12 18:34:37] ✅ VPN 已连接
[2026-03-12 18:35:37] ✅ VPN 已连接
[2026-03-12 18:36:37] ✅ VPN 已连接
[2026-03-12 18:37:37] ✅ VPN 已连接
[2026-03-12 18:38:37] ✅ VPN 已连接
[2026-03-12 18:39:37] ✅ VPN 已连接
[2026-03-12 18:40:37] ✅ VPN 已连接
[2026-03-12 18:41:37] ✅ VPN 已连接
[2026-03-12 18:42:37] ✅ VPN 已连接
[2026-03-12 18:43:37] ✅ VPN 已连接
[2026-03-12 18:44:37] ✅ VPN 已连接
[2026-03-12 18:45:37] ✅ VPN 已连接
[2026-03-12 18:46:37] ✅ VPN 已连接
[2026-03-12 18:47:38] ✅ VPN 已连接
[2026-03-12 18:48:38] ✅ VPN 已连接
[2026-03-12 18:49:38] ✅ VPN 已连接
[2026-03-12 18:50:38] ✅ VPN 已连接
[2026-03-12 18:51:38] ✅ VPN 已连接
[2026-03-12 18:52:38] ✅ VPN 已连接
[2026-03-12 18:53:38] ✅ VPN 已连接
[2026-03-12 18:54:38] ✅ VPN 已连接
[2026-03-12 18:55:38] ✅ VPN 已连接
[2026-03-12 18:56:38] ✅ VPN 已连接
[2026-03-12 18:57:38] ✅ VPN 已连接
[2026-03-12 18:58:38] ✅ VPN 已连接
[2026-03-12 18:59:38] ✅ VPN 已连接
[2026-03-12 19:00:38] ✅ VPN 已连接
[2026-03-12 19:01:39] ✅ VPN 已连接
[2026-03-12 19:02:39] ✅ VPN 已连接
[2026-03-12 19:03:39] ✅ VPN 已连接
[2026-03-12 19:04:39] ✅ VPN 已连接
[2026-03-12 19:05:39] ✅ VPN 已连接
[2026-03-12 19:06:39] ✅ VPN 已连接
[2026-03-12 19:07:39] ✅ VPN 已连接
[2026-03-12 19:08:39] ✅ VPN 已连接
[2026-03-12 19:09:39] ✅ VPN 已连接
[2026-03-12 19:10:39] ✅ VPN 已连接
[2026-03-12 19:11:39] ✅ VPN 已连接
[2026-03-12 19:12:39] ✅ VPN 已连接
[2026-03-12 19:13:39] ✅ VPN 已连接
[2026-03-12 19:14:39] ✅ VPN 已连接
[2026-03-12 19:15:39] ✅ VPN 已连接
[2026-03-12 19:16:39] ✅ VPN 已连接
[2026-03-12 19:17:40] ✅ VPN 已连接
[2026-03-12 19:18:40] ✅ VPN 已连接
[2026-03-12 19:19:40] ✅ VPN 已连接
[2026-03-12 19:20:40] ✅ VPN 已连接
[2026-03-12 19:21:40] ✅ VPN 已连接
[2026-03-12 19:22:40] ✅ VPN 已连接
[2026-03-12 19:23:40] ✅ VPN 已连接
[2026-03-12 19:24:40] ✅ VPN 已连接
[2026-03-12 19:25:40] ✅ VPN 已连接
[2026-03-12 19:26:40] ✅ VPN 已连接
[2026-03-12 19:27:40] ✅ VPN 已连接
[2026-03-12 19:28:40] ✅ VPN 已连接
[2026-03-12 19:29:40] ✅ VPN 已连接
[2026-03-12 19:30:40] ✅ VPN 已连接
[2026-03-12 19:31:40] ✅ VPN 已连接
[2026-03-12 19:32:40] ✅ VPN 已连接
[2026-03-12 19:33:40] ✅ VPN 已连接
[2026-03-12 19:34:41] ✅ VPN 已连接
[2026-03-12 19:35:41] ✅ VPN 已连接
[2026-03-12 19:36:41] ✅ VPN 已连接
[2026-03-12 19:37:41] ✅ VPN 已连接
[2026-03-12 19:38:41] ✅ VPN 已连接
[2026-03-12 19:39:41] ✅ VPN 已连接
[2026-03-12 19:40:41] ✅ VPN 已连接
[2026-03-12 19:41:41] ✅ VPN 已连接
[2026-03-12 19:42:41] ✅ VPN 已连接
[2026-03-12 19:43:41] ✅ VPN 已连接
[2026-03-12 19:44:41] ✅ VPN 已连接
[2026-03-12 19:45:41] ✅ VPN 已连接
[2026-03-12 19:46:41] ✅ VPN 已连接
[2026-03-12 19:47:41] ✅ VPN 已连接
[2026-03-12 19:48:41] ✅ VPN 已连接
[2026-03-12 19:49:41] ✅ VPN 已连接
[2026-03-12 19:50:41] ✅ VPN 已连接
[2026-03-12 19:51:41] ✅ VPN 已连接
[2026-03-12 19:52:41] ✅ VPN 已连接
[2026-03-12 19:53:42] ✅ VPN 已连接
[2026-03-12 19:54:42] ✅ VPN 已连接
[2026-03-12 19:55:42] ✅ VPN 已连接
[2026-03-12 19:56:42] ✅ VPN 已连接
[2026-03-12 19:57:42] ✅ VPN 已连接
[2026-03-12 19:58:42] ✅ VPN 已连接
[2026-03-12 19:59:42] ✅ VPN 已连接
[2026-03-12 20:00:42] ✅ VPN 已连接
[2026-03-12 20:01:42] ✅ VPN 已连接
[2026-03-12 20:02:42] ✅ VPN 已连接
[2026-03-12 20:03:42] ✅ VPN 已连接
[2026-03-12 20:04:42] ✅ VPN 已连接
[2026-03-12 20:05:42] ✅ VPN 已连接
[2026-03-12 20:06:42] ✅ VPN 已连接
[2026-03-12 20:07:42] ✅ VPN 已连接
[2026-03-12 20:08:42] ✅ VPN 已连接
[2026-03-12 20:09:42] ✅ VPN 已连接
[2026-03-12 20:10:42] ✅ VPN 已连接
[2026-03-12 20:11:42] ✅ VPN 已连接
[2026-03-12 20:12:43] ✅ VPN 已连接
[2026-03-12 20:13:43] ✅ VPN 已连接
[2026-03-12 20:14:43] ✅ VPN 已连接
[2026-03-12 20:15:43] ✅ VPN 已连接
[2026-03-12 20:16:43] ✅ VPN 已连接
[2026-03-12 20:17:43] ✅ VPN 已连接
[2026-03-12 20:18:43] ✅ VPN 已连接
[2026-03-12 20:19:43] ✅ VPN 已连接
[2026-03-12 20:20:43] ✅ VPN 已连接
[2026-03-12 20:21:43] ✅ VPN 已连接
[2026-03-12 20:22:43] ✅ VPN 已连接
[2026-03-12 20:23:43] ✅ VPN 已连接
[2026-03-12 20:24:43] ✅ VPN 已连接
[2026-03-12 20:25:43] ✅ VPN 已连接
[2026-03-12 20:26:43] ✅ VPN 已连接
[2026-03-12 20:27:43] ✅ VPN 已连接
[2026-03-12 20:28:43] ✅ VPN 已连接
[2026-03-12 20:29:43] ✅ VPN 已连接
[2026-03-12 20:30:43] ✅ VPN 已连接
[2026-03-12 20:31:44] ✅ VPN 已连接
[2026-03-12 20:32:44] ✅ VPN 已连接
[2026-03-12 20:33:44] ✅ VPN 已连接
[2026-03-12 20:34:44] ✅ VPN 已连接
[2026-03-12 20:35:44] ✅ VPN 已连接
[2026-03-12 20:36:44] ✅ VPN 已连接
[2026-03-12 20:37:44] ✅ VPN 已连接
[2026-03-12 20:38:44] ✅ VPN 已连接
[2026-03-12 20:39:44] ✅ VPN 已连接
[2026-03-12 20:40:44] ✅ VPN 已连接
[2026-03-12 20:41:44] ✅ VPN 已连接
[2026-03-12 20:42:44] ✅ VPN 已连接
[2026-03-12 20:43:44] ✅ VPN 已连接
[2026-03-12 20:44:44] ✅ VPN 已连接
[2026-03-12 20:45:44] ✅ VPN 已连接
[2026-03-12 20:46:44] ✅ VPN 已连接
[2026-03-12 20:47:44] ✅ VPN 已连接
[2026-03-12 20:48:44] ✅ VPN 已连接
[2026-03-12 20:49:44] ✅ VPN 已连接
[2026-03-12 20:50:45] ✅ VPN 已连接
[2026-03-12 20:51:45] ✅ VPN 已连接
[2026-03-12 20:52:45] ✅ VPN 已连接
[2026-03-12 20:53:45] ✅ VPN 已连接
[2026-03-12 20:54:45] ✅ VPN 已连接
[2026-03-12 20:55:45] ✅ VPN 已连接
[2026-03-12 20:56:45] ✅ VPN 已连接
[2026-03-12 20:57:45] ✅ VPN 已连接
[2026-03-12 20:58:45] ✅ VPN 已连接
[2026-03-12 20:59:45] ✅ VPN 已连接
[2026-03-12 21:00:45] ✅ VPN 已连接
[2026-03-12 21:01:45] ✅ VPN 已连接
[2026-03-12 21:02:45] ✅ VPN 已连接
[2026-03-12 21:03:45] ✅ VPN 已连接
[2026-03-12 21:04:45] ✅ VPN 已连接
[2026-03-12 21:05:45] ❌ VPN 未连接，触发重连...
[2026-03-12 21:05:45] ========== VPN 重连开始 ==========
[2026-03-12 21:05:45] 尝试 1/3...
[2026-03-12 21:05:45] 启动 FortiClient GUI...
[2026-03-12 21:05:48] ❌ FortiClient GUI 启动失败
[2026-03-12 21:05:48] 重试 1 失败：无法启动 FortiClient
[2026-03-12 21:05:58] 尝试 2/3...
[2026-03-12 21:05:58] 启动 FortiClient GUI...
[2026-03-12 21:05:58] FortiClient 已在运行，先关闭...
[2026-03-12 21:06:03] ❌ FortiClient GUI 启动失败
[2026-03-12 21:06:03] 重试 2 失败：无法启动 FortiClient
[2026-03-12 21:06:13] 尝试 3/3...
[2026-03-12 21:06:13] 启动 FortiClient GUI...
[2026-03-12 21:06:16] ❌ FortiClient GUI 启动失败
[2026-03-12 21:06:16] 重试 3 失败：无法启动 FortiClient
[2026-03-12 21:06:27] ❌ VPN 重连失败（已尝试 3 次）
[2026-03-12 21:06:27] ========== VPN 重连失败 ==========
[2026-03-12 21:07:27] ❌ VPN 未连接，触发重连...
[2026-03-12 21:07:27] ========== VPN 重连开始 ==========
[2026-03-12 21:07:27] 尝试 1/3...
[2026-03-12 21:07:27] 启动 FortiClient GUI...
[2026-03-12 21:07:27] FortiClient 已在运行，先关闭...
[2026-03-12 21:07:32] ❌ FortiClient GUI 启动失败
[2026-03-12 21:07:32] 重试 1 失败：无法启动 FortiClient
[2026-03-12 21:07:42] 尝试 2/3...
[2026-03-12 21:07:42] 启动 FortiClient GUI...
[2026-03-12 21:07:45] ❌ FortiClient GUI 启动失败
[2026-03-12 21:07:45] 重试 2 失败：无法启动 FortiClient
[2026-03-12 21:07:55] 尝试 3/3...
[2026-03-12 21:07:55] 启动 FortiClient GUI...
[2026-03-12 21:07:58] ❌ FortiClient GUI 启动失败
[2026-03-12 21:07:58] 重试 3 失败：无法启动 FortiClient
[2026-03-12 21:08:08] ❌ VPN 重连失败（已尝试 3 次）
[2026-03-12 21:08:08] ========== VPN 重连失败 ==========
[2026-03-12 21:09:08] ❌ VPN 未连接，触发重连...
[2026-03-12 21:09:08] ========== VPN 重连开始 ==========
[2026-03-12 21:09:08] 尝试 1/3...
[2026-03-12 21:09:08] 启动 FortiClient GUI...
[2026-03-12 21:09:11] ❌ FortiClient GUI 启动失败
[2026-03-12 21:09:11] 重试 1 失败：无法启动 FortiClient
[2026-03-12 21:09:21] 尝试 2/3...
[2026-03-12 21:09:21] 启动 FortiClient GUI...
[2026-03-12 21:09:24] ❌ FortiClient GUI 启动失败
[2026-03-12 21:09:24] 重试 2 失败：无法启动 FortiClient
[2026-03-12 21:09:34] 尝试 3/3...
[2026-03-12 21:09:34] 启动 FortiClient GUI...
[2026-03-12 21:09:37] ❌ FortiClient GUI 启动失败
[2026-03-12 21:09:37] 重试 3 失败：无法启动 FortiClient
[2026-03-12 21:09:47] ❌ VPN 重连失败（已尝试 3 次）
[2026-03-12 21:09:47] ========== VPN 重连失败 ==========
[2026-03-12 21:10:47] ✅ VPN 已连接
[2026-03-12 21:11:47] ✅ VPN 已连接
[2026-03-12 21:12:47] ✅ VPN 已连接
[2026-03-12 21:13:47] ✅ VPN 已连接
[2026-03-12 21:14:47] ✅ VPN 已连接
[2026-03-12 21:15:47] ✅ VPN 已连接
[2026-03-12 21:16:47] ✅ VPN 已连接
[2026-03-12 21:17:47] ✅ VPN 已连接
[2026-03-12 21:18:47] ✅ VPN 已连接
[2026-03-12 21:19:48] ✅ VPN 已连接
[2026-03-12 21:20:48] ✅ VPN 已连接
[2026-03-12 21:21:48] ✅ VPN 已连接
[2026-03-12 21:22:48] ✅ VPN 已连接
[2026-03-12 21:23:48] ✅ VPN 已连接
[2026-03-12 21:24:48] ✅ VPN 已连接
[2026-03-12 21:25:48] ✅ VPN 已连接
[2026-03-12 21:26:48] ✅ VPN 已连接
[2026-03-12 21:27:48] ✅ VPN 已连接
[2026-03-12 21:28:48] ✅ VPN 已连接
[2026-03-12 21:29:48] ✅ VPN 已连接
[2026-03-12 21:30:48] ✅ VPN 已连接
[2026-03-12 21:31:48] ✅ VPN 已连接
[2026-03-12 21:32:48] ✅ VPN 已连接
[2026-03-12 21:33:48] ✅ VPN 已连接
[2026-03-12 21:34:48] ✅ VPN 已连接
[2026-03-12 21:35:48] ✅ VPN 已连接
[2026-03-12 21:36:48] ✅ VPN 已连接
[2026-03-12 21:37:48] ✅ VPN 已连接
[2026-03-12 21:38:49] ✅ VPN 已连接
[2026-03-12 21:39:49] ✅ VPN 已连接
[2026-03-12 21:40:49] ✅ VPN 已连接
[2026-03-12 21:41:49] ✅ VPN 已连接
[2026-03-12 21:42:49] ✅ VPN 已连接
[2026-03-12 21:43:49] ✅ VPN 已连接
[2026-03-12 21:44:49] ✅ VPN 已连接
[2026-03-12 21:45:49] ✅ VPN 已连接
[2026-03-12 21:46:49] ✅ VPN 已连接
[2026-03-12 21:47:49] ✅ VPN 已连接
[2026-03-12 21:48:49] ✅ VPN 已连接
[2026-03-12 21:49:49] ✅ VPN 已连接
[2026-03-12 21:50:49] ✅ VPN 已连接
[2026-03-12 21:51:49] ✅ VPN 已连接
[2026-03-12 21:52:49] ✅ VPN 已连接
[2026-03-12 21:53:49] ✅ VPN 已连接
[2026-03-12 21:54:49] ✅ VPN 已连接
[2026-03-12 21:55:49] ✅ VPN 已连接
[2026-03-12 21:56:49] ✅ VPN 已连接
[2026-03-12 21:57:49] ✅ VPN 已连接
[2026-03-12 21:58:50] ✅ VPN 已连接
[2026-03-12 21:59:50] ✅ VPN 已连接
[2026-03-12 22:00:50] ✅ VPN 已连接
[2026-03-12 22:01:50] ✅ VPN 已连接
[2026-03-12 22:02:50] ✅ VPN 已连接
[2026-03-12 22:03:50] ✅ VPN 已连接
[2026-03-12 22:04:50] ✅ VPN 已连接
[2026-03-12 22:05:50] ✅ VPN 已连接
[2026-03-12 22:06:50] ✅ VPN 已连接
[2026-03-12 22:07:50] ✅ VPN 已连接
[2026-03-12 22:08:50] ✅ VPN 已连接
[2026-03-12 22:09:50] ✅ VPN 已连接
[2026-03-12 22:10:50] ✅ VPN 已连接
[2026-03-12 22:11:50] ✅ VPN 已连接
[2026-03-12 22:12:50] ✅ VPN 已连接
[2026-03-12 22:13:50] ✅ VPN 已连接
[2026-03-12 22:14:50] ✅ VPN 已连接
[2026-03-12 22:15:50] ✅ VPN 已连接
[2026-03-12 22:16:50] ✅ VPN 已连接
[2026-03-12 22:17:50] ✅ VPN 已连接
[2026-03-12 22:18:51] ✅ VPN 已连接
[2026-03-12 22:19:51] ✅ VPN 已连接
[2026-03-12 22:20:51] ✅ VPN 已连接
[2026-03-12 22:21:51] ✅ VPN 已连接
[2026-03-12 22:22:51] ✅ VPN 已连接
[2026-03-12 22:23:51] ✅ VPN 已连接
[2026-03-12 22:24:51] ✅ VPN 已连接
[2026-03-12 22:25:51] ✅ VPN 已连接
[2026-03-12 22:26:51] ✅ VPN 已连接
[2026-03-12 22:27:51] ✅ VPN 已连接
[2026-03-12 22:28:51] ✅ VPN 已连接
[2026-03-12 22:29:51] ✅ VPN 已连接
[2026-03-12 22:30:51] ✅ VPN 已连接
[2026-03-12 22:31:51] ✅ VPN 已连接
[2026-03-12 22:32:51] ✅ VPN 已连接
[2026-03-12 22:33:51] ✅ VPN 已连接
[2026-03-12 22:34:51] ✅ VPN 已连接
[2026-03-12 22:35:51] ✅ VPN 已连接
[2026-03-12 22:36:51] ✅ VPN 已连接
[2026-03-12 22:37:51] ✅ VPN 已连接
[2026-03-12 22:38:52] ✅ VPN 已连接
[2026-03-12 22:39:52] ✅ VPN 已连接
[2026-03-12 22:40:52] ✅ VPN 已连接
[2026-03-12 22:41:52] ✅ VPN 已连接
[2026-03-12 22:42:52] ✅ VPN 已连接
[2026-03-12 22:43:52] ✅ VPN 已连接
[2026-03-12 22:44:52] ✅ VPN 已连接
[2026-03-12 22:45:52] ✅ VPN 已连接
[2026-03-12 22:46:52] ✅ VPN 已连接
[2026-03-12 22:47:52] ✅ VPN 已连接
[2026-03-12 22:48:52] ✅ VPN 已连接
[2026-03-12 22:49:52] ✅ VPN 已连接
[2026-03-12 22:50:52] ✅ VPN 已连接
[2026-03-12 22:51:52] ✅ VPN 已连接
[2026-03-12 22:52:52] ✅ VPN 已连接
[2026-03-12 22:53:52] ✅ VPN 已连接
[2026-03-12 22:54:52] ✅ VPN 已连接
[2026-03-12 22:55:52] ✅ VPN 已连接
[2026-03-12 22:56:52] ✅ VPN 已连接
[2026-03-12 22:57:53] ✅ VPN 已连接
[2026-03-12 22:58:53] ✅ VPN 已连接
[2026-03-12 22:59:53] ✅ VPN 已连接
[2026-03-12 23:00:53] ✅ VPN 已连接
[2026-03-12 23:01:53] ✅ VPN 已连接
[2026-03-12 23:02:53] ✅ VPN 已连接
[2026-03-12 23:03:53] ✅ VPN 已连接
[2026-03-12 23:04:53] ✅ VPN 已连接
[2026-03-12 23:05:53] ✅ VPN 已连接
[2026-03-12 23:06:53] ✅ VPN 已连接
[2026-03-12 23:07:53] ✅ VPN 已连接
[2026-03-12 23:08:53] ✅ VPN 已连接
[2026-03-12 23:09:53] ✅ VPN 已连接
[2026-03-12 23:10:53] ✅ VPN 已连接
[2026-03-12 23:11:53] ✅ VPN 已连接
[2026-03-12 23:12:53] ✅ VPN 已连接
[2026-03-12 23:13:53] ✅ VPN 已连接
[2026-03-12 23:14:53] ✅ VPN 已连接
[2026-03-12 23:15:53] ✅ VPN 已连接
[2026-03-12 23:16:53] ✅ VPN 已连接
[2026-03-12 23:17:54] ✅ VPN 已连接
[2026-03-12 23:18:54] ✅ VPN 已连接
[2026-03-12 23:19:54] ✅ VPN 已连接
[2026-03-12 23:20:54] ✅ VPN 已连接
[2026-03-12 23:21:54] ✅ VPN 已连接
[2026-03-12 23:22:54] ✅ VPN 已连接
[2026-03-12 23:23:54] ✅ VPN 已连接
[2026-03-12 23:24:54] ✅ VPN 已连接
[2026-03-12 23:25:54] ✅ VPN 已连接
[2026-03-12 23:26:54] ✅ VPN 已连接
[2026-03-12 23:27:54] ✅ VPN 已连接
[2026-03-12 23:28:54] ✅ VPN 已连接
[2026-03-12 23:29:54] ✅ VPN 已连接
[2026-03-12 23:30:54] ✅ VPN 已连接
[2026-03-12 23:31:54] ✅ VPN 已连接
[2026-03-12 23:32:54] ✅ VPN 已连接
[2026-03-12 23:33:54] ✅ VPN 已连接
[2026-03-12 23:34:54] ✅ VPN 已连接
[2026-03-12 23:35:54] ✅ VPN 已连接
[2026-03-12 23:36:55] ✅ VPN 已连接
[2026-03-12 23:37:55] ✅ VPN 已连接
[2026-03-12 23:38:55] ✅ VPN 已连接
[2026-03-12 23:39:55] ✅ VPN 已连接
[2026-03-12 23:40:55] ✅ VPN 已连接
[2026-03-12 23:41:55] ✅ VPN 已连接
[2026-03-12 23:42:55] ✅ VPN 已连接
[2026-03-12 23:43:55] ✅ VPN 已连接
[2026-03-12 23:44:55] ✅ VPN 已连接
[2026-03-12 23:45:55] ✅ VPN 已连接
[2026-03-12 23:46:55] ✅ VPN 已连接
[2026-03-12 23:47:55] ✅ VPN 已连接
[2026-03-12 23:48:55] ✅ VPN 已连接
[2026-03-12 23:49:55] ✅ VPN 已连接
[2026-03-12 23:50:55] ✅ VPN 已连接
[2026-03-12 23:51:55] ✅ VPN 已连接
[2026-03-12 23:52:55] ✅ VPN 已连接
[2026-03-12 23:53:55] ✅ VPN 已连接
[2026-03-12 23:54:55] ✅ VPN 已连接
[2026-03-12 23:55:56] ✅ VPN 已连接
[2026-03-12 23:56:56] ✅ VPN 已连接
[2026-03-12 23:57:56] ✅ VPN 已连接
[2026-03-12 23:58:56] ✅ VPN 已连接
[2026-03-12 23:59:56] ✅ VPN 已连接
[2026-03-13 00:00:56] ✅ VPN 已连接
[2026-03-13 00:01:56] ✅ VPN 已连接
[2026-03-13 00:02:56] ✅ VPN 已连接
[2026-03-13 00:03:56] ✅ VPN 已连接
[2026-03-13 00:04:56] ✅ VPN 已连接
[2026-03-13 00:05:56] ✅ VPN 已连接
[2026-03-13 00:06:56] ✅ VPN 已连接
[2026-03-13 00:07:56] ✅ VPN 已连接
[2026-03-13 00:08:56] ✅ VPN 已连接
[2026-03-13 00:09:56] ✅ VPN 已连接
[2026-03-13 00:10:56] ✅ VPN 已连接
[2026-03-13 00:11:56] ✅ VPN 已连接
[2026-03-13 00:12:56] ✅ VPN 已连接
[2026-03-13 00:13:56] ✅ VPN 已连接
[2026-03-13 00:14:57] ✅ VPN 已连接
[2026-03-13 00:15:57] ✅ VPN 已连接
[2026-03-13 00:16:57] ✅ VPN 已连接
[2026-03-13 00:17:57] ✅ VPN 已连接
[2026-03-13 00:18:57] ✅ VPN 已连接
[2026-03-13 00:19:57] ✅ VPN 已连接
[2026-03-13 00:20:57] ✅ VPN 已连接
[2026-03-13 00:21:57] ✅ VPN 已连接
[2026-03-13 00:22:57] ✅ VPN 已连接
[2026-03-13 00:23:57] ✅ VPN 已连接
[2026-03-13 00:24:57] ✅ VPN 已连接
[2026-03-13 00:25:57] ✅ VPN 已连接
[2026-03-13 00:26:57] ✅ VPN 已连接
[2026-03-13 00:27:57] ✅ VPN 已连接
[2026-03-13 00:28:57] ✅ VPN 已连接
[2026-03-13 00:29:57] ✅ VPN 已连接
[2026-03-13 00:30:57] ✅ VPN 已连接
[2026-03-13 00:31:57] ✅ VPN 已连接
[2026-03-13 00:32:57] ✅ VPN 已连接
[2026-03-13 00:33:58] ✅ VPN 已连接
[2026-03-13 00:34:58] ✅ VPN 已连接
[2026-03-13 00:35:58] ✅ VPN 已连接
[2026-03-13 00:36:58] ✅ VPN 已连接
[2026-03-13 00:37:58] ✅ VPN 已连接
[2026-03-13 00:38:58] ✅ VPN 已连接
[2026-03-13 00:39:58] ✅ VPN 已连接
[2026-03-13 00:40:58] ✅ VPN 已连接
[2026-03-13 00:41:58] ✅ VPN 已连接
[2026-03-13 00:42:58] ✅ VPN 已连接
[2026-03-13 00:43:58] ✅ VPN 已连接
[2026-03-13 00:44:58] ✅ VPN 已连接
[2026-03-13 00:45:58] ✅ VPN 已连接
[2026-03-13 00:46:58] ✅ VPN 已连接
[2026-03-13 00:47:58] ✅ VPN 已连接
[2026-03-13 00:48:58] ✅ VPN 已连接
[2026-03-13 00:49:58] ✅ VPN 已连接
[2026-03-13 00:50:58] ✅ VPN 已连接
[2026-03-13 00:51:58] ✅ VPN 已连接
[2026-03-13 00:52:59] ✅ VPN 已连接
[2026-03-13 00:53:59] ✅ VPN 已连接
[2026-03-13 00:54:59] ✅ VPN 已连接
[2026-03-13 00:55:59] ✅ VPN 已连接
[2026-03-13 00:56:59] ✅ VPN 已连接
[2026-03-13 00:57:59] ✅ VPN 已连接
[2026-03-13 00:58:59] ✅ VPN 已连接
[2026-03-13 00:59:59] ✅ VPN 已连接
[2026-03-13 01:00:59] ✅ VPN 已连接
[2026-03-13 01:01:59] ✅ VPN 已连接
[2026-03-13 01:02:59] ✅ VPN 已连接
[2026-03-13 01:03:59] ✅ VPN 已连接
[2026-03-13 01:04:59] ✅ VPN 已连接
[2026-03-13 01:05:59] ✅ VPN 已连接
[2026-03-13 01:06:59] ✅ VPN 已连接
[2026-03-13 01:07:59] ✅ VPN 已连接
[2026-03-13 01:08:59] ✅ VPN 已连接
[2026-03-13 01:09:59] ✅ VPN 已连接
[2026-03-13 01:10:59] ✅ VPN 已连接
[2026-03-13 01:12:00] ✅ VPN 已连接
[2026-03-13 01:13:00] ✅ VPN 已连接
[2026-03-13 01:14:00] ✅ VPN 已连接
[2026-03-13 01:15:00] ✅ VPN 已连接
[2026-03-13 01:16:00] ✅ VPN 已连接
[2026-03-13 01:17:00] ✅ VPN 已连接
[2026-03-13 01:18:00] ✅ VPN 已连接
[2026-03-13 01:19:00] ✅ VPN 已连接
[2026-03-13 01:20:00] ✅ VPN 已连接
[2026-03-13 01:21:00] ✅ VPN 已连接
[2026-03-13 01:22:00] ✅ VPN 已连接
[2026-03-13 01:23:00] ✅ VPN 已连接
[2026-03-13 01:24:00] ✅ VPN 已连接
[2026-03-13 01:25:00] ✅ VPN 已连接
[2026-03-13 01:26:00] ✅ VPN 已连接
[2026-03-13 01:27:00] ✅ VPN 已连接
[2026-03-13 01:28:00] ✅ VPN 已连接
[2026-03-13 01:29:00] ✅ VPN 已连接
[2026-03-13 01:30:00] ✅ VPN 已连接
[2026-03-13 01:31:01] ✅ VPN 已连接
[2026-03-13 01:32:01] ✅ VPN 已连接
[2026-03-13 01:33:01] ✅ VPN 已连接
[2026-03-13 01:34:01] ✅ VPN 已连接
[2026-03-13 01:35:01] ✅ VPN 已连接
[2026-03-13 01:36:01] ✅ VPN 已连接
[2026-03-13 01:37:01] ✅ VPN 已连接
[2026-03-13 01:38:01] ✅ VPN 已连接
[2026-03-13 01:39:01] ✅ VPN 已连接
[2026-03-13 01:40:01] ✅ VPN 已连接
[2026-03-13 01:41:01] ✅ VPN 已连接
[2026-03-13 01:42:01] ✅ VPN 已连接
[2026-03-13 01:43:01] ✅ VPN 已连接
[2026-03-13 01:44:01] ✅ VPN 已连接
[2026-03-13 01:45:01] ✅ VPN 已连接
[2026-03-13 01:46:01] ✅ VPN 已连接
[2026-03-13 01:47:01] ✅ VPN 已连接
[2026-03-13 01:48:01] ✅ VPN 已连接
[2026-03-13 01:49:01] ✅ VPN 已连接
[2026-03-13 01:50:02] ✅ VPN 已连接
[2026-03-13 01:51:02] ✅ VPN 已连接
[2026-03-13 01:52:02] ✅ VPN 已连接
[2026-03-13 01:53:02] ✅ VPN 已连接
[2026-03-13 01:54:02] ✅ VPN 已连接
[2026-03-13 01:55:02] ✅ VPN 已连接
[2026-03-13 01:56:02] ✅ VPN 已连接
[2026-03-13 01:57:02] ✅ VPN 已连接
[2026-03-13 01:58:02] ✅ VPN 已连接
[2026-03-13 01:59:02] ✅ VPN 已连接
[2026-03-13 02:00:02] ✅ VPN 已连接
[2026-03-13 02:01:02] ✅ VPN 已连接
[2026-03-13 02:02:02] ✅ VPN 已连接
[2026-03-13 02:03:02] ✅ VPN 已连接
[2026-03-13 02:04:02] ✅ VPN 已连接
[2026-03-13 02:05:02] ✅ VPN 已连接
[2026-03-13 02:06:02] ✅ VPN 已连接
[2026-03-13 02:07:02] ✅ VPN 已连接
[2026-03-13 02:08:02] ✅ VPN 已连接
[2026-03-13 02:09:03] ✅ VPN 已连接
[2026-03-13 02:10:03] ✅ VPN 已连接
[2026-03-13 02:11:03] ✅ VPN 已连接
[2026-03-13 02:12:03] ✅ VPN 已连接
[2026-03-13 02:13:03] ✅ VPN 已连接
[2026-03-13 02:14:03] ✅ VPN 已连接
[2026-03-13 02:15:03] ✅ VPN 已连接
[2026-03-13 02:16:03] ✅ VPN 已连接
[2026-03-13 02:17:03] ✅ VPN 已连接
[2026-03-13 02:18:03] ✅ VPN 已连接
[2026-03-13 02:19:03] ✅ VPN 已连接
[2026-03-13 02:20:03] ✅ VPN 已连接
[2026-03-13 02:21:03] ✅ VPN 已连接
[2026-03-13 02:22:03] ✅ VPN 已连接
[2026-03-13 02:23:03] ✅ VPN 已连接
[2026-03-13 02:24:03] ✅ VPN 已连接
[2026-03-13 02:25:03] ✅ VPN 已连接
[2026-03-13 02:26:03] ✅ VPN 已连接
[2026-03-13 02:27:03] ✅ VPN 已连接
[2026-03-13 02:28:04] ✅ VPN 已连接
[2026-03-13 02:29:04] ✅ VPN 已连接
[2026-03-13 02:30:04] ✅ VPN 已连接
[2026-03-13 02:31:04] ✅ VPN 已连接
[2026-03-13 02:32:04] ✅ VPN 已连接
[2026-03-13 02:33:04] ✅ VPN 已连接
[2026-03-13 02:34:04] ✅ VPN 已连接
[2026-03-13 02:35:04] ✅ VPN 已连接
[2026-03-13 02:36:04] ✅ VPN 已连接
[2026-03-13 02:37:04] ✅ VPN 已连接
[2026-03-13 02:38:04] ✅ VPN 已连接
[2026-03-13 02:39:04] ✅ VPN 已连接
[2026-03-13 02:40:04] ✅ VPN 已连接
[2026-03-13 02:41:04] ✅ VPN 已连接
[2026-03-13 02:42:04] ✅ VPN 已连接
[2026-03-13 02:43:04] ✅ VPN 已连接
[2026-03-13 02:44:04] ✅ VPN 已连接
[2026-03-13 02:45:04] ✅ VPN 已连接
[2026-03-13 02:46:04] ✅ VPN 已连接
[2026-03-13 02:47:05] ✅ VPN 已连接
[2026-03-13 02:48:05] ✅ VPN 已连接
[2026-03-13 02:49:05] ✅ VPN 已连接
[2026-03-13 02:50:05] ✅ VPN 已连接
[2026-03-13 02:51:05] ✅ VPN 已连接
[2026-03-13 02:52:05] ✅ VPN 已连接
[2026-03-13 02:53:05] ✅ VPN 已连接
[2026-03-13 02:54:05] ✅ VPN 已连接
[2026-03-13 02:55:05] ✅ VPN 已连接
[2026-03-13 02:56:05] ✅ VPN 已连接
[2026-03-13 02:57:05] ✅ VPN 已连接
[2026-03-13 02:58:05] ✅ VPN 已连接
[2026-03-13 02:59:05] ✅ VPN 已连接
[2026-03-13 03:00:05] ✅ VPN 已连接
[2026-03-13 03:01:05] ✅ VPN 已连接
[2026-03-13 03:02:05] ✅ VPN 已连接
[2026-03-13 03:03:05] ✅ VPN 已连接
[2026-03-13 03:04:05] ✅ VPN 已连接
[2026-03-13 03:05:05] ✅ VPN 已连接
[2026-03-13 03:06:06] ✅ VPN 已连接
[2026-03-13 03:07:06] ✅ VPN 已连接
[2026-03-13 03:08:06] ✅ VPN 已连接
[2026-03-13 03:09:06] ✅ VPN 已连接
[2026-03-13 03:10:06] ✅ VPN 已连接
[2026-03-13 03:11:06] ✅ VPN 已连接
[2026-03-13 03:12:06] ✅ VPN 已连接
[2026-03-13 03:13:06] ✅ VPN 已连接
[2026-03-13 03:14:06] ✅ VPN 已连接
[2026-03-13 03:15:06] ✅ VPN 已连接
[2026-03-13 03:16:06] ✅ VPN 已连接
[2026-03-13 03:17:06] ✅ VPN 已连接
[2026-03-13 03:18:06] ✅ VPN 已连接
[2026-03-13 03:19:06] ✅ VPN 已连接
[2026-03-13 03:20:06] ✅ VPN 已连接
[2026-03-13 03:21:06] ✅ VPN 已连接
[2026-03-13 03:22:06] ✅ VPN 已连接
[2026-03-13 03:23:06] ✅ VPN 已连接
[2026-03-13 03:24:06] ✅ VPN 已连接
[2026-03-13 03:25:07] ✅ VPN 已连接
[2026-03-13 03:26:07] ✅ VPN 已连接
[2026-03-13 03:27:07] ✅ VPN 已连接
[2026-03-13 03:28:07] ✅ VPN 已连接
[2026-03-13 03:29:07] ✅ VPN 已连接
[2026-03-13 03:30:07] ✅ VPN 已连接
[2026-03-13 03:31:07] ✅ VPN 已连接
[2026-03-13 03:32:07] ✅ VPN 已连接
[2026-03-13 03:33:07] ✅ VPN 已连接
[2026-03-13 03:34:07] ✅ VPN 已连接
[2026-03-13 03:35:07] ✅ VPN 已连接
[2026-03-13 03:36:07] ✅ VPN 已连接
[2026-03-13 03:37:07] ✅ VPN 已连接
[2026-03-13 03:38:07] ✅ VPN 已连接
[2026-03-13 03:39:07] ✅ VPN 已连接
[2026-03-13 03:40:07] ✅ VPN 已连接
[2026-03-13 03:41:07] ✅ VPN 已连接
[2026-03-13 03:42:07] ✅ VPN 已连接
[2026-03-13 03:43:07] ✅ VPN 已连接
[2026-03-13 03:44:08] ✅ VPN 已连接
[2026-03-13 03:45:08] ✅ VPN 已连接
[2026-03-13 03:46:08] ✅ VPN 已连接
[2026-03-13 03:47:08] ✅ VPN 已连接
[2026-03-13 03:48:08] ✅ VPN 已连接
[2026-03-13 03:49:08] ✅ VPN 已连接
[2026-03-13 03:50:08] ✅ VPN 已连接
[2026-03-13 03:51:08] ✅ VPN 已连接
[2026-03-13 03:52:08] ✅ VPN 已连接
[2026-03-13 03:53:08] ✅ VPN 已连接
[2026-03-13 03:54:08] ✅ VPN 已连接
[2026-03-13 03:55:08] ✅ VPN 已连接
[2026-03-13 03:56:08] ✅ VPN 已连接
[2026-03-13 03:57:08] ✅ VPN 已连接
[2026-03-13 03:58:08] ✅ VPN 已连接
[2026-03-13 03:59:08] ✅ VPN 已连接
[2026-03-13 04:00:08] ✅ VPN 已连接
[2026-03-13 04:01:08] ✅ VPN 已连接
[2026-03-13 04:02:08] ✅ VPN 已连接
[2026-03-13 04:03:09] ✅ VPN 已连接
[2026-03-13 04:04:09] ✅ VPN 已连接
[2026-03-13 04:05:09] ✅ VPN 已连接
[2026-03-13 04:06:09] ✅ VPN 已连接
[2026-03-13 04:07:09] ✅ VPN 已连接
[2026-03-13 04:08:09] ✅ VPN 已连接
[2026-03-13 04:09:09] ✅ VPN 已连接
[2026-03-13 04:10:09] ✅ VPN 已连接
[2026-03-13 04:11:09] ✅ VPN 已连接
[2026-03-13 04:12:09] ✅ VPN 已连接
[2026-03-13 04:13:09] ✅ VPN 已连接
[2026-03-13 04:14:09] ✅ VPN 已连接
[2026-03-13 04:15:09] ✅ VPN 已连接
[2026-03-13 04:16:09] ✅ VPN 已连接
[2026-03-13 04:17:09] ✅ VPN 已连接
[2026-03-13 04:18:09] ✅ VPN 已连接
[2026-03-13 04:19:09] ✅ VPN 已连接
[2026-03-13 04:20:09] ✅ VPN 已连接
[2026-03-13 04:21:09] ✅ VPN 已连接
[2026-03-13 04:22:10] ✅ VPN 已连接
[2026-03-13 04:23:10] ✅ VPN 已连接
[2026-03-13 04:24:10] ✅ VPN 已连接
[2026-03-13 04:25:10] ✅ VPN 已连接
[2026-03-13 04:26:10] ✅ VPN 已连接
[2026-03-13 04:27:10] ✅ VPN 已连接
[2026-03-13 04:28:10] ✅ VPN 已连接
[2026-03-13 04:29:10] ✅ VPN 已连接
[2026-03-13 04:30:10] ✅ VPN 已连接
[2026-03-13 04:31:10] ✅ VPN 已连接
[2026-03-13 04:32:10] ✅ VPN 已连接
[2026-03-13 04:33:10] ✅ VPN 已连接
[2026-03-13 04:34:10] ✅ VPN 已连接
[2026-03-13 04:35:10] ✅ VPN 已连接
[2026-03-13 04:36:10] ✅ VPN 已连接
[2026-03-13 04:37:10] ✅ VPN 已连接
[2026-03-13 04:38:10] ✅ VPN 已连接
[2026-03-13 04:39:10] ✅ VPN 已连接
[2026-03-13 04:40:10] ✅ VPN 已连接
[2026-03-13 04:41:10] ✅ VPN 已连接
[2026-03-13 04:42:11] ✅ VPN 已连接
[2026-03-13 04:43:11] ✅ VPN 已连接
[2026-03-13 04:44:11] ✅ VPN 已连接
[2026-03-13 04:45:11] ✅ VPN 已连接
[2026-03-13 04:46:11] ✅ VPN 已连接
[2026-03-13 04:47:11] ✅ VPN 已连接
[2026-03-13 04:48:11] ✅ VPN 已连接
[2026-03-13 04:49:11] ✅ VPN 已连接
[2026-03-13 04:50:11] ✅ VPN 已连接
[2026-03-13 04:51:11] ✅ VPN 已连接
[2026-03-13 04:52:11] ✅ VPN 已连接
[2026-03-13 04:53:11] ✅ VPN 已连接
[2026-03-13 04:54:11] ✅ VPN 已连接
[2026-03-13 04:55:11] ✅ VPN 已连接
[2026-03-13 04:56:11] ✅ VPN 已连接
[2026-03-13 04:57:11] ✅ VPN 已连接
[2026-03-13 04:58:11] ✅ VPN 已连接
[2026-03-13 04:59:11] ✅ VPN 已连接
[2026-03-13 05:00:11] ✅ VPN 已连接
[2026-03-13 05:01:12] ✅ VPN 已连接
[2026-03-13 05:02:12] ✅ VPN 已连接
[2026-03-13 05:03:12] ✅ VPN 已连接
[2026-03-13 05:04:12] ✅ VPN 已连接
[2026-03-13 05:05:12] ✅ VPN 已连接
[2026-03-13 05:06:12] ✅ VPN 已连接
[2026-03-13 05:07:12] ✅ VPN 已连接
[2026-03-13 05:08:12] ✅ VPN 已连接
[2026-03-13 05:09:12] ✅ VPN 已连接
[2026-03-13 05:10:12] ❌ VPN 未连接，触发重连...
[2026-03-13 05:10:12] ========== VPN 重连开始 ==========
[2026-03-13 05:10:12] 尝试 1/3...
[2026-03-13 05:10:12] 启动 FortiClient GUI...
[2026-03-13 05:10:15] ❌ FortiClient GUI 启动失败
[2026-03-13 05:10:15] 重试 1 失败：无法启动 FortiClient
[2026-03-13 05:10:25] 尝试 2/3...
[2026-03-13 05:10:25] 启动 FortiClient GUI...
[2026-03-13 05:10:28] ❌ FortiClient GUI 启动失败
[2026-03-13 05:10:28] 重试 2 失败：无法启动 FortiClient
[2026-03-13 05:10:38] 尝试 3/3...
[2026-03-13 05:10:38] 启动 FortiClient GUI...
[2026-03-13 05:10:41] ❌ FortiClient GUI 启动失败
[2026-03-13 05:10:41] 重试 3 失败：无法启动 FortiClient
[2026-03-13 05:10:51] ❌ VPN 重连失败（已尝试 3 次）
[2026-03-13 05:10:51] ========== VPN 重连失败 ==========
[2026-03-13 05:11:51] ❌ VPN 未连接，触发重连...
[2026-03-13 05:11:51] ========== VPN 重连开始 ==========
[2026-03-13 05:11:51] 尝试 1/3...
[2026-03-13 05:11:51] 启动 FortiClient GUI...
[2026-03-13 05:11:54] ❌ FortiClient GUI 启动失败
[2026-03-13 05:11:54] 重试 1 失败：无法启动 FortiClient
[2026-03-13 05:12:04] 尝试 2/3...
[2026-03-13 05:12:04] 启动 FortiClient GUI...
[2026-03-13 05:12:07] ❌ FortiClient GUI 启动失败
[2026-03-13 05:12:07] 重试 2 失败：无法启动 FortiClient
[2026-03-13 05:12:17] 尝试 3/3...
[2026-03-13 05:12:17] 启动 FortiClient GUI...
[2026-03-13 05:12:20] ❌ FortiClient GUI 启动失败
[2026-03-13 05:12:20] 重试 3 失败：无法启动 FortiClient
[2026-03-13 05:12:30] ❌ VPN 重连失败（已尝试 3 次）
[2026-03-13 05:12:30] ========== VPN 重连失败 ==========
[2026-03-13 05:13:30] ✅ VPN 已连接
[2026-03-13 05:14:30] ✅ VPN 已连接
[2026-03-13 05:15:31] ✅ VPN 已连接
[2026-03-13 05:16:31] ✅ VPN 已连接
[2026-03-13 05:17:31] ✅ VPN 已连接
[2026-03-13 05:18:31] ✅ VPN 已连接
[2026-03-13 05:19:31] ✅ VPN 已连接
[2026-03-13 05:20:31] ✅ VPN 已连接
[2026-03-13 05:21:31] ✅ VPN 已连接
[2026-03-13 05:22:31] ✅ VPN 已连接
[2026-03-13 05:23:31] ✅ VPN 已连接
[2026-03-13 05:24:31] ✅ VPN 已连接
[2026-03-13 05:25:31] ✅ VPN 已连接
[2026-03-13 05:26:31] ✅ VPN 已连接
[2026-03-13 05:27:31] ✅ VPN 已连接
[2026-03-13 05:28:31] ✅ VPN 已连接
[2026-03-13 05:29:31] ✅ VPN 已连接
[2026-03-13 05:30:31] ✅ VPN 已连接
[2026-03-13 05:31:31] ✅ VPN 已连接
[2026-03-13 05:32:31] ✅ VPN 已连接
[2026-03-13 05:33:31] ✅ VPN 已连接
[2026-03-13 05:34:31] ✅ VPN 已连接
[2026-03-13 05:35:32] ✅ VPN 已连接
[2026-03-13 05:36:32] ✅ VPN 已连接
[2026-03-13 05:37:32] ✅ VPN 已连接
[2026-03-13 05:38:32] ✅ VPN 已连接
[2026-03-13 05:39:32] ✅ VPN 已连接
[2026-03-13 05:40:32] ✅ VPN 已连接
[2026-03-13 05:41:32] ✅ VPN 已连接
[2026-03-13 05:42:32] ✅ VPN 已连接
[2026-03-13 05:43:32] ✅ VPN 已连接
[2026-03-13 05:44:32] ✅ VPN 已连接
[2026-03-13 05:45:32] ✅ VPN 已连接
[2026-03-13 05:46:32] ✅ VPN 已连接
[2026-03-13 05:47:32] ✅ VPN 已连接
[2026-03-13 05:48:32] ✅ VPN 已连接
[2026-03-13 05:49:32] ✅ VPN 已连接
[2026-03-13 05:50:32] ✅ VPN 已连接
[2026-03-13 05:51:33] ✅ VPN 已连接
[2026-03-13 05:52:33] ✅ VPN 已连接
[2026-03-13 05:53:33] ✅ VPN 已连接
[2026-03-13 05:54:33] ✅ VPN 已连接
[2026-03-13 05:55:33] ✅ VPN 已连接
[2026-03-13 05:56:33] ✅ VPN 已连接
[2026-03-13 05:57:33] ✅ VPN 已连接
[2026-03-13 05:58:33] ✅ VPN 已连接
[2026-03-13 05:59:33] ✅ VPN 已连接
[2026-03-13 06:00:33] ✅ VPN 已连接
[2026-03-13 06:01:33] ✅ VPN 已连接
[2026-03-13 06:02:33] ✅ VPN 已连接
[2026-03-13 06:03:33] ✅ VPN 已连接
[2026-03-13 06:04:33] ✅ VPN 已连接
[2026-03-13 06:05:33] ✅ VPN 已连接
[2026-03-13 06:06:33] ✅ VPN 已连接
[2026-03-13 06:07:33] ✅ VPN 已连接
[2026-03-13 06:08:33] ✅ VPN 已连接
[2026-03-13 06:09:34] ✅ VPN 已连接
[2026-03-13 06:10:34] ✅ VPN 已连接
[2026-03-13 06:11:34] ✅ VPN 已连接
[2026-03-13 06:12:34] ✅ VPN 已连接
[2026-03-13 06:13:34] ✅ VPN 已连接
[2026-03-13 06:14:34] ✅ VPN 已连接
[2026-03-13 06:15:34] ✅ VPN 已连接
[2026-03-13 06:16:34] ✅ VPN 已连接
[2026-03-13 06:17:34] ✅ VPN 已连接
[2026-03-13 06:18:34] ✅ VPN 已连接
[2026-03-13 06:19:34] ✅ VPN 已连接
[2026-03-13 06:20:34] ✅ VPN 已连接
[2026-03-13 06:21:34] ✅ VPN 已连接
[2026-03-13 06:22:34] ✅ VPN 已连接
[2026-03-13 06:23:34] ✅ VPN 已连接
[2026-03-13 06:24:34] ✅ VPN 已连接
[2026-03-13 06:25:34] ✅ VPN 已连接
[2026-03-13 06:26:34] ✅ VPN 已连接
[2026-03-13 06:27:34] ✅ VPN 已连接
[2026-03-13 06:28:35] ✅ VPN 已连接
[2026-03-13 06:29:35] ✅ VPN 已连接
[2026-03-13 06:30:35] ✅ VPN 已连接
[2026-03-13 06:31:35] ✅ VPN 已连接
[2026-03-13 06:32:35] ✅ VPN 已连接
[2026-03-13 06:33:35] ✅ VPN 已连接
[2026-03-13 06:34:35] ✅ VPN 已连接
[2026-03-13 06:35:35] ✅ VPN 已连接
[2026-03-13 06:36:35] ✅ VPN 已连接
[2026-03-13 06:37:35] ✅ VPN 已连接
[2026-03-13 06:38:35] ✅ VPN 已连接
[2026-03-13 06:39:35] ✅ VPN 已连接
[2026-03-13 06:40:35] ✅ VPN 已连接
[2026-03-13 06:41:35] ✅ VPN 已连接
[2026-03-13 06:42:35] ✅ VPN 已连接
[2026-03-13 06:43:35] ✅ VPN 已连接
[2026-03-13 06:44:35] ✅ VPN 已连接
[2026-03-13 06:45:35] ✅ VPN 已连接
[2026-03-13 06:46:35] ✅ VPN 已连接
[2026-03-13 06:47:36] ✅ VPN 已连接
[2026-03-13 06:48:36] ✅ VPN 已连接
[2026-03-13 06:49:36] ✅ VPN 已连接
[2026-03-13 06:50:36] ✅ VPN 已连接
[2026-03-13 06:51:36] ✅ VPN 已连接
[2026-03-13 06:52:36] ✅ VPN 已连接
[2026-03-13 06:53:36] ✅ VPN 已连接
[2026-03-13 06:54:36] ✅ VPN 已连接
[2026-03-13 06:55:36] ✅ VPN 已连接
[2026-03-13 06:56:36] ✅ VPN 已连接
[2026-03-13 06:57:36] ✅ VPN 已连接
[2026-03-13 06:58:36] ✅ VPN 已连接
[2026-03-13 06:59:36] ✅ VPN 已连接
[2026-03-13 07:00:36] ✅ VPN 已连接
[2026-03-13 07:01:36] ✅ VPN 已连接
[2026-03-13 07:02:36] ✅ VPN 已连接
[2026-03-13 07:03:36] ✅ VPN 已连接
[2026-03-13 07:04:36] ✅ VPN 已连接
[2026-03-13 07:05:36] ✅ VPN 已连接
[2026-03-13 07:06:37] ✅ VPN 已连接
[2026-03-13 07:07:37] ✅ VPN 已连接
[2026-03-13 07:08:37] ✅ VPN 已连接
[2026-03-13 07:09:37] ✅ VPN 已连接
[2026-03-13 07:10:37] ✅ VPN 已连接
[2026-03-13 07:11:37] ✅ VPN 已连接
[2026-03-13 07:12:37] ✅ VPN 已连接
[2026-03-13 07:13:37] ✅ VPN 已连接
[2026-03-13 07:14:37] ✅ VPN 已连接
[2026-03-13 07:15:37] ✅ VPN 已连接
[2026-03-13 07:16:37] ✅ VPN 已连接
[2026-03-13 07:17:37] ✅ VPN 已连接
[2026-03-13 07:18:37] ✅ VPN 已连接
[2026-03-13 07:19:37] ✅ VPN 已连接
[2026-03-13 07:20:37] ✅ VPN 已连接
[2026-03-13 07:21:37] ✅ VPN 已连接
[2026-03-13 07:22:37] ✅ VPN 已连接
[2026-03-13 07:23:37] ✅ VPN 已连接
[2026-03-13 07:24:37] ✅ VPN 已连接
[2026-03-13 07:25:38] ✅ VPN 已连接
[2026-03-13 07:26:38] ✅ VPN 已连接
[2026-03-13 07:27:38] ✅ VPN 已连接
[2026-03-13 07:28:38] ✅ VPN 已连接
[2026-03-13 07:29:38] ✅ VPN 已连接
[2026-03-13 07:30:38] ✅ VPN 已连接
[2026-03-13 07:31:38] ✅ VPN 已连接
[2026-03-13 07:32:38] ✅ VPN 已连接
[2026-03-13 07:33:38] ✅ VPN 已连接
[2026-03-13 07:34:38] ✅ VPN 已连接
[2026-03-13 07:35:38] ✅ VPN 已连接
[2026-03-13 07:36:38] ✅ VPN 已连接
[2026-03-13 07:37:38] ✅ VPN 已连接
[2026-03-13 07:38:38] ✅ VPN 已连接
[2026-03-13 07:39:38] ✅ VPN 已连接
[2026-03-13 07:40:38] ✅ VPN 已连接
[2026-03-13 07:41:38] ✅ VPN 已连接
[2026-03-13 07:42:38] ✅ VPN 已连接
[2026-03-13 07:43:39] ✅ VPN 已连接
[2026-03-13 07:44:39] ✅ VPN 已连接
[2026-03-13 07:45:39] ✅ VPN 已连接
[2026-03-13 07:46:39] ✅ VPN 已连接
[2026-03-13 07:47:39] ✅ VPN 已连接
[2026-03-13 07:48:39] ✅ VPN 已连接
[2026-03-13 07:49:39] ✅ VPN 已连接
[2026-03-13 07:50:39] ✅ VPN 已连接
[2026-03-13 07:51:39] ✅ VPN 已连接
[2026-03-13 07:52:39] ✅ VPN 已连接
[2026-03-13 07:53:39] ✅ VPN 已连接
[2026-03-13 07:54:39] ✅ VPN 已连接
[2026-03-13 07:55:39] ✅ VPN 已连接
[2026-03-13 07:56:39] ✅ VPN 已连接
[2026-03-13 07:57:39] ✅ VPN 已连接
[2026-03-13 07:58:39] ✅ VPN 已连接
[2026-03-13 07:59:39] ✅ VPN 已连接
[2026-03-13 08:00:39] ✅ VPN 已连接
[2026-03-13 08:01:39] ✅ VPN 已连接
[2026-03-13 08:02:40] ✅ VPN 已连接
[2026-03-13 08:03:40] ✅ VPN 已连接
[2026-03-13 08:04:40] ✅ VPN 已连接
[2026-03-13 08:05:40] ✅ VPN 已连接
[2026-03-13 08:06:40] ✅ VPN 已连接
[2026-03-13 08:07:40] ✅ VPN 已连接
[2026-03-13 08:08:40] ✅ VPN 已连接
[2026-03-13 08:09:40] ✅ VPN 已连接
[2026-03-13 08:10:40] ✅ VPN 已连接
[2026-03-13 08:11:40] ✅ VPN 已连接
[2026-03-13 08:12:40] ✅ VPN 已连接
[2026-03-13 08:13:40] ✅ VPN 已连接
[2026-03-13 08:14:40] ✅ VPN 已连接
[2026-03-13 08:15:40] ✅ VPN 已连接
[2026-03-13 08:16:40] ✅ VPN 已连接
[2026-03-13 08:17:40] ✅ VPN 已连接
[2026-03-13 08:18:40] ✅ VPN 已连接
[2026-03-13 08:19:40] ✅ VPN 已连接
[2026-03-13 08:20:40] ✅ VPN 已连接
[2026-03-13 08:21:41] ✅ VPN 已连接
[2026-03-13 08:22:41] ✅ VPN 已连接
[2026-03-13 08:23:41] ✅ VPN 已连接
[2026-03-13 08:24:41] ✅ VPN 已连接
[2026-03-13 08:25:41] ✅ VPN 已连接
[2026-03-13 08:26:41] ✅ VPN 已连接
[2026-03-13 08:27:41] ✅ VPN 已连接
[2026-03-13 08:28:41] ✅ VPN 已连接
[2026-03-13 08:29:41] ✅ VPN 已连接
[2026-03-13 08:30:41] ✅ VPN 已连接
[2026-03-13 08:31:41] ✅ VPN 已连接
[2026-03-13 08:32:41] ✅ VPN 已连接
[2026-03-13 08:33:41] ✅ VPN 已连接
[2026-03-13 08:34:41] ✅ VPN 已连接
[2026-03-13 08:35:41] ✅ VPN 已连接
[2026-03-13 08:36:42] ✅ VPN 已连接
[2026-03-13 08:37:42] ✅ VPN 已连接
[2026-03-13 08:38:42] ✅ VPN 已连接
[2026-03-13 08:39:42] ✅ VPN 已连接
[2026-03-13 08:40:42] ✅ VPN 已连接
[2026-03-13 08:41:42] ✅ VPN 已连接
[2026-03-13 08:42:42] ✅ VPN 已连接
[2026-03-13 08:43:42] ✅ VPN 已连接
[2026-03-13 08:44:42] ✅ VPN 已连接
[2026-03-13 08:45:42] ✅ VPN 已连接
[2026-03-13 08:46:42] ✅ VPN 已连接
[2026-03-13 08:47:42] ✅ VPN 已连接
[2026-03-13 08:48:42] ✅ VPN 已连接
[2026-03-13 08:49:42] ✅ VPN 已连接
[2026-03-13 08:50:42] ✅ VPN 已连接
[2026-03-13 08:51:42] ✅ VPN 已连接
[2026-03-13 08:52:42] ✅ VPN 已连接
[2026-03-13 08:53:43] ✅ VPN 已连接
[2026-03-13 08:54:43] ✅ VPN 已连接
[2026-03-13 08:55:43] ✅ VPN 已连接
[2026-03-13 08:56:43] ✅ VPN 已连接
[2026-03-13 08:57:43] ✅ VPN 已连接
[2026-03-13 08:58:43] ✅ VPN 已连接
[2026-03-13 08:59:43] ✅ VPN 已连接
[2026-03-13 09:00:43] ✅ VPN 已连接
[2026-03-13 09:01:43] ✅ VPN 已连接
[2026-03-13 09:02:43] ✅ VPN 已连接
[2026-03-13 09:03:43] ✅ VPN 已连接
[2026-03-13 09:04:43] ✅ VPN 已连接
[2026-03-13 09:05:43] ✅ VPN 已连接
[2026-03-13 09:06:43] ✅ VPN 已连接
[2026-03-13 09:07:43] ✅ VPN 已连接
[2026-03-13 09:08:43] ✅ VPN 已连接
[2026-03-13 09:09:43] ✅ VPN 已连接
[2026-03-13 09:10:44] ✅ VPN 已连接
[2026-03-13 09:11:44] ✅ VPN 已连接
[2026-03-13 09:12:44] ✅ VPN 已连接
[2026-03-13 09:13:44] ✅ VPN 已连接
[2026-03-13 09:14:44] ✅ VPN 已连接
[2026-03-13 09:15:44] ✅ VPN 已连接
[2026-03-13 09:16:44] ✅ VPN 已连接
[2026-03-13 09:17:44] ✅ VPN 已连接
[2026-03-13 09:18:44] ✅ VPN 已连接
[2026-03-13 09:19:44] ✅ VPN 已连接
[2026-03-13 09:20:44] ✅ VPN 已连接
[2026-03-13 09:21:44] ✅ VPN 已连接
[2026-03-13 09:22:44] ✅ VPN 已连接
[2026-03-13 09:23:44] ✅ VPN 已连接
[2026-03-13 09:24:44] ✅ VPN 已连接
[2026-03-13 09:25:44] ✅ VPN 已连接
[2026-03-13 09:26:45] ✅ VPN 已连接
[2026-03-13 09:27:45] ✅ VPN 已连接
[2026-03-13 09:28:45] ✅ VPN 已连接
[2026-03-13 09:29:45] ✅ VPN 已连接
[2026-03-13 09:30:45] ✅ VPN 已连接
[2026-03-13 09:31:45] ✅ VPN 已连接
[2026-03-13 09:32:45] ✅ VPN 已连接
[2026-03-13 09:33:45] ✅ VPN 已连接
[2026-03-13 09:34:45] ✅ VPN 已连接
[2026-03-13 09:35:45] ✅ VPN 已连接
[2026-03-13 09:36:45] ✅ VPN 已连接
[2026-03-13 09:37:45] ✅ VPN 已连接
[2026-03-13 09:38:45] ✅ VPN 已连接
[2026-03-13 09:39:45] ✅ VPN 已连接
[2026-03-13 09:40:45] ✅ VPN 已连接
[2026-03-13 09:41:45] ✅ VPN 已连接
[2026-03-13 09:42:45] ✅ VPN 已连接
[2026-03-13 09:43:46] ✅ VPN 已连接
[2026-03-13 09:44:46] ✅ VPN 已连接
[2026-03-13 09:45:46] ✅ VPN 已连接
[2026-03-13 09:46:46] ✅ VPN 已连接
[2026-03-13 09:47:46] ✅ VPN 已连接
[2026-03-13 09:48:46] ✅ VPN 已连接
[2026-03-13 09:49:46] ✅ VPN 已连接
[2026-03-13 09:50:46] ✅ VPN 已连接
[2026-03-13 09:51:46] ✅ VPN 已连接
[2026-03-13 09:52:46] ✅ VPN 已连接
[2026-03-13 09:53:46] ✅ VPN 已连接
[2026-03-13 09:54:46] ✅ VPN 已连接
[2026-03-13 09:55:46] ✅ VPN 已连接
[2026-03-13 09:56:46] ✅ VPN 已连接
[2026-03-13 09:57:46] ✅ VPN 已连接
[2026-03-13 09:58:47] ✅ VPN 已连接
[2026-03-13 09:59:47] ✅ VPN 已连接
[2026-03-13 10:00:47] ✅ VPN 已连接
[2026-03-13 10:01:47] ✅ VPN 已连接
[2026-03-13 10:02:47] ✅ VPN 已连接
[2026-03-13 10:03:47] ✅ VPN 已连接
[2026-03-13 10:04:47] ✅ VPN 已连接
[2026-03-13 10:05:47] ✅ VPN 已连接
[2026-03-13 10:06:47] ✅ VPN 已连接
[2026-03-13 10:07:47] ✅ VPN 已连接
[2026-03-13 10:08:47] ✅ VPN 已连接
[2026-03-13 10:09:47] ✅ VPN 已连接
[2026-03-13 10:10:47] ✅ VPN 已连接
[2026-03-13 10:11:47] ✅ VPN 已连接
[2026-03-13 10:12:47] ✅ VPN 已连接
[2026-03-13 10:13:47] ✅ VPN 已连接
[2026-03-13 10:14:47] ✅ VPN 已连接
[2026-03-13 10:15:47] ✅ VPN 已连接
[2026-03-13 10:16:48] ✅ VPN 已连接
[2026-03-13 10:17:48] ✅ VPN 已连接
[2026-03-13 10:18:48] ✅ VPN 已连接
[2026-03-13 10:19:48] ✅ VPN 已连接
[2026-03-13 10:20:48] ✅ VPN 已连接
[2026-03-13 10:21:48] ✅ VPN 已连接
[2026-03-13 10:22:48] ✅ VPN 已连接
[2026-03-13 10:23:48] ✅ VPN 已连接
[2026-03-13 10:24:48] ✅ VPN 已连接
[2026-03-13 10:25:48] ✅ VPN 已连接
[2026-03-13 10:26:48] ✅ VPN 已连接
[2026-03-13 10:27:48] ✅ VPN 已连接
[2026-03-13 10:28:48] ✅ VPN 已连接
[2026-03-13 10:29:48] ✅ VPN 已连接
[2026-03-13 10:30:48] ✅ VPN 已连接
[2026-03-13 10:31:48] ✅ VPN 已连接
[2026-03-13 10:32:48] ✅ VPN 已连接
[2026-03-13 10:33:48] ✅ VPN 已连接
[2026-03-13 10:34:48] ✅ VPN 已连接
[2026-03-13 10:35:48] ✅ VPN 已连接
[2026-03-13 10:36:49] ✅ VPN 已连接
[2026-03-13 10:37:49] ✅ VPN 已连接
[2026-03-13 10:38:49] ✅ VPN 已连接
[2026-03-13 10:39:49] ✅ VPN 已连接
[2026-03-13 10:40:49] ✅ VPN 已连接
[2026-03-13 10:41:49] ✅ VPN 已连接
[2026-03-13 10:42:49] ✅ VPN 已连接
[2026-03-13 10:43:49] ✅ VPN 已连接
[2026-03-13 10:44:49] ✅ VPN 已连接
[2026-03-13 10:45:49] ✅ VPN 已连接
[2026-03-13 10:46:49] ✅ VPN 已连接
[2026-03-13 10:47:49] ✅ VPN 已连接
[2026-03-13 10:48:49] ✅ VPN 已连接
[2026-03-13 10:49:49] ✅ VPN 已连接
[2026-03-13 10:50:49] ✅ VPN 已连接
[2026-03-13 10:51:49] ✅ VPN 已连接
[2026-03-13 10:52:49] ✅ VPN 已连接
[2026-03-13 10:53:49] ✅ VPN 已连接
[2026-03-13 10:54:49] ✅ VPN 已连接
[2026-03-13 10:55:50] ✅ VPN 已连接
[2026-03-13 10:56:50] ✅ VPN 已连接
[2026-03-13 10:57:50] ✅ VPN 已连接
[2026-03-13 10:58:50] ✅ VPN 已连接
[2026-03-13 10:59:50] ✅ VPN 已连接
[2026-03-13 11:00:50] ✅ VPN 已连接
[2026-03-13 11:01:50] ✅ VPN 已连接
[2026-03-13 11:02:50] ✅ VPN 已连接
[2026-03-13 11:03:50] ✅ VPN 已连接
[2026-03-13 11:04:50] ✅ VPN 已连接
[2026-03-13 11:05:50] ✅ VPN 已连接
[2026-03-13 11:06:50] ✅ VPN 已连接
[2026-03-13 11:07:50] ✅ VPN 已连接
[2026-03-13 11:08:50] ✅ VPN 已连接
[2026-03-13 11:09:50] ✅ VPN 已连接
[2026-03-13 11:10:50] ✅ VPN 已连接
[2026-03-13 11:11:50] ✅ VPN 已连接
[2026-03-13 11:12:50] ✅ VPN 已连接
[2026-03-13 11:13:51] ✅ VPN 已连接
[2026-03-13 11:14:51] ✅ VPN 已连接
[2026-03-13 11:15:51] ✅ VPN 已连接
[2026-03-13 11:16:51] ✅ VPN 已连接
[2026-03-13 11:17:51] ✅ VPN 已连接
[2026-03-13 11:18:51] ✅ VPN 已连接
[2026-03-13 11:19:51] ✅ VPN 已连接
[2026-03-13 11:20:51] ✅ VPN 已连接
[2026-03-13 11:21:51] ✅ VPN 已连接
[2026-03-13 11:22:51] ✅ VPN 已连接
[2026-03-13 11:23:51] ✅ VPN 已连接
[2026-03-13 11:24:51] ✅ VPN 已连接
[2026-03-13 11:25:51] ✅ VPN 已连接
[2026-03-13 11:26:51] ✅ VPN 已连接
[2026-03-13 11:27:51] ✅ VPN 已连接
[2026-03-13 11:28:51] ✅ VPN 已连接
[2026-03-13 11:29:51] ✅ VPN 已连接
[2026-03-13 11:30:51] ✅ VPN 已连接
[2026-03-13 11:31:52] ✅ VPN 已连接
[2026-03-13 11:32:52] ✅ VPN 已连接
[2026-03-13 11:33:52] ✅ VPN 已连接
[2026-03-13 11:34:52] ✅ VPN 已连接
[2026-03-13 11:35:52] ✅ VPN 已连接
[2026-03-13 11:36:52] ✅ VPN 已连接
[2026-03-13 11:37:52] ✅ VPN 已连接
[2026-03-13 11:38:52] ✅ VPN 已连接
[2026-03-13 11:39:52] ✅ VPN 已连接
[2026-03-13 11:40:52] ✅ VPN 已连接
[2026-03-13 11:41:52] ✅ VPN 已连接
[2026-03-13 11:42:52] ✅ VPN 已连接
[2026-03-13 11:43:52] ✅ VPN 已连接
[2026-03-13 11:44:52] ✅ VPN 已连接
[2026-03-13 11:45:52] ✅ VPN 已连接
[2026-03-13 11:46:52] ✅ VPN 已连接
[2026-03-13 11:47:52] ✅ VPN 已连接
[2026-03-13 11:48:52] ✅ VPN 已连接
[2026-03-13 11:49:52] ✅ VPN 已连接
[2026-03-13 11:50:53] ✅ VPN 已连接
[2026-03-13 11:51:53] ✅ VPN 已连接
[2026-03-13 11:52:53] ✅ VPN 已连接
[2026-03-13 11:53:53] ✅ VPN 已连接
[2026-03-13 11:54:53] ✅ VPN 已连接
[2026-03-13 11:55:53] ✅ VPN 已连接
[2026-03-13 11:56:53] ✅ VPN 已连接
[2026-03-13 11:57:53] ✅ VPN 已连接
[2026-03-13 11:58:53] ✅ VPN 已连接
[2026-03-13 11:59:53] ✅ VPN 已连接
[2026-03-13 12:00:53] ✅ VPN 已连接
[2026-03-13 12:01:53] ✅ VPN 已连接
[2026-03-13 12:02:53] ✅ VPN 已连接
[2026-03-13 12:03:53] ✅ VPN 已连接
[2026-03-13 12:04:53] ✅ VPN 已连接
[2026-03-13 12:05:53] ✅ VPN 已连接
[2026-03-13 12:06:53] ✅ VPN 已连接
[2026-03-13 12:07:53] ✅ VPN 已连接
[2026-03-13 12:08:53] ✅ VPN 已连接
[2026-03-13 12:09:54] ✅ VPN 已连接
[2026-03-13 12:10:54] ✅ VPN 已连接
[2026-03-13 12:11:54] ✅ VPN 已连接
[2026-03-13 12:12:54] ✅ VPN 已连接
[2026-03-13 12:13:54] ✅ VPN 已连接
[2026-03-13 12:14:54] ✅ VPN 已连接
[2026-03-13 12:15:54] ✅ VPN 已连接
[2026-03-13 12:16:54] ✅ VPN 已连接
[2026-03-13 12:17:54] ✅ VPN 已连接
[2026-03-13 12:18:54] ✅ VPN 已连接
[2026-03-13 12:19:54] ✅ VPN 已连接
[2026-03-13 12:20:54] ✅ VPN 已连接
[2026-03-13 12:21:54] ✅ VPN 已连接
[2026-03-13 12:22:54] ✅ VPN 已连接
[2026-03-13 12:23:54] ✅ VPN 已连接
[2026-03-13 12:24:54] ✅ VPN 已连接
[2026-03-13 12:25:54] ✅ VPN 已连接
[2026-03-13 12:26:54] ✅ VPN 已连接
[2026-03-13 12:27:54] ✅ VPN 已连接
[2026-03-13 12:28:55] ✅ VPN 已连接
[2026-03-13 12:29:55] ✅ VPN 已连接
[2026-03-13 12:30:55] ✅ VPN 已连接
[2026-03-13 12:31:55] ✅ VPN 已连接
[2026-03-13 12:32:55] ✅ VPN 已连接
[2026-03-13 12:33:55] ✅ VPN 已连接
[2026-03-13 12:34:55] ✅ VPN 已连接
[2026-03-13 12:35:55] ✅ VPN 已连接
[2026-03-13 12:36:55] ✅ VPN 已连接
[2026-03-13 12:37:55] ✅ VPN 已连接
[2026-03-13 12:38:55] ✅ VPN 已连接
[2026-03-13 12:39:55] ✅ VPN 已连接
[2026-03-13 12:40:55] ✅ VPN 已连接
[2026-03-13 12:41:55] ✅ VPN 已连接
[2026-03-13 12:42:55] ✅ VPN 已连接
[2026-03-13 12:43:55] ✅ VPN 已连接
[2026-03-13 12:44:55] ✅ VPN 已连接
[2026-03-13 12:45:56] ✅ VPN 已连接
[2026-03-13 12:46:56] ✅ VPN 已连接
[2026-03-13 12:47:56] ✅ VPN 已连接
[2026-03-13 12:48:56] ✅ VPN 已连接
[2026-03-13 12:49:56] ✅ VPN 已连接
[2026-03-13 12:50:56] ✅ VPN 已连接
[2026-03-13 12:51:56] ✅ VPN 已连接
[2026-03-13 12:52:56] ✅ VPN 已连接
[2026-03-13 12:53:56] ✅ VPN 已连接
[2026-03-13 12:54:56] ✅ VPN 已连接
[2026-03-13 12:55:56] ✅ VPN 已连接
[2026-03-13 12:56:56] ✅ VPN 已连接
[2026-03-13 12:57:56] ✅ VPN 已连接
[2026-03-13 12:58:56] ✅ VPN 已连接
[2026-03-13 12:59:56] ✅ VPN 已连接
[2026-03-13 13:00:56] ✅ VPN 已连接
[2026-03-13 13:01:56] ✅ VPN 已连接
[2026-03-13 13:02:56] ✅ VPN 已连接
[2026-03-13 13:03:57] ✅ VPN 已连接
[2026-03-13 13:04:57] ✅ VPN 已连接
[2026-03-13 13:05:57] ✅ VPN 已连接
[2026-03-13 13:06:57] ✅ VPN 已连接
[2026-03-13 13:07:57] ✅ VPN 已连接
[2026-03-13 13:08:57] ✅ VPN 已连接
[2026-03-13 13:09:57] ✅ VPN 已连接
[2026-03-13 13:10:57] ✅ VPN 已连接
[2026-03-13 13:11:57] ✅ VPN 已连接
[2026-03-13 13:12:57] ✅ VPN 已连接
[2026-03-13 13:13:57] ❌ VPN 未连接，触发重连...
[2026-03-13 13:13:57] ========== VPN 重连开始 ==========
[2026-03-13 13:13:57] 尝试 1/3...
[2026-03-13 13:13:57] 启动 FortiClient GUI...
[2026-03-13 13:14:00] ❌ FortiClient GUI 启动失败
[2026-03-13 13:14:00] 重试 1 失败：无法启动 FortiClient
[2026-03-13 13:14:10] 尝试 2/3...
[2026-03-13 13:14:10] 启动 FortiClient GUI...
[2026-03-13 13:14:13] ❌ FortiClient GUI 启动失败
[2026-03-13 13:14:13] 重试 2 失败：无法启动 FortiClient
[2026-03-13 13:14:23] 尝试 3/3...
[2026-03-13 13:14:23] 启动 FortiClient GUI...
[2026-03-13 13:14:26] ❌ FortiClient GUI 启动失败
[2026-03-13 13:14:26] 重试 3 失败：无法启动 FortiClient
[2026-03-13 13:14:36] ❌ VPN 重连失败（已尝试 3 次）
[2026-03-13 13:14:36] ========== VPN 重连失败 ==========
[2026-03-13 13:15:36] ❌ VPN 未连接，触发重连...
[2026-03-13 13:15:36] ========== VPN 重连开始 ==========
[2026-03-13 13:15:36] 尝试 1/3...
[2026-03-13 13:15:36] 启动 FortiClient GUI...
[2026-03-13 13:15:39] ❌ FortiClient GUI 启动失败
[2026-03-13 13:15:39] 重试 1 失败：无法启动 FortiClient
[2026-03-13 13:15:49] 尝试 2/3...
[2026-03-13 13:15:49] 启动 FortiClient GUI...
[2026-03-13 13:15:52] ❌ FortiClient GUI 启动失败
[2026-03-13 13:15:52] 重试 2 失败：无法启动 FortiClient
[2026-03-13 13:16:02] 尝试 3/3...
[2026-03-13 13:16:02] 启动 FortiClient GUI...
[2026-03-13 13:16:05] ❌ FortiClient GUI 启动失败
[2026-03-13 13:16:05] 重试 3 失败：无法启动 FortiClient
[2026-03-13 13:16:15] ❌ VPN 重连失败（已尝试 3 次）
[2026-03-13 13:16:15] ========== VPN 重连失败 ==========
[2026-03-13 13:17:15] ✅ VPN 已连接
[2026-03-13 13:18:16] ✅ VPN 已连接
[2026-03-13 13:19:16] ✅ VPN 已连接
[2026-03-13 13:20:16] ✅ VPN 已连接
[2026-03-13 13:21:16] ✅ VPN 已连接
[2026-03-13 13:22:16] ✅ VPN 已连接
[2026-03-13 13:23:16] ✅ VPN 已连接
[2026-03-13 13:24:16] ✅ VPN 已连接
[2026-03-13 13:25:16] ✅ VPN 已连接
[2026-03-13 13:26:16] ✅ VPN 已连接
[2026-03-13 13:27:16] ✅ VPN 已连接
[2026-03-13 13:28:16] ✅ VPN 已连接
[2026-03-13 13:29:16] ✅ VPN 已连接
[2026-03-13 13:30:16] ✅ VPN 已连接
[2026-03-13 13:31:16] ✅ VPN 已连接
[2026-03-13 13:32:16] ✅ VPN 已连接
[2026-03-13 13:33:16] ✅ VPN 已连接
[2026-03-13 13:34:16] ✅ VPN 已连接
[2026-03-13 13:35:17] ✅ VPN 已连接
[2026-03-13 13:36:17] ✅ VPN 已连接
[2026-03-13 13:37:17] ✅ VPN 已连接
[2026-03-13 13:38:17] ✅ VPN 已连接
[2026-03-13 13:39:17] ✅ VPN 已连接
[2026-03-13 13:40:17] ✅ VPN 已连接
[2026-03-13 13:41:17] ✅ VPN 已连接
[2026-03-13 13:42:17] ✅ VPN 已连接
[2026-03-13 13:43:17] ✅ VPN 已连接
[2026-03-13 13:44:17] ✅ VPN 已连接
[2026-03-13 13:45:17] ✅ VPN 已连接
[2026-03-13 13:46:17] ✅ VPN 已连接
[2026-03-13 13:47:17] ✅ VPN 已连接
[2026-03-13 13:48:17] ✅ VPN 已连接
[2026-03-13 13:49:17] ✅ VPN 已连接
[2026-03-13 13:50:17] ✅ VPN 已连接
[2026-03-13 13:51:17] ✅ VPN 已连接
[2026-03-13 13:52:18] ✅ VPN 已连接
[2026-03-13 13:53:18] ✅ VPN 已连接
[2026-03-13 13:54:18] ✅ VPN 已连接
[2026-03-13 13:55:18] ✅ VPN 已连接
[2026-03-13 13:56:18] ✅ VPN 已连接
[2026-03-13 13:57:18] ✅ VPN 已连接
[2026-03-13 13:58:18] ✅ VPN 已连接
[2026-03-13 13:59:18] ✅ VPN 已连接
[2026-03-13 14:00:18] ✅ VPN 已连接
[2026-03-13 14:01:18] ✅ VPN 已连接
[2026-03-13 14:02:18] ✅ VPN 已连接
[2026-03-13 14:03:18] ✅ VPN 已连接
[2026-03-13 14:04:18] ✅ VPN 已连接
[2026-03-13 14:05:18] ✅ VPN 已连接
[2026-03-13 14:06:18] ✅ VPN 已连接
[2026-03-13 14:07:18] ✅ VPN 已连接
[2026-03-13 14:08:18] ✅ VPN 已连接
[2026-03-13 14:09:18] ✅ VPN 已连接
[2026-03-13 14:10:18] ✅ VPN 已连接
[2026-03-13 14:11:18] ✅ VPN 已连接
[2026-03-13 14:12:19] ✅ VPN 已连接
[2026-03-13 14:13:19] ✅ VPN 已连接
[2026-03-13 14:14:19] ✅ VPN 已连接
[2026-03-13 14:15:19] ✅ VPN 已连接
[2026-03-13 14:16:19] ✅ VPN 已连接
[2026-03-13 14:17:19] ✅ VPN 已连接
[2026-03-13 14:18:19] ✅ VPN 已连接
[2026-03-13 14:19:19] ✅ VPN 已连接
[2026-03-13 14:20:19] ✅ VPN 已连接
[2026-03-13 14:21:19] ✅ VPN 已连接
[2026-03-13 14:22:19] ✅ VPN 已连接
[2026-03-13 14:23:19] ✅ VPN 已连接
[2026-03-13 14:24:19] ✅ VPN 已连接
[2026-03-13 14:25:19] ✅ VPN 已连接
[2026-03-13 14:26:19] ✅ VPN 已连接
[2026-03-13 14:27:19] ✅ VPN 已连接
[2026-03-13 14:28:19] ✅ VPN 已连接
[2026-03-13 14:29:19] ✅ VPN 已连接
[2026-03-13 14:30:19] ✅ VPN 已连接
[2026-03-13 14:31:20] ✅ VPN 已连接
[2026-03-13 14:32:20] ✅ VPN 已连接
[2026-03-13 14:33:20] ✅ VPN 已连接
[2026-03-13 14:34:20] ✅ VPN 已连接
[2026-03-13 14:35:20] ✅ VPN 已连接
[2026-03-13 14:36:20] ✅ VPN 已连接
[2026-03-13 14:37:20] ✅ VPN 已连接
[2026-03-13 14:38:20] ✅ VPN 已连接
[2026-03-13 14:39:20] ✅ VPN 已连接
[2026-03-13 14:40:20] ✅ VPN 已连接
[2026-03-13 14:41:20] ✅ VPN 已连接
[2026-03-13 14:42:20] ✅ VPN 已连接
[2026-03-13 14:43:20] ✅ VPN 已连接
[2026-03-13 14:44:20] ✅ VPN 已连接
[2026-03-13 14:45:20] ✅ VPN 已连接
[2026-03-13 14:46:20] ✅ VPN 已连接
[2026-03-13 14:47:20] ✅ VPN 已连接
[2026-03-13 14:48:20] ✅ VPN 已连接
[2026-03-13 14:49:20] ✅ VPN 已连接
[2026-03-13 14:50:21] ✅ VPN 已连接
[2026-03-13 14:51:21] ✅ VPN 已连接
[2026-03-13 14:52:21] ✅ VPN 已连接
[2026-03-13 14:53:21] ✅ VPN 已连接
[2026-03-13 14:54:21] ✅ VPN 已连接
[2026-03-13 14:55:21] ✅ VPN 已连接
[2026-03-13 14:56:21] ✅ VPN 已连接
[2026-03-13 14:57:21] ✅ VPN 已连接
[2026-03-13 14:58:21] ✅ VPN 已连接
[2026-03-13 14:59:21] ✅ VPN 已连接
[2026-03-13 15:00:21] ✅ VPN 已连接
[2026-03-13 15:01:21] ✅ VPN 已连接
[2026-03-13 15:02:21] ✅ VPN 已连接
[2026-03-13 15:03:21] ✅ VPN 已连接
[2026-03-13 15:04:21] ✅ VPN 已连接
[2026-03-13 15:05:21] ✅ VPN 已连接
[2026-03-13 15:06:21] ✅ VPN 已连接
[2026-03-13 15:07:21] ✅ VPN 已连接
[2026-03-13 15:08:21] ✅ VPN 已连接
[2026-03-13 15:09:22] ✅ VPN 已连接
[2026-03-13 15:10:22] ✅ VPN 已连接
[2026-03-13 15:11:22] ✅ VPN 已连接
[2026-03-13 15:12:22] ✅ VPN 已连接
[2026-03-13 15:13:22] ✅ VPN 已连接
[2026-03-13 15:14:22] ✅ VPN 已连接
[2026-03-13 15:15:22] ✅ VPN 已连接
[2026-03-13 15:16:22] ✅ VPN 已连接
[2026-03-13 15:17:22] ✅ VPN 已连接
[2026-03-13 15:18:22] ✅ VPN 已连接
[2026-03-13 15:19:22] ✅ VPN 已连接
[2026-03-13 15:20:22] ✅ VPN 已连接
[2026-03-13 15:21:22] ✅ VPN 已连接
[2026-03-13 15:22:22] ✅ VPN 已连接
[2026-03-13 15:23:22] ✅ VPN 已连接
[2026-03-13 15:24:22] ✅ VPN 已连接
[2026-03-13 15:25:22] ✅ VPN 已连接
[2026-03-13 15:26:22] ✅ VPN 已连接
[2026-03-13 15:27:22] ✅ VPN 已连接
[2026-03-13 15:28:22] ✅ VPN 已连接
[2026-03-13 15:29:23] ✅ VPN 已连接
[2026-03-13 15:30:23] ✅ VPN 已连接
[2026-03-13 15:31:23] ✅ VPN 已连接
[2026-03-13 15:32:23] ✅ VPN 已连接
[2026-03-13 15:33:23] ✅ VPN 已连接
[2026-03-13 15:34:23] ✅ VPN 已连接
[2026-03-13 15:35:23] ✅ VPN 已连接
[2026-03-13 15:36:23] ✅ VPN 已连接
[2026-03-13 15:37:23] ✅ VPN 已连接
[2026-03-13 15:38:23] ✅ VPN 已连接
[2026-03-13 15:39:23] ✅ VPN 已连接
[2026-03-13 15:40:23] ✅ VPN 已连接
[2026-03-13 15:41:23] ✅ VPN 已连接
[2026-03-13 15:42:23] ✅ VPN 已连接
[2026-03-13 15:43:23] ✅ VPN 已连接
[2026-03-13 15:44:23] ✅ VPN 已连接
[2026-03-13 15:45:23] ✅ VPN 已连接
[2026-03-13 15:46:23] ✅ VPN 已连接
[2026-03-13 15:47:23] ✅ VPN 已连接
[2026-03-13 15:48:24] ✅ VPN 已连接
[2026-03-13 15:49:24] ✅ VPN 已连接
[2026-03-13 15:50:24] ✅ VPN 已连接
[2026-03-13 15:51:24] ✅ VPN 已连接
[2026-03-13 15:52:24] ✅ VPN 已连接
[2026-03-13 15:53:24] ✅ VPN 已连接
[2026-03-13 15:54:24] ✅ VPN 已连接
[2026-03-13 15:55:24] ✅ VPN 已连接
[2026-03-13 15:56:24] ✅ VPN 已连接
[2026-03-13 15:57:24] ✅ VPN 已连接
[2026-03-13 15:58:24] ✅ VPN 已连接
[2026-03-13 15:59:24] ✅ VPN 已连接
[2026-03-13 16:00:24] ✅ VPN 已连接
[2026-03-13 16:01:24] ✅ VPN 已连接
[2026-03-13 16:02:24] ✅ VPN 已连接
[2026-03-13 16:03:24] ✅ VPN 已连接
[2026-03-13 16:04:24] ✅ VPN 已连接
[2026-03-13 16:05:24] ✅ VPN 已连接
[2026-03-13 16:06:25] ✅ VPN 已连接
[2026-03-13 16:07:25] ✅ VPN 已连接
[2026-03-13 16:08:25] ✅ VPN 已连接
[2026-03-13 16:09:25] ✅ VPN 已连接
[2026-03-13 16:10:25] ✅ VPN 已连接
[2026-03-13 16:11:25] ✅ VPN 已连接
[2026-03-13 16:12:25] ✅ VPN 已连接
[2026-03-13 16:13:25] ✅ VPN 已连接
[2026-03-13 16:14:25] ✅ VPN 已连接
[2026-03-13 16:15:25] ✅ VPN 已连接
[2026-03-13 16:16:25] ✅ VPN 已连接
[2026-03-13 16:17:25] ✅ VPN 已连接
[2026-03-13 16:18:25] ✅ VPN 已连接
[2026-03-13 16:19:25] ✅ VPN 已连接
[2026-03-13 16:20:25] ✅ VPN 已连接
[2026-03-13 16:21:26] ✅ VPN 已连接
[2026-03-13 16:22:26] ✅ VPN 已连接
[2026-03-13 16:23:26] ✅ VPN 已连接
[2026-03-13 16:24:26] ✅ VPN 已连接
[2026-03-13 16:25:26] ✅ VPN 已连接
[2026-03-13 16:26:26] ✅ VPN 已连接
[2026-03-13 16:27:26] ✅ VPN 已连接
[2026-03-13 16:28:26] ✅ VPN 已连接
[2026-03-13 16:29:26] ✅ VPN 已连接
[2026-03-13 16:30:26] ✅ VPN 已连接
[2026-03-13 16:31:26] ✅ VPN 已连接
[2026-03-13 16:32:26] ✅ VPN 已连接
[2026-03-13 16:33:26] ✅ VPN 已连接
[2026-03-13 16:34:26] ✅ VPN 已连接
[2026-03-13 16:35:26] ✅ VPN 已连接
[2026-03-13 16:36:26] ✅ VPN 已连接
[2026-03-13 16:37:26] ✅ VPN 已连接
[2026-03-13 16:38:27] ✅ VPN 已连接
[2026-03-13 16:39:27] ✅ VPN 已连接
[2026-03-13 16:40:27] ✅ VPN 已连接
[2026-03-13 16:41:27] ✅ VPN 已连接
[2026-03-13 16:42:27] ✅ VPN 已连接
[2026-03-13 16:43:27] ✅ VPN 已连接
[2026-03-13 16:44:27] ✅ VPN 已连接
[2026-03-13 16:45:27] ✅ VPN 已连接
[2026-03-13 16:46:27] ✅ VPN 已连接
[2026-03-13 16:47:27] ✅ VPN 已连接
[2026-03-13 16:48:27] ✅ VPN 已连接
[2026-03-13 16:49:27] ✅ VPN 已连接
[2026-03-13 16:50:27] ✅ VPN 已连接
[2026-03-13 16:51:27] ✅ VPN 已连接
[2026-03-13 16:52:27] ✅ VPN 已连接
[2026-03-13 16:53:27] ✅ VPN 已连接
[2026-03-13 16:54:27] ✅ VPN 已连接
[2026-03-13 16:55:27] ✅ VPN 已连接
[2026-03-13 16:56:28] ✅ VPN 已连接
[2026-03-13 16:57:28] ✅ VPN 已连接
[2026-03-13 16:58:28] ✅ VPN 已连接
[2026-03-13 16:59:28] ✅ VPN 已连接
[2026-03-13 17:00:28] ✅ VPN 已连接
[2026-03-13 17:01:28] ✅ VPN 已连接
[2026-03-13 17:02:28] ✅ VPN 已连接
[2026-03-13 17:03:28] ✅ VPN 已连接
[2026-03-13 17:04:28] ✅ VPN 已连接
[2026-03-13 17:05:28] ✅ VPN 已连接
[2026-03-13 17:06:28] ✅ VPN 已连接
[2026-03-13 17:07:28] ✅ VPN 已连接
[2026-03-13 17:08:28] ✅ VPN 已连接
[2026-03-13 17:09:28] ✅ VPN 已连接
[2026-03-13 17:10:28] ✅ VPN 已连接
[2026-03-13 17:11:28] ✅ VPN 已连接
[2026-03-13 17:12:28] ✅ VPN 已连接
[2026-03-13 17:13:28] ✅ VPN 已连接
[2026-03-13 17:14:29] ✅ VPN 已连接
[2026-03-13 17:15:29] ✅ VPN 已连接
[2026-03-13 17:16:29] ✅ VPN 已连接
[2026-03-13 17:17:29] ✅ VPN 已连接
[2026-03-13 17:18:29] ✅ VPN 已连接
[2026-03-13 17:19:29] ✅ VPN 已连接
[2026-03-13 17:20:29] ✅ VPN 已连接
[2026-03-13 17:21:29] ✅ VPN 已连接
[2026-03-13 17:22:29] ✅ VPN 已连接
[2026-03-13 17:23:29] ✅ VPN 已连接
[2026-03-13 17:24:29] ✅ VPN 已连接
[2026-03-13 17:25:29] ✅ VPN 已连接
[2026-03-13 17:26:29] ✅ VPN 已连接
[2026-03-13 17:27:29] ✅ VPN 已连接
[2026-03-13 17:28:30] ✅ VPN 已连接
[2026-03-13 17:29:30] ✅ VPN 已连接
[2026-03-13 17:30:30] ✅ VPN 已连接
[2026-03-13 17:31:30] ✅ VPN 已连接
[2026-03-13 17:32:30] ✅ VPN 已连接
[2026-03-13 17:33:30] ✅ VPN 已连接
[2026-03-13 17:34:30] ✅ VPN 已连接
[2026-03-13 17:35:30] ✅ VPN 已连接
[2026-03-13 17:36:30] ✅ VPN 已连接
[2026-03-13 17:37:30] ✅ VPN 已连接
[2026-03-13 17:38:30] ✅ VPN 已连接
[2026-03-13 17:39:30] ✅ VPN 已连接
[2026-03-13 17:40:30] ✅ VPN 已连接
[2026-03-13 17:41:30] ✅ VPN 已连接
[2026-03-13 17:42:31] ✅ VPN 已连接
[2026-03-13 17:43:31] ✅ VPN 已连接
[2026-03-13 17:44:31] ✅ VPN 已连接
[2026-03-13 17:45:31] ✅ VPN 已连接
[2026-03-13 17:46:31] ✅ VPN 已连接
[2026-03-13 17:47:31] ✅ VPN 已连接
[2026-03-13 17:48:31] ✅ VPN 已连接
[2026-03-13 17:49:31] ✅ VPN 已连接
[2026-03-13 17:50:31] ✅ VPN 已连接
[2026-03-13 17:51:31] ✅ VPN 已连接
[2026-03-13 17:52:31] ✅ VPN 已连接
[2026-03-13 17:53:31] ✅ VPN 已连接
[2026-03-13 17:54:31] ✅ VPN 已连接
[2026-03-13 17:55:31] ✅ VPN 已连接
[2026-03-13 17:56:31] ✅ VPN 已连接
[2026-03-13 17:57:31] ✅ VPN 已连接
[2026-03-13 17:58:31] ✅ VPN 已连接
[2026-03-13 17:59:32] ✅ VPN 已连接
[2026-03-13 18:00:32] ✅ VPN 已连接
[2026-03-13 18:01:32] ✅ VPN 已连接
[2026-03-13 18:02:32] ✅ VPN 已连接
[2026-03-13 18:03:32] ✅ VPN 已连接
[2026-03-13 18:04:32] ✅ VPN 已连接
[2026-03-13 18:05:32] ✅ VPN 已连接
[2026-03-13 18:06:32] ✅ VPN 已连接
[2026-03-13 18:07:32] ✅ VPN 已连接
[2026-03-13 18:08:32] ✅ VPN 已连接
[2026-03-13 18:09:32] ✅ VPN 已连接
[2026-03-13 18:10:32] ✅ VPN 已连接
[2026-03-13 18:11:32] ✅ VPN 已连接
[2026-03-13 18:12:32] ✅ VPN 已连接
[2026-03-13 18:13:32] ✅ VPN 已连接
[2026-03-13 18:14:32] ✅ VPN 已连接
[2026-03-13 18:15:33] ✅ VPN 已连接
[2026-03-13 18:16:33] ✅ VPN 已连接
[2026-03-13 18:17:33] ✅ VPN 已连接
[2026-03-13 18:18:33] ✅ VPN 已连接
[2026-03-13 18:19:33] ✅ VPN 已连接
[2026-03-13 18:20:33] ✅ VPN 已连接
[2026-03-13 18:21:33] ✅ VPN 已连接
[2026-03-13 18:22:33] ✅ VPN 已连接
[2026-03-13 18:23:33] ✅ VPN 已连接
[2026-03-13 18:24:33] ✅ VPN 已连接
[2026-03-13 18:25:33] ✅ VPN 已连接
[2026-03-13 18:26:33] ✅ VPN 已连接
[2026-03-13 18:27:33] ✅ VPN 已连接
[2026-03-13 18:28:33] ✅ VPN 已连接
[2026-03-13 18:29:33] ✅ VPN 已连接
[2026-03-13 18:30:34] ✅ VPN 已连接
[2026-03-13 18:31:34] ✅ VPN 已连接
[2026-03-13 18:32:34] ✅ VPN 已连接
[2026-03-13 18:33:34] ✅ VPN 已连接
[2026-03-13 18:34:34] ✅ VPN 已连接
[2026-03-13 18:35:34] ✅ VPN 已连接
[2026-03-13 18:36:34] ✅ VPN 已连接
[2026-03-13 18:37:34] ✅ VPN 已连接
[2026-03-13 18:38:34] ✅ VPN 已连接
[2026-03-13 18:39:34] ✅ VPN 已连接
[2026-03-13 18:40:34] ✅ VPN 已连接
[2026-03-13 18:41:34] ✅ VPN 已连接
[2026-03-13 18:42:34] ✅ VPN 已连接
[2026-03-13 18:43:35] ✅ VPN 已连接
[2026-03-13 18:44:35] ✅ VPN 已连接
[2026-03-13 18:45:35] ✅ VPN 已连接
[2026-03-13 18:46:35] ✅ VPN 已连接
[2026-03-13 18:47:35] ✅ VPN 已连接
[2026-03-13 18:48:35] ✅ VPN 已连接
[2026-03-13 18:49:35] ✅ VPN 已连接
[2026-03-13 18:50:35] ✅ VPN 已连接
[2026-03-13 18:51:35] ✅ VPN 已连接
[2026-03-13 18:52:35] ✅ VPN 已连接
[2026-03-13 18:53:35] ✅ VPN 已连接
[2026-03-13 18:54:35] ✅ VPN 已连接
[2026-03-13 18:55:35] ✅ VPN 已连接
[2026-03-13 18:56:35] ✅ VPN 已连接
[2026-03-13 18:57:35] ✅ VPN 已连接
[2026-03-13 18:58:36] ✅ VPN 已连接
[2026-03-13 18:59:36] ✅ VPN 已连接
[2026-03-13 19:00:36] ✅ VPN 已连接
[2026-03-13 19:01:36] ✅ VPN 已连接
[2026-03-13 19:02:36] ✅ VPN 已连接
[2026-03-13 19:03:36] ✅ VPN 已连接
[2026-03-13 19:04:36] ✅ VPN 已连接
[2026-03-13 19:05:36] ✅ VPN 已连接
[2026-03-13 19:06:36] ✅ VPN 已连接
[2026-03-13 19:07:36] ✅ VPN 已连接
[2026-03-13 19:08:36] ✅ VPN 已连接
[2026-03-13 19:09:36] ✅ VPN 已连接
[2026-03-13 19:10:36] ✅ VPN 已连接
[2026-03-13 19:11:36] ✅ VPN 已连接
[2026-03-13 19:12:36] ✅ VPN 已连接
[2026-03-13 19:13:36] ✅ VPN 已连接
[2026-03-13 19:14:37] ✅ VPN 已连接
[2026-03-13 19:15:37] ✅ VPN 已连接
[2026-03-13 19:16:37] ✅ VPN 已连接
[2026-03-13 19:17:37] ✅ VPN 已连接
[2026-03-13 19:18:37] ✅ VPN 已连接
[2026-03-13 19:19:37] ✅ VPN 已连接
[2026-03-13 19:20:37] ✅ VPN 已连接
[2026-03-13 19:21:37] ✅ VPN 已连接
[2026-03-13 19:22:37] ✅ VPN 已连接
[2026-03-13 19:23:37] ✅ VPN 已连接
[2026-03-13 19:24:37] ✅ VPN 已连接
[2026-03-13 19:25:37] ✅ VPN 已连接
[2026-03-13 19:26:37] ✅ VPN 已连接
[2026-03-13 19:27:37] ✅ VPN 已连接
[2026-03-13 19:28:38] ✅ VPN 已连接
[2026-03-13 19:29:38] ✅ VPN 已连接
[2026-03-13 19:30:38] ✅ VPN 已连接
[2026-03-13 19:31:38] ✅ VPN 已连接
[2026-03-13 19:32:38] ✅ VPN 已连接
[2026-03-13 19:33:38] ✅ VPN 已连接
[2026-03-13 19:34:38] ✅ VPN 已连接
[2026-03-13 19:35:38] ✅ VPN 已连接
[2026-03-13 19:36:38] ✅ VPN 已连接
[2026-03-13 19:37:38] ✅ VPN 已连接
[2026-03-13 19:38:38] ✅ VPN 已连接
[2026-03-13 19:39:38] ✅ VPN 已连接
[2026-03-13 19:40:38] ✅ VPN 已连接
[2026-03-13 19:41:38] ✅ VPN 已连接
[2026-03-13 19:42:38] ✅ VPN 已连接
[2026-03-13 19:43:38] ✅ VPN 已连接
[2026-03-13 19:44:39] ✅ VPN 已连接
[2026-03-13 19:45:39] ✅ VPN 已连接
[2026-03-13 19:46:39] ✅ VPN 已连接
[2026-03-13 19:47:39] ✅ VPN 已连接
[2026-03-13 19:48:39] ✅ VPN 已连接
[2026-03-13 19:49:39] ✅ VPN 已连接
[2026-03-13 19:50:39] ✅ VPN 已连接
[2026-03-13 19:51:39] ✅ VPN 已连接
[2026-03-13 19:52:39] ✅ VPN 已连接
[2026-03-13 19:53:39] ✅ VPN 已连接
[2026-03-13 19:54:39] ✅ VPN 已连接
[2026-03-13 19:55:39] ✅ VPN 已连接
[2026-03-13 19:56:39] ✅ VPN 已连接
[2026-03-13 19:57:39] ✅ VPN 已连接
[2026-03-13 19:58:39] ✅ VPN 已连接
[2026-03-13 19:59:40] ✅ VPN 已连接
[2026-03-13 20:00:40] ✅ VPN 已连接
[2026-03-13 20:01:40] ✅ VPN 已连接
[2026-03-13 20:02:40] ✅ VPN 已连接
[2026-03-13 20:03:40] ✅ VPN 已连接
[2026-03-13 20:04:40] ✅ VPN 已连接
[2026-03-13 20:05:40] ✅ VPN 已连接
[2026-03-13 20:06:40] ✅ VPN 已连接
[2026-03-13 20:07:40] ✅ VPN 已连接
[2026-03-13 20:08:40] ✅ VPN 已连接
[2026-03-13 20:09:40] ✅ VPN 已连接
[2026-03-13 20:10:40] ✅ VPN 已连接
[2026-03-13 20:11:40] ✅ VPN 已连接
[2026-03-13 20:12:40] ✅ VPN 已连接
[2026-03-13 20:13:40] ✅ VPN 已连接
[2026-03-13 20:14:41] ✅ VPN 已连接
[2026-03-13 20:15:41] ✅ VPN 已连接
[2026-03-13 20:16:41] ✅ VPN 已连接
[2026-03-13 20:17:41] ✅ VPN 已连接
[2026-03-13 20:18:41] ✅ VPN 已连接
[2026-03-13 20:19:41] ✅ VPN 已连接
[2026-03-13 20:20:41] ✅ VPN 已连接
[2026-03-13 20:21:41] ✅ VPN 已连接
[2026-03-13 20:22:41] ✅ VPN 已连接
[2026-03-13 20:23:41] ✅ VPN 已连接
[2026-03-13 20:24:41] ✅ VPN 已连接
[2026-03-13 20:25:41] ✅ VPN 已连接
[2026-03-13 20:26:41] ✅ VPN 已连接
[2026-03-13 20:27:41] ✅ VPN 已连接
[2026-03-13 20:28:41] ✅ VPN 已连接
[2026-03-13 20:29:41] ✅ VPN 已连接
[2026-03-13 20:30:41] ✅ VPN 已连接
[2026-03-13 20:31:42] ✅ VPN 已连接
[2026-03-13 20:32:42] ✅ VPN 已连接
[2026-03-13 20:33:42] ✅ VPN 已连接
[2026-03-13 20:34:42] ✅ VPN 已连接
[2026-03-13 20:35:42] ✅ VPN 已连接
[2026-03-13 20:36:42] ✅ VPN 已连接
[2026-03-13 20:37:42] ✅ VPN 已连接
[2026-03-13 20:38:42] ✅ VPN 已连接
[2026-03-13 20:39:42] ✅ VPN 已连接
[2026-03-13 20:40:42] ✅ VPN 已连接
[2026-03-13 20:41:42] ✅ VPN 已连接
[2026-03-13 20:42:42] ✅ VPN 已连接
[2026-03-13 20:43:42] ✅ VPN 已连接
[2026-03-13 20:44:42] ✅ VPN 已连接
[2026-03-13 20:45:42] ✅ VPN 已连接
[2026-03-13 20:46:42] ✅ VPN 已连接
[2026-03-13 20:47:43] ✅ VPN 已连接
[2026-03-13 20:48:43] ✅ VPN 已连接
[2026-03-13 20:49:43] ✅ VPN 已连接
[2026-03-13 20:50:43] ✅ VPN 已连接
[2026-03-13 20:51:43] ✅ VPN 已连接
[2026-03-13 20:52:43] ✅ VPN 已连接
[2026-03-13 20:53:43] ✅ VPN 已连接
[2026-03-13 20:54:43] ✅ VPN 已连接
[2026-03-13 20:55:43] ✅ VPN 已连接
[2026-03-13 20:56:43] ✅ VPN 已连接
[2026-03-13 20:57:43] ✅ VPN 已连接
[2026-03-13 20:58:43] ✅ VPN 已连接
[2026-03-13 20:59:43] ✅ VPN 已连接
[2026-03-13 21:00:43] ✅ VPN 已连接
[2026-03-13 21:01:44] ✅ VPN 已连接
[2026-03-13 21:02:44] ✅ VPN 已连接
[2026-03-13 21:03:44] ✅ VPN 已连接
[2026-03-13 21:04:44] ✅ VPN 已连接
[2026-03-13 21:05:44] ✅ VPN 已连接
[2026-03-13 21:06:44] ✅ VPN 已连接
[2026-03-13 21:07:44] ✅ VPN 已连接
[2026-03-13 21:08:44] ✅ VPN 已连接
[2026-03-13 21:09:44] ✅ VPN 已连接
[2026-03-13 21:10:44] ✅ VPN 已连接
[2026-03-13 21:11:44] ✅ VPN 已连接
[2026-03-13 21:12:44] ✅ VPN 已连接
[2026-03-13 21:13:44] ✅ VPN 已连接
[2026-03-13 21:14:44] ✅ VPN 已连接
[2026-03-13 21:15:44] ✅ VPN 已连接
[2026-03-13 21:16:45] ❌ VPN 未连接，触发重连...
[2026-03-13 21:16:45] ========== VPN 重连开始 ==========
[2026-03-13 21:16:45] 尝试 1/3...
[2026-03-13 21:16:45] 启动 FortiClient GUI...
[2026-03-13 21:16:45] FortiClient 已在运行，先关闭...
[2026-03-13 21:16:50] ❌ FortiClient GUI 启动失败
[2026-03-13 21:16:50] 重试 1 失败：无法启动 FortiClient
[2026-03-13 21:17:00] 尝试 2/3...
[2026-03-13 21:17:00] 启动 FortiClient GUI...
[2026-03-13 21:17:03] ❌ FortiClient GUI 启动失败
[2026-03-13 21:17:03] 重试 2 失败：无法启动 FortiClient
[2026-03-13 21:17:13] 尝试 3/3...
[2026-03-13 21:17:13] 启动 FortiClient GUI...
[2026-03-13 21:17:16] ❌ FortiClient GUI 启动失败
[2026-03-13 21:17:16] 重试 3 失败：无法启动 FortiClient
[2026-03-13 21:17:26] ❌ VPN 重连失败（已尝试 3 次）
[2026-03-13 21:17:26] ========== VPN 重连失败 ==========
[2026-03-13 21:18:26] ❌ VPN 未连接，触发重连...
[2026-03-13 21:18:26] ========== VPN 重连开始 ==========
[2026-03-13 21:18:26] 尝试 1/3...
[2026-03-13 21:18:26] 启动 FortiClient GUI...
[2026-03-13 21:18:29] ❌ FortiClient GUI 启动失败
[2026-03-13 21:18:29] 重试 1 失败：无法启动 FortiClient
[2026-03-13 21:18:39] 尝试 2/3...
[2026-03-13 21:18:39] 启动 FortiClient GUI...
[2026-03-13 21:18:42] ❌ FortiClient GUI 启动失败
[2026-03-13 21:18:42] 重试 2 失败：无法启动 FortiClient
[2026-03-13 21:18:52] 尝试 3/3...
[2026-03-13 21:18:52] 启动 FortiClient GUI...
[2026-03-13 21:18:55] ❌ FortiClient GUI 启动失败
[2026-03-13 21:18:55] 重试 3 失败：无法启动 FortiClient
[2026-03-13 21:19:05] ❌ VPN 重连失败（已尝试 3 次）
[2026-03-13 21:19:05] ========== VPN 重连失败 ==========
[2026-03-13 21:20:05] ✅ VPN 已连接
[2026-03-13 21:21:05] ✅ VPN 已连接
[2026-03-13 21:22:05] ✅ VPN 已连接
[2026-03-13 21:23:05] ✅ VPN 已连接
[2026-03-13 21:24:05] ✅ VPN 已连接
[2026-03-13 21:25:05] ✅ VPN 已连接
[2026-03-13 21:26:05] ✅ VPN 已连接
[2026-03-13 21:27:05] ✅ VPN 已连接
[2026-03-13 21:28:06] ✅ VPN 已连接
[2026-03-13 21:29:06] ✅ VPN 已连接
[2026-03-13 21:30:06] ✅ VPN 已连接
[2026-03-13 21:31:06] ✅ VPN 已连接
[2026-03-13 21:32:06] ✅ VPN 已连接
[2026-03-13 21:33:06] ✅ VPN 已连接
[2026-03-13 21:34:06] ✅ VPN 已连接
[2026-03-13 21:35:06] ✅ VPN 已连接
[2026-03-13 21:36:06] ✅ VPN 已连接
[2026-03-13 21:37:06] ✅ VPN 已连接
[2026-03-13 21:38:06] ✅ VPN 已连接
[2026-03-13 21:39:06] ✅ VPN 已连接
[2026-03-13 21:40:06] ✅ VPN 已连接
[2026-03-13 21:41:06] ✅ VPN 已连接
[2026-03-13 21:42:06] ✅ VPN 已连接
[2026-03-13 21:43:06] ✅ VPN 已连接
[2026-03-13 21:44:06] ✅ VPN 已连接
[2026-03-13 21:45:07] ✅ VPN 已连接
[2026-03-13 21:46:07] ✅ VPN 已连接
[2026-03-13 21:47:07] ✅ VPN 已连接
[2026-03-13 21:48:07] ✅ VPN 已连接
[2026-03-13 21:49:07] ✅ VPN 已连接
[2026-03-13 21:50:07] ✅ VPN 已连接
[2026-03-13 21:51:07] ✅ VPN 已连接
[2026-03-13 21:52:07] ✅ VPN 已连接
[2026-03-13 21:53:07] ✅ VPN 已连接
[2026-03-13 21:54:07] ✅ VPN 已连接
[2026-03-13 21:55:07] ✅ VPN 已连接
[2026-03-13 21:56:07] ✅ VPN 已连接
[2026-03-13 21:57:07] ✅ VPN 已连接
[2026-03-13 21:58:07] ✅ VPN 已连接
[2026-03-13 21:59:07] ✅ VPN 已连接
[2026-03-13 22:00:08] ✅ VPN 已连接
[2026-03-13 22:01:08] ✅ VPN 已连接
[2026-03-13 22:02:08] ✅ VPN 已连接
[2026-03-13 22:03:08] ✅ VPN 已连接
[2026-03-13 22:04:08] ✅ VPN 已连接
[2026-03-13 22:05:08] ✅ VPN 已连接
[2026-03-13 22:06:08] ✅ VPN 已连接
[2026-03-13 22:07:08] ✅ VPN 已连接
[2026-03-13 22:08:08] ✅ VPN 已连接
[2026-03-13 22:09:08] ✅ VPN 已连接
[2026-03-13 22:10:08] ✅ VPN 已连接
[2026-03-13 22:11:08] ✅ VPN 已连接
[2026-03-13 22:12:08] ✅ VPN 已连接
[2026-03-13 22:13:08] ✅ VPN 已连接
[2026-03-13 22:14:08] ✅ VPN 已连接
[2026-03-13 22:15:09] ✅ VPN 已连接
[2026-03-13 22:16:09] ✅ VPN 已连接
[2026-03-13 22:17:09] ✅ VPN 已连接
[2026-03-13 22:18:09] ✅ VPN 已连接
[2026-03-13 22:19:09] ✅ VPN 已连接
[2026-03-13 22:20:09] ✅ VPN 已连接
[2026-03-13 22:21:09] ✅ VPN 已连接
[2026-03-13 22:22:09] ✅ VPN 已连接
[2026-03-13 22:23:09] ✅ VPN 已连接
[2026-03-13 22:24:09] ✅ VPN 已连接
[2026-03-13 22:25:09] ✅ VPN 已连接
[2026-03-13 22:26:09] ✅ VPN 已连接
[2026-03-13 22:27:09] ✅ VPN 已连接
[2026-03-13 22:28:09] ✅ VPN 已连接
[2026-03-13 22:29:09] ✅ VPN 已连接
[2026-03-13 22:30:09] ✅ VPN 已连接
[2026-03-13 22:31:09] ✅ VPN 已连接
[2026-03-13 22:32:10] ✅ VPN 已连接
[2026-03-13 22:33:10] ✅ VPN 已连接
[2026-03-13 22:34:10] ✅ VPN 已连接
[2026-03-13 22:35:10] ✅ VPN 已连接
[2026-03-13 22:36:10] ✅ VPN 已连接
[2026-03-13 22:37:10] ✅ VPN 已连接
[2026-03-13 22:38:10] ✅ VPN 已连接
[2026-03-13 22:39:10] ✅ VPN 已连接
[2026-03-13 22:40:10] ✅ VPN 已连接
[2026-03-13 22:41:10] ✅ VPN 已连接
[2026-03-13 22:42:10] ✅ VPN 已连接
[2026-03-13 22:43:10] ✅ VPN 已连接
[2026-03-13 22:44:10] ✅ VPN 已连接
[2026-03-13 22:45:10] ✅ VPN 已连接
[2026-03-13 22:46:10] ✅ VPN 已连接
[2026-03-13 22:47:11] ✅ VPN 已连接
[2026-03-13 22:48:11] ✅ VPN 已连接
[2026-03-13 22:49:11] ✅ VPN 已连接
[2026-03-13 22:50:11] ✅ VPN 已连接
[2026-03-13 22:51:11] ✅ VPN 已连接
[2026-03-13 22:52:11] ✅ VPN 已连接
[2026-03-13 22:53:11] ✅ VPN 已连接
[2026-03-13 22:54:11] ✅ VPN 已连接
[2026-03-13 22:55:11] ✅ VPN 已连接
[2026-03-13 22:56:11] ✅ VPN 已连接
[2026-03-13 22:57:11] ✅ VPN 已连接
[2026-03-13 22:58:11] ✅ VPN 已连接
[2026-03-13 22:59:11] ✅ VPN 已连接
[2026-03-13 23:00:11] ✅ VPN 已连接
[2026-03-13 23:01:11] ✅ VPN 已连接
[2026-03-13 23:02:11] ✅ VPN 已连接
[2026-03-13 23:03:11] ✅ VPN 已连接
[2026-03-13 23:04:11] ✅ VPN 已连接
[2026-03-13 23:05:12] ✅ VPN 已连接
[2026-03-13 23:06:12] ✅ VPN 已连接
[2026-03-13 23:07:12] ✅ VPN 已连接
[2026-03-13 23:08:12] ✅ VPN 已连接
[2026-03-13 23:09:12] ✅ VPN 已连接
[2026-03-13 23:10:12] ✅ VPN 已连接
[2026-03-13 23:11:12] ✅ VPN 已连接
[2026-03-13 23:12:12] ✅ VPN 已连接
[2026-03-13 23:13:12] ✅ VPN 已连接
[2026-03-13 23:14:12] ✅ VPN 已连接
[2026-03-13 23:15:12] ✅ VPN 已连接
[2026-03-13 23:16:12] ✅ VPN 已连接
[2026-03-13 23:17:12] ✅ VPN 已连接
[2026-03-13 23:18:12] ✅ VPN 已连接
[2026-03-13 23:19:12] ✅ VPN 已连接
[2026-03-13 23:20:12] ✅ VPN 已连接
[2026-03-13 23:21:12] ✅ VPN 已连接
[2026-03-13 23:22:13] ✅ VPN 已连接
[2026-03-13 23:23:13] ✅ VPN 已连接
[2026-03-13 23:24:13] ❌ VPN 未连接，触发重连...
[2026-03-13 23:24:13] ========== VPN 重连开始 ==========
[2026-03-13 23:24:13] 尝试 1/3...
[2026-03-13 23:24:13] 启动 FortiClient GUI...
[2026-03-13 23:24:16] ❌ FortiClient GUI 启动失败
[2026-03-13 23:24:16] 重试 1 失败：无法启动 FortiClient
[2026-03-13 23:24:26] 尝试 2/3...
[2026-03-13 23:24:26] 启动 FortiClient GUI...
[2026-03-13 23:24:29] ❌ FortiClient GUI 启动失败
[2026-03-13 23:24:29] 重试 2 失败：无法启动 FortiClient
[2026-03-13 23:24:39] 尝试 3/3...
[2026-03-13 23:24:39] 启动 FortiClient GUI...
[2026-03-13 23:24:42] ❌ FortiClient GUI 启动失败
[2026-03-13 23:24:42] 重试 3 失败：无法启动 FortiClient
[2026-03-13 23:24:52] ❌ VPN 重连失败（已尝试 3 次）
[2026-03-13 23:24:52] ========== VPN 重连失败 ==========
[2026-03-13 23:25:52] ✅ VPN 已连接
[2026-03-13 23:26:52] ✅ VPN 已连接
[2026-03-13 23:27:52] ✅ VPN 已连接
[2026-03-13 23:28:52] ✅ VPN 已连接
[2026-03-13 23:29:52] ✅ VPN 已连接
[2026-03-13 23:30:52] ✅ VPN 已连接
[2026-03-13 23:31:52] ✅ VPN 已连接
[2026-03-13 23:32:52] ✅ VPN 已连接
[2026-03-13 23:33:52] ✅ VPN 已连接
[2026-03-13 23:34:52] ✅ VPN 已连接
[2026-03-13 23:35:53] ✅ VPN 已连接
[2026-03-13 23:36:53] ✅ VPN 已连接
[2026-03-13 23:37:53] ✅ VPN 已连接
[2026-03-13 23:38:53] ✅ VPN 已连接
[2026-03-13 23:39:53] ✅ VPN 已连接
[2026-03-13 23:40:53] ✅ VPN 已连接
[2026-03-13 23:41:53] ✅ VPN 已连接
[2026-03-13 23:42:53] ✅ VPN 已连接
[2026-03-13 23:43:53] ✅ VPN 已连接
[2026-03-13 23:44:53] ✅ VPN 已连接
[2026-03-13 23:45:53] ✅ VPN 已连接
[2026-03-13 23:46:53] ✅ VPN 已连接
[2026-03-13 23:47:53] ✅ VPN 已连接
[2026-03-13 23:48:53] ✅ VPN 已连接
[2026-03-13 23:49:53] ✅ VPN 已连接
[2026-03-13 23:50:53] ✅ VPN 已连接
[2026-03-13 23:51:53] ✅ VPN 已连接
[2026-03-13 23:52:53] ✅ VPN 已连接
[2026-03-13 23:53:54] ✅ VPN 已连接
[2026-03-13 23:54:54] ✅ VPN 已连接
[2026-03-13 23:55:54] ✅ VPN 已连接
[2026-03-13 23:56:54] ✅ VPN 已连接
[2026-03-13 23:57:54] ✅ VPN 已连接
[2026-03-13 23:58:54] ✅ VPN 已连接
[2026-03-13 23:59:54] ✅ VPN 已连接
[2026-03-14 00:00:54] ✅ VPN 已连接
[2026-03-14 00:01:54] ✅ VPN 已连接
[2026-03-14 00:02:54] ✅ VPN 已连接
[2026-03-14 00:03:54] ✅ VPN 已连接
[2026-03-14 00:04:54] ✅ VPN 已连接
[2026-03-14 00:05:54] ✅ VPN 已连接
[2026-03-14 00:06:54] ✅ VPN 已连接
[2026-03-14 00:07:54] ✅ VPN 已连接
[2026-03-14 00:08:54] ✅ VPN 已连接
[2026-03-14 00:09:54] ✅ VPN 已连接
[2026-03-14 00:10:54] ✅ VPN 已连接
[2026-03-14 00:11:55] ✅ VPN 已连接
[2026-03-14 00:12:55] ✅ VPN 已连接
[2026-03-14 00:13:55] ✅ VPN 已连接
[2026-03-14 00:14:55] ✅ VPN 已连接
[2026-03-14 00:15:55] ✅ VPN 已连接
[2026-03-14 00:16:55] ✅ VPN 已连接
[2026-03-14 00:17:55] ✅ VPN 已连接
[2026-03-14 00:18:55] ✅ VPN 已连接
[2026-03-14 00:19:55] ✅ VPN 已连接
[2026-03-14 00:20:55] ✅ VPN 已连接
[2026-03-14 00:21:55] ✅ VPN 已连接
[2026-03-14 00:22:55] ✅ VPN 已连接
[2026-03-14 00:23:55] ✅ VPN 已连接
[2026-03-14 00:24:55] ✅ VPN 已连接
[2026-03-14 00:25:55] ✅ VPN 已连接
[2026-03-14 00:26:55] ✅ VPN 已连接
[2026-03-14 00:27:55] ✅ VPN 已连接
[2026-03-14 00:28:55] ✅ VPN 已连接
[2026-03-14 00:29:56] ✅ VPN 已连接
[2026-03-14 00:30:56] ✅ VPN 已连接
[2026-03-14 00:31:56] ✅ VPN 已连接
[2026-03-14 00:32:56] ✅ VPN 已连接
[2026-03-14 00:33:56] ✅ VPN 已连接
[2026-03-14 00:34:56] ✅ VPN 已连接
[2026-03-14 00:35:56] ✅ VPN 已连接
[2026-03-14 00:36:56] ✅ VPN 已连接
[2026-03-14 00:37:56] ✅ VPN 已连接
[2026-03-14 00:38:56] ✅ VPN 已连接
[2026-03-14 00:39:56] ✅ VPN 已连接
[2026-03-14 00:40:56] ✅ VPN 已连接
[2026-03-14 00:41:56] ✅ VPN 已连接
[2026-03-14 00:42:56] ✅ VPN 已连接
[2026-03-14 00:43:56] ✅ VPN 已连接
[2026-03-14 00:44:56] ✅ VPN 已连接
[2026-03-14 00:45:56] ✅ VPN 已连接
[2026-03-14 00:46:56] ✅ VPN 已连接
[2026-03-14 00:47:57] ✅ VPN 已连接
[2026-03-14 00:48:57] ✅ VPN 已连接
[2026-03-14 00:49:57] ✅ VPN 已连接
[2026-03-14 00:50:57] ✅ VPN 已连接
[2026-03-14 00:51:57] ✅ VPN 已连接
[2026-03-14 00:52:57] ✅ VPN 已连接
[2026-03-14 00:53:57] ✅ VPN 已连接
[2026-03-14 00:54:57] ✅ VPN 已连接
[2026-03-14 00:55:57] ✅ VPN 已连接
[2026-03-14 00:56:57] ✅ VPN 已连接
[2026-03-14 00:57:57] ✅ VPN 已连接
[2026-03-14 00:58:57] ✅ VPN 已连接
[2026-03-14 00:59:57] ✅ VPN 已连接
[2026-03-14 01:00:57] ✅ VPN 已连接
[2026-03-14 01:01:57] ✅ VPN 已连接
[2026-03-14 01:02:57] ✅ VPN 已连接
[2026-03-14 01:03:57] ✅ VPN 已连接
[2026-03-14 01:04:58] ✅ VPN 已连接
[2026-03-14 01:05:58] ✅ VPN 已连接
[2026-03-14 01:06:58] ✅ VPN 已连接
[2026-03-14 01:07:58] ✅ VPN 已连接
[2026-03-14 01:08:58] ✅ VPN 已连接
[2026-03-14 01:09:58] ✅ VPN 已连接
[2026-03-14 01:10:58] ✅ VPN 已连接
[2026-03-14 01:11:58] ✅ VPN 已连接
[2026-03-14 01:12:58] ✅ VPN 已连接
[2026-03-14 01:13:58] ✅ VPN 已连接
[2026-03-14 01:14:58] ✅ VPN 已连接
[2026-03-14 01:15:58] ✅ VPN 已连接
[2026-03-14 01:16:58] ✅ VPN 已连接
[2026-03-14 01:17:58] ✅ VPN 已连接
[2026-03-14 01:18:58] ✅ VPN 已连接
[2026-03-14 01:19:58] ✅ VPN 已连接
[2026-03-14 01:20:58] ✅ VPN 已连接
[2026-03-14 01:21:58] ✅ VPN 已连接
[2026-03-14 01:22:58] ✅ VPN 已连接
[2026-03-14 01:23:59] ✅ VPN 已连接
[2026-03-14 01:24:59] ✅ VPN 已连接
[2026-03-14 01:25:59] ✅ VPN 已连接
[2026-03-14 01:26:59] ✅ VPN 已连接
[2026-03-14 01:27:59] ✅ VPN 已连接
[2026-03-14 01:28:59] ✅ VPN 已连接
[2026-03-14 01:29:59] ✅ VPN 已连接
[2026-03-14 01:30:59] ✅ VPN 已连接
[2026-03-14 01:31:59] ✅ VPN 已连接
[2026-03-14 01:32:59] ✅ VPN 已连接
[2026-03-14 01:33:59] ✅ VPN 已连接
[2026-03-14 01:34:59] ✅ VPN 已连接
[2026-03-14 01:35:59] ✅ VPN 已连接
[2026-03-14 01:36:59] ✅ VPN 已连接
[2026-03-14 01:37:59] ✅ VPN 已连接
[2026-03-14 01:38:59] ✅ VPN 已连接
[2026-03-14 01:39:59] ✅ VPN 已连接
[2026-03-14 01:40:59] ✅ VPN 已连接
[2026-03-14 01:42:00] ✅ VPN 已连接
[2026-03-14 01:43:00] ✅ VPN 已连接
[2026-03-14 01:44:00] ✅ VPN 已连接
[2026-03-14 01:45:00] ✅ VPN 已连接
[2026-03-14 01:46:00] ✅ VPN 已连接
[2026-03-14 01:47:00] ✅ VPN 已连接
[2026-03-14 01:48:00] ✅ VPN 已连接
[2026-03-14 01:49:00] ✅ VPN 已连接
[2026-03-14 01:50:00] ✅ VPN 已连接
[2026-03-14 01:51:00] ✅ VPN 已连接
[2026-03-14 01:52:00] ✅ VPN 已连接
[2026-03-14 01:53:00] ✅ VPN 已连接
[2026-03-14 01:54:00] ✅ VPN 已连接
[2026-03-14 01:55:00] ✅ VPN 已连接
[2026-03-14 01:56:00] ✅ VPN 已连接
[2026-03-14 01:57:00] ✅ VPN 已连接
[2026-03-14 01:58:01] ✅ VPN 已连接
[2026-03-14 01:59:01] ✅ VPN 已连接
[2026-03-14 02:00:01] ✅ VPN 已连接
[2026-03-14 02:01:01] ✅ VPN 已连接
[2026-03-14 02:02:01] ✅ VPN 已连接
[2026-03-14 02:03:01] ✅ VPN 已连接
[2026-03-14 02:04:01] ✅ VPN 已连接
[2026-03-14 02:05:01] ✅ VPN 已连接
[2026-03-14 02:06:01] ✅ VPN 已连接
[2026-03-14 02:07:01] ✅ VPN 已连接
[2026-03-14 02:08:01] ✅ VPN 已连接
[2026-03-14 02:09:01] ✅ VPN 已连接
[2026-03-14 02:10:01] ✅ VPN 已连接
[2026-03-14 02:11:01] ✅ VPN 已连接
[2026-03-14 02:12:01] ✅ VPN 已连接
[2026-03-14 02:13:01] ✅ VPN 已连接
[2026-03-14 02:14:01] ✅ VPN 已连接
[2026-03-14 02:15:01] ✅ VPN 已连接
[2026-03-14 02:16:02] ✅ VPN 已连接
[2026-03-14 02:17:02] ✅ VPN 已连接
[2026-03-14 02:18:02] ✅ VPN 已连接
[2026-03-14 02:19:02] ✅ VPN 已连接
[2026-03-14 02:20:02] ✅ VPN 已连接
[2026-03-14 02:21:02] ✅ VPN 已连接
[2026-03-14 02:22:02] ✅ VPN 已连接
[2026-03-14 02:23:02] ✅ VPN 已连接
[2026-03-14 02:24:02] ✅ VPN 已连接
[2026-03-14 02:25:02] ✅ VPN 已连接
[2026-03-14 02:26:02] ✅ VPN 已连接
[2026-03-14 02:27:02] ✅ VPN 已连接
[2026-03-14 02:28:02] ✅ VPN 已连接
[2026-03-14 02:29:02] ✅ VPN 已连接
[2026-03-14 02:30:02] ✅ VPN 已连接
[2026-03-14 02:31:02] ✅ VPN 已连接
[2026-03-14 02:32:02] ✅ VPN 已连接
[2026-03-14 02:33:02] ✅ VPN 已连接
[2026-03-14 02:34:03] ✅ VPN 已连接
[2026-03-14 02:35:03] ✅ VPN 已连接
[2026-03-14 02:36:03] ✅ VPN 已连接
[2026-03-14 02:37:03] ✅ VPN 已连接
[2026-03-14 02:38:03] ✅ VPN 已连接
[2026-03-14 02:39:03] ✅ VPN 已连接
[2026-03-14 02:40:03] ✅ VPN 已连接
[2026-03-14 02:41:03] ✅ VPN 已连接
[2026-03-14 02:42:03] ✅ VPN 已连接
[2026-03-14 02:43:03] ✅ VPN 已连接
[2026-03-14 02:44:03] ✅ VPN 已连接
[2026-03-14 02:45:03] ✅ VPN 已连接
[2026-03-14 02:46:03] ✅ VPN 已连接
[2026-03-14 02:47:03] ✅ VPN 已连接
[2026-03-14 02:48:03] ✅ VPN 已连接
[2026-03-14 02:49:03] ✅ VPN 已连接
[2026-03-14 02:50:03] ✅ VPN 已连接
[2026-03-14 02:51:03] ✅ VPN 已连接
[2026-03-14 02:52:04] ✅ VPN 已连接
[2026-03-14 02:53:04] ✅ VPN 已连接
[2026-03-14 02:54:04] ✅ VPN 已连接
[2026-03-14 02:55:04] ✅ VPN 已连接
[2026-03-14 02:56:04] ✅ VPN 已连接
[2026-03-14 02:57:04] ✅ VPN 已连接
[2026-03-14 02:58:04] ✅ VPN 已连接
[2026-03-14 02:59:04] ✅ VPN 已连接
[2026-03-14 03:00:04] ✅ VPN 已连接
[2026-03-14 03:01:04] ✅ VPN 已连接
[2026-03-14 03:02:04] ✅ VPN 已连接
[2026-03-14 03:03:04] ✅ VPN 已连接
[2026-03-14 03:04:04] ✅ VPN 已连接
[2026-03-14 03:05:04] ✅ VPN 已连接
[2026-03-14 03:06:04] ✅ VPN 已连接
[2026-03-14 03:07:04] ✅ VPN 已连接
[2026-03-14 03:08:04] ✅ VPN 已连接
[2026-03-14 03:09:05] ✅ VPN 已连接
[2026-03-14 03:10:05] ✅ VPN 已连接
[2026-03-14 03:11:05] ✅ VPN 已连接
[2026-03-14 03:12:05] ✅ VPN 已连接
[2026-03-14 03:13:05] ✅ VPN 已连接
[2026-03-14 03:14:05] ✅ VPN 已连接
[2026-03-14 03:15:05] ✅ VPN 已连接
[2026-03-14 03:16:05] ✅ VPN 已连接
[2026-03-14 03:17:05] ✅ VPN 已连接
[2026-03-14 03:18:05] ✅ VPN 已连接
[2026-03-14 03:19:05] ✅ VPN 已连接
[2026-03-14 03:20:05] ✅ VPN 已连接
[2026-03-14 03:21:05] ✅ VPN 已连接
[2026-03-14 03:22:05] ✅ VPN 已连接
[2026-03-14 03:23:05] ✅ VPN 已连接
[2026-03-14 03:24:05] ✅ VPN 已连接
[2026-03-14 03:25:05] ✅ VPN 已连接
[2026-03-14 03:26:05] ✅ VPN 已连接
[2026-03-14 03:27:06] ✅ VPN 已连接
[2026-03-14 03:28:06] ✅ VPN 已连接
[2026-03-14 03:29:06] ✅ VPN 已连接
[2026-03-14 03:30:06] ✅ VPN 已连接
[2026-03-14 03:31:06] ✅ VPN 已连接
[2026-03-14 03:32:06] ✅ VPN 已连接
[2026-03-14 03:33:06] ✅ VPN 已连接
[2026-03-14 03:34:06] ✅ VPN 已连接
[2026-03-14 03:35:06] ✅ VPN 已连接
[2026-03-14 03:36:06] ✅ VPN 已连接
[2026-03-14 03:37:06] ✅ VPN 已连接
[2026-03-14 03:38:06] ✅ VPN 已连接
[2026-03-14 03:39:06] ✅ VPN 已连接
[2026-03-14 03:40:06] ✅ VPN 已连接
[2026-03-14 03:41:06] ✅ VPN 已连接
[2026-03-14 03:42:06] ✅ VPN 已连接
[2026-03-14 03:43:06] ✅ VPN 已连接
[2026-03-14 03:44:06] ✅ VPN 已连接
[2026-03-14 03:45:06] ✅ VPN 已连接
[2026-03-14 03:46:07] ✅ VPN 已连接
[2026-03-14 03:47:07] ✅ VPN 已连接
[2026-03-14 03:48:07] ✅ VPN 已连接
[2026-03-14 03:49:07] ✅ VPN 已连接
[2026-03-14 03:50:07] ✅ VPN 已连接
[2026-03-14 03:51:07] ✅ VPN 已连接
[2026-03-14 03:52:07] ✅ VPN 已连接
[2026-03-14 03:53:07] ✅ VPN 已连接
[2026-03-14 03:54:07] ✅ VPN 已连接
[2026-03-14 03:55:07] ✅ VPN 已连接
[2026-03-14 03:56:07] ✅ VPN 已连接
[2026-03-14 03:57:07] ✅ VPN 已连接
[2026-03-14 03:58:07] ✅ VPN 已连接
[2026-03-14 03:59:07] ✅ VPN 已连接
[2026-03-14 04:00:07] ✅ VPN 已连接
[2026-03-14 04:01:07] ✅ VPN 已连接
[2026-03-14 04:02:07] ✅ VPN 已连接
[2026-03-14 04:03:07] ✅ VPN 已连接
[2026-03-14 04:04:07] ✅ VPN 已连接
[2026-03-14 04:05:08] ✅ VPN 已连接
[2026-03-14 04:06:08] ✅ VPN 已连接
[2026-03-14 04:07:08] ✅ VPN 已连接
[2026-03-14 04:08:08] ✅ VPN 已连接
[2026-03-14 04:09:08] ✅ VPN 已连接
[2026-03-14 04:10:08] ✅ VPN 已连接
[2026-03-14 04:11:08] ✅ VPN 已连接
[2026-03-14 04:12:08] ✅ VPN 已连接
[2026-03-14 04:13:08] ✅ VPN 已连接
[2026-03-14 04:14:08] ✅ VPN 已连接
[2026-03-14 04:15:08] ✅ VPN 已连接
[2026-03-14 04:16:08] ✅ VPN 已连接
[2026-03-14 04:17:08] ✅ VPN 已连接
[2026-03-14 04:18:08] ✅ VPN 已连接
[2026-03-14 04:19:08] ✅ VPN 已连接
[2026-03-14 04:20:08] ✅ VPN 已连接
[2026-03-14 04:21:08] ✅ VPN 已连接
[2026-03-14 04:22:08] ✅ VPN 已连接
[2026-03-14 04:23:09] ✅ VPN 已连接
[2026-03-14 04:24:09] ✅ VPN 已连接
[2026-03-14 04:25:09] ✅ VPN 已连接
[2026-03-14 04:26:09] ✅ VPN 已连接
[2026-03-14 04:27:09] ✅ VPN 已连接
[2026-03-14 04:28:09] ✅ VPN 已连接
[2026-03-14 04:29:09] ✅ VPN 已连接
[2026-03-14 04:30:09] ✅ VPN 已连接
[2026-03-14 04:31:09] ✅ VPN 已连接
[2026-03-14 04:32:09] ✅ VPN 已连接
[2026-03-14 04:33:09] ✅ VPN 已连接
[2026-03-14 04:34:09] ✅ VPN 已连接
[2026-03-14 04:35:09] ✅ VPN 已连接
[2026-03-14 04:36:09] ✅ VPN 已连接
[2026-03-14 04:37:09] ✅ VPN 已连接
[2026-03-14 04:38:09] ✅ VPN 已连接
[2026-03-14 04:39:09] ✅ VPN 已连接
[2026-03-14 04:40:09] ✅ VPN 已连接
[2026-03-14 04:41:10] ✅ VPN 已连接
[2026-03-14 04:42:10] ✅ VPN 已连接
[2026-03-14 04:43:10] ✅ VPN 已连接
[2026-03-14 04:44:10] ✅ VPN 已连接
[2026-03-14 04:45:10] ✅ VPN 已连接
[2026-03-14 04:46:10] ✅ VPN 已连接
[2026-03-14 04:47:10] ✅ VPN 已连接
[2026-03-14 04:48:10] ✅ VPN 已连接
[2026-03-14 04:49:10] ✅ VPN 已连接
[2026-03-14 04:50:10] ✅ VPN 已连接
[2026-03-14 04:51:10] ✅ VPN 已连接
[2026-03-14 04:52:10] ✅ VPN 已连接
[2026-03-14 04:53:10] ✅ VPN 已连接
[2026-03-14 04:54:10] ✅ VPN 已连接
[2026-03-14 04:55:10] ✅ VPN 已连接
[2026-03-14 04:56:10] ✅ VPN 已连接
[2026-03-14 04:57:10] ✅ VPN 已连接
[2026-03-14 04:58:10] ✅ VPN 已连接
[2026-03-14 04:59:11] ✅ VPN 已连接
[2026-03-14 05:00:11] ✅ VPN 已连接
[2026-03-14 05:01:11] ✅ VPN 已连接
[2026-03-14 05:02:11] ✅ VPN 已连接
[2026-03-14 05:03:11] ✅ VPN 已连接
[2026-03-14 05:04:11] ✅ VPN 已连接
[2026-03-14 05:05:11] ✅ VPN 已连接
[2026-03-14 05:06:11] ✅ VPN 已连接
[2026-03-14 05:07:11] ✅ VPN 已连接
[2026-03-14 05:08:11] ✅ VPN 已连接
[2026-03-14 05:09:11] ✅ VPN 已连接
[2026-03-14 05:10:11] ✅ VPN 已连接
[2026-03-14 05:11:11] ✅ VPN 已连接
[2026-03-14 05:12:11] ✅ VPN 已连接
[2026-03-14 05:13:11] ✅ VPN 已连接
[2026-03-14 05:14:11] ✅ VPN 已连接
[2026-03-14 05:15:11] ✅ VPN 已连接
[2026-03-14 05:16:11] ✅ VPN 已连接
[2026-03-14 05:17:11] ✅ VPN 已连接
[2026-03-14 05:18:12] ✅ VPN 已连接
[2026-03-14 05:19:12] ✅ VPN 已连接
[2026-03-14 05:20:12] ❌ VPN 未连接，触发重连...
[2026-03-14 05:20:12] ========== VPN 重连开始 ==========
[2026-03-14 05:20:12] 尝试 1/3...
[2026-03-14 05:20:12] 启动 FortiClient GUI...
[2026-03-14 05:20:15] ❌ FortiClient GUI 启动失败
[2026-03-14 05:20:15] 重试 1 失败：无法启动 FortiClient
[2026-03-14 05:20:25] 尝试 2/3...
[2026-03-14 05:20:25] 启动 FortiClient GUI...
[2026-03-14 05:20:28] ❌ FortiClient GUI 启动失败
[2026-03-14 05:20:28] 重试 2 失败：无法启动 FortiClient
[2026-03-14 05:20:38] 尝试 3/3...
[2026-03-14 05:20:38] 启动 FortiClient GUI...
[2026-03-14 05:20:41] ✅ FortiClient GUI 已启动
[2026-03-14 05:20:41] 触发 VPN 连接（Playwright 自动化）...
[2026-03-14 05:21:51] 重试 3 失败：自动登录失败
[2026-03-14 05:22:01] ❌ VPN 重连失败（已尝试 3 次）
[2026-03-14 05:22:01] ========== VPN 重连失败 ==========
[2026-03-14 05:23:01] ✅ VPN 已连接
[2026-03-14 05:24:01] ✅ VPN 已连接
[2026-03-14 05:25:01] ✅ VPN 已连接
[2026-03-14 05:26:01] ✅ VPN 已连接
[2026-03-14 05:27:02] ✅ VPN 已连接
[2026-03-14 05:28:02] ✅ VPN 已连接
[2026-03-14 05:29:02] ✅ VPN 已连接
[2026-03-14 05:30:02] ✅ VPN 已连接
[2026-03-14 05:31:02] ✅ VPN 已连接
[2026-03-14 05:32:02] ✅ VPN 已连接
[2026-03-14 05:33:02] ✅ VPN 已连接
[2026-03-14 05:34:02] ✅ VPN 已连接
[2026-03-14 05:35:02] ✅ VPN 已连接
[2026-03-14 05:36:02] ✅ VPN 已连接
[2026-03-14 05:37:02] ✅ VPN 已连接
[2026-03-14 05:38:02] ✅ VPN 已连接
[2026-03-14 05:39:02] ✅ VPN 已连接
[2026-03-14 05:40:02] ✅ VPN 已连接
[2026-03-14 05:41:02] ✅ VPN 已连接
[2026-03-14 05:42:02] ✅ VPN 已连接
[2026-03-14 05:43:02] ✅ VPN 已连接
[2026-03-14 05:44:02] ✅ VPN 已连接
[2026-03-14 05:45:03] ✅ VPN 已连接
[2026-03-14 05:46:03] ✅ VPN 已连接
[2026-03-14 05:47:03] ✅ VPN 已连接
[2026-03-14 05:48:03] ✅ VPN 已连接
[2026-03-14 05:49:03] ✅ VPN 已连接
[2026-03-14 05:50:03] ✅ VPN 已连接
[2026-03-14 05:51:03] ✅ VPN 已连接
[2026-03-14 05:52:03] ✅ VPN 已连接
[2026-03-14 05:53:03] ✅ VPN 已连接
[2026-03-14 05:54:03] ✅ VPN 已连接
[2026-03-14 05:55:03] ✅ VPN 已连接
[2026-03-14 05:56:03] ✅ VPN 已连接
[2026-03-14 05:57:03] ✅ VPN 已连接
[2026-03-14 05:58:03] ✅ VPN 已连接
[2026-03-14 05:59:03] ✅ VPN 已连接
[2026-03-14 06:00:03] ✅ VPN 已连接
[2026-03-14 06:01:03] ✅ VPN 已连接
[2026-03-14 06:02:03] ✅ VPN 已连接
[2026-03-14 06:03:04] ✅ VPN 已连接
[2026-03-14 06:04:04] ✅ VPN 已连接
[2026-03-14 06:05:04] ✅ VPN 已连接
[2026-03-14 06:06:04] ✅ VPN 已连接
[2026-03-14 06:07:04] ✅ VPN 已连接
[2026-03-14 06:08:04] ✅ VPN 已连接
[2026-03-14 06:09:04] ✅ VPN 已连接
[2026-03-14 06:10:04] ✅ VPN 已连接
[2026-03-14 06:11:04] ✅ VPN 已连接
[2026-03-14 06:12:04] ✅ VPN 已连接
[2026-03-14 06:13:04] ✅ VPN 已连接
[2026-03-14 06:14:04] ✅ VPN 已连接
[2026-03-14 06:15:04] ✅ VPN 已连接
[2026-03-14 06:16:04] ✅ VPN 已连接
[2026-03-14 06:17:04] ✅ VPN 已连接
[2026-03-14 06:18:04] ✅ VPN 已连接
[2026-03-14 06:19:04] ✅ VPN 已连接
[2026-03-14 06:20:04] ✅ VPN 已连接
[2026-03-14 06:21:04] ✅ VPN 已连接
[2026-03-14 06:22:05] ✅ VPN 已连接
[2026-03-14 06:23:05] ✅ VPN 已连接
[2026-03-14 06:24:05] ✅ VPN 已连接
[2026-03-14 06:25:05] ✅ VPN 已连接
[2026-03-14 06:26:05] ✅ VPN 已连接
[2026-03-14 06:27:05] ✅ VPN 已连接
[2026-03-14 06:28:05] ✅ VPN 已连接
[2026-03-14 06:29:05] ✅ VPN 已连接
[2026-03-14 06:30:05] ✅ VPN 已连接
[2026-03-14 06:31:05] ✅ VPN 已连接
[2026-03-14 06:32:05] ✅ VPN 已连接
[2026-03-14 06:33:05] ✅ VPN 已连接
[2026-03-14 06:34:05] ✅ VPN 已连接
[2026-03-14 06:35:05] ✅ VPN 已连接
[2026-03-14 06:36:05] ✅ VPN 已连接
[2026-03-14 06:37:05] ✅ VPN 已连接
[2026-03-14 06:38:05] ✅ VPN 已连接
[2026-03-14 06:39:05] ✅ VPN 已连接
[2026-03-14 06:40:06] ✅ VPN 已连接
[2026-03-14 06:41:06] ✅ VPN 已连接
[2026-03-14 06:42:06] ✅ VPN 已连接
[2026-03-14 06:43:06] ✅ VPN 已连接
[2026-03-14 06:44:06] ✅ VPN 已连接
[2026-03-14 06:45:06] ✅ VPN 已连接
[2026-03-14 06:46:06] ✅ VPN 已连接
[2026-03-14 06:47:06] ✅ VPN 已连接
[2026-03-14 06:48:06] ✅ VPN 已连接
[2026-03-14 06:49:06] ✅ VPN 已连接
[2026-03-14 06:50:06] ✅ VPN 已连接
[2026-03-14 06:51:06] ✅ VPN 已连接
[2026-03-14 06:52:06] ✅ VPN 已连接
[2026-03-14 06:53:06] ✅ VPN 已连接
[2026-03-14 06:54:06] ✅ VPN 已连接
[2026-03-14 06:55:06] ✅ VPN 已连接
[2026-03-14 06:56:06] ✅ VPN 已连接
[2026-03-14 06:57:06] ✅ VPN 已连接
[2026-03-14 06:58:06] ✅ VPN 已连接
[2026-03-14 06:59:07] ✅ VPN 已连接
[2026-03-14 07:00:07] ✅ VPN 已连接
[2026-03-14 07:01:07] ✅ VPN 已连接
[2026-03-14 07:02:07] ✅ VPN 已连接
[2026-03-14 07:03:07] ✅ VPN 已连接
[2026-03-14 07:04:07] ✅ VPN 已连接
[2026-03-14 07:05:07] ✅ VPN 已连接
[2026-03-14 07:06:07] ✅ VPN 已连接
[2026-03-14 07:07:07] ✅ VPN 已连接
[2026-03-14 07:08:07] ✅ VPN 已连接
[2026-03-14 07:09:07] ✅ VPN 已连接
[2026-03-14 07:10:07] ✅ VPN 已连接
[2026-03-14 07:11:07] ✅ VPN 已连接
[2026-03-14 07:12:07] ✅ VPN 已连接
[2026-03-14 07:13:07] ✅ VPN 已连接
[2026-03-14 07:14:07] ✅ VPN 已连接
[2026-03-14 07:15:07] ✅ VPN 已连接
[2026-03-14 07:16:07] ✅ VPN 已连接
[2026-03-14 07:17:08] ✅ VPN 已连接
[2026-03-14 07:18:08] ✅ VPN 已连接
[2026-03-14 07:19:08] ✅ VPN 已连接
[2026-03-14 07:20:08] ✅ VPN 已连接
[2026-03-14 07:21:08] ✅ VPN 已连接
[2026-03-14 07:22:08] ✅ VPN 已连接
[2026-03-14 07:23:08] ✅ VPN 已连接
[2026-03-14 07:24:08] ✅ VPN 已连接
[2026-03-14 07:25:08] ✅ VPN 已连接
[2026-03-14 07:26:08] ✅ VPN 已连接
[2026-03-14 07:27:08] ✅ VPN 已连接
[2026-03-14 07:28:08] ✅ VPN 已连接
[2026-03-14 07:29:08] ✅ VPN 已连接
[2026-03-14 07:30:08] ✅ VPN 已连接
[2026-03-14 07:31:08] ✅ VPN 已连接
[2026-03-14 07:32:08] ✅ VPN 已连接
[2026-03-14 07:33:09] ✅ VPN 已连接
[2026-03-14 07:34:09] ✅ VPN 已连接
[2026-03-14 07:35:09] ✅ VPN 已连接
[2026-03-14 07:36:09] ✅ VPN 已连接
[2026-03-14 07:37:09] ✅ VPN 已连接
[2026-03-14 07:38:09] ✅ VPN 已连接
[2026-03-14 07:39:09] ✅ VPN 已连接
[2026-03-14 07:40:09] ✅ VPN 已连接
[2026-03-14 07:41:09] ✅ VPN 已连接
[2026-03-14 07:42:09] ✅ VPN 已连接
[2026-03-14 07:43:09] ✅ VPN 已连接
[2026-03-14 07:44:09] ✅ VPN 已连接
[2026-03-14 07:45:09] ✅ VPN 已连接
[2026-03-14 07:46:09] ✅ VPN 已连接
[2026-03-14 07:47:09] ✅ VPN 已连接
[2026-03-14 07:48:09] ✅ VPN 已连接
[2026-03-14 07:49:10] ✅ VPN 已连接
[2026-03-14 07:50:10] ✅ VPN 已连接
[2026-03-14 07:51:10] ✅ VPN 已连接
[2026-03-14 07:52:10] ✅ VPN 已连接
[2026-03-14 07:53:10] ✅ VPN 已连接
[2026-03-14 07:54:10] ✅ VPN 已连接
[2026-03-14 07:55:10] ✅ VPN 已连接
[2026-03-14 07:56:10] ✅ VPN 已连接
[2026-03-14 07:57:10] ✅ VPN 已连接
[2026-03-14 07:58:10] ✅ VPN 已连接
[2026-03-14 07:59:10] ✅ VPN 已连接
[2026-03-14 08:00:10] ✅ VPN 已连接
[2026-03-14 08:01:10] ✅ VPN 已连接
[2026-03-14 08:02:10] ✅ VPN 已连接
[2026-03-14 08:03:10] ✅ VPN 已连接
[2026-03-14 08:04:10] ✅ VPN 已连接
[2026-03-14 08:05:10] ✅ VPN 已连接
[2026-03-14 08:06:10] ✅ VPN 已连接
[2026-03-14 08:07:11] ✅ VPN 已连接
[2026-03-14 08:08:11] ✅ VPN 已连接
[2026-03-14 08:09:11] ✅ VPN 已连接
[2026-03-14 08:10:11] ✅ VPN 已连接
[2026-03-14 08:11:11] ✅ VPN 已连接
[2026-03-14 08:12:11] ✅ VPN 已连接
[2026-03-14 08:13:11] ✅ VPN 已连接
[2026-03-14 08:14:11] ✅ VPN 已连接
[2026-03-14 08:15:11] ✅ VPN 已连接
[2026-03-14 08:16:11] ✅ VPN 已连接
[2026-03-14 08:17:11] ✅ VPN 已连接
[2026-03-14 08:18:11] ✅ VPN 已连接
[2026-03-14 08:19:11] ✅ VPN 已连接
[2026-03-14 08:20:11] ✅ VPN 已连接
[2026-03-14 08:21:11] ✅ VPN 已连接
[2026-03-14 08:22:11] ✅ VPN 已连接
[2026-03-14 08:23:11] ✅ VPN 已连接
[2026-03-14 08:24:11] ✅ VPN 已连接
[2026-03-14 08:25:12] ✅ VPN 已连接
[2026-03-14 08:26:12] ✅ VPN 已连接
[2026-03-14 08:27:12] ✅ VPN 已连接
[2026-03-14 08:28:12] ✅ VPN 已连接
[2026-03-14 08:29:12] ✅ VPN 已连接
[2026-03-14 08:30:12] ✅ VPN 已连接
[2026-03-14 08:31:12] ✅ VPN 已连接
[2026-03-14 08:32:12] ✅ VPN 已连接
[2026-03-14 08:33:12] ✅ VPN 已连接
[2026-03-14 08:34:12] ✅ VPN 已连接
[2026-03-14 08:35:12] ✅ VPN 已连接
[2026-03-14 08:36:12] ✅ VPN 已连接
[2026-03-14 08:37:12] ✅ VPN 已连接
[2026-03-14 08:38:12] ✅ VPN 已连接
[2026-03-14 08:39:12] ✅ VPN 已连接
[2026-03-14 08:40:12] ✅ VPN 已连接
[2026-03-14 08:41:12] ✅ VPN 已连接
[2026-03-14 08:42:12] ✅ VPN 已连接
[2026-03-14 08:43:12] ✅ VPN 已连接
[2026-03-14 08:44:13] ✅ VPN 已连接
[2026-03-14 08:45:13] ✅ VPN 已连接
[2026-03-14 08:46:13] ✅ VPN 已连接
[2026-03-14 08:47:13] ✅ VPN 已连接
[2026-03-14 08:48:13] ✅ VPN 已连接
[2026-03-14 08:49:13] ✅ VPN 已连接
[2026-03-14 08:50:13] ✅ VPN 已连接
[2026-03-14 08:51:13] ✅ VPN 已连接
[2026-03-14 08:52:13] ✅ VPN 已连接
[2026-03-14 08:53:13] ✅ VPN 已连接
[2026-03-14 08:54:13] ✅ VPN 已连接
[2026-03-14 08:55:13] ✅ VPN 已连接
[2026-03-14 08:56:13] ✅ VPN 已连接
[2026-03-14 08:57:13] ✅ VPN 已连接
[2026-03-14 08:58:13] ✅ VPN 已连接
[2026-03-14 08:59:13] ✅ VPN 已连接
[2026-03-14 09:00:13] ✅ VPN 已连接
[2026-03-14 09:01:13] ✅ VPN 已连接
[2026-03-14 09:02:13] ✅ VPN 已连接
[2026-03-14 09:03:14] ✅ VPN 已连接
[2026-03-14 09:04:14] ✅ VPN 已连接
[2026-03-14 09:05:14] ✅ VPN 已连接
[2026-03-14 09:06:14] ✅ VPN 已连接
[2026-03-14 09:07:14] ✅ VPN 已连接
[2026-03-14 09:08:14] ✅ VPN 已连接
[2026-03-14 09:09:14] ✅ VPN 已连接
[2026-03-14 09:10:14] ✅ VPN 已连接
[2026-03-14 09:11:14] ✅ VPN 已连接
[2026-03-14 09:12:14] ✅ VPN 已连接
[2026-03-14 09:13:14] ✅ VPN 已连接
[2026-03-14 09:14:14] ✅ VPN 已连接
[2026-03-14 09:15:14] ✅ VPN 已连接
[2026-03-14 09:16:14] ✅ VPN 已连接
[2026-03-14 09:17:14] ✅ VPN 已连接
[2026-03-14 09:18:14] ✅ VPN 已连接
[2026-03-14 09:19:14] ✅ VPN 已连接
[2026-03-14 09:20:15] ✅ VPN 已连接
[2026-03-14 09:21:15] ✅ VPN 已连接
[2026-03-14 09:22:15] ✅ VPN 已连接
[2026-03-14 09:23:15] ✅ VPN 已连接
[2026-03-14 09:24:15] ✅ VPN 已连接
[2026-03-14 09:25:15] ✅ VPN 已连接
[2026-03-14 09:26:15] ✅ VPN 已连接
[2026-03-14 09:27:15] ✅ VPN 已连接
[2026-03-14 09:28:15] ✅ VPN 已连接
[2026-03-14 09:29:15] ✅ VPN 已连接
[2026-03-14 09:30:15] ✅ VPN 已连接
[2026-03-14 09:31:15] ✅ VPN 已连接
[2026-03-14 09:32:15] ✅ VPN 已连接
[2026-03-14 09:33:15] ✅ VPN 已连接
[2026-03-14 09:34:15] ✅ VPN 已连接
[2026-03-14 09:35:15] ✅ VPN 已连接
[2026-03-14 09:36:15] ✅ VPN 已连接
[2026-03-14 09:37:16] ✅ VPN 已连接
[2026-03-14 09:38:16] ✅ VPN 已连接
[2026-03-14 09:39:16] ✅ VPN 已连接
[2026-03-14 09:40:16] ✅ VPN 已连接
[2026-03-14 09:41:16] ✅ VPN 已连接
[2026-03-14 09:42:16] ✅ VPN 已连接
[2026-03-14 09:43:16] ✅ VPN 已连接
[2026-03-14 09:44:16] ✅ VPN 已连接
[2026-03-14 09:45:16] ✅ VPN 已连接
[2026-03-14 09:46:16] ✅ VPN 已连接
[2026-03-14 09:47:16] ✅ VPN 已连接
[2026-03-14 09:48:16] ✅ VPN 已连接
[2026-03-14 09:49:16] ✅ VPN 已连接
[2026-03-14 09:50:16] ✅ VPN 已连接
[2026-03-14 09:51:16] ✅ VPN 已连接
[2026-03-14 09:52:16] ✅ VPN 已连接
[2026-03-14 09:53:16] ✅ VPN 已连接
[2026-03-14 09:54:16] ✅ VPN 已连接
[2026-03-14 09:55:17] ✅ VPN 已连接
[2026-03-14 09:56:17] ✅ VPN 已连接
[2026-03-14 09:57:17] ✅ VPN 已连接
[2026-03-14 09:58:17] ✅ VPN 已连接
[2026-03-14 09:59:17] ✅ VPN 已连接
[2026-03-14 10:00:17] ✅ VPN 已连接
[2026-03-14 10:01:17] ✅ VPN 已连接
[2026-03-14 10:02:17] ✅ VPN 已连接
[2026-03-14 10:03:17] ✅ VPN 已连接
[2026-03-14 10:04:17] ✅ VPN 已连接
[2026-03-14 10:05:17] ✅ VPN 已连接
[2026-03-14 10:06:17] ✅ VPN 已连接
[2026-03-14 10:07:17] ✅ VPN 已连接
[2026-03-14 10:08:17] ✅ VPN 已连接
[2026-03-14 10:09:17] ✅ VPN 已连接
[2026-03-14 10:10:17] ✅ VPN 已连接
[2026-03-14 10:11:17] ✅ VPN 已连接
[2026-03-14 10:12:17] ✅ VPN 已连接
[2026-03-14 10:13:18] ✅ VPN 已连接
[2026-03-14 10:14:18] ✅ VPN 已连接
[2026-03-14 10:15:18] ✅ VPN 已连接
[2026-03-14 10:16:18] ✅ VPN 已连接
[2026-03-14 10:17:18] ✅ VPN 已连接
[2026-03-14 10:18:18] ✅ VPN 已连接
[2026-03-14 10:19:18] ✅ VPN 已连接
[2026-03-14 10:20:18] ✅ VPN 已连接
[2026-03-14 10:21:18] ✅ VPN 已连接
[2026-03-14 10:22:18] ✅ VPN 已连接
[2026-03-14 10:23:18] ✅ VPN 已连接
[2026-03-14 10:24:18] ✅ VPN 已连接
[2026-03-14 10:25:18] ✅ VPN 已连接
[2026-03-14 10:26:18] ✅ VPN 已连接
[2026-03-14 10:27:18] ✅ VPN 已连接
[2026-03-14 10:28:18] ✅ VPN 已连接
[2026-03-14 10:29:18] ✅ VPN 已连接
[2026-03-14 10:30:18] ✅ VPN 已连接
[2026-03-14 10:31:18] ✅ VPN 已连接
[2026-03-14 10:32:19] ✅ VPN 已连接
[2026-03-14 10:33:19] ✅ VPN 已连接
[2026-03-14 10:34:19] ✅ VPN 已连接
[2026-03-14 10:35:19] ✅ VPN 已连接
[2026-03-14 10:36:19] ✅ VPN 已连接
[2026-03-14 10:37:19] ✅ VPN 已连接
[2026-03-14 10:38:19] ✅ VPN 已连接
[2026-03-14 10:39:19] ✅ VPN 已连接
[2026-03-14 10:40:19] ✅ VPN 已连接
[2026-03-14 10:41:19] ✅ VPN 已连接
[2026-03-14 10:42:19] ✅ VPN 已连接
[2026-03-14 10:43:19] ✅ VPN 已连接
[2026-03-14 10:44:19] ✅ VPN 已连接
[2026-03-14 10:45:19] ✅ VPN 已连接
[2026-03-14 10:46:19] ✅ VPN 已连接
[2026-03-14 10:47:19] ✅ VPN 已连接
[2026-03-14 10:48:19] ✅ VPN 已连接
[2026-03-14 10:49:19] ✅ VPN 已连接
[2026-03-14 10:50:20] ✅ VPN 已连接
[2026-03-14 10:51:20] ✅ VPN 已连接
[2026-03-14 10:52:20] ✅ VPN 已连接
[2026-03-14 10:53:20] ✅ VPN 已连接
[2026-03-14 10:54:20] ✅ VPN 已连接
[2026-03-14 10:55:20] ✅ VPN 已连接
[2026-03-14 10:56:20] ✅ VPN 已连接
[2026-03-14 10:57:20] ✅ VPN 已连接
[2026-03-14 10:58:20] ✅ VPN 已连接
[2026-03-14 10:59:20] ✅ VPN 已连接
[2026-03-14 11:00:20] ✅ VPN 已连接
[2026-03-14 11:01:20] ✅ VPN 已连接
[2026-03-14 11:02:20] ✅ VPN 已连接
[2026-03-14 11:03:20] ✅ VPN 已连接
[2026-03-14 11:04:20] ✅ VPN 已连接
[2026-03-14 11:05:20] ✅ VPN 已连接
[2026-03-14 11:06:20] ✅ VPN 已连接
[2026-03-14 11:07:21] ✅ VPN 已连接
[2026-03-14 11:08:21] ✅ VPN 已连接
[2026-03-14 11:09:21] ✅ VPN 已连接
[2026-03-14 11:10:21] ✅ VPN 已连接
[2026-03-14 11:11:21] ✅ VPN 已连接
[2026-03-14 11:12:21] ✅ VPN 已连接
[2026-03-14 11:13:21] ✅ VPN 已连接
[2026-03-14 11:14:21] ✅ VPN 已连接
[2026-03-14 11:15:21] ✅ VPN 已连接
[2026-03-14 11:16:21] ✅ VPN 已连接
[2026-03-14 11:17:21] ✅ VPN 已连接
[2026-03-14 11:18:21] ✅ VPN 已连接
[2026-03-14 11:19:21] ✅ VPN 已连接
[2026-03-14 11:20:21] ✅ VPN 已连接
[2026-03-14 11:21:21] ✅ VPN 已连接
[2026-03-14 11:22:21] ✅ VPN 已连接
[2026-03-14 11:23:21] ✅ VPN 已连接
[2026-03-14 11:24:21] ✅ VPN 已连接
[2026-03-14 11:25:22] ✅ VPN 已连接
[2026-03-14 11:26:22] ✅ VPN 已连接
[2026-03-14 11:27:22] ✅ VPN 已连接
[2026-03-14 11:28:22] ✅ VPN 已连接
[2026-03-14 11:29:22] ✅ VPN 已连接
[2026-03-14 11:30:22] ✅ VPN 已连接
[2026-03-14 11:31:22] ✅ VPN 已连接
[2026-03-14 11:32:22] ✅ VPN 已连接
[2026-03-14 11:33:22] ✅ VPN 已连接
[2026-03-14 11:34:22] ✅ VPN 已连接
[2026-03-14 11:35:22] ✅ VPN 已连接
[2026-03-14 11:36:22] ✅ VPN 已连接
[2026-03-14 11:37:22] ✅ VPN 已连接
[2026-03-14 11:38:22] ✅ VPN 已连接
[2026-03-14 11:39:22] ✅ VPN 已连接
[2026-03-14 11:40:22] ✅ VPN 已连接
[2026-03-14 11:41:22] ✅ VPN 已连接
[2026-03-14 11:42:22] ✅ VPN 已连接
[2026-03-14 11:43:23] ✅ VPN 已连接
[2026-03-14 11:44:23] ✅ VPN 已连接
[2026-03-14 11:45:23] ✅ VPN 已连接
[2026-03-14 11:46:23] ✅ VPN 已连接
[2026-03-14 11:47:23] ✅ VPN 已连接
[2026-03-14 11:48:23] ✅ VPN 已连接
[2026-03-14 11:49:23] ✅ VPN 已连接
[2026-03-14 11:50:23] ✅ VPN 已连接
[2026-03-14 11:51:23] ✅ VPN 已连接
[2026-03-14 11:52:23] ✅ VPN 已连接
[2026-03-14 11:53:23] ✅ VPN 已连接
[2026-03-14 11:54:23] ✅ VPN 已连接
[2026-03-14 11:55:23] ✅ VPN 已连接
[2026-03-14 11:56:23] ✅ VPN 已连接
[2026-03-14 11:57:23] ✅ VPN 已连接
[2026-03-14 11:58:23] ✅ VPN 已连接
[2026-03-14 11:59:23] ✅ VPN 已连接
[2026-03-14 12:00:24] ✅ VPN 已连接
[2026-03-14 12:01:24] ✅ VPN 已连接
[2026-03-14 12:02:24] ✅ VPN 已连接
[2026-03-14 12:03:24] ✅ VPN 已连接
[2026-03-14 12:04:24] ✅ VPN 已连接
[2026-03-14 12:05:24] ✅ VPN 已连接
[2026-03-14 12:06:24] ✅ VPN 已连接
[2026-03-14 12:07:24] ✅ VPN 已连接
[2026-03-14 12:08:24] ✅ VPN 已连接
[2026-03-14 12:09:24] ✅ VPN 已连接
[2026-03-14 12:10:24] ✅ VPN 已连接
[2026-03-14 12:11:24] ✅ VPN 已连接
[2026-03-14 12:12:24] ✅ VPN 已连接
[2026-03-14 12:13:24] ✅ VPN 已连接
[2026-03-14 12:14:24] ✅ VPN 已连接
[2026-03-14 12:15:24] ✅ VPN 已连接
[2026-03-14 12:16:24] ✅ VPN 已连接
[2026-03-14 12:17:24] ✅ VPN 已连接
[2026-03-14 12:18:25] ✅ VPN 已连接
[2026-03-14 12:19:25] ✅ VPN 已连接
[2026-03-14 12:20:25] ✅ VPN 已连接
[2026-03-14 12:21:25] ✅ VPN 已连接
[2026-03-14 12:22:25] ✅ VPN 已连接
[2026-03-14 12:23:25] ✅ VPN 已连接
[2026-03-14 12:24:25] ✅ VPN 已连接
[2026-03-14 12:25:25] ✅ VPN 已连接
[2026-03-14 12:26:25] ✅ VPN 已连接
[2026-03-14 12:27:25] ✅ VPN 已连接
[2026-03-14 12:28:25] ✅ VPN 已连接
[2026-03-14 12:29:25] ✅ VPN 已连接
[2026-03-14 12:30:25] ✅ VPN 已连接
[2026-03-14 12:31:25] ✅ VPN 已连接
[2026-03-14 12:32:25] ✅ VPN 已连接
[2026-03-14 12:33:25] ✅ VPN 已连接
[2026-03-14 12:34:25] ✅ VPN 已连接
[2026-03-14 12:35:26] ✅ VPN 已连接
[2026-03-14 12:36:26] ✅ VPN 已连接
[2026-03-14 12:37:26] ✅ VPN 已连接
[2026-03-14 12:38:26] ✅ VPN 已连接
[2026-03-14 12:39:26] ✅ VPN 已连接
[2026-03-14 12:40:26] ✅ VPN 已连接
[2026-03-14 12:41:26] ✅ VPN 已连接
[2026-03-14 12:42:26] ✅ VPN 已连接
[2026-03-14 12:43:26] ✅ VPN 已连接
[2026-03-14 12:44:26] ✅ VPN 已连接
[2026-03-14 12:45:26] ✅ VPN 已连接
[2026-03-14 12:46:26] ✅ VPN 已连接
[2026-03-14 12:47:26] ✅ VPN 已连接
[2026-03-14 12:48:26] ✅ VPN 已连接
[2026-03-14 12:49:26] ✅ VPN 已连接
[2026-03-14 12:50:26] ✅ VPN 已连接
[2026-03-14 12:51:26] ✅ VPN 已连接
[2026-03-14 12:52:27] ✅ VPN 已连接
[2026-03-14 12:53:27] ✅ VPN 已连接
[2026-03-14 12:54:27] ✅ VPN 已连接
[2026-03-14 12:55:27] ✅ VPN 已连接
[2026-03-14 12:56:27] ✅ VPN 已连接
[2026-03-14 12:57:27] ✅ VPN 已连接
[2026-03-14 12:58:27] ✅ VPN 已连接
[2026-03-14 12:59:27] ✅ VPN 已连接
[2026-03-14 13:00:27] ✅ VPN 已连接
[2026-03-14 13:01:27] ✅ VPN 已连接
[2026-03-14 13:02:27] ✅ VPN 已连接
[2026-03-14 13:03:27] ✅ VPN 已连接
[2026-03-14 13:04:27] ✅ VPN 已连接
[2026-03-14 13:05:27] ✅ VPN 已连接
[2026-03-14 13:06:27] ✅ VPN 已连接
[2026-03-14 13:07:27] ✅ VPN 已连接
[2026-03-14 13:08:27] ✅ VPN 已连接
[2026-03-14 13:09:27] ✅ VPN 已连接
[2026-03-14 13:10:28] ✅ VPN 已连接
[2026-03-14 13:11:28] ✅ VPN 已连接
[2026-03-14 13:12:28] ✅ VPN 已连接
[2026-03-14 13:13:28] ✅ VPN 已连接
[2026-03-14 13:14:28] ✅ VPN 已连接
[2026-03-14 13:15:28] ✅ VPN 已连接
[2026-03-14 13:16:28] ✅ VPN 已连接
[2026-03-14 13:17:28] ✅ VPN 已连接
[2026-03-14 13:18:28] ✅ VPN 已连接
[2026-03-14 13:19:28] ✅ VPN 已连接
[2026-03-14 13:20:28] ✅ VPN 已连接
[2026-03-14 13:21:28] ✅ VPN 已连接
[2026-03-14 13:22:28] ✅ VPN 已连接
[2026-03-14 13:23:28] ❌ VPN 未连接，触发重连...
[2026-03-14 13:23:28] ========== VPN 重连开始 ==========
[2026-03-14 13:23:28] 尝试 1/3...
[2026-03-14 13:23:28] 启动 FortiClient GUI...
[2026-03-14 13:23:28] FortiClient 已在运行，先关闭...
[2026-03-14 13:23:33] ❌ FortiClient GUI 启动失败
[2026-03-14 13:23:33] 重试 1 失败：无法启动 FortiClient
[2026-03-14 13:23:43] 尝试 2/3...
[2026-03-14 13:23:43] 启动 FortiClient GUI...
[2026-03-14 13:23:46] ❌ FortiClient GUI 启动失败
[2026-03-14 13:23:46] 重试 2 失败：无法启动 FortiClient
[2026-03-14 13:23:56] 尝试 3/3...
[2026-03-14 13:23:56] 启动 FortiClient GUI...
[2026-03-14 13:23:59] ❌ FortiClient GUI 启动失败
[2026-03-14 13:23:59] 重试 3 失败：无法启动 FortiClient
[2026-03-14 13:24:09] ❌ VPN 重连失败（已尝试 3 次）
[2026-03-14 13:24:09] ========== VPN 重连失败 ==========
[2026-03-14 13:25:09] ❌ VPN 未连接，触发重连...
[2026-03-14 13:25:09] ========== VPN 重连开始 ==========
[2026-03-14 13:25:09] 尝试 1/3...
[2026-03-14 13:25:09] 启动 FortiClient GUI...
[2026-03-14 13:25:09] FortiClient 已在运行，先关闭...
[2026-03-14 13:25:14] ❌ FortiClient GUI 启动失败
[2026-03-14 13:25:14] 重试 1 失败：无法启动 FortiClient
[2026-03-14 13:25:24] 尝试 2/3...
[2026-03-14 13:25:25] 启动 FortiClient GUI...
[2026-03-14 13:25:28] ❌ FortiClient GUI 启动失败
[2026-03-14 13:25:28] 重试 2 失败：无法启动 FortiClient
[2026-03-14 13:25:38] 尝试 3/3...
[2026-03-14 13:25:38] 启动 FortiClient GUI...
[2026-03-14 13:25:41] ❌ FortiClient GUI 启动失败
[2026-03-14 13:25:41] 重试 3 失败：无法启动 FortiClient
[2026-03-14 13:25:51] ❌ VPN 重连失败（已尝试 3 次）
[2026-03-14 13:25:51] ========== VPN 重连失败 ==========
[2026-03-14 13:26:51] ❌ VPN 未连接，触发重连...
[2026-03-14 13:26:51] ========== VPN 重连开始 ==========
[2026-03-14 13:26:51] 尝试 1/3...
[2026-03-14 13:26:51] 启动 FortiClient GUI...
[2026-03-14 13:26:54] ❌ FortiClient GUI 启动失败
[2026-03-14 13:26:54] 重试 1 失败：无法启动 FortiClient
[2026-03-14 13:27:04] 尝试 2/3...
[2026-03-14 13:27:04] 启动 FortiClient GUI...
[2026-03-14 13:27:07] ❌ FortiClient GUI 启动失败
[2026-03-14 13:27:07] 重试 2 失败：无法启动 FortiClient
[2026-03-14 13:27:17] 尝试 3/3...
[2026-03-14 13:27:17] 启动 FortiClient GUI...
[2026-03-14 13:27:20] ❌ FortiClient GUI 启动失败
[2026-03-14 13:27:20] 重试 3 失败：无法启动 FortiClient
[2026-03-14 13:27:30] ❌ VPN 重连失败（已尝试 3 次）
[2026-03-14 13:27:30] ========== VPN 重连失败 ==========
[2026-03-14 13:28:30] ✅ VPN 已连接
[2026-03-14 13:29:30] ✅ VPN 已连接
[2026-03-14 13:30:30] ✅ VPN 已连接
[2026-03-14 13:31:30] ✅ VPN 已连接
[2026-03-14 13:32:30] ✅ VPN 已连接
[2026-03-14 13:33:30] ✅ VPN 已连接
[2026-03-14 13:34:30] ✅ VPN 已连接
[2026-03-14 13:35:30] ✅ VPN 已连接
[2026-03-14 13:36:30] ✅ VPN 已连接
[2026-03-14 13:37:30] ✅ VPN 已连接
[2026-03-14 13:38:30] ✅ VPN 已连接
[2026-03-14 13:39:30] ✅ VPN 已连接
[2026-03-14 13:40:31] ✅ VPN 已连接
[2026-03-14 13:41:31] ✅ VPN 已连接
[2026-03-14 13:42:31] ✅ VPN 已连接
[2026-03-14 13:43:31] ✅ VPN 已连接
[2026-03-14 13:44:31] ✅ VPN 已连接
[2026-03-14 13:45:31] ✅ VPN 已连接
[2026-03-14 13:46:31] ✅ VPN 已连接
[2026-03-14 13:47:31] ✅ VPN 已连接
[2026-03-14 13:48:31] ✅ VPN 已连接
[2026-03-14 13:49:31] ✅ VPN 已连接
[2026-03-14 13:50:31] ✅ VPN 已连接
[2026-03-14 13:51:31] ✅ VPN 已连接
[2026-03-14 13:52:31] ✅ VPN 已连接
[2026-03-14 13:53:31] ✅ VPN 已连接
[2026-03-14 13:54:31] ✅ VPN 已连接
[2026-03-14 13:55:31] ✅ VPN 已连接
[2026-03-14 13:56:31] ✅ VPN 已连接
[2026-03-14 13:57:31] ✅ VPN 已连接
[2026-03-14 13:58:32] ✅ VPN 已连接
[2026-03-14 13:59:32] ✅ VPN 已连接
[2026-03-14 14:00:32] ✅ VPN 已连接
[2026-03-14 14:01:32] ✅ VPN 已连接
[2026-03-14 14:02:32] ✅ VPN 已连接
[2026-03-14 14:03:32] ✅ VPN 已连接
[2026-03-14 14:04:32] ✅ VPN 已连接
[2026-03-14 14:05:32] ✅ VPN 已连接
[2026-03-14 14:06:32] ✅ VPN 已连接
[2026-03-14 14:07:32] ✅ VPN 已连接
[2026-03-14 14:08:32] ✅ VPN 已连接
[2026-03-14 14:09:32] ✅ VPN 已连接
[2026-03-14 14:10:32] ✅ VPN 已连接
[2026-03-14 14:11:32] ✅ VPN 已连接
[2026-03-14 14:12:32] ✅ VPN 已连接
[2026-03-14 14:13:32] ✅ VPN 已连接
[2026-03-14 14:14:32] ✅ VPN 已连接
[2026-03-14 14:15:33] ✅ VPN 已连接
[2026-03-14 14:16:33] ✅ VPN 已连接
[2026-03-14 14:17:33] ✅ VPN 已连接
[2026-03-14 14:18:33] ✅ VPN 已连接
[2026-03-14 14:19:33] ✅ VPN 已连接
[2026-03-14 14:20:33] ✅ VPN 已连接
[2026-03-14 14:21:33] ✅ VPN 已连接
[2026-03-14 14:22:33] ✅ VPN 已连接
[2026-03-14 14:23:33] ✅ VPN 已连接
[2026-03-14 14:24:33] ✅ VPN 已连接
[2026-03-14 14:25:33] ✅ VPN 已连接
[2026-03-14 14:26:33] ✅ VPN 已连接
[2026-03-14 14:27:33] ✅ VPN 已连接
[2026-03-14 14:28:33] ✅ VPN 已连接
[2026-03-14 14:29:33] ✅ VPN 已连接
[2026-03-14 14:30:33] ✅ VPN 已连接
[2026-03-14 14:31:33] ✅ VPN 已连接
[2026-03-14 14:32:34] ✅ VPN 已连接
[2026-03-14 14:33:34] ✅ VPN 已连接
[2026-03-14 14:34:34] ✅ VPN 已连接
[2026-03-14 14:35:34] ✅ VPN 已连接
[2026-03-14 14:36:34] ✅ VPN 已连接
[2026-03-14 14:37:34] ✅ VPN 已连接
[2026-03-14 14:38:34] ✅ VPN 已连接
[2026-03-14 14:39:34] ✅ VPN 已连接
[2026-03-14 14:40:34] ✅ VPN 已连接
[2026-03-14 14:41:34] ✅ VPN 已连接
[2026-03-14 14:42:34] ✅ VPN 已连接
[2026-03-14 14:43:34] ✅ VPN 已连接
[2026-03-14 14:44:34] ✅ VPN 已连接
[2026-03-14 14:45:34] ✅ VPN 已连接
[2026-03-14 14:46:34] ✅ VPN 已连接
[2026-03-14 14:47:34] ✅ VPN 已连接
[2026-03-14 14:48:34] ✅ VPN 已连接
[2026-03-14 14:49:34] ✅ VPN 已连接
[2026-03-14 14:50:35] ✅ VPN 已连接
[2026-03-14 14:51:35] ✅ VPN 已连接
[2026-03-14 14:52:35] ✅ VPN 已连接
[2026-03-14 14:53:35] ✅ VPN 已连接
[2026-03-14 14:54:35] ✅ VPN 已连接
[2026-03-14 14:55:35] ✅ VPN 已连接
[2026-03-14 14:56:35] ✅ VPN 已连接
[2026-03-14 14:57:35] ✅ VPN 已连接
[2026-03-14 14:58:35] ✅ VPN 已连接
[2026-03-14 14:59:35] ✅ VPN 已连接
[2026-03-14 15:00:35] ✅ VPN 已连接
[2026-03-14 15:01:35] ✅ VPN 已连接
[2026-03-14 15:02:35] ✅ VPN 已连接
[2026-03-14 15:03:35] ✅ VPN 已连接
[2026-03-14 15:04:35] ✅ VPN 已连接
[2026-03-14 15:05:35] ✅ VPN 已连接
[2026-03-14 15:06:35] ✅ VPN 已连接
[2026-03-14 15:07:35] ✅ VPN 已连接
[2026-03-14 15:08:35] ✅ VPN 已连接
[2026-03-14 15:09:36] ✅ VPN 已连接
[2026-03-14 15:10:36] ✅ VPN 已连接
[2026-03-14 15:11:36] ✅ VPN 已连接
[2026-03-14 15:12:36] ✅ VPN 已连接
[2026-03-14 15:13:36] ✅ VPN 已连接
[2026-03-14 15:14:36] ✅ VPN 已连接
[2026-03-14 15:15:36] ✅ VPN 已连接
[2026-03-14 15:16:36] ✅ VPN 已连接
[2026-03-14 15:17:36] ✅ VPN 已连接
[2026-03-14 15:18:36] ✅ VPN 已连接
[2026-03-14 15:19:36] ✅ VPN 已连接
[2026-03-14 15:20:36] ✅ VPN 已连接
[2026-03-14 15:21:36] ✅ VPN 已连接
[2026-03-14 15:22:36] ✅ VPN 已连接
[2026-03-14 15:23:36] ✅ VPN 已连接
[2026-03-14 15:24:36] ✅ VPN 已连接
[2026-03-14 15:25:36] ✅ VPN 已连接
[2026-03-14 15:26:36] ✅ VPN 已连接
[2026-03-14 15:27:37] ✅ VPN 已连接
[2026-03-14 15:28:37] ✅ VPN 已连接
[2026-03-14 15:29:37] ✅ VPN 已连接
[2026-03-14 15:30:37] ✅ VPN 已连接
[2026-03-14 15:31:37] ✅ VPN 已连接
[2026-03-14 15:32:37] ✅ VPN 已连接
[2026-03-14 15:33:37] ✅ VPN 已连接
[2026-03-14 15:34:37] ✅ VPN 已连接
[2026-03-14 15:35:37] ✅ VPN 已连接
[2026-03-14 15:36:37] ✅ VPN 已连接
[2026-03-14 15:37:37] ✅ VPN 已连接
[2026-03-14 15:38:37] ✅ VPN 已连接
[2026-03-14 15:39:37] ✅ VPN 已连接
[2026-03-14 15:40:37] ✅ VPN 已连接
[2026-03-14 15:41:37] ✅ VPN 已连接
[2026-03-14 15:42:37] ✅ VPN 已连接
[2026-03-14 15:43:37] ✅ VPN 已连接
[2026-03-14 15:44:37] ✅ VPN 已连接
[2026-03-14 15:45:37] ✅ VPN 已连接
[2026-03-14 15:46:38] ✅ VPN 已连接
[2026-03-14 15:47:38] ✅ VPN 已连接
[2026-03-14 15:48:38] ✅ VPN 已连接
[2026-03-14 15:49:38] ✅ VPN 已连接
[2026-03-14 15:50:38] ✅ VPN 已连接
[2026-03-14 15:51:38] ✅ VPN 已连接
[2026-03-14 15:52:38] ✅ VPN 已连接
[2026-03-14 15:53:38] ✅ VPN 已连接
[2026-03-14 15:54:38] ✅ VPN 已连接
[2026-03-14 15:55:38] ✅ VPN 已连接
[2026-03-14 15:56:38] ✅ VPN 已连接
[2026-03-14 15:57:38] ✅ VPN 已连接
[2026-03-14 15:58:38] ✅ VPN 已连接
[2026-03-14 15:59:38] ✅ VPN 已连接
[2026-03-14 16:00:38] ✅ VPN 已连接
[2026-03-14 16:01:38] ✅ VPN 已连接
[2026-03-14 16:02:38] ✅ VPN 已连接
[2026-03-14 16:03:38] ✅ VPN 已连接
[2026-03-14 16:04:39] ✅ VPN 已连接
[2026-03-14 16:05:39] ✅ VPN 已连接
[2026-03-14 16:06:39] ✅ VPN 已连接
[2026-03-14 16:07:39] ✅ VPN 已连接
[2026-03-14 16:08:39] ✅ VPN 已连接
[2026-03-14 16:09:39] ✅ VPN 已连接
[2026-03-14 16:10:39] ✅ VPN 已连接
[2026-03-14 16:11:39] ✅ VPN 已连接
[2026-03-14 16:12:39] ✅ VPN 已连接
[2026-03-14 16:13:39] ✅ VPN 已连接
[2026-03-14 16:14:39] ✅ VPN 已连接
[2026-03-14 16:15:39] ✅ VPN 已连接
[2026-03-14 16:16:39] ✅ VPN 已连接
[2026-03-14 16:17:39] ✅ VPN 已连接
[2026-03-14 16:18:39] ✅ VPN 已连接
[2026-03-14 16:19:39] ✅ VPN 已连接
[2026-03-14 16:20:40] ✅ VPN 已连接
[2026-03-14 16:21:40] ✅ VPN 已连接
[2026-03-14 16:22:40] ✅ VPN 已连接
[2026-03-14 16:23:40] ✅ VPN 已连接
[2026-03-14 16:24:40] ✅ VPN 已连接
[2026-03-14 16:25:40] ✅ VPN 已连接
[2026-03-14 16:26:40] ✅ VPN 已连接
[2026-03-14 16:27:40] ✅ VPN 已连接
[2026-03-14 16:28:40] ✅ VPN 已连接
[2026-03-14 16:29:40] ✅ VPN 已连接
[2026-03-14 16:30:40] ✅ VPN 已连接
[2026-03-14 16:31:40] ✅ VPN 已连接
[2026-03-14 16:32:40] ✅ VPN 已连接
[2026-03-14 16:33:40] ✅ VPN 已连接
[2026-03-14 16:34:40] ✅ VPN 已连接
[2026-03-14 16:35:40] ✅ VPN 已连接
[2026-03-14 16:36:40] ✅ VPN 已连接
[2026-03-14 16:37:40] ✅ VPN 已连接
[2026-03-14 16:38:41] ✅ VPN 已连接
[2026-03-14 16:39:41] ✅ VPN 已连接
[2026-03-14 16:40:41] ✅ VPN 已连接
[2026-03-14 16:41:41] ✅ VPN 已连接
[2026-03-14 16:42:41] ✅ VPN 已连接
[2026-03-14 16:43:41] ✅ VPN 已连接
[2026-03-14 16:44:41] ✅ VPN 已连接
[2026-03-14 16:45:41] ✅ VPN 已连接
[2026-03-14 16:46:41] ✅ VPN 已连接
[2026-03-14 16:47:41] ✅ VPN 已连接
[2026-03-14 16:48:41] ✅ VPN 已连接
[2026-03-14 16:49:41] ✅ VPN 已连接
[2026-03-14 16:50:41] ✅ VPN 已连接
[2026-03-14 16:51:41] ✅ VPN 已连接
[2026-03-14 16:52:41] ✅ VPN 已连接
[2026-03-14 16:53:41] ✅ VPN 已连接
[2026-03-14 16:54:41] ✅ VPN 已连接
[2026-03-14 16:55:41] ✅ VPN 已连接
[2026-03-14 16:56:42] ✅ VPN 已连接
[2026-03-14 16:57:42] ✅ VPN 已连接
[2026-03-14 16:58:42] ✅ VPN 已连接
[2026-03-14 16:59:42] ✅ VPN 已连接
[2026-03-14 17:00:42] ✅ VPN 已连接
[2026-03-14 17:01:42] ✅ VPN 已连接
[2026-03-14 17:02:42] ✅ VPN 已连接
[2026-03-14 17:03:42] ✅ VPN 已连接
[2026-03-14 17:04:42] ✅ VPN 已连接
[2026-03-14 17:05:42] ✅ VPN 已连接
[2026-03-14 17:06:42] ✅ VPN 已连接
[2026-03-14 17:07:42] ✅ VPN 已连接
[2026-03-14 17:08:42] ✅ VPN 已连接
[2026-03-14 17:09:42] ✅ VPN 已连接
[2026-03-14 17:10:42] ✅ VPN 已连接
[2026-03-14 17:11:42] ✅ VPN 已连接
[2026-03-14 17:12:42] ✅ VPN 已连接
[2026-03-14 17:13:42] ✅ VPN 已连接
[2026-03-14 17:14:43] ✅ VPN 已连接
[2026-03-14 17:15:43] ✅ VPN 已连接
[2026-03-14 17:16:43] ✅ VPN 已连接
[2026-03-14 17:17:43] ✅ VPN 已连接
[2026-03-14 17:18:43] ✅ VPN 已连接
[2026-03-14 17:19:43] ✅ VPN 已连接
[2026-03-14 17:20:43] ✅ VPN 已连接
[2026-03-14 17:21:43] ✅ VPN 已连接
[2026-03-14 17:22:43] ✅ VPN 已连接
[2026-03-14 17:23:43] ✅ VPN 已连接
[2026-03-14 17:24:43] ✅ VPN 已连接
[2026-03-14 17:25:43] ✅ VPN 已连接
[2026-03-14 17:26:43] ✅ VPN 已连接
[2026-03-14 17:27:43] ✅ VPN 已连接
[2026-03-14 17:28:43] ✅ VPN 已连接
[2026-03-14 17:29:43] ✅ VPN 已连接
[2026-03-14 17:30:43] ✅ VPN 已连接
[2026-03-14 17:31:44] ✅ VPN 已连接
[2026-03-14 17:32:44] ✅ VPN 已连接
[2026-03-14 17:33:44] ✅ VPN 已连接
[2026-03-14 17:34:44] ✅ VPN 已连接
[2026-03-14 17:35:44] ✅ VPN 已连接
[2026-03-14 17:36:44] ✅ VPN 已连接
[2026-03-14 17:37:44] ✅ VPN 已连接
[2026-03-14 17:38:44] ✅ VPN 已连接
[2026-03-14 17:39:44] ✅ VPN 已连接
[2026-03-14 17:40:44] ✅ VPN 已连接
[2026-03-14 17:41:44] ✅ VPN 已连接
[2026-03-14 17:42:44] ✅ VPN 已连接
[2026-03-14 17:43:44] ✅ VPN 已连接
[2026-03-14 17:44:44] ✅ VPN 已连接
[2026-03-14 17:45:44] ✅ VPN 已连接
[2026-03-14 17:46:44] ✅ VPN 已连接
[2026-03-14 17:47:44] ✅ VPN 已连接
[2026-03-14 17:48:44] ✅ VPN 已连接
[2026-03-14 17:49:44] ✅ VPN 已连接
[2026-03-14 17:50:45] ✅ VPN 已连接
[2026-03-14 17:51:45] ✅ VPN 已连接
[2026-03-14 17:52:45] ✅ VPN 已连接
[2026-03-14 17:53:45] ✅ VPN 已连接
[2026-03-14 17:54:45] ✅ VPN 已连接
[2026-03-14 17:55:45] ✅ VPN 已连接
[2026-03-14 17:56:45] ✅ VPN 已连接
[2026-03-14 17:57:45] ✅ VPN 已连接
[2026-03-14 17:58:45] ✅ VPN 已连接
[2026-03-14 17:59:45] ✅ VPN 已连接
[2026-03-14 18:00:45] ✅ VPN 已连接
[2026-03-14 18:01:45] ✅ VPN 已连接
[2026-03-14 18:02:45] ✅ VPN 已连接
[2026-03-14 18:03:45] ✅ VPN 已连接
[2026-03-14 18:04:45] ✅ VPN 已连接
[2026-03-14 18:05:45] ✅ VPN 已连接
[2026-03-14 18:06:45] ✅ VPN 已连接
[2026-03-14 18:07:45] ✅ VPN 已连接
[2026-03-14 18:08:46] ✅ VPN 已连接
[2026-03-14 18:09:46] ✅ VPN 已连接
[2026-03-14 18:10:46] ✅ VPN 已连接
[2026-03-14 18:11:46] ✅ VPN 已连接
[2026-03-14 18:12:46] ✅ VPN 已连接
[2026-03-14 18:13:46] ✅ VPN 已连接
[2026-03-14 18:14:46] ✅ VPN 已连接
[2026-03-14 18:15:46] ✅ VPN 已连接
[2026-03-14 18:16:46] ✅ VPN 已连接
[2026-03-14 18:17:46] ✅ VPN 已连接
[2026-03-14 18:18:46] ✅ VPN 已连接
[2026-03-14 18:19:46] ✅ VPN 已连接
[2026-03-14 18:20:46] ✅ VPN 已连接
[2026-03-14 18:21:46] ✅ VPN 已连接
[2026-03-14 18:22:46] ✅ VPN 已连接
[2026-03-14 18:23:46] ✅ VPN 已连接
[2026-03-14 18:24:46] ✅ VPN 已连接
[2026-03-14 18:25:46] ✅ VPN 已连接
[2026-03-14 18:26:47] ✅ VPN 已连接
[2026-03-14 18:27:47] ✅ VPN 已连接
[2026-03-14 18:28:47] ✅ VPN 已连接
[2026-03-14 18:29:47] ✅ VPN 已连接
[2026-03-14 18:30:47] ✅ VPN 已连接
[2026-03-14 18:31:47] ✅ VPN 已连接
[2026-03-14 18:32:47] ✅ VPN 已连接
[2026-03-14 18:33:47] ✅ VPN 已连接
[2026-03-14 18:34:47] ✅ VPN 已连接
[2026-03-14 18:35:47] ✅ VPN 已连接
[2026-03-14 18:36:47] ✅ VPN 已连接
[2026-03-14 18:37:47] ✅ VPN 已连接
[2026-03-14 18:38:47] ✅ VPN 已连接
[2026-03-14 18:39:47] ✅ VPN 已连接
[2026-03-14 18:40:47] ✅ VPN 已连接
[2026-03-14 18:41:47] ✅ VPN 已连接
[2026-03-14 18:42:48] ✅ VPN 已连接
[2026-03-14 18:43:48] ✅ VPN 已连接
[2026-03-14 18:44:48] ✅ VPN 已连接
[2026-03-14 18:45:48] ✅ VPN 已连接
[2026-03-14 18:46:48] ✅ VPN 已连接
[2026-03-14 18:47:48] ✅ VPN 已连接
[2026-03-14 18:48:48] ✅ VPN 已连接
[2026-03-14 18:49:48] ✅ VPN 已连接
[2026-03-14 18:50:48] ✅ VPN 已连接
[2026-03-14 18:51:48] ✅ VPN 已连接
[2026-03-14 18:52:48] ✅ VPN 已连接
[2026-03-14 18:53:48] ✅ VPN 已连接
[2026-03-14 18:54:48] ✅ VPN 已连接
[2026-03-14 18:55:48] ✅ VPN 已连接
[2026-03-14 18:56:48] ✅ VPN 已连接
[2026-03-14 18:57:49] ✅ VPN 已连接
[2026-03-14 18:58:49] ✅ VPN 已连接
[2026-03-14 18:59:49] ✅ VPN 已连接
[2026-03-14 19:00:49] ✅ VPN 已连接
[2026-03-14 19:01:49] ✅ VPN 已连接
[2026-03-14 19:02:49] ✅ VPN 已连接
[2026-03-14 19:03:49] ✅ VPN 已连接
[2026-03-14 19:04:49] ✅ VPN 已连接
[2026-03-14 19:05:49] ✅ VPN 已连接
[2026-03-14 19:06:49] ✅ VPN 已连接
[2026-03-14 19:07:49] ✅ VPN 已连接
[2026-03-14 19:08:49] ✅ VPN 已连接
[2026-03-14 19:09:49] ✅ VPN 已连接
[2026-03-14 19:10:49] ✅ VPN 已连接
[2026-03-14 19:11:49] ✅ VPN 已连接
[2026-03-14 19:12:49] ✅ VPN 已连接
[2026-03-14 19:13:49] ✅ VPN 已连接
[2026-03-14 19:14:49] ✅ VPN 已连接
[2026-03-14 19:15:49] ✅ VPN 已连接
[2026-03-14 19:16:50] ✅ VPN 已连接
[2026-03-14 19:17:50] ✅ VPN 已连接
[2026-03-14 19:18:50] ✅ VPN 已连接
[2026-03-14 19:19:50] ✅ VPN 已连接
[2026-03-14 19:20:50] ✅ VPN 已连接
[2026-03-14 19:21:50] ✅ VPN 已连接
[2026-03-14 19:22:50] ✅ VPN 已连接
[2026-03-14 19:23:50] ✅ VPN 已连接
[2026-03-14 19:24:50] ✅ VPN 已连接
[2026-03-14 19:25:50] ✅ VPN 已连接
[2026-03-14 19:26:50] ✅ VPN 已连接
[2026-03-14 19:27:50] ✅ VPN 已连接
[2026-03-14 19:28:50] ✅ VPN 已连接
[2026-03-14 19:29:50] ✅ VPN 已连接
[2026-03-14 19:30:50] ✅ VPN 已连接
[2026-03-14 19:31:50] ✅ VPN 已连接
[2026-03-14 19:32:50] ✅ VPN 已连接
[2026-03-14 19:33:50] ✅ VPN 已连接
[2026-03-14 19:34:51] ✅ VPN 已连接
[2026-03-14 19:35:51] ✅ VPN 已连接
[2026-03-14 19:36:51] ✅ VPN 已连接
[2026-03-14 19:37:51] ✅ VPN 已连接
[2026-03-14 19:38:51] ✅ VPN 已连接
[2026-03-14 19:39:51] ✅ VPN 已连接
[2026-03-14 19:40:51] ✅ VPN 已连接
[2026-03-14 19:41:51] ✅ VPN 已连接
[2026-03-14 19:42:51] ✅ VPN 已连接
[2026-03-14 19:43:51] ✅ VPN 已连接
[2026-03-14 19:44:51] ✅ VPN 已连接
[2026-03-14 19:45:51] ✅ VPN 已连接
[2026-03-14 19:46:51] ✅ VPN 已连接
[2026-03-14 19:47:51] ✅ VPN 已连接
[2026-03-14 19:48:51] ✅ VPN 已连接
[2026-03-14 19:49:51] ✅ VPN 已连接
[2026-03-14 19:50:51] ✅ VPN 已连接
[2026-03-14 19:51:51] ✅ VPN 已连接
[2026-03-14 19:52:51] ✅ VPN 已连接
[2026-03-14 19:53:51] ✅ VPN 已连接
[2026-03-14 19:54:52] ✅ VPN 已连接
[2026-03-14 19:55:52] ✅ VPN 已连接
[2026-03-14 19:56:52] ✅ VPN 已连接
[2026-03-14 19:57:52] ✅ VPN 已连接
[2026-03-14 19:58:52] ✅ VPN 已连接
[2026-03-14 19:59:52] ✅ VPN 已连接
[2026-03-14 20:00:52] ✅ VPN 已连接
[2026-03-14 20:01:52] ✅ VPN 已连接
[2026-03-14 20:02:52] ✅ VPN 已连接
[2026-03-14 20:03:52] ✅ VPN 已连接
[2026-03-14 20:04:52] ✅ VPN 已连接
[2026-03-14 20:05:52] ✅ VPN 已连接
[2026-03-14 20:06:52] ✅ VPN 已连接
[2026-03-14 20:07:52] ✅ VPN 已连接
[2026-03-14 20:08:52] ✅ VPN 已连接
[2026-03-14 20:09:52] ✅ VPN 已连接
[2026-03-14 20:10:52] ✅ VPN 已连接
[2026-03-14 20:11:53] ✅ VPN 已连接
[2026-03-14 20:12:53] ✅ VPN 已连接
[2026-03-14 20:13:53] ✅ VPN 已连接
[2026-03-14 20:14:53] ✅ VPN 已连接
[2026-03-14 20:15:53] ✅ VPN 已连接
[2026-03-14 20:16:53] ✅ VPN 已连接
[2026-03-14 20:17:53] ✅ VPN 已连接
[2026-03-14 20:18:53] ✅ VPN 已连接
[2026-03-14 20:19:53] ✅ VPN 已连接
[2026-03-14 20:20:53] ✅ VPN 已连接
[2026-03-14 20:21:53] ✅ VPN 已连接
[2026-03-14 20:22:53] ✅ VPN 已连接
[2026-03-14 20:23:53] ✅ VPN 已连接
[2026-03-14 20:24:53] ✅ VPN 已连接
[2026-03-14 20:25:53] ✅ VPN 已连接
[2026-03-14 20:26:53] ✅ VPN 已连接
[2026-03-14 20:27:53] ✅ VPN 已连接
[2026-03-14 20:28:53] ✅ VPN 已连接
[2026-03-14 20:29:54] ✅ VPN 已连接
[2026-03-14 20:30:54] ✅ VPN 已连接
[2026-03-14 20:31:54] ✅ VPN 已连接
[2026-03-14 20:32:54] ✅ VPN 已连接
[2026-03-14 20:33:54] ✅ VPN 已连接
[2026-03-14 20:34:54] ✅ VPN 已连接
[2026-03-14 20:35:54] ✅ VPN 已连接
[2026-03-14 20:36:54] ✅ VPN 已连接
[2026-03-14 20:37:54] ✅ VPN 已连接
[2026-03-14 20:38:54] ✅ VPN 已连接
[2026-03-14 20:39:54] ✅ VPN 已连接
[2026-03-14 20:40:54] ✅ VPN 已连接
[2026-03-14 20:41:54] ✅ VPN 已连接
[2026-03-14 20:42:54] ✅ VPN 已连接
[2026-03-14 20:43:54] ✅ VPN 已连接
[2026-03-14 20:44:54] ✅ VPN 已连接
[2026-03-14 20:45:54] ✅ VPN 已连接
[2026-03-14 20:46:55] ✅ VPN 已连接
[2026-03-14 20:47:55] ✅ VPN 已连接
[2026-03-14 20:48:55] ✅ VPN 已连接
[2026-03-14 20:49:55] ✅ VPN 已连接
[2026-03-14 20:50:55] ✅ VPN 已连接
[2026-03-14 20:51:55] ✅ VPN 已连接
[2026-03-14 20:52:55] ✅ VPN 已连接
[2026-03-14 20:53:55] ✅ VPN 已连接
[2026-03-14 20:54:55] ✅ VPN 已连接
[2026-03-14 20:55:55] ✅ VPN 已连接
[2026-03-14 20:56:55] ✅ VPN 已连接
[2026-03-14 20:57:55] ✅ VPN 已连接
[2026-03-14 20:58:55] ✅ VPN 已连接
[2026-03-14 20:59:55] ✅ VPN 已连接
[2026-03-14 21:00:55] ✅ VPN 已连接
[2026-03-14 21:01:55] ✅ VPN 已连接
[2026-03-14 21:02:55] ✅ VPN 已连接
[2026-03-14 21:03:55] ✅ VPN 已连接
[2026-03-14 21:04:55] ✅ VPN 已连接
[2026-03-14 21:05:56] ✅ VPN 已连接
[2026-03-14 21:06:56] ✅ VPN 已连接
[2026-03-14 21:07:56] ✅ VPN 已连接
[2026-03-14 21:08:56] ✅ VPN 已连接
[2026-03-14 21:09:56] ✅ VPN 已连接
[2026-03-14 21:10:56] ✅ VPN 已连接
[2026-03-14 21:11:56] ✅ VPN 已连接
[2026-03-14 21:12:56] ✅ VPN 已连接
[2026-03-14 21:13:56] ✅ VPN 已连接
[2026-03-14 21:14:56] ✅ VPN 已连接
[2026-03-14 21:15:56] ✅ VPN 已连接
[2026-03-14 21:16:56] ✅ VPN 已连接
[2026-03-14 21:17:56] ✅ VPN 已连接
[2026-03-14 21:18:56] ✅ VPN 已连接
[2026-03-14 21:19:56] ✅ VPN 已连接
[2026-03-14 21:20:56] ✅ VPN 已连接
[2026-03-14 21:21:56] ✅ VPN 已连接
[2026-03-14 21:22:56] ✅ VPN 已连接
[2026-03-14 21:23:56] ✅ VPN 已连接
[2026-03-14 21:24:57] ✅ VPN 已连接
[2026-03-14 21:25:57] ✅ VPN 已连接
[2026-03-14 21:26:57] ✅ VPN 已连接
[2026-03-14 21:27:57] ❌ VPN 未连接，触发重连...
[2026-03-14 21:27:57] ========== VPN 重连开始 ==========
[2026-03-14 21:27:57] 尝试 1/3...
[2026-03-14 21:27:57] 启动 FortiClient GUI...
[2026-03-14 21:28:00] ❌ FortiClient GUI 启动失败
[2026-03-14 21:28:00] 重试 1 失败：无法启动 FortiClient
[2026-03-14 21:28:10] 尝试 2/3...
[2026-03-14 21:28:10] 启动 FortiClient GUI...
[2026-03-14 21:28:13] ❌ FortiClient GUI 启动失败
[2026-03-14 21:28:13] 重试 2 失败：无法启动 FortiClient
[2026-03-14 21:28:23] 尝试 3/3...
[2026-03-14 21:28:23] 启动 FortiClient GUI...
[2026-03-14 21:28:26] ✅ FortiClient GUI 已启动
[2026-03-14 21:28:26] 触发 VPN 连接（Playwright 自动化）...
[2026-03-14 21:29:36] 重试 3 失败：自动登录失败
[2026-03-14 21:29:46] ❌ VPN 重连失败（已尝试 3 次）
[2026-03-14 21:29:46] ========== VPN 重连失败 ==========
[2026-03-14 21:30:46] ✅ VPN 已连接
[2026-03-14 21:31:46] ✅ VPN 已连接
[2026-03-14 21:32:46] ✅ VPN 已连接
[2026-03-14 21:33:46] ✅ VPN 已连接
[2026-03-14 21:34:46] ✅ VPN 已连接
[2026-03-14 21:35:46] ✅ VPN 已连接
[2026-03-14 21:36:46] ✅ VPN 已连接
[2026-03-14 21:37:46] ✅ VPN 已连接
[2026-03-14 21:38:46] ✅ VPN 已连接
[2026-03-14 21:39:46] ✅ VPN 已连接
[2026-03-14 21:40:46] ✅ VPN 已连接
[2026-03-14 21:41:46] ✅ VPN 已连接
[2026-03-14 21:42:46] ✅ VPN 已连接
[2026-03-14 21:43:46] ✅ VPN 已连接
[2026-03-14 21:44:46] ✅ VPN 已连接
[2026-03-14 21:45:46] ✅ VPN 已连接
[2026-03-14 21:46:47] ✅ VPN 已连接
[2026-03-14 21:47:47] ✅ VPN 已连接
[2026-03-14 21:48:47] ✅ VPN 已连接
[2026-03-14 21:49:47] ✅ VPN 已连接
[2026-03-14 21:50:47] ✅ VPN 已连接
[2026-03-14 21:51:47] ✅ VPN 已连接
[2026-03-14 21:52:47] ✅ VPN 已连接
[2026-03-14 21:53:47] ✅ VPN 已连接
[2026-03-14 21:54:47] ✅ VPN 已连接
[2026-03-14 21:55:47] ✅ VPN 已连接
[2026-03-14 21:56:47] ✅ VPN 已连接
[2026-03-14 21:57:47] ✅ VPN 已连接
[2026-03-14 21:58:47] ✅ VPN 已连接
[2026-03-14 21:59:47] ✅ VPN 已连接
[2026-03-14 22:00:47] ✅ VPN 已连接
[2026-03-14 22:01:47] ✅ VPN 已连接
[2026-03-14 22:02:47] ✅ VPN 已连接
[2026-03-14 22:03:47] ✅ VPN 已连接
[2026-03-14 22:04:48] ✅ VPN 已连接
[2026-03-14 22:05:48] ✅ VPN 已连接
[2026-03-14 22:06:48] ✅ VPN 已连接
[2026-03-14 22:07:48] ✅ VPN 已连接
[2026-03-14 22:08:48] ✅ VPN 已连接
[2026-03-14 22:09:48] ✅ VPN 已连接
[2026-03-14 22:10:48] ✅ VPN 已连接
[2026-03-14 22:11:48] ✅ VPN 已连接
[2026-03-14 22:12:48] ✅ VPN 已连接
[2026-03-14 22:13:48] ✅ VPN 已连接
[2026-03-14 22:14:48] ✅ VPN 已连接
[2026-03-14 22:15:48] ✅ VPN 已连接
[2026-03-14 22:16:48] ✅ VPN 已连接
[2026-03-14 22:17:48] ✅ VPN 已连接
[2026-03-14 22:18:48] ✅ VPN 已连接
[2026-03-14 22:19:48] ✅ VPN 已连接
[2026-03-14 22:20:48] ✅ VPN 已连接
[2026-03-14 22:21:49] ✅ VPN 已连接
[2026-03-14 22:22:49] ✅ VPN 已连接
[2026-03-14 22:23:49] ✅ VPN 已连接
[2026-03-14 22:24:49] ✅ VPN 已连接
[2026-03-14 22:25:49] ✅ VPN 已连接
[2026-03-14 22:26:49] ✅ VPN 已连接
[2026-03-14 22:27:49] ✅ VPN 已连接
[2026-03-14 22:28:49] ✅ VPN 已连接
[2026-03-14 22:29:49] ✅ VPN 已连接
[2026-03-14 22:30:49] ✅ VPN 已连接
[2026-03-14 22:31:49] ✅ VPN 已连接
[2026-03-14 22:32:49] ✅ VPN 已连接
[2026-03-14 22:33:49] ✅ VPN 已连接
[2026-03-14 22:34:49] ✅ VPN 已连接
[2026-03-14 22:35:49] ✅ VPN 已连接
[2026-03-14 22:36:49] ✅ VPN 已连接
[2026-03-14 22:37:49] ✅ VPN 已连接
[2026-03-14 22:38:49] ✅ VPN 已连接
[2026-03-14 22:39:49] ✅ VPN 已连接
[2026-03-14 22:40:50] ✅ VPN 已连接
[2026-03-14 22:41:50] ✅ VPN 已连接
[2026-03-14 22:42:50] ✅ VPN 已连接
[2026-03-14 22:43:50] ✅ VPN 已连接
[2026-03-14 22:44:50] ✅ VPN 已连接
[2026-03-14 22:45:50] ✅ VPN 已连接
[2026-03-14 22:46:50] ✅ VPN 已连接
[2026-03-14 22:47:50] ✅ VPN 已连接
[2026-03-14 22:48:50] ✅ VPN 已连接
[2026-03-14 22:49:50] ✅ VPN 已连接
[2026-03-14 22:50:50] ✅ VPN 已连接
[2026-03-14 22:51:50] ✅ VPN 已连接
[2026-03-14 22:52:50] ✅ VPN 已连接
[2026-03-14 22:53:50] ✅ VPN 已连接
[2026-03-14 22:54:50] ✅ VPN 已连接
[2026-03-14 22:55:50] ✅ VPN 已连接
[2026-03-14 22:56:50] ✅ VPN 已连接
[2026-03-14 22:57:50] ✅ VPN 已连接
[2026-03-14 22:58:50] ✅ VPN 已连接
[2026-03-14 22:59:51] ✅ VPN 已连接
[2026-03-14 23:00:51] ✅ VPN 已连接
[2026-03-14 23:01:51] ✅ VPN 已连接
[2026-03-14 23:02:51] ✅ VPN 已连接
[2026-03-14 23:03:51] ✅ VPN 已连接
[2026-03-14 23:04:51] ✅ VPN 已连接
[2026-03-14 23:05:51] ✅ VPN 已连接
[2026-03-14 23:06:51] ✅ VPN 已连接
[2026-03-14 23:07:51] ✅ VPN 已连接
[2026-03-14 23:08:51] ✅ VPN 已连接
[2026-03-14 23:09:51] ✅ VPN 已连接
[2026-03-14 23:10:51] ✅ VPN 已连接
[2026-03-14 23:11:51] ✅ VPN 已连接
[2026-03-14 23:12:51] ✅ VPN 已连接
[2026-03-14 23:13:51] ✅ VPN 已连接
[2026-03-14 23:14:51] ✅ VPN 已连接
[2026-03-14 23:15:51] ✅ VPN 已连接
[2026-03-14 23:16:51] ✅ VPN 已连接
[2026-03-14 23:17:51] ✅ VPN 已连接
[2026-03-14 23:18:52] ✅ VPN 已连接
[2026-03-14 23:19:52] ✅ VPN 已连接
[2026-03-14 23:20:52] ✅ VPN 已连接
[2026-03-14 23:21:52] ✅ VPN 已连接
[2026-03-14 23:22:52] ✅ VPN 已连接
[2026-03-14 23:23:52] ✅ VPN 已连接
[2026-03-14 23:24:52] ✅ VPN 已连接
[2026-03-14 23:25:52] ✅ VPN 已连接
[2026-03-14 23:26:52] ✅ VPN 已连接
[2026-03-14 23:27:52] ✅ VPN 已连接
[2026-03-14 23:28:52] ✅ VPN 已连接
[2026-03-14 23:29:52] ✅ VPN 已连接
[2026-03-14 23:30:52] ✅ VPN 已连接
[2026-03-14 23:31:52] ✅ VPN 已连接
[2026-03-14 23:32:52] ✅ VPN 已连接
[2026-03-14 23:33:52] ✅ VPN 已连接
[2026-03-14 23:34:52] ✅ VPN 已连接
[2026-03-14 23:35:52] ✅ VPN 已连接
[2026-03-14 23:36:52] ✅ VPN 已连接
[2026-03-14 23:37:53] ✅ VPN 已连接
[2026-03-14 23:38:53] ✅ VPN 已连接
[2026-03-14 23:39:53] ✅ VPN 已连接
[2026-03-14 23:40:53] ✅ VPN 已连接
[2026-03-14 23:41:53] ✅ VPN 已连接
[2026-03-14 23:42:53] ✅ VPN 已连接
[2026-03-14 23:43:53] ✅ VPN 已连接
[2026-03-14 23:44:53] ✅ VPN 已连接
[2026-03-14 23:45:53] ✅ VPN 已连接
[2026-03-14 23:46:53] ✅ VPN 已连接
[2026-03-14 23:47:53] ✅ VPN 已连接
[2026-03-14 23:48:53] ✅ VPN 已连接
[2026-03-14 23:49:53] ✅ VPN 已连接
[2026-03-14 23:50:53] ✅ VPN 已连接
[2026-03-14 23:51:53] ✅ VPN 已连接
[2026-03-14 23:52:53] ✅ VPN 已连接
[2026-03-14 23:53:53] ✅ VPN 已连接
[2026-03-14 23:54:53] ✅ VPN 已连接
[2026-03-14 23:55:54] ✅ VPN 已连接
[2026-03-14 23:56:54] ✅ VPN 已连接
[2026-03-14 23:57:54] ✅ VPN 已连接
[2026-03-14 23:58:54] ✅ VPN 已连接
[2026-03-14 23:59:54] ✅ VPN 已连接
[2026-03-15 00:00:54] ✅ VPN 已连接
[2026-03-15 00:01:54] ✅ VPN 已连接
[2026-03-15 00:02:54] ✅ VPN 已连接
[2026-03-15 00:03:54] ✅ VPN 已连接
[2026-03-15 00:04:54] ✅ VPN 已连接
[2026-03-15 00:05:54] ✅ VPN 已连接
[2026-03-15 00:06:54] ✅ VPN 已连接
[2026-03-15 00:07:54] ✅ VPN 已连接
[2026-03-15 00:08:54] ✅ VPN 已连接
[2026-03-15 00:09:54] ✅ VPN 已连接
[2026-03-15 00:10:54] ✅ VPN 已连接
[2026-03-15 00:11:54] ✅ VPN 已连接
[2026-03-15 00:12:54] ✅ VPN 已连接
[2026-03-15 00:13:54] ✅ VPN 已连接
[2026-03-15 00:14:55] ✅ VPN 已连接
[2026-03-15 00:15:55] ✅ VPN 已连接
[2026-03-15 00:16:55] ✅ VPN 已连接
[2026-03-15 00:17:55] ✅ VPN 已连接
[2026-03-15 00:18:55] ✅ VPN 已连接
[2026-03-15 00:19:55] ✅ VPN 已连接
[2026-03-15 00:20:55] ✅ VPN 已连接
[2026-03-15 00:21:55] ✅ VPN 已连接
[2026-03-15 00:22:55] ✅ VPN 已连接
[2026-03-15 00:23:55] ✅ VPN 已连接
[2026-03-15 00:24:55] ✅ VPN 已连接
[2026-03-15 00:25:55] ✅ VPN 已连接
[2026-03-15 00:26:55] ✅ VPN 已连接
[2026-03-15 00:27:55] ✅ VPN 已连接
[2026-03-15 00:28:55] ✅ VPN 已连接
[2026-03-15 00:29:55] ✅ VPN 已连接
[2026-03-15 00:30:55] ✅ VPN 已连接
[2026-03-15 00:31:55] ✅ VPN 已连接
[2026-03-15 00:32:55] ✅ VPN 已连接
[2026-03-15 00:33:56] ✅ VPN 已连接
[2026-03-15 00:34:56] ✅ VPN 已连接
[2026-03-15 00:35:56] ✅ VPN 已连接
[2026-03-15 00:36:56] ✅ VPN 已连接
[2026-03-15 00:37:56] ✅ VPN 已连接
[2026-03-15 00:38:56] ✅ VPN 已连接
[2026-03-15 00:39:56] ✅ VPN 已连接
[2026-03-15 00:40:56] ✅ VPN 已连接
[2026-03-15 00:41:56] ✅ VPN 已连接
[2026-03-15 00:42:56] ✅ VPN 已连接
[2026-03-15 00:43:56] ✅ VPN 已连接
[2026-03-15 00:44:56] ✅ VPN 已连接
[2026-03-15 00:45:56] ✅ VPN 已连接
[2026-03-15 00:46:56] ✅ VPN 已连接
[2026-03-15 00:47:56] ✅ VPN 已连接
[2026-03-15 00:48:56] ✅ VPN 已连接
[2026-03-15 00:49:56] ✅ VPN 已连接
[2026-03-15 00:50:56] ✅ VPN 已连接
[2026-03-15 00:51:57] ✅ VPN 已连接
[2026-03-15 00:52:57] ✅ VPN 已连接
[2026-03-15 00:53:57] ✅ VPN 已连接
[2026-03-15 00:54:57] ✅ VPN 已连接
[2026-03-15 00:55:57] ✅ VPN 已连接
[2026-03-15 00:56:57] ✅ VPN 已连接
[2026-03-15 00:57:57] ✅ VPN 已连接
[2026-03-15 00:58:57] ✅ VPN 已连接
[2026-03-15 00:59:57] ✅ VPN 已连接
[2026-03-15 01:00:57] ✅ VPN 已连接
[2026-03-15 01:01:57] ✅ VPN 已连接
[2026-03-15 01:02:57] ✅ VPN 已连接
[2026-03-15 01:03:57] ✅ VPN 已连接
[2026-03-15 01:04:57] ✅ VPN 已连接
[2026-03-15 01:05:57] ✅ VPN 已连接
[2026-03-15 01:06:57] ✅ VPN 已连接
[2026-03-15 01:07:57] ✅ VPN 已连接
[2026-03-15 01:08:57] ✅ VPN 已连接
[2026-03-15 01:09:58] ✅ VPN 已连接
[2026-03-15 01:10:58] ✅ VPN 已连接
[2026-03-15 01:11:58] ✅ VPN 已连接
[2026-03-15 01:12:58] ✅ VPN 已连接
[2026-03-15 01:13:58] ✅ VPN 已连接
[2026-03-15 01:14:58] ✅ VPN 已连接
[2026-03-15 01:15:58] ✅ VPN 已连接
[2026-03-15 01:16:58] ✅ VPN 已连接
[2026-03-15 01:17:58] ✅ VPN 已连接
[2026-03-15 01:18:58] ✅ VPN 已连接
[2026-03-15 01:19:58] ✅ VPN 已连接
[2026-03-15 01:20:58] ✅ VPN 已连接
[2026-03-15 01:21:58] ✅ VPN 已连接
[2026-03-15 01:22:58] ✅ VPN 已连接
[2026-03-15 01:23:58] ✅ VPN 已连接
[2026-03-15 01:24:58] ✅ VPN 已连接
[2026-03-15 01:25:58] ✅ VPN 已连接
[2026-03-15 01:26:58] ✅ VPN 已连接
[2026-03-15 01:27:58] ✅ VPN 已连接
[2026-03-15 01:28:59] ✅ VPN 已连接
[2026-03-15 01:29:59] ✅ VPN 已连接
[2026-03-15 01:30:59] ✅ VPN 已连接
[2026-03-15 01:31:59] ✅ VPN 已连接
[2026-03-15 01:32:59] ✅ VPN 已连接
[2026-03-15 01:33:59] ✅ VPN 已连接
[2026-03-15 01:34:59] ✅ VPN 已连接
[2026-03-15 01:35:59] ✅ VPN 已连接
[2026-03-15 01:36:59] ✅ VPN 已连接
[2026-03-15 01:37:59] ✅ VPN 已连接
[2026-03-15 01:38:59] ✅ VPN 已连接
[2026-03-15 01:39:59] ✅ VPN 已连接
[2026-03-15 01:40:59] ✅ VPN 已连接
[2026-03-15 01:41:59] ✅ VPN 已连接
[2026-03-15 01:42:59] ✅ VPN 已连接
[2026-03-15 01:43:59] ✅ VPN 已连接
[2026-03-15 01:44:59] ✅ VPN 已连接
[2026-03-15 01:45:59] ✅ VPN 已连接
[2026-03-15 01:46:59] ✅ VPN 已连接
[2026-03-15 01:48:00] ✅ VPN 已连接
[2026-03-15 01:49:00] ✅ VPN 已连接
[2026-03-15 01:50:00] ✅ VPN 已连接
[2026-03-15 01:51:00] ✅ VPN 已连接
[2026-03-15 01:52:00] ✅ VPN 已连接
[2026-03-15 01:53:00] ✅ VPN 已连接
[2026-03-15 01:54:00] ✅ VPN 已连接
[2026-03-15 01:55:00] ✅ VPN 已连接
[2026-03-15 01:56:00] ✅ VPN 已连接
[2026-03-15 01:57:00] ✅ VPN 已连接
[2026-03-15 01:58:00] ✅ VPN 已连接
[2026-03-15 01:59:00] ✅ VPN 已连接
[2026-03-15 02:00:00] ✅ VPN 已连接
[2026-03-15 02:01:00] ✅ VPN 已连接
[2026-03-15 02:02:00] ✅ VPN 已连接
[2026-03-15 02:03:00] ✅ VPN 已连接
[2026-03-15 02:04:00] ✅ VPN 已连接
[2026-03-15 02:05:00] ✅ VPN 已连接
[2026-03-15 02:06:01] ✅ VPN 已连接
[2026-03-15 02:07:01] ✅ VPN 已连接
[2026-03-15 02:08:01] ✅ VPN 已连接
[2026-03-15 02:09:01] ✅ VPN 已连接
[2026-03-15 02:10:01] ✅ VPN 已连接
[2026-03-15 02:11:01] ✅ VPN 已连接
[2026-03-15 02:12:01] ✅ VPN 已连接
[2026-03-15 02:13:01] ✅ VPN 已连接
[2026-03-15 02:14:01] ✅ VPN 已连接
[2026-03-15 02:15:01] ✅ VPN 已连接
[2026-03-15 02:16:01] ✅ VPN 已连接
[2026-03-15 02:17:01] ✅ VPN 已连接
[2026-03-15 02:18:01] ✅ VPN 已连接
[2026-03-15 02:19:01] ✅ VPN 已连接
[2026-03-15 02:20:01] ✅ VPN 已连接
[2026-03-15 02:21:01] ✅ VPN 已连接
[2026-03-15 02:22:01] ✅ VPN 已连接
[2026-03-15 02:23:01] ✅ VPN 已连接
[2026-03-15 02:24:01] ✅ VPN 已连接
[2026-03-15 02:25:02] ✅ VPN 已连接
[2026-03-15 02:26:02] ✅ VPN 已连接
[2026-03-15 02:27:02] ✅ VPN 已连接
[2026-03-15 02:28:02] ✅ VPN 已连接
[2026-03-15 02:29:02] ✅ VPN 已连接
[2026-03-15 02:30:02] ✅ VPN 已连接
[2026-03-15 02:31:02] ✅ VPN 已连接
[2026-03-15 02:32:02] ✅ VPN 已连接
[2026-03-15 02:33:02] ✅ VPN 已连接
[2026-03-15 02:34:02] ✅ VPN 已连接
[2026-03-15 02:35:02] ✅ VPN 已连接
[2026-03-15 02:36:02] ✅ VPN 已连接
[2026-03-15 02:37:02] ✅ VPN 已连接
[2026-03-15 02:38:02] ✅ VPN 已连接
[2026-03-15 02:39:02] ✅ VPN 已连接
[2026-03-15 02:40:02] ✅ VPN 已连接
[2026-03-15 02:41:02] ✅ VPN 已连接
[2026-03-15 02:42:02] ✅ VPN 已连接
[2026-03-15 02:43:02] ✅ VPN 已连接
[2026-03-15 02:44:03] ✅ VPN 已连接
[2026-03-15 02:45:03] ✅ VPN 已连接
[2026-03-15 02:46:03] ✅ VPN 已连接
[2026-03-15 02:47:03] ✅ VPN 已连接
[2026-03-15 02:48:03] ✅ VPN 已连接
[2026-03-15 02:49:03] ✅ VPN 已连接
[2026-03-15 02:50:03] ✅ VPN 已连接
[2026-03-15 02:51:03] ✅ VPN 已连接
[2026-03-15 02:52:03] ✅ VPN 已连接
[2026-03-15 02:53:03] ✅ VPN 已连接
[2026-03-15 02:54:03] ✅ VPN 已连接
[2026-03-15 02:55:03] ✅ VPN 已连接
[2026-03-15 02:56:03] ✅ VPN 已连接
[2026-03-15 02:57:03] ✅ VPN 已连接
[2026-03-15 02:58:03] ✅ VPN 已连接
[2026-03-15 02:59:03] ✅ VPN 已连接
[2026-03-15 03:00:03] ✅ VPN 已连接
[2026-03-15 03:01:03] ✅ VPN 已连接
[2026-03-15 03:02:03] ✅ VPN 已连接
[2026-03-15 03:03:04] ✅ VPN 已连接
[2026-03-15 03:04:04] ✅ VPN 已连接
[2026-03-15 03:05:04] ✅ VPN 已连接
[2026-03-15 03:06:04] ✅ VPN 已连接
[2026-03-15 03:07:04] ✅ VPN 已连接
[2026-03-15 03:08:04] ✅ VPN 已连接
[2026-03-15 03:09:04] ✅ VPN 已连接
[2026-03-15 03:10:04] ✅ VPN 已连接
[2026-03-15 03:11:04] ✅ VPN 已连接
[2026-03-15 03:12:04] ✅ VPN 已连接
[2026-03-15 03:13:04] ✅ VPN 已连接
[2026-03-15 03:14:04] ✅ VPN 已连接
[2026-03-15 03:15:04] ✅ VPN 已连接
[2026-03-15 03:16:04] ✅ VPN 已连接
[2026-03-15 03:17:04] ✅ VPN 已连接
[2026-03-15 03:18:04] ✅ VPN 已连接
[2026-03-15 03:19:04] ✅ VPN 已连接
[2026-03-15 03:20:04] ✅ VPN 已连接
[2026-03-15 03:21:05] ✅ VPN 已连接
[2026-03-15 03:22:05] ✅ VPN 已连接
[2026-03-15 03:23:05] ✅ VPN 已连接
[2026-03-15 03:24:05] ✅ VPN 已连接
[2026-03-15 03:25:05] ✅ VPN 已连接
[2026-03-15 03:26:05] ✅ VPN 已连接
[2026-03-15 03:27:05] ✅ VPN 已连接
[2026-03-15 03:28:05] ✅ VPN 已连接
[2026-03-15 03:29:05] ✅ VPN 已连接
[2026-03-15 03:30:05] ✅ VPN 已连接
[2026-03-15 03:31:05] ✅ VPN 已连接
[2026-03-15 03:32:05] ✅ VPN 已连接
[2026-03-15 03:33:05] ✅ VPN 已连接
[2026-03-15 03:34:05] ✅ VPN 已连接
[2026-03-15 03:35:05] ✅ VPN 已连接
[2026-03-15 03:36:05] ✅ VPN 已连接
[2026-03-15 03:37:05] ✅ VPN 已连接
[2026-03-15 03:38:05] ✅ VPN 已连接
[2026-03-15 03:39:05] ✅ VPN 已连接
[2026-03-15 03:40:06] ✅ VPN 已连接
[2026-03-15 03:41:06] ✅ VPN 已连接
[2026-03-15 03:42:06] ✅ VPN 已连接
[2026-03-15 03:43:06] ✅ VPN 已连接
[2026-03-15 03:44:06] ✅ VPN 已连接
[2026-03-15 03:45:06] ✅ VPN 已连接
[2026-03-15 03:46:06] ✅ VPN 已连接
[2026-03-15 03:47:06] ✅ VPN 已连接
[2026-03-15 03:48:06] ✅ VPN 已连接
[2026-03-15 03:49:06] ✅ VPN 已连接
[2026-03-15 03:50:06] ✅ VPN 已连接
[2026-03-15 03:51:06] ✅ VPN 已连接
[2026-03-15 03:52:06] ✅ VPN 已连接
[2026-03-15 03:53:06] ✅ VPN 已连接
[2026-03-15 03:54:06] ✅ VPN 已连接
[2026-03-15 03:55:06] ✅ VPN 已连接
[2026-03-15 03:56:06] ✅ VPN 已连接
[2026-03-15 03:57:06] ✅ VPN 已连接
[2026-03-15 03:58:07] ✅ VPN 已连接
[2026-03-15 03:59:07] ✅ VPN 已连接
[2026-03-15 04:00:07] ✅ VPN 已连接
[2026-03-15 04:01:07] ✅ VPN 已连接
[2026-03-15 04:02:07] ✅ VPN 已连接
[2026-03-15 04:03:07] ✅ VPN 已连接
[2026-03-15 04:04:07] ✅ VPN 已连接
[2026-03-15 04:05:07] ✅ VPN 已连接
[2026-03-15 04:06:07] ✅ VPN 已连接
[2026-03-15 04:07:07] ✅ VPN 已连接
[2026-03-15 04:08:07] ✅ VPN 已连接
[2026-03-15 04:09:07] ✅ VPN 已连接
[2026-03-15 04:10:07] ✅ VPN 已连接
[2026-03-15 04:11:07] ✅ VPN 已连接
[2026-03-15 04:12:07] ✅ VPN 已连接
[2026-03-15 04:13:07] ✅ VPN 已连接
[2026-03-15 04:14:07] ✅ VPN 已连接
[2026-03-15 04:15:07] ✅ VPN 已连接
[2026-03-15 04:16:07] ✅ VPN 已连接
[2026-03-15 04:17:08] ✅ VPN 已连接
[2026-03-15 04:18:08] ✅ VPN 已连接
[2026-03-15 04:19:08] ✅ VPN 已连接
[2026-03-15 04:20:08] ✅ VPN 已连接
[2026-03-15 04:21:08] ✅ VPN 已连接
[2026-03-15 04:22:08] ✅ VPN 已连接
[2026-03-15 04:23:08] ✅ VPN 已连接
[2026-03-15 04:24:08] ✅ VPN 已连接
[2026-03-15 04:25:08] ✅ VPN 已连接
[2026-03-15 04:26:08] ✅ VPN 已连接
[2026-03-15 04:27:08] ✅ VPN 已连接
[2026-03-15 04:28:08] ✅ VPN 已连接
[2026-03-15 04:29:08] ✅ VPN 已连接
[2026-03-15 04:30:08] ✅ VPN 已连接
[2026-03-15 04:31:08] ✅ VPN 已连接
[2026-03-15 04:32:08] ✅ VPN 已连接
[2026-03-15 04:33:08] ✅ VPN 已连接
[2026-03-15 04:34:08] ✅ VPN 已连接
[2026-03-15 04:35:08] ✅ VPN 已连接
[2026-03-15 04:36:09] ✅ VPN 已连接
[2026-03-15 04:37:09] ✅ VPN 已连接
[2026-03-15 04:38:09] ✅ VPN 已连接
[2026-03-15 04:39:09] ✅ VPN 已连接
[2026-03-15 04:40:09] ✅ VPN 已连接
[2026-03-15 04:41:09] ✅ VPN 已连接
[2026-03-15 04:42:09] ✅ VPN 已连接
[2026-03-15 04:43:09] ✅ VPN 已连接
[2026-03-15 04:44:09] ✅ VPN 已连接
[2026-03-15 04:45:09] ✅ VPN 已连接
[2026-03-15 04:46:09] ✅ VPN 已连接
[2026-03-15 04:47:09] ✅ VPN 已连接
[2026-03-15 04:48:09] ✅ VPN 已连接
[2026-03-15 04:49:09] ✅ VPN 已连接
[2026-03-15 04:50:09] ✅ VPN 已连接
[2026-03-15 04:51:09] ✅ VPN 已连接
[2026-03-15 04:52:09] ✅ VPN 已连接
[2026-03-15 04:53:09] ✅ VPN 已连接
[2026-03-15 04:54:09] ✅ VPN 已连接
[2026-03-15 04:55:09] ✅ VPN 已连接
[2026-03-15 04:56:10] ✅ VPN 已连接
[2026-03-15 04:57:10] ✅ VPN 已连接
[2026-03-15 04:58:10] ✅ VPN 已连接
[2026-03-15 04:59:10] ✅ VPN 已连接
[2026-03-15 05:00:10] ✅ VPN 已连接
[2026-03-15 05:01:10] ✅ VPN 已连接
[2026-03-15 05:02:10] ✅ VPN 已连接
[2026-03-15 05:03:10] ✅ VPN 已连接
[2026-03-15 05:04:10] ✅ VPN 已连接
[2026-03-15 05:05:10] ✅ VPN 已连接
[2026-03-15 05:06:10] ✅ VPN 已连接
[2026-03-15 05:07:10] ✅ VPN 已连接
[2026-03-15 05:08:10] ✅ VPN 已连接
[2026-03-15 05:09:10] ✅ VPN 已连接
[2026-03-15 05:10:10] ✅ VPN 已连接
[2026-03-15 05:11:10] ✅ VPN 已连接
[2026-03-15 05:12:10] ✅ VPN 已连接
[2026-03-15 05:13:10] ✅ VPN 已连接
[2026-03-15 05:14:10] ✅ VPN 已连接
[2026-03-15 05:15:11] ✅ VPN 已连接
[2026-03-15 05:16:11] ✅ VPN 已连接
[2026-03-15 05:17:11] ✅ VPN 已连接
[2026-03-15 05:18:11] ✅ VPN 已连接
[2026-03-15 05:19:11] ✅ VPN 已连接
[2026-03-15 05:20:11] ✅ VPN 已连接
[2026-03-15 05:21:11] ✅ VPN 已连接
[2026-03-15 05:22:11] ✅ VPN 已连接
[2026-03-15 05:23:11] ✅ VPN 已连接
[2026-03-15 05:24:11] ✅ VPN 已连接
[2026-03-15 05:25:11] ✅ VPN 已连接
[2026-03-15 05:26:11] ✅ VPN 已连接
[2026-03-15 05:27:11] ✅ VPN 已连接
[2026-03-15 05:28:11] ✅ VPN 已连接
[2026-03-15 05:29:11] ✅ VPN 已连接
[2026-03-15 05:30:11] ✅ VPN 已连接
[2026-03-15 05:31:11] ❌ VPN 未连接，触发重连...
[2026-03-15 05:31:11] ========== VPN 重连开始 ==========
[2026-03-15 05:31:11] 尝试 1/3...
[2026-03-15 05:31:11] 启动 FortiClient GUI...
[2026-03-15 05:31:14] ❌ FortiClient GUI 启动失败
[2026-03-15 05:31:14] 重试 1 失败：无法启动 FortiClient
[2026-03-15 05:31:24] 尝试 2/3...
[2026-03-15 05:31:24] 启动 FortiClient GUI...
[2026-03-15 05:31:27] ❌ FortiClient GUI 启动失败
[2026-03-15 05:31:27] 重试 2 失败：无法启动 FortiClient
[2026-03-15 05:31:37] 尝试 3/3...
[2026-03-15 05:31:37] 启动 FortiClient GUI...
[2026-03-15 05:31:40] ❌ FortiClient GUI 启动失败
[2026-03-15 05:31:40] 重试 3 失败：无法启动 FortiClient
[2026-03-15 05:31:50] ❌ VPN 重连失败（已尝试 3 次）
[2026-03-15 05:31:50] ========== VPN 重连失败 ==========
[2026-03-15 05:32:51] ❌ VPN 未连接，触发重连...
[2026-03-15 05:32:51] ========== VPN 重连开始 ==========
[2026-03-15 05:32:51] 尝试 1/3...
[2026-03-15 05:32:51] 启动 FortiClient GUI...
[2026-03-15 05:32:54] ❌ FortiClient GUI 启动失败
[2026-03-15 05:32:54] 重试 1 失败：无法启动 FortiClient
[2026-03-15 05:33:04] 尝试 2/3...
[2026-03-15 05:33:04] 启动 FortiClient GUI...
[2026-03-15 05:33:07] ❌ FortiClient GUI 启动失败
[2026-03-15 05:33:07] 重试 2 失败：无法启动 FortiClient
[2026-03-15 05:33:17] 尝试 3/3...
[2026-03-15 05:33:17] 启动 FortiClient GUI...
[2026-03-15 05:33:17] FortiClient 已在运行，先关闭...
[2026-03-15 05:33:22] ❌ FortiClient GUI 启动失败
[2026-03-15 05:33:22] 重试 3 失败：无法启动 FortiClient
[2026-03-15 05:33:32] ❌ VPN 重连失败（已尝试 3 次）
[2026-03-15 05:33:32] ========== VPN 重连失败 ==========
[2026-03-15 05:34:32] ❌ VPN 未连接，触发重连...
[2026-03-15 05:34:32] ========== VPN 重连开始 ==========
[2026-03-15 05:34:32] 尝试 1/3...
[2026-03-15 05:34:32] 启动 FortiClient GUI...
[2026-03-15 05:34:35] ❌ FortiClient GUI 启动失败
[2026-03-15 05:34:35] 重试 1 失败：无法启动 FortiClient
[2026-03-15 05:34:45] 尝试 2/3...
[2026-03-15 05:34:45] 启动 FortiClient GUI...
[2026-03-15 05:34:48] ❌ FortiClient GUI 启动失败
[2026-03-15 05:34:48] 重试 2 失败：无法启动 FortiClient
[2026-03-15 05:34:58] 尝试 3/3...
[2026-03-15 05:34:58] 启动 FortiClient GUI...
[2026-03-15 05:35:01] ❌ FortiClient GUI 启动失败
[2026-03-15 05:35:01] 重试 3 失败：无法启动 FortiClient
[2026-03-15 05:35:11] ❌ VPN 重连失败（已尝试 3 次）
[2026-03-15 05:35:11] ========== VPN 重连失败 ==========
[2026-03-15 05:36:11] ❌ VPN 未连接，触发重连...
[2026-03-15 05:36:11] ========== VPN 重连开始 ==========
[2026-03-15 05:36:11] 尝试 1/3...
[2026-03-15 05:36:11] 启动 FortiClient GUI...
[2026-03-15 05:36:14] ❌ FortiClient GUI 启动失败
[2026-03-15 05:36:14] 重试 1 失败：无法启动 FortiClient
[2026-03-15 05:36:24] 尝试 2/3...
[2026-03-15 05:36:24] 启动 FortiClient GUI...
[2026-03-15 05:36:27] ❌ FortiClient GUI 启动失败
[2026-03-15 05:36:27] 重试 2 失败：无法启动 FortiClient
[2026-03-15 05:36:37] 尝试 3/3...
[2026-03-15 05:36:37] 启动 FortiClient GUI...
[2026-03-15 05:36:40] ❌ FortiClient GUI 启动失败
[2026-03-15 05:36:40] 重试 3 失败：无法启动 FortiClient
[2026-03-15 05:36:50] ❌ VPN 重连失败（已尝试 3 次）
[2026-03-15 05:36:50] ========== VPN 重连失败 ==========
[2026-03-15 05:37:50] ❌ VPN 未连接，触发重连...
[2026-03-15 05:37:50] ========== VPN 重连开始 ==========
[2026-03-15 05:37:50] 尝试 1/3...
[2026-03-15 05:37:50] 启动 FortiClient GUI...
[2026-03-15 05:37:53] ❌ FortiClient GUI 启动失败
[2026-03-15 05:37:53] 重试 1 失败：无法启动 FortiClient
[2026-03-15 05:38:03] 尝试 2/3...
[2026-03-15 05:38:03] 启动 FortiClient GUI...
[2026-03-15 05:38:06] ❌ FortiClient GUI 启动失败
[2026-03-15 05:38:06] 重试 2 失败：无法启动 FortiClient
[2026-03-15 05:38:16] 尝试 3/3...
[2026-03-15 05:38:16] 启动 FortiClient GUI...
[2026-03-15 05:38:19] ❌ FortiClient GUI 启动失败
[2026-03-15 05:38:19] 重试 3 失败：无法启动 FortiClient
[2026-03-15 05:38:29] ❌ VPN 重连失败（已尝试 3 次）
[2026-03-15 05:38:29] ========== VPN 重连失败 ==========
[2026-03-15 05:39:29] ❌ VPN 未连接，触发重连...
[2026-03-15 05:39:29] ========== VPN 重连开始 ==========
[2026-03-15 05:39:29] 尝试 1/3...
[2026-03-15 05:39:29] 启动 FortiClient GUI...
[2026-03-15 05:39:32] ❌ FortiClient GUI 启动失败
[2026-03-15 05:39:32] 重试 1 失败：无法启动 FortiClient
[2026-03-15 05:39:42] 尝试 2/3...
[2026-03-15 05:39:42] 启动 FortiClient GUI...
[2026-03-15 05:39:45] ❌ FortiClient GUI 启动失败
[2026-03-15 05:39:45] 重试 2 失败：无法启动 FortiClient
[2026-03-15 05:39:56] 尝试 3/3...
[2026-03-15 05:39:56] 启动 FortiClient GUI...
[2026-03-15 05:39:59] ❌ FortiClient GUI 启动失败
[2026-03-15 05:39:59] 重试 3 失败：无法启动 FortiClient
[2026-03-15 05:40:09] ❌ VPN 重连失败（已尝试 3 次）
[2026-03-15 05:40:09] ========== VPN 重连失败 ==========
[2026-03-15 05:41:09] ❌ VPN 未连接，触发重连...
[2026-03-15 05:41:09] ========== VPN 重连开始 ==========
[2026-03-15 05:41:09] 尝试 1/3...
[2026-03-15 05:41:09] 启动 FortiClient GUI...
[2026-03-15 05:41:12] ❌ FortiClient GUI 启动失败
[2026-03-15 05:41:12] 重试 1 失败：无法启动 FortiClient
[2026-03-15 05:41:22] 尝试 2/3...
[2026-03-15 05:41:22] 启动 FortiClient GUI...
[2026-03-15 05:41:25] ❌ FortiClient GUI 启动失败
[2026-03-15 05:41:25] 重试 2 失败：无法启动 FortiClient
[2026-03-15 05:41:35] 尝试 3/3...
[2026-03-15 05:41:35] 启动 FortiClient GUI...
[2026-03-15 05:41:38] ❌ FortiClient GUI 启动失败
[2026-03-15 05:41:38] 重试 3 失败：无法启动 FortiClient
[2026-03-15 05:41:48] ❌ VPN 重连失败（已尝试 3 次）
[2026-03-15 05:41:48] ========== VPN 重连失败 ==========
[2026-03-15 05:42:48] ❌ VPN 未连接，触发重连...
[2026-03-15 05:42:48] ========== VPN 重连开始 ==========
[2026-03-15 05:42:48] 尝试 1/3...
[2026-03-15 05:42:48] 启动 FortiClient GUI...
[2026-03-15 05:42:51] ❌ FortiClient GUI 启动失败
[2026-03-15 05:42:51] 重试 1 失败：无法启动 FortiClient
[2026-03-15 05:43:01] 尝试 2/3...
[2026-03-15 05:43:01] 启动 FortiClient GUI...
[2026-03-15 05:43:04] ❌ FortiClient GUI 启动失败
[2026-03-15 05:43:04] 重试 2 失败：无法启动 FortiClient
[2026-03-15 05:43:14] 尝试 3/3...
[2026-03-15 05:43:14] 启动 FortiClient GUI...
[2026-03-15 05:43:17] ❌ FortiClient GUI 启动失败
[2026-03-15 05:43:17] 重试 3 失败：无法启动 FortiClient
[2026-03-15 05:43:27] ❌ VPN 重连失败（已尝试 3 次）
[2026-03-15 05:43:27] ========== VPN 重连失败 ==========
[2026-03-15 05:44:27] ❌ VPN 未连接，触发重连...
[2026-03-15 05:44:27] ========== VPN 重连开始 ==========
[2026-03-15 05:44:27] 尝试 1/3...
[2026-03-15 05:44:27] 启动 FortiClient GUI...
[2026-03-15 05:44:30] ❌ FortiClient GUI 启动失败
[2026-03-15 05:44:30] 重试 1 失败：无法启动 FortiClient
[2026-03-15 05:44:40] 尝试 2/3...
[2026-03-15 05:44:40] 启动 FortiClient GUI...
[2026-03-15 05:44:43] ❌ FortiClient GUI 启动失败
[2026-03-15 05:44:43] 重试 2 失败：无法启动 FortiClient
[2026-03-15 05:44:53] 尝试 3/3...
[2026-03-15 05:44:53] 启动 FortiClient GUI...
[2026-03-15 05:44:56] ❌ FortiClient GUI 启动失败
[2026-03-15 05:44:56] 重试 3 失败：无法启动 FortiClient
[2026-03-15 05:45:06] ❌ VPN 重连失败（已尝试 3 次）
[2026-03-15 05:45:06] ========== VPN 重连失败 ==========
[2026-03-15 05:46:06] ✅ VPN 已连接
[2026-03-15 05:47:06] ✅ VPN 已连接
[2026-03-15 05:48:06] ✅ VPN 已连接
[2026-03-15 05:49:06] ✅ VPN 已连接
[2026-03-15 05:50:06] ✅ VPN 已连接
[2026-03-15 05:51:06] ✅ VPN 已连接
[2026-03-15 05:52:07] ✅ VPN 已连接
[2026-03-15 05:53:07] ✅ VPN 已连接
[2026-03-15 05:54:07] ✅ VPN 已连接
[2026-03-15 05:55:07] ✅ VPN 已连接
[2026-03-15 05:56:07] ✅ VPN 已连接
[2026-03-15 05:57:07] ✅ VPN 已连接
[2026-03-15 05:58:07] ✅ VPN 已连接
[2026-03-15 05:59:07] ✅ VPN 已连接
[2026-03-15 06:00:07] ✅ VPN 已连接
[2026-03-15 06:01:07] ✅ VPN 已连接
[2026-03-15 06:02:07] ✅ VPN 已连接
[2026-03-15 06:03:07] ✅ VPN 已连接
[2026-03-15 06:04:07] ✅ VPN 已连接
[2026-03-15 06:05:07] ✅ VPN 已连接
[2026-03-15 06:06:07] ✅ VPN 已连接
[2026-03-15 06:07:07] ✅ VPN 已连接
[2026-03-15 06:08:07] ✅ VPN 已连接
[2026-03-15 06:09:07] ✅ VPN 已连接
[2026-03-15 06:10:07] ✅ VPN 已连接
[2026-03-15 06:11:08] ✅ VPN 已连接
[2026-03-15 06:12:08] ✅ VPN 已连接
[2026-03-15 06:13:08] ✅ VPN 已连接
[2026-03-15 06:14:08] ✅ VPN 已连接
[2026-03-15 06:15:08] ✅ VPN 已连接
[2026-03-15 06:16:08] ✅ VPN 已连接
[2026-03-15 06:17:08] ✅ VPN 已连接
[2026-03-15 06:18:08] ✅ VPN 已连接
[2026-03-15 06:19:08] ✅ VPN 已连接
[2026-03-15 06:20:08] ✅ VPN 已连接
[2026-03-15 06:21:08] ✅ VPN 已连接
[2026-03-15 06:22:08] ✅ VPN 已连接
[2026-03-15 06:23:08] ✅ VPN 已连接
[2026-03-15 06:24:08] ✅ VPN 已连接
[2026-03-15 06:25:08] ✅ VPN 已连接
[2026-03-15 06:26:08] ✅ VPN 已连接
[2026-03-15 06:27:08] ✅ VPN 已连接
[2026-03-15 06:28:08] ✅ VPN 已连接
[2026-03-15 06:29:08] ✅ VPN 已连接
[2026-03-15 06:30:09] ✅ VPN 已连接
[2026-03-15 06:31:09] ✅ VPN 已连接
[2026-03-15 06:32:09] ✅ VPN 已连接
[2026-03-15 06:33:09] ✅ VPN 已连接
[2026-03-15 06:34:09] ✅ VPN 已连接
[2026-03-15 06:35:09] ✅ VPN 已连接
[2026-03-15 06:36:09] ✅ VPN 已连接
[2026-03-15 06:37:09] ✅ VPN 已连接
[2026-03-15 06:38:09] ✅ VPN 已连接
[2026-03-15 06:39:09] ✅ VPN 已连接
[2026-03-15 06:40:09] ✅ VPN 已连接
[2026-03-15 06:41:09] ✅ VPN 已连接
[2026-03-15 06:42:09] ✅ VPN 已连接
[2026-03-15 06:43:09] ✅ VPN 已连接
[2026-03-15 06:44:09] ✅ VPN 已连接
[2026-03-15 06:45:09] ✅ VPN 已连接
[2026-03-15 06:46:09] ✅ VPN 已连接
[2026-03-15 06:47:09] ✅ VPN 已连接
[2026-03-15 06:48:09] ✅ VPN 已连接
[2026-03-15 06:49:10] ✅ VPN 已连接
[2026-03-15 06:50:10] ✅ VPN 已连接
[2026-03-15 06:51:10] ✅ VPN 已连接
[2026-03-15 06:52:10] ✅ VPN 已连接
[2026-03-15 06:53:10] ✅ VPN 已连接
[2026-03-15 06:54:10] ✅ VPN 已连接
[2026-03-15 06:55:10] ✅ VPN 已连接
[2026-03-15 06:56:10] ✅ VPN 已连接
[2026-03-15 06:57:10] ✅ VPN 已连接
[2026-03-15 06:58:10] ✅ VPN 已连接
[2026-03-15 06:59:10] ✅ VPN 已连接
[2026-03-15 07:00:10] ✅ VPN 已连接
[2026-03-15 07:01:10] ✅ VPN 已连接
[2026-03-15 07:02:10] ✅ VPN 已连接
[2026-03-15 07:03:10] ✅ VPN 已连接
[2026-03-15 07:04:10] ✅ VPN 已连接
[2026-03-15 07:05:10] ✅ VPN 已连接
[2026-03-15 07:06:10] ✅ VPN 已连接
[2026-03-15 07:07:10] ✅ VPN 已连接
[2026-03-15 07:08:11] ✅ VPN 已连接
[2026-03-15 07:09:11] ✅ VPN 已连接
[2026-03-15 07:10:11] ✅ VPN 已连接
[2026-03-15 07:11:11] ✅ VPN 已连接
[2026-03-15 07:12:11] ✅ VPN 已连接
[2026-03-15 07:13:11] ✅ VPN 已连接
[2026-03-15 07:14:11] ✅ VPN 已连接
[2026-03-15 07:15:11] ✅ VPN 已连接
[2026-03-15 07:16:11] ✅ VPN 已连接
[2026-03-15 07:17:11] ✅ VPN 已连接
[2026-03-15 07:18:11] ✅ VPN 已连接
[2026-03-15 07:19:11] ✅ VPN 已连接
[2026-03-15 07:20:11] ✅ VPN 已连接
[2026-03-15 07:21:11] ✅ VPN 已连接
[2026-03-15 07:22:11] ✅ VPN 已连接
[2026-03-15 07:23:11] ✅ VPN 已连接
[2026-03-15 07:24:11] ✅ VPN 已连接
[2026-03-15 07:25:12] ✅ VPN 已连接
[2026-03-15 07:26:12] ✅ VPN 已连接
[2026-03-15 07:27:12] ✅ VPN 已连接
[2026-03-15 07:28:12] ✅ VPN 已连接
[2026-03-15 07:29:12] ✅ VPN 已连接
[2026-03-15 07:30:12] ✅ VPN 已连接
[2026-03-15 07:31:12] ✅ VPN 已连接
[2026-03-15 07:32:12] ✅ VPN 已连接
[2026-03-15 07:33:12] ✅ VPN 已连接
[2026-03-15 07:34:12] ✅ VPN 已连接
[2026-03-15 07:35:12] ✅ VPN 已连接
[2026-03-15 07:36:12] ✅ VPN 已连接
[2026-03-15 07:37:12] ✅ VPN 已连接
[2026-03-15 07:38:12] ✅ VPN 已连接
[2026-03-15 07:39:12] ✅ VPN 已连接
[2026-03-15 07:40:12] ✅ VPN 已连接
[2026-03-15 07:41:12] ✅ VPN 已连接
[2026-03-15 07:42:12] ✅ VPN 已连接
[2026-03-15 07:43:12] ✅ VPN 已连接
[2026-03-15 07:44:13] ✅ VPN 已连接
[2026-03-15 07:45:13] ✅ VPN 已连接
[2026-03-15 07:46:13] ✅ VPN 已连接
[2026-03-15 07:47:13] ✅ VPN 已连接
[2026-03-15 07:48:13] ✅ VPN 已连接
[2026-03-15 07:49:13] ✅ VPN 已连接
[2026-03-15 07:50:13] ✅ VPN 已连接
[2026-03-15 07:51:13] ✅ VPN 已连接
[2026-03-15 07:52:13] ✅ VPN 已连接
[2026-03-15 07:53:13] ✅ VPN 已连接
[2026-03-15 07:54:13] ✅ VPN 已连接
[2026-03-15 07:55:13] ✅ VPN 已连接
[2026-03-15 07:56:13] ✅ VPN 已连接
[2026-03-15 07:57:13] ✅ VPN 已连接
[2026-03-15 07:58:13] ✅ VPN 已连接
[2026-03-15 07:59:13] ✅ VPN 已连接
[2026-03-15 08:00:13] ✅ VPN 已连接
[2026-03-15 08:01:14] ✅ VPN 已连接
[2026-03-15 08:02:14] ✅ VPN 已连接
[2026-03-15 08:03:14] ✅ VPN 已连接
[2026-03-15 08:04:14] ✅ VPN 已连接
[2026-03-15 08:05:14] ✅ VPN 已连接
[2026-03-15 08:06:14] ✅ VPN 已连接
[2026-03-15 08:07:14] ✅ VPN 已连接
[2026-03-15 08:08:14] ✅ VPN 已连接
[2026-03-15 08:09:14] ✅ VPN 已连接
[2026-03-15 08:10:14] ✅ VPN 已连接
[2026-03-15 08:11:14] ✅ VPN 已连接
[2026-03-15 08:12:14] ✅ VPN 已连接
[2026-03-15 08:13:14] ✅ VPN 已连接
[2026-03-15 08:14:14] ✅ VPN 已连接
[2026-03-15 08:15:14] ✅ VPN 已连接
[2026-03-15 08:16:14] ✅ VPN 已连接
[2026-03-15 08:17:14] ✅ VPN 已连接
[2026-03-15 08:18:14] ✅ VPN 已连接
[2026-03-15 08:19:14] ✅ VPN 已连接
[2026-03-15 08:20:15] ✅ VPN 已连接
[2026-03-15 08:21:15] ✅ VPN 已连接
[2026-03-15 08:22:15] ✅ VPN 已连接
[2026-03-15 08:23:15] ✅ VPN 已连接
[2026-03-15 08:24:15] ✅ VPN 已连接
[2026-03-15 08:25:15] ✅ VPN 已连接
[2026-03-15 08:26:15] ✅ VPN 已连接
[2026-03-15 08:27:15] ✅ VPN 已连接
[2026-03-15 08:28:15] ✅ VPN 已连接
[2026-03-15 08:29:15] ✅ VPN 已连接
[2026-03-15 08:30:15] ✅ VPN 已连接
[2026-03-15 08:31:15] ✅ VPN 已连接
[2026-03-15 08:32:15] ✅ VPN 已连接
[2026-03-15 08:33:15] ✅ VPN 已连接
[2026-03-15 08:34:15] ✅ VPN 已连接
[2026-03-15 08:35:15] ✅ VPN 已连接
[2026-03-15 08:36:15] ✅ VPN 已连接
[2026-03-15 08:37:15] ✅ VPN 已连接
[2026-03-15 08:38:16] ✅ VPN 已连接
[2026-03-15 08:39:16] ✅ VPN 已连接
[2026-03-15 08:40:16] ✅ VPN 已连接
[2026-03-15 08:41:16] ✅ VPN 已连接
[2026-03-15 08:42:16] ✅ VPN 已连接
[2026-03-15 08:43:16] ✅ VPN 已连接
[2026-03-15 08:44:16] ✅ VPN 已连接
[2026-03-15 08:45:16] ✅ VPN 已连接
[2026-03-15 08:46:16] ✅ VPN 已连接
[2026-03-15 08:47:16] ✅ VPN 已连接
[2026-03-15 08:48:16] ✅ VPN 已连接
[2026-03-15 08:49:16] ✅ VPN 已连接
[2026-03-15 08:50:16] ✅ VPN 已连接
[2026-03-15 08:51:16] ✅ VPN 已连接
[2026-03-15 08:52:16] ✅ VPN 已连接
[2026-03-15 08:53:16] ✅ VPN 已连接
[2026-03-15 08:54:16] ✅ VPN 已连接
[2026-03-15 08:55:16] ✅ VPN 已连接
[2026-03-15 08:56:16] ✅ VPN 已连接
[2026-03-15 08:57:17] ✅ VPN 已连接
[2026-03-15 08:58:17] ✅ VPN 已连接
[2026-03-15 08:59:17] ✅ VPN 已连接
[2026-03-15 09:00:17] ✅ VPN 已连接
[2026-03-15 09:01:17] ✅ VPN 已连接
[2026-03-15 09:02:17] ✅ VPN 已连接
[2026-03-15 09:03:17] ✅ VPN 已连接
[2026-03-15 09:04:17] ✅ VPN 已连接
[2026-03-15 09:05:17] ✅ VPN 已连接
[2026-03-15 09:06:17] ✅ VPN 已连接
[2026-03-15 09:07:17] ✅ VPN 已连接
[2026-03-15 09:08:17] ✅ VPN 已连接
[2026-03-15 09:09:17] ✅ VPN 已连接
[2026-03-15 09:10:17] ✅ VPN 已连接
[2026-03-15 09:11:17] ✅ VPN 已连接
[2026-03-15 09:12:17] ✅ VPN 已连接
[2026-03-15 09:13:17] ✅ VPN 已连接
[2026-03-15 09:14:17] ✅ VPN 已连接
[2026-03-15 09:15:17] ✅ VPN 已连接
[2026-03-15 09:16:18] ✅ VPN 已连接
[2026-03-15 09:17:18] ✅ VPN 已连接
[2026-03-15 09:18:18] ✅ VPN 已连接
[2026-03-15 09:19:18] ✅ VPN 已连接
[2026-03-15 09:20:18] ✅ VPN 已连接
[2026-03-15 09:21:18] ✅ VPN 已连接
[2026-03-15 09:22:18] ✅ VPN 已连接
[2026-03-15 09:23:18] ✅ VPN 已连接
[2026-03-15 09:24:18] ✅ VPN 已连接
[2026-03-15 09:25:18] ✅ VPN 已连接
[2026-03-15 09:26:18] ✅ VPN 已连接
[2026-03-15 09:27:18] ✅ VPN 已连接
[2026-03-15 09:28:18] ✅ VPN 已连接
[2026-03-15 09:29:18] ✅ VPN 已连接
[2026-03-15 09:30:18] ✅ VPN 已连接
[2026-03-15 09:31:18] ✅ VPN 已连接
[2026-03-15 09:32:18] ✅ VPN 已连接
[2026-03-15 09:33:18] ✅ VPN 已连接
[2026-03-15 09:34:19] ✅ VPN 已连接
[2026-03-15 09:35:19] ✅ VPN 已连接
[2026-03-15 09:36:19] ✅ VPN 已连接
[2026-03-15 09:37:19] ✅ VPN 已连接
[2026-03-15 09:38:19] ✅ VPN 已连接
[2026-03-15 09:39:19] ✅ VPN 已连接
[2026-03-15 09:40:19] ✅ VPN 已连接
[2026-03-15 09:41:19] ✅ VPN 已连接
[2026-03-15 09:42:19] ✅ VPN 已连接
[2026-03-15 09:43:19] ✅ VPN 已连接
[2026-03-15 09:44:19] ✅ VPN 已连接
[2026-03-15 09:45:19] ✅ VPN 已连接
[2026-03-15 09:46:19] ✅ VPN 已连接
[2026-03-15 09:47:19] ✅ VPN 已连接
[2026-03-15 09:48:19] ✅ VPN 已连接
[2026-03-15 09:49:19] ✅ VPN 已连接
[2026-03-15 09:50:19] ✅ VPN 已连接
[2026-03-15 09:51:19] ✅ VPN 已连接
[2026-03-15 09:52:20] ✅ VPN 已连接
[2026-03-15 09:53:20] ✅ VPN 已连接
[2026-03-15 09:54:20] ✅ VPN 已连接
[2026-03-15 09:55:20] ✅ VPN 已连接
[2026-03-15 09:56:20] ✅ VPN 已连接
[2026-03-15 09:57:20] ✅ VPN 已连接
[2026-03-15 09:58:20] ✅ VPN 已连接
[2026-03-15 09:59:20] ✅ VPN 已连接
[2026-03-15 10:00:20] ✅ VPN 已连接
[2026-03-15 10:01:20] ✅ VPN 已连接
[2026-03-15 10:02:20] ✅ VPN 已连接
[2026-03-15 10:03:20] ✅ VPN 已连接
[2026-03-15 10:04:20] ✅ VPN 已连接
[2026-03-15 10:05:20] ✅ VPN 已连接
[2026-03-15 10:06:20] ✅ VPN 已连接
[2026-03-15 10:07:20] ✅ VPN 已连接
[2026-03-15 10:08:20] ✅ VPN 已连接
[2026-03-15 10:09:20] ✅ VPN 已连接
[2026-03-15 10:10:20] ✅ VPN 已连接
[2026-03-15 10:11:21] ✅ VPN 已连接
[2026-03-15 10:12:21] ✅ VPN 已连接
[2026-03-15 10:13:21] ✅ VPN 已连接
[2026-03-15 10:14:21] ✅ VPN 已连接
[2026-03-15 10:15:21] ✅ VPN 已连接
[2026-03-15 10:16:21] ✅ VPN 已连接
[2026-03-15 10:17:21] ✅ VPN 已连接
[2026-03-15 10:18:21] ✅ VPN 已连接
[2026-03-15 10:19:21] ✅ VPN 已连接
[2026-03-15 10:20:21] ✅ VPN 已连接
[2026-03-15 10:21:21] ✅ VPN 已连接
[2026-03-15 10:22:21] ✅ VPN 已连接
[2026-03-15 10:23:21] ✅ VPN 已连接
[2026-03-15 10:24:21] ✅ VPN 已连接
[2026-03-15 10:25:21] ✅ VPN 已连接
[2026-03-15 10:26:21] ✅ VPN 已连接
[2026-03-15 10:27:21] ✅ VPN 已连接
[2026-03-15 10:28:21] ✅ VPN 已连接
[2026-03-15 10:29:21] ✅ VPN 已连接
[2026-03-15 10:30:22] ✅ VPN 已连接
[2026-03-15 10:31:22] ✅ VPN 已连接
[2026-03-15 10:32:22] ✅ VPN 已连接
[2026-03-15 10:33:22] ✅ VPN 已连接
[2026-03-15 10:34:22] ✅ VPN 已连接
[2026-03-15 10:35:22] ✅ VPN 已连接
[2026-03-15 10:36:22] ✅ VPN 已连接
[2026-03-15 10:37:22] ✅ VPN 已连接
[2026-03-15 10:38:22] ✅ VPN 已连接
[2026-03-15 10:39:22] ✅ VPN 已连接
[2026-03-15 10:40:22] ✅ VPN 已连接
[2026-03-15 10:41:22] ✅ VPN 已连接
[2026-03-15 10:42:22] ✅ VPN 已连接
[2026-03-15 10:43:22] ✅ VPN 已连接
[2026-03-15 10:44:22] ✅ VPN 已连接
[2026-03-15 10:45:22] ✅ VPN 已连接
[2026-03-15 10:46:22] ✅ VPN 已连接
[2026-03-15 10:47:22] ✅ VPN 已连接
[2026-03-15 10:48:23] ✅ VPN 已连接
[2026-03-15 10:49:23] ✅ VPN 已连接
[2026-03-15 10:50:23] ✅ VPN 已连接
[2026-03-15 10:51:23] ✅ VPN 已连接
[2026-03-15 10:52:23] ✅ VPN 已连接
[2026-03-15 10:53:23] ✅ VPN 已连接
[2026-03-15 10:54:23] ✅ VPN 已连接
[2026-03-15 10:55:23] ✅ VPN 已连接
[2026-03-15 10:56:23] ✅ VPN 已连接
[2026-03-15 10:57:23] ✅ VPN 已连接
[2026-03-15 10:58:23] ✅ VPN 已连接
[2026-03-15 10:59:23] ✅ VPN 已连接
[2026-03-15 11:00:23] ✅ VPN 已连接
[2026-03-15 11:01:23] ✅ VPN 已连接
[2026-03-15 11:02:23] ✅ VPN 已连接
[2026-03-15 11:03:23] ✅ VPN 已连接
[2026-03-15 11:04:23] ✅ VPN 已连接
[2026-03-15 11:05:23] ✅ VPN 已连接
[2026-03-15 11:06:24] ✅ VPN 已连接
[2026-03-15 11:07:24] ✅ VPN 已连接
[2026-03-15 11:08:24] ✅ VPN 已连接
[2026-03-15 11:09:24] ✅ VPN 已连接
[2026-03-15 11:10:24] ✅ VPN 已连接
[2026-03-15 11:11:24] ✅ VPN 已连接
[2026-03-15 11:12:24] ✅ VPN 已连接
[2026-03-15 11:13:24] ✅ VPN 已连接
[2026-03-15 11:14:24] ✅ VPN 已连接
[2026-03-15 11:15:24] ✅ VPN 已连接
[2026-03-15 11:16:24] ✅ VPN 已连接
[2026-03-15 11:17:24] ✅ VPN 已连接
[2026-03-15 11:18:24] ✅ VPN 已连接
[2026-03-15 11:19:24] ✅ VPN 已连接
[2026-03-15 11:20:24] ✅ VPN 已连接
[2026-03-15 11:21:24] ✅ VPN 已连接
[2026-03-15 11:22:24] ✅ VPN 已连接
[2026-03-15 11:23:24] ✅ VPN 已连接
[2026-03-15 11:24:25] ✅ VPN 已连接
[2026-03-15 11:25:25] ✅ VPN 已连接
[2026-03-15 11:26:25] ✅ VPN 已连接
[2026-03-15 11:27:25] ✅ VPN 已连接
[2026-03-15 11:28:25] ✅ VPN 已连接
[2026-03-15 11:29:25] ✅ VPN 已连接
[2026-03-15 11:30:25] ✅ VPN 已连接
[2026-03-15 11:31:25] ✅ VPN 已连接
[2026-03-15 11:32:25] ✅ VPN 已连接
[2026-03-15 11:33:25] ✅ VPN 已连接
[2026-03-15 11:34:25] ✅ VPN 已连接
[2026-03-15 11:35:25] ✅ VPN 已连接
[2026-03-15 11:36:25] ✅ VPN 已连接
[2026-03-15 11:37:25] ✅ VPN 已连接
[2026-03-15 11:38:25] ✅ VPN 已连接
[2026-03-15 11:39:25] ✅ VPN 已连接
[2026-03-15 11:40:25] ✅ VPN 已连接
[2026-03-15 11:41:25] ✅ VPN 已连接
[2026-03-15 11:42:25] ✅ VPN 已连接
[2026-03-15 11:43:25] ✅ VPN 已连接
[2026-03-15 11:44:26] ✅ VPN 已连接
[2026-03-15 11:45:26] ✅ VPN 已连接
[2026-03-15 11:46:26] ✅ VPN 已连接
[2026-03-15 11:47:26] ✅ VPN 已连接
[2026-03-15 11:48:26] ✅ VPN 已连接
[2026-03-15 11:49:26] ✅ VPN 已连接
[2026-03-15 11:50:26] ✅ VPN 已连接
[2026-03-15 11:51:26] ✅ VPN 已连接
[2026-03-15 11:52:26] ✅ VPN 已连接
[2026-03-15 11:53:26] ✅ VPN 已连接
[2026-03-15 11:54:26] ✅ VPN 已连接
[2026-03-15 11:55:26] ✅ VPN 已连接
[2026-03-15 11:56:26] ✅ VPN 已连接
[2026-03-15 11:57:26] ✅ VPN 已连接
[2026-03-15 11:58:26] ✅ VPN 已连接
[2026-03-15 11:59:26] ✅ VPN 已连接
[2026-03-15 12:00:26] ✅ VPN 已连接
[2026-03-15 12:01:26] ✅ VPN 已连接
[2026-03-15 12:02:27] ✅ VPN 已连接
[2026-03-15 12:03:27] ✅ VPN 已连接
[2026-03-15 12:04:27] ✅ VPN 已连接
[2026-03-15 12:05:27] ✅ VPN 已连接
[2026-03-15 12:06:27] ✅ VPN 已连接
[2026-03-15 12:07:27] ✅ VPN 已连接
[2026-03-15 12:08:27] ✅ VPN 已连接
[2026-03-15 12:09:27] ✅ VPN 已连接
[2026-03-15 12:10:27] ✅ VPN 已连接
[2026-03-15 12:11:27] ✅ VPN 已连接
[2026-03-15 12:12:27] ✅ VPN 已连接
[2026-03-15 12:13:27] ✅ VPN 已连接
[2026-03-15 12:14:27] ✅ VPN 已连接
[2026-03-15 12:15:27] ✅ VPN 已连接
[2026-03-15 12:16:27] ✅ VPN 已连接
[2026-03-15 12:17:27] ✅ VPN 已连接
[2026-03-15 12:18:27] ✅ VPN 已连接
[2026-03-15 12:19:27] ✅ VPN 已连接
[2026-03-15 12:20:28] ✅ VPN 已连接
[2026-03-15 12:21:28] ✅ VPN 已连接
[2026-03-15 12:22:28] ✅ VPN 已连接
[2026-03-15 12:23:28] ✅ VPN 已连接
[2026-03-15 12:24:28] ✅ VPN 已连接
[2026-03-15 12:25:28] ✅ VPN 已连接
[2026-03-15 12:26:28] ✅ VPN 已连接
[2026-03-15 12:27:28] ✅ VPN 已连接
[2026-03-15 12:28:28] ✅ VPN 已连接
[2026-03-15 12:29:28] ✅ VPN 已连接
[2026-03-15 12:30:28] ✅ VPN 已连接
[2026-03-15 12:31:28] ✅ VPN 已连接
[2026-03-15 12:32:28] ✅ VPN 已连接
[2026-03-15 12:33:28] ✅ VPN 已连接
[2026-03-15 12:34:28] ✅ VPN 已连接
[2026-03-15 12:35:28] ✅ VPN 已连接
[2026-03-15 12:36:28] ✅ VPN 已连接
[2026-03-15 12:37:28] ✅ VPN 已连接
[2026-03-15 12:38:28] ✅ VPN 已连接
[2026-03-15 12:39:29] ✅ VPN 已连接
[2026-03-15 12:40:29] ✅ VPN 已连接
[2026-03-15 12:41:29] ✅ VPN 已连接
[2026-03-15 12:42:29] ✅ VPN 已连接
[2026-03-15 12:43:29] ✅ VPN 已连接
[2026-03-15 12:44:29] ✅ VPN 已连接
[2026-03-15 12:45:29] ✅ VPN 已连接
[2026-03-15 12:46:29] ✅ VPN 已连接
[2026-03-15 12:47:29] ✅ VPN 已连接
[2026-03-15 12:48:29] ✅ VPN 已连接
[2026-03-15 12:49:29] ✅ VPN 已连接
[2026-03-15 12:50:29] ✅ VPN 已连接
[2026-03-15 12:51:29] ✅ VPN 已连接
[2026-03-15 12:52:29] ✅ VPN 已连接
[2026-03-15 12:53:29] ✅ VPN 已连接
[2026-03-15 12:54:29] ✅ VPN 已连接
[2026-03-15 12:55:29] ✅ VPN 已连接
[2026-03-15 12:56:29] ✅ VPN 已连接
[2026-03-15 12:57:30] ✅ VPN 已连接
[2026-03-15 12:58:30] ✅ VPN 已连接
[2026-03-15 12:59:30] ✅ VPN 已连接
[2026-03-15 13:00:30] ✅ VPN 已连接
[2026-03-15 13:01:30] ✅ VPN 已连接
[2026-03-15 13:02:30] ✅ VPN 已连接
[2026-03-15 13:03:30] ✅ VPN 已连接
[2026-03-15 13:04:30] ✅ VPN 已连接
[2026-03-15 13:05:30] ✅ VPN 已连接
[2026-03-15 13:06:30] ✅ VPN 已连接
[2026-03-15 13:07:30] ✅ VPN 已连接
[2026-03-15 13:08:30] ✅ VPN 已连接
[2026-03-15 13:09:30] ✅ VPN 已连接
[2026-03-15 13:10:30] ✅ VPN 已连接
[2026-03-15 13:11:30] ✅ VPN 已连接
[2026-03-15 13:12:30] ✅ VPN 已连接
[2026-03-15 13:13:30] ✅ VPN 已连接
[2026-03-15 13:14:30] ✅ VPN 已连接
[2026-03-15 13:15:30] ✅ VPN 已连接
[2026-03-15 13:16:31] ✅ VPN 已连接
[2026-03-15 13:17:31] ✅ VPN 已连接
[2026-03-15 13:18:31] ✅ VPN 已连接
[2026-03-15 13:19:31] ✅ VPN 已连接
[2026-03-15 13:20:31] ✅ VPN 已连接
[2026-03-15 13:21:31] ✅ VPN 已连接
[2026-03-15 13:22:31] ✅ VPN 已连接
[2026-03-15 13:23:31] ✅ VPN 已连接
[2026-03-15 13:24:31] ✅ VPN 已连接
[2026-03-15 13:25:31] ✅ VPN 已连接
[2026-03-15 13:26:31] ✅ VPN 已连接
[2026-03-15 13:27:31] ✅ VPN 已连接
[2026-03-15 13:28:31] ✅ VPN 已连接
[2026-03-15 13:29:31] ✅ VPN 已连接
[2026-03-15 13:30:31] ✅ VPN 已连接
[2026-03-15 13:31:31] ✅ VPN 已连接
[2026-03-15 13:32:31] ✅ VPN 已连接
[2026-03-15 13:33:31] ✅ VPN 已连接
[2026-03-15 13:34:31] ✅ VPN 已连接
[2026-03-15 13:35:31] ✅ VPN 已连接
[2026-03-15 13:36:32] ✅ VPN 已连接
[2026-03-15 13:37:32] ✅ VPN 已连接
[2026-03-15 13:38:32] ✅ VPN 已连接
[2026-03-15 13:39:32] ✅ VPN 已连接
[2026-03-15 13:40:32] ✅ VPN 已连接
[2026-03-15 13:41:32] ✅ VPN 已连接
[2026-03-15 13:42:32] ✅ VPN 已连接
[2026-03-15 13:43:32] ✅ VPN 已连接
[2026-03-15 13:44:32] ✅ VPN 已连接
[2026-03-15 13:45:32] ❌ VPN 未连接，触发重连...
[2026-03-15 13:45:32] ========== VPN 重连开始 ==========
[2026-03-15 13:45:32] 尝试 1/3...
[2026-03-15 13:45:32] 启动 FortiClient GUI...
[2026-03-15 13:45:35] ❌ FortiClient GUI 启动失败
[2026-03-15 13:45:35] 重试 1 失败：无法启动 FortiClient
[2026-03-15 13:45:45] 尝试 2/3...
[2026-03-15 13:45:45] 启动 FortiClient GUI...
[2026-03-15 13:45:45] FortiClient 已在运行，先关闭...
[2026-03-15 13:45:50] ❌ FortiClient GUI 启动失败
[2026-03-15 13:45:50] 重试 2 失败：无法启动 FortiClient
[2026-03-15 13:46:00] 尝试 3/3...
[2026-03-15 13:46:00] 启动 FortiClient GUI...
[2026-03-15 13:46:03] ❌ FortiClient GUI 启动失败
[2026-03-15 13:46:03] 重试 3 失败：无法启动 FortiClient
[2026-03-15 13:46:13] ❌ VPN 重连失败（已尝试 3 次）
[2026-03-15 13:46:13] ========== VPN 重连失败 ==========
[2026-03-15 13:47:13] ❌ VPN 未连接，触发重连...
[2026-03-15 13:47:13] ========== VPN 重连开始 ==========
[2026-03-15 13:47:13] 尝试 1/3...
[2026-03-15 13:47:13] 启动 FortiClient GUI...
[2026-03-15 13:47:16] ❌ FortiClient GUI 启动失败
[2026-03-15 13:47:16] 重试 1 失败：无法启动 FortiClient
[2026-03-15 13:47:26] 尝试 2/3...
[2026-03-15 13:47:26] 启动 FortiClient GUI...
[2026-03-15 13:47:29] ❌ FortiClient GUI 启动失败
[2026-03-15 13:47:29] 重试 2 失败：无法启动 FortiClient
[2026-03-15 13:47:39] 尝试 3/3...
[2026-03-15 13:47:39] 启动 FortiClient GUI...
[2026-03-15 13:47:42] ❌ FortiClient GUI 启动失败
[2026-03-15 13:47:42] 重试 3 失败：无法启动 FortiClient
[2026-03-15 13:47:52] ❌ VPN 重连失败（已尝试 3 次）
[2026-03-15 13:47:52] ========== VPN 重连失败 ==========
[2026-03-15 13:48:52] ✅ VPN 已连接
[2026-03-15 13:49:53] ✅ VPN 已连接
[2026-03-15 13:50:53] ✅ VPN 已连接
[2026-03-15 13:51:53] ✅ VPN 已连接
[2026-03-15 13:52:53] ✅ VPN 已连接
[2026-03-15 13:53:53] ✅ VPN 已连接
[2026-03-15 13:54:53] ✅ VPN 已连接
[2026-03-15 13:55:53] ✅ VPN 已连接
[2026-03-15 13:56:53] ✅ VPN 已连接
[2026-03-15 13:57:53] ✅ VPN 已连接
[2026-03-15 13:58:53] ✅ VPN 已连接
[2026-03-15 13:59:53] ✅ VPN 已连接
[2026-03-15 14:00:53] ✅ VPN 已连接
[2026-03-15 14:01:53] ✅ VPN 已连接
[2026-03-15 14:02:53] ✅ VPN 已连接
[2026-03-15 14:03:53] ✅ VPN 已连接
[2026-03-15 14:04:53] ✅ VPN 已连接
[2026-03-15 14:05:54] ✅ VPN 已连接
[2026-03-15 14:06:54] ✅ VPN 已连接
[2026-03-15 14:07:54] ✅ VPN 已连接
[2026-03-15 14:08:54] ✅ VPN 已连接
[2026-03-15 14:09:54] ✅ VPN 已连接
[2026-03-15 14:10:54] ✅ VPN 已连接
[2026-03-15 14:11:54] ✅ VPN 已连接
[2026-03-15 14:12:54] ✅ VPN 已连接
[2026-03-15 14:13:54] ✅ VPN 已连接
[2026-03-15 14:14:54] ✅ VPN 已连接
[2026-03-15 14:15:54] ✅ VPN 已连接
[2026-03-15 14:16:54] ✅ VPN 已连接
[2026-03-15 14:17:54] ✅ VPN 已连接
[2026-03-15 14:18:54] ✅ VPN 已连接
[2026-03-15 14:19:54] ✅ VPN 已连接
[2026-03-15 14:20:54] ✅ VPN 已连接
[2026-03-15 14:21:54] ✅ VPN 已连接
[2026-03-15 14:22:54] ✅ VPN 已连接
[2026-03-15 14:23:54] ✅ VPN 已连接
[2026-03-15 14:24:55] ✅ VPN 已连接
[2026-03-15 14:25:55] ✅ VPN 已连接
[2026-03-15 14:26:55] ✅ VPN 已连接
[2026-03-15 14:27:55] ✅ VPN 已连接
[2026-03-15 14:28:55] ✅ VPN 已连接
[2026-03-15 14:29:55] ✅ VPN 已连接
[2026-03-15 14:30:55] ✅ VPN 已连接
[2026-03-15 14:31:55] ✅ VPN 已连接
[2026-03-15 14:32:55] ✅ VPN 已连接
[2026-03-15 14:33:55] ✅ VPN 已连接
[2026-03-15 14:34:55] ✅ VPN 已连接
[2026-03-15 14:35:55] ✅ VPN 已连接
[2026-03-15 14:36:55] ✅ VPN 已连接
[2026-03-15 14:37:55] ✅ VPN 已连接
[2026-03-15 14:38:55] ✅ VPN 已连接
[2026-03-15 14:39:55] ✅ VPN 已连接
[2026-03-15 14:40:55] ✅ VPN 已连接
[2026-03-15 14:41:55] ✅ VPN 已连接
[2026-03-15 14:42:56] ✅ VPN 已连接
[2026-03-15 14:43:56] ✅ VPN 已连接
[2026-03-15 14:44:56] ✅ VPN 已连接
[2026-03-15 14:45:56] ✅ VPN 已连接
[2026-03-15 14:46:56] ✅ VPN 已连接
[2026-03-15 14:47:56] ✅ VPN 已连接
[2026-03-15 14:48:56] ✅ VPN 已连接
[2026-03-15 14:49:56] ✅ VPN 已连接
[2026-03-15 14:50:56] ✅ VPN 已连接
[2026-03-15 14:51:56] ✅ VPN 已连接
[2026-03-15 14:52:56] ✅ VPN 已连接
[2026-03-15 14:53:56] ✅ VPN 已连接
[2026-03-15 14:54:56] ✅ VPN 已连接
[2026-03-15 14:55:56] ✅ VPN 已连接
[2026-03-15 14:56:56] ✅ VPN 已连接
[2026-03-15 14:57:56] ✅ VPN 已连接
[2026-03-15 14:58:56] ✅ VPN 已连接
[2026-03-15 14:59:56] ✅ VPN 已连接
[2026-03-15 15:00:56] ✅ VPN 已连接
[2026-03-15 15:01:57] ✅ VPN 已连接
[2026-03-15 15:02:57] ✅ VPN 已连接
[2026-03-15 15:03:57] ✅ VPN 已连接
[2026-03-15 15:04:57] ✅ VPN 已连接
[2026-03-15 15:05:57] ✅ VPN 已连接
[2026-03-15 15:06:57] ✅ VPN 已连接
[2026-03-15 15:07:57] ✅ VPN 已连接
[2026-03-15 15:08:57] ✅ VPN 已连接
[2026-03-15 15:09:57] ✅ VPN 已连接
[2026-03-15 15:10:57] ✅ VPN 已连接
[2026-03-15 15:11:57] ✅ VPN 已连接
[2026-03-15 15:12:57] ✅ VPN 已连接
[2026-03-15 15:13:57] ✅ VPN 已连接
[2026-03-15 15:14:57] ✅ VPN 已连接
[2026-03-15 15:15:57] ✅ VPN 已连接
[2026-03-15 15:16:57] ✅ VPN 已连接
[2026-03-15 15:17:57] ✅ VPN 已连接
[2026-03-15 15:18:58] ✅ VPN 已连接
[2026-03-15 15:19:58] ✅ VPN 已连接
[2026-03-15 15:20:58] ✅ VPN 已连接
[2026-03-15 15:21:58] ✅ VPN 已连接
[2026-03-15 15:22:58] ✅ VPN 已连接
[2026-03-15 15:23:58] ✅ VPN 已连接
[2026-03-15 15:24:58] ✅ VPN 已连接
[2026-03-15 15:25:58] ✅ VPN 已连接
[2026-03-15 15:26:58] ✅ VPN 已连接
[2026-03-15 15:27:58] ✅ VPN 已连接
[2026-03-15 15:28:58] ✅ VPN 已连接
[2026-03-15 15:29:58] ✅ VPN 已连接
[2026-03-15 15:30:58] ✅ VPN 已连接
[2026-03-15 15:31:58] ✅ VPN 已连接
[2026-03-15 15:32:58] ✅ VPN 已连接
[2026-03-15 15:33:58] ✅ VPN 已连接
[2026-03-15 15:34:58] ✅ VPN 已连接
[2026-03-15 15:35:59] ✅ VPN 已连接
[2026-03-15 15:36:59] ✅ VPN 已连接
[2026-03-15 15:37:59] ✅ VPN 已连接
[2026-03-15 15:38:59] ✅ VPN 已连接
[2026-03-15 15:39:59] ✅ VPN 已连接
[2026-03-15 15:40:59] ✅ VPN 已连接
[2026-03-15 15:41:59] ✅ VPN 已连接
[2026-03-15 15:42:59] ✅ VPN 已连接
[2026-03-15 15:43:59] ✅ VPN 已连接
[2026-03-15 15:44:59] ✅ VPN 已连接
[2026-03-15 15:45:59] ✅ VPN 已连接
[2026-03-15 15:46:59] ✅ VPN 已连接
[2026-03-15 15:47:59] ✅ VPN 已连接
[2026-03-15 15:48:59] ✅ VPN 已连接
[2026-03-15 15:49:59] ✅ VPN 已连接
[2026-03-15 15:50:59] ✅ VPN 已连接
[2026-03-15 15:51:59] ✅ VPN 已连接
[2026-03-15 15:52:59] ✅ VPN 已连接
[2026-03-15 15:53:59] ✅ VPN 已连接
[2026-03-15 15:54:59] ✅ VPN 已连接
[2026-03-15 15:56:00] ✅ VPN 已连接
[2026-03-15 15:57:00] ✅ VPN 已连接
[2026-03-15 15:58:00] ✅ VPN 已连接
[2026-03-15 15:59:00] ✅ VPN 已连接
[2026-03-15 16:00:00] ✅ VPN 已连接
[2026-03-15 16:01:00] ✅ VPN 已连接
[2026-03-15 16:02:00] ✅ VPN 已连接
[2026-03-15 16:03:00] ✅ VPN 已连接
[2026-03-15 16:04:00] ✅ VPN 已连接
[2026-03-15 16:05:00] ✅ VPN 已连接
[2026-03-15 16:06:00] ✅ VPN 已连接
[2026-03-15 16:07:00] ✅ VPN 已连接
[2026-03-15 16:08:00] ✅ VPN 已连接
[2026-03-15 16:09:00] ✅ VPN 已连接
[2026-03-15 16:10:00] ✅ VPN 已连接
[2026-03-15 16:11:00] ✅ VPN 已连接
[2026-03-15 16:12:00] ✅ VPN 已连接
[2026-03-15 16:13:00] ✅ VPN 已连接
[2026-03-15 16:14:01] ✅ VPN 已连接
[2026-03-15 16:15:01] ✅ VPN 已连接
[2026-03-15 16:16:01] ✅ VPN 已连接
[2026-03-15 16:17:01] ✅ VPN 已连接
[2026-03-15 16:18:01] ✅ VPN 已连接
[2026-03-15 16:19:01] ✅ VPN 已连接
[2026-03-15 16:20:01] ✅ VPN 已连接
[2026-03-15 16:21:01] ✅ VPN 已连接
[2026-03-15 16:22:01] ✅ VPN 已连接
[2026-03-15 16:23:01] ✅ VPN 已连接
[2026-03-15 16:24:01] ✅ VPN 已连接
[2026-03-15 16:25:01] ✅ VPN 已连接
[2026-03-15 16:26:01] ✅ VPN 已连接
[2026-03-15 16:27:01] ✅ VPN 已连接
[2026-03-15 16:28:01] ✅ VPN 已连接
[2026-03-15 16:29:01] ✅ VPN 已连接
[2026-03-15 16:30:01] ✅ VPN 已连接
[2026-03-15 16:31:01] ✅ VPN 已连接
[2026-03-15 16:32:01] ✅ VPN 已连接
[2026-03-15 16:33:02] ✅ VPN 已连接
[2026-03-15 16:34:02] ✅ VPN 已连接
[2026-03-15 16:35:02] ✅ VPN 已连接
[2026-03-15 16:36:02] ✅ VPN 已连接
[2026-03-15 16:37:02] ✅ VPN 已连接
[2026-03-15 16:38:02] ✅ VPN 已连接
[2026-03-15 16:39:02] ✅ VPN 已连接
[2026-03-15 16:40:02] ✅ VPN 已连接
[2026-03-15 16:41:02] ✅ VPN 已连接
[2026-03-15 16:42:02] ✅ VPN 已连接
[2026-03-15 16:43:02] ✅ VPN 已连接
[2026-03-15 16:44:02] ✅ VPN 已连接
[2026-03-15 16:45:02] ✅ VPN 已连接
[2026-03-15 16:46:02] ✅ VPN 已连接
[2026-03-15 16:47:02] ✅ VPN 已连接
[2026-03-15 16:48:02] ✅ VPN 已连接
[2026-03-15 16:49:02] ✅ VPN 已连接
[2026-03-15 16:50:02] ✅ VPN 已连接
[2026-03-15 16:51:02] ✅ VPN 已连接
[2026-03-15 16:52:02] ✅ VPN 已连接
[2026-03-15 16:53:03] ✅ VPN 已连接
[2026-03-15 16:54:03] ✅ VPN 已连接
[2026-03-15 16:55:03] ✅ VPN 已连接
[2026-03-15 16:56:03] ✅ VPN 已连接
[2026-03-15 16:57:03] ✅ VPN 已连接
[2026-03-15 16:58:03] ✅ VPN 已连接
[2026-03-15 16:59:03] ✅ VPN 已连接
[2026-03-15 17:00:03] ✅ VPN 已连接
[2026-03-15 17:01:03] ✅ VPN 已连接
[2026-03-15 17:02:03] ✅ VPN 已连接
[2026-03-15 17:03:03] ✅ VPN 已连接
[2026-03-15 17:04:03] ✅ VPN 已连接
[2026-03-15 17:05:03] ✅ VPN 已连接
[2026-03-15 17:06:03] ✅ VPN 已连接
[2026-03-15 17:07:03] ✅ VPN 已连接
[2026-03-15 17:08:03] ✅ VPN 已连接
[2026-03-15 17:09:03] ✅ VPN 已连接
[2026-03-15 17:10:03] ✅ VPN 已连接
[2026-03-15 17:11:04] ✅ VPN 已连接
[2026-03-15 17:12:04] ✅ VPN 已连接
[2026-03-15 17:13:04] ✅ VPN 已连接
[2026-03-15 17:14:04] ✅ VPN 已连接
[2026-03-15 17:15:04] ✅ VPN 已连接
[2026-03-15 17:16:04] ✅ VPN 已连接
[2026-03-15 17:17:04] ✅ VPN 已连接
[2026-03-15 17:18:04] ✅ VPN 已连接
[2026-03-15 17:19:04] ✅ VPN 已连接
[2026-03-15 17:20:04] ✅ VPN 已连接
[2026-03-15 17:21:04] ✅ VPN 已连接
[2026-03-15 17:22:04] ✅ VPN 已连接
[2026-03-15 17:23:04] ✅ VPN 已连接
[2026-03-15 17:24:04] ✅ VPN 已连接
[2026-03-15 17:25:04] ✅ VPN 已连接
[2026-03-15 17:26:04] ✅ VPN 已连接
[2026-03-15 17:27:04] ✅ VPN 已连接
[2026-03-15 17:28:04] ✅ VPN 已连接
[2026-03-15 17:29:04] ✅ VPN 已连接
[2026-03-15 17:30:05] ✅ VPN 已连接
[2026-03-15 17:31:05] ✅ VPN 已连接
[2026-03-15 17:32:05] ✅ VPN 已连接
[2026-03-15 17:33:05] ✅ VPN 已连接
[2026-03-15 17:34:05] ✅ VPN 已连接
[2026-03-15 17:35:05] ✅ VPN 已连接
[2026-03-15 17:36:05] ✅ VPN 已连接
[2026-03-15 17:37:05] ✅ VPN 已连接
[2026-03-15 17:38:05] ✅ VPN 已连接
[2026-03-15 17:39:05] ✅ VPN 已连接
[2026-03-15 17:40:05] ✅ VPN 已连接
[2026-03-15 17:41:05] ✅ VPN 已连接
[2026-03-15 17:42:05] ✅ VPN 已连接
[2026-03-15 17:43:05] ✅ VPN 已连接
[2026-03-15 17:44:05] ✅ VPN 已连接
[2026-03-15 17:45:05] ✅ VPN 已连接
[2026-03-15 17:46:05] ✅ VPN 已连接
[2026-03-15 17:47:05] ✅ VPN 已连接
[2026-03-15 17:48:06] ✅ VPN 已连接
[2026-03-15 17:49:06] ✅ VPN 已连接
[2026-03-15 17:50:06] ✅ VPN 已连接
[2026-03-15 17:51:06] ✅ VPN 已连接
[2026-03-15 17:52:06] ✅ VPN 已连接
[2026-03-15 17:53:06] ✅ VPN 已连接
[2026-03-15 17:54:06] ✅ VPN 已连接
[2026-03-15 17:55:06] ✅ VPN 已连接
[2026-03-15 17:56:06] ✅ VPN 已连接
[2026-03-15 17:57:06] ✅ VPN 已连接
[2026-03-15 17:58:06] ✅ VPN 已连接
[2026-03-15 17:59:06] ✅ VPN 已连接
[2026-03-15 18:00:06] ✅ VPN 已连接
[2026-03-15 18:01:06] ✅ VPN 已连接
[2026-03-15 18:02:06] ✅ VPN 已连接
[2026-03-15 18:03:06] ✅ VPN 已连接
[2026-03-15 18:04:06] ✅ VPN 已连接
[2026-03-15 18:05:06] ✅ VPN 已连接
[2026-03-15 18:06:07] ✅ VPN 已连接
[2026-03-15 18:07:07] ✅ VPN 已连接
[2026-03-15 18:08:07] ✅ VPN 已连接
[2026-03-15 18:09:07] ✅ VPN 已连接
[2026-03-15 18:10:07] ✅ VPN 已连接
[2026-03-15 18:11:07] ✅ VPN 已连接
[2026-03-15 18:12:07] ✅ VPN 已连接
[2026-03-15 18:13:07] ✅ VPN 已连接
[2026-03-15 18:14:07] ✅ VPN 已连接
[2026-03-15 18:15:07] ✅ VPN 已连接
[2026-03-15 18:16:07] ✅ VPN 已连接
[2026-03-15 18:17:07] ✅ VPN 已连接
[2026-03-15 18:18:07] ✅ VPN 已连接
[2026-03-15 18:19:07] ✅ VPN 已连接
[2026-03-15 18:20:07] ✅ VPN 已连接
[2026-03-15 18:21:07] ✅ VPN 已连接
[2026-03-15 18:22:07] ✅ VPN 已连接
[2026-03-15 18:23:07] ✅ VPN 已连接
[2026-03-15 18:24:07] ✅ VPN 已连接
[2026-03-15 18:25:08] ✅ VPN 已连接
[2026-03-15 18:26:08] ✅ VPN 已连接
[2026-03-15 18:27:08] ✅ VPN 已连接
[2026-03-15 18:28:08] ✅ VPN 已连接
[2026-03-15 18:29:08] ✅ VPN 已连接
[2026-03-15 18:30:08] ✅ VPN 已连接
[2026-03-15 18:31:08] ✅ VPN 已连接
[2026-03-15 18:32:08] ✅ VPN 已连接
[2026-03-15 18:33:08] ✅ VPN 已连接
[2026-03-15 18:34:08] ✅ VPN 已连接
[2026-03-15 18:35:08] ✅ VPN 已连接
[2026-03-15 18:36:08] ✅ VPN 已连接
[2026-03-15 18:37:08] ✅ VPN 已连接
[2026-03-15 18:38:08] ✅ VPN 已连接
[2026-03-15 18:39:08] ✅ VPN 已连接
[2026-03-15 18:40:08] ✅ VPN 已连接
[2026-03-15 18:41:08] ✅ VPN 已连接
[2026-03-15 18:42:08] ✅ VPN 已连接
[2026-03-15 18:43:09] ✅ VPN 已连接
[2026-03-15 18:44:09] ✅ VPN 已连接
[2026-03-15 18:45:09] ✅ VPN 已连接
[2026-03-15 18:46:09] ✅ VPN 已连接
[2026-03-15 18:47:09] ✅ VPN 已连接
[2026-03-15 18:48:09] ✅ VPN 已连接
[2026-03-15 18:49:09] ✅ VPN 已连接
[2026-03-15 18:50:09] ✅ VPN 已连接
[2026-03-15 18:51:09] ✅ VPN 已连接
[2026-03-15 18:52:09] ✅ VPN 已连接
[2026-03-15 18:53:09] ✅ VPN 已连接
[2026-03-15 18:54:09] ✅ VPN 已连接
[2026-03-15 18:55:09] ✅ VPN 已连接
[2026-03-15 18:56:09] ✅ VPN 已连接
[2026-03-15 18:57:09] ✅ VPN 已连接
[2026-03-15 18:58:09] ✅ VPN 已连接
[2026-03-15 18:59:09] ✅ VPN 已连接
[2026-03-15 19:00:09] ✅ VPN 已连接
[2026-03-15 19:01:10] ✅ VPN 已连接
[2026-03-15 19:02:10] ✅ VPN 已连接
[2026-03-15 19:03:10] ✅ VPN 已连接
[2026-03-15 19:04:10] ✅ VPN 已连接
[2026-03-15 19:05:10] ✅ VPN 已连接
[2026-03-15 19:06:10] ✅ VPN 已连接
[2026-03-15 19:07:10] ✅ VPN 已连接
[2026-03-15 19:08:10] ✅ VPN 已连接
[2026-03-15 19:09:10] ✅ VPN 已连接
[2026-03-15 19:10:10] ✅ VPN 已连接
[2026-03-15 19:11:10] ✅ VPN 已连接
[2026-03-15 19:12:10] ✅ VPN 已连接
[2026-03-15 19:13:10] ✅ VPN 已连接
[2026-03-15 19:14:10] ✅ VPN 已连接
[2026-03-15 19:15:10] ✅ VPN 已连接
[2026-03-15 19:16:10] ✅ VPN 已连接
[2026-03-15 19:17:10] ✅ VPN 已连接
[2026-03-15 19:18:11] ✅ VPN 已连接
[2026-03-15 19:19:11] ✅ VPN 已连接
[2026-03-15 19:20:11] ✅ VPN 已连接
[2026-03-15 19:21:11] ✅ VPN 已连接
[2026-03-15 19:22:11] ✅ VPN 已连接
[2026-03-15 19:23:11] ✅ VPN 已连接
[2026-03-15 19:24:11] ✅ VPN 已连接
[2026-03-15 19:25:11] ✅ VPN 已连接
[2026-03-15 19:26:11] ✅ VPN 已连接
[2026-03-15 19:27:11] ✅ VPN 已连接
[2026-03-15 19:28:11] ✅ VPN 已连接
[2026-03-15 19:29:11] ✅ VPN 已连接
[2026-03-15 19:30:11] ✅ VPN 已连接
[2026-03-15 19:31:11] ✅ VPN 已连接
[2026-03-15 19:32:11] ✅ VPN 已连接
[2026-03-15 19:33:11] ✅ VPN 已连接
[2026-03-15 19:34:11] ✅ VPN 已连接
[2026-03-15 19:35:11] ✅ VPN 已连接
[2026-03-15 19:36:11] ✅ VPN 已连接
[2026-03-15 19:37:12] ✅ VPN 已连接
[2026-03-15 19:38:12] ✅ VPN 已连接
[2026-03-15 19:39:12] ✅ VPN 已连接
[2026-03-15 19:40:12] ✅ VPN 已连接
[2026-03-15 19:41:12] ✅ VPN 已连接
[2026-03-15 19:42:12] ✅ VPN 已连接
[2026-03-15 19:43:12] ✅ VPN 已连接
[2026-03-15 19:44:12] ✅ VPN 已连接
[2026-03-15 19:45:12] ✅ VPN 已连接
[2026-03-15 19:46:12] ✅ VPN 已连接
[2026-03-15 19:47:12] ✅ VPN 已连接
[2026-03-15 19:48:12] ✅ VPN 已连接
[2026-03-15 19:49:12] ✅ VPN 已连接
[2026-03-15 19:50:12] ✅ VPN 已连接
[2026-03-15 19:51:12] ✅ VPN 已连接
[2026-03-15 19:52:12] ✅ VPN 已连接
[2026-03-15 19:53:12] ✅ VPN 已连接
[2026-03-15 19:54:12] ✅ VPN 已连接
[2026-03-15 19:55:12] ✅ VPN 已连接
[2026-03-15 19:56:13] ✅ VPN 已连接
[2026-03-15 19:57:13] ✅ VPN 已连接
[2026-03-15 19:58:13] ✅ VPN 已连接
[2026-03-15 19:59:13] ✅ VPN 已连接
[2026-03-15 20:00:13] ✅ VPN 已连接
[2026-03-15 20:01:13] ✅ VPN 已连接
[2026-03-15 20:02:13] ✅ VPN 已连接
[2026-03-15 20:03:13] ✅ VPN 已连接
[2026-03-15 20:04:13] ✅ VPN 已连接
[2026-03-15 20:05:13] ✅ VPN 已连接
[2026-03-15 20:06:13] ✅ VPN 已连接
[2026-03-15 20:07:13] ✅ VPN 已连接
[2026-03-15 20:08:13] ✅ VPN 已连接
[2026-03-15 20:09:13] ✅ VPN 已连接
[2026-03-15 20:10:13] ✅ VPN 已连接
[2026-03-15 20:11:13] ✅ VPN 已连接
[2026-03-15 20:12:13] ✅ VPN 已连接
[2026-03-15 20:13:13] ✅ VPN 已连接
[2026-03-15 20:14:13] ✅ VPN 已连接
[2026-03-15 20:15:14] ✅ VPN 已连接
[2026-03-15 20:16:14] ✅ VPN 已连接
[2026-03-15 20:17:14] ✅ VPN 已连接
[2026-03-15 20:18:14] ✅ VPN 已连接
[2026-03-15 20:19:14] ✅ VPN 已连接
[2026-03-15 20:20:14] ✅ VPN 已连接
[2026-03-15 20:21:14] ✅ VPN 已连接
[2026-03-15 20:22:14] ✅ VPN 已连接
[2026-03-15 20:23:14] ✅ VPN 已连接
[2026-03-15 20:24:14] ✅ VPN 已连接
[2026-03-15 20:25:14] ✅ VPN 已连接
[2026-03-15 20:26:14] ✅ VPN 已连接
[2026-03-15 20:27:14] ✅ VPN 已连接
[2026-03-15 20:28:14] ✅ VPN 已连接
[2026-03-15 20:29:14] ✅ VPN 已连接
[2026-03-15 20:30:14] ✅ VPN 已连接
[2026-03-15 20:31:14] ✅ VPN 已连接
[2026-03-15 20:32:14] ✅ VPN 已连接
[2026-03-15 20:33:14] ✅ VPN 已连接
[2026-03-15 20:34:15] ✅ VPN 已连接
[2026-03-15 20:35:15] ✅ VPN 已连接
[2026-03-15 20:36:15] ✅ VPN 已连接
[2026-03-15 20:37:15] ✅ VPN 已连接
[2026-03-15 20:38:15] ✅ VPN 已连接
[2026-03-15 20:39:15] ✅ VPN 已连接
[2026-03-15 20:40:15] ✅ VPN 已连接
[2026-03-15 20:41:15] ✅ VPN 已连接
[2026-03-15 20:42:15] ✅ VPN 已连接
[2026-03-15 20:43:15] ✅ VPN 已连接
[2026-03-15 20:44:15] ✅ VPN 已连接
[2026-03-15 20:45:15] ✅ VPN 已连接
[2026-03-15 20:46:15] ✅ VPN 已连接
[2026-03-15 20:47:15] ✅ VPN 已连接
[2026-03-15 20:48:15] ✅ VPN 已连接
[2026-03-15 20:49:15] ✅ VPN 已连接
[2026-03-15 20:50:15] ✅ VPN 已连接
[2026-03-15 20:51:15] ✅ VPN 已连接
[2026-03-15 20:52:15] ✅ VPN 已连接
[2026-03-15 20:53:16] ✅ VPN 已连接
[2026-03-15 20:54:16] ✅ VPN 已连接
[2026-03-15 20:55:16] ✅ VPN 已连接
[2026-03-15 20:56:16] ✅ VPN 已连接
[2026-03-15 20:57:16] ✅ VPN 已连接
[2026-03-15 20:58:16] ✅ VPN 已连接
[2026-03-15 20:59:16] ✅ VPN 已连接
[2026-03-15 21:00:16] ✅ VPN 已连接
[2026-03-15 21:01:16] ✅ VPN 已连接
[2026-03-15 21:02:16] ✅ VPN 已连接
[2026-03-15 21:03:16] ✅ VPN 已连接
[2026-03-15 21:04:16] ✅ VPN 已连接
[2026-03-15 21:05:16] ✅ VPN 已连接
[2026-03-15 21:06:16] ✅ VPN 已连接
[2026-03-15 21:07:16] ✅ VPN 已连接
[2026-03-15 21:08:16] ✅ VPN 已连接
[2026-03-15 21:09:16] ✅ VPN 已连接
[2026-03-15 21:10:16] ✅ VPN 已连接
[2026-03-15 21:11:16] ✅ VPN 已连接
[2026-03-15 21:12:17] ✅ VPN 已连接
[2026-03-15 21:13:17] ✅ VPN 已连接
[2026-03-15 21:14:17] ✅ VPN 已连接
[2026-03-15 21:15:17] ✅ VPN 已连接
[2026-03-15 21:16:17] ✅ VPN 已连接
[2026-03-15 21:17:17] ✅ VPN 已连接
[2026-03-15 21:18:17] ✅ VPN 已连接
[2026-03-15 21:19:17] ✅ VPN 已连接
[2026-03-15 21:20:17] ✅ VPN 已连接
[2026-03-15 21:21:17] ✅ VPN 已连接
[2026-03-15 21:22:17] ✅ VPN 已连接
[2026-03-15 21:23:17] ✅ VPN 已连接
[2026-03-15 21:24:17] ✅ VPN 已连接
[2026-03-15 21:25:17] ✅ VPN 已连接
[2026-03-15 21:26:17] ✅ VPN 已连接
[2026-03-15 21:27:17] ✅ VPN 已连接
[2026-03-15 21:28:17] ✅ VPN 已连接
[2026-03-15 21:29:17] ✅ VPN 已连接
[2026-03-15 21:30:17] ✅ VPN 已连接
[2026-03-15 21:31:18] ✅ VPN 已连接
[2026-03-15 21:32:18] ✅ VPN 已连接
[2026-03-15 21:33:18] ✅ VPN 已连接
[2026-03-15 21:34:18] ✅ VPN 已连接
[2026-03-15 21:35:18] ✅ VPN 已连接
[2026-03-15 21:36:18] ✅ VPN 已连接
[2026-03-15 21:37:18] ✅ VPN 已连接
[2026-03-15 21:38:18] ✅ VPN 已连接
[2026-03-15 21:39:18] ✅ VPN 已连接
[2026-03-15 21:40:18] ✅ VPN 已连接
[2026-03-15 21:41:18] ✅ VPN 已连接
[2026-03-15 21:42:18] ✅ VPN 已连接
[2026-03-15 21:43:18] ✅ VPN 已连接
[2026-03-15 21:44:18] ✅ VPN 已连接
[2026-03-15 21:45:18] ✅ VPN 已连接
[2026-03-15 21:46:18] ✅ VPN 已连接
[2026-03-15 21:47:18] ✅ VPN 已连接
[2026-03-15 21:48:18] ✅ VPN 已连接
[2026-03-15 21:49:18] ❌ VPN 未连接，触发重连...
[2026-03-15 21:49:18] ========== VPN 重连开始 ==========
[2026-03-15 21:49:18] 尝试 1/3...
[2026-03-15 21:49:18] 启动 FortiClient GUI...
[2026-03-15 21:49:22] ❌ FortiClient GUI 启动失败
[2026-03-15 21:49:22] 重试 1 失败：无法启动 FortiClient
[2026-03-15 21:49:32] 尝试 2/3...
[2026-03-15 21:49:32] 启动 FortiClient GUI...
[2026-03-15 21:49:35] ❌ FortiClient GUI 启动失败
[2026-03-15 21:49:35] 重试 2 失败：无法启动 FortiClient
[2026-03-15 21:49:45] 尝试 3/3...
[2026-03-15 21:49:45] 启动 FortiClient GUI...
[2026-03-15 21:49:48] ❌ FortiClient GUI 启动失败
[2026-03-15 21:49:48] 重试 3 失败：无法启动 FortiClient
[2026-03-15 21:49:58] ❌ VPN 重连失败（已尝试 3 次）
[2026-03-15 21:49:58] ========== VPN 重连失败 ==========
[2026-03-15 21:50:58] ❌ VPN 未连接，触发重连...
[2026-03-15 21:50:58] ========== VPN 重连开始 ==========
[2026-03-15 21:50:58] 尝试 1/3...
[2026-03-15 21:50:58] 启动 FortiClient GUI...
[2026-03-15 21:50:58] FortiClient 已在运行，先关闭...
[2026-03-15 21:51:03] ❌ FortiClient GUI 启动失败
[2026-03-15 21:51:03] 重试 1 失败：无法启动 FortiClient
[2026-03-15 21:51:13] 尝试 2/3...
[2026-03-15 21:51:13] 启动 FortiClient GUI...
[2026-03-15 21:51:16] ❌ FortiClient GUI 启动失败
[2026-03-15 21:51:16] 重试 2 失败：无法启动 FortiClient
[2026-03-15 21:51:26] 尝试 3/3...
[2026-03-15 21:51:26] 启动 FortiClient GUI...
[2026-03-15 21:51:29] ❌ FortiClient GUI 启动失败
[2026-03-15 21:51:29] 重试 3 失败：无法启动 FortiClient
[2026-03-15 21:51:39] ❌ VPN 重连失败（已尝试 3 次）
[2026-03-15 21:51:39] ========== VPN 重连失败 ==========
[2026-03-15 21:52:39] ❌ VPN 未连接，触发重连...
[2026-03-15 21:52:39] ========== VPN 重连开始 ==========
[2026-03-15 21:52:39] 尝试 1/3...
[2026-03-15 21:52:39] 启动 FortiClient GUI...
[2026-03-15 21:52:42] ❌ FortiClient GUI 启动失败
[2026-03-15 21:52:42] 重试 1 失败：无法启动 FortiClient
[2026-03-15 21:52:52] 尝试 2/3...
[2026-03-15 21:52:52] 启动 FortiClient GUI...
[2026-03-15 21:52:55] ❌ FortiClient GUI 启动失败
[2026-03-15 21:52:55] 重试 2 失败：无法启动 FortiClient
[2026-03-15 21:53:05] 尝试 3/3...
[2026-03-15 21:53:05] 启动 FortiClient GUI...
[2026-03-15 21:53:08] ❌ FortiClient GUI 启动失败
[2026-03-15 21:53:08] 重试 3 失败：无法启动 FortiClient
[2026-03-15 21:53:18] ❌ VPN 重连失败（已尝试 3 次）
[2026-03-15 21:53:18] ========== VPN 重连失败 ==========
[2026-03-15 21:54:18] ✅ VPN 已连接
[2026-03-15 21:55:18] ✅ VPN 已连接
[2026-03-15 21:56:18] ✅ VPN 已连接
[2026-03-15 21:57:18] ✅ VPN 已连接
[2026-03-15 21:58:18] ✅ VPN 已连接
[2026-03-15 21:59:18] ✅ VPN 已连接
[2026-03-15 22:00:18] ✅ VPN 已连接
[2026-03-15 22:01:18] ✅ VPN 已连接
[2026-03-15 22:02:19] ✅ VPN 已连接
[2026-03-15 22:03:19] ✅ VPN 已连接
[2026-03-15 22:04:19] ✅ VPN 已连接
[2026-03-15 22:05:19] ✅ VPN 已连接
[2026-03-15 22:06:19] ✅ VPN 已连接
[2026-03-15 22:07:19] ✅ VPN 已连接
[2026-03-15 22:08:19] ✅ VPN 已连接
[2026-03-15 22:09:19] ✅ VPN 已连接
[2026-03-15 22:10:19] ✅ VPN 已连接
[2026-03-15 22:11:19] ✅ VPN 已连接
[2026-03-15 22:12:19] ✅ VPN 已连接
[2026-03-15 22:13:19] ✅ VPN 已连接
[2026-03-15 22:14:19] ✅ VPN 已连接
[2026-03-15 22:15:19] ✅ VPN 已连接
[2026-03-15 22:16:19] ✅ VPN 已连接
[2026-03-15 22:17:19] ✅ VPN 已连接
[2026-03-15 22:18:19] ✅ VPN 已连接
[2026-03-15 22:19:19] ✅ VPN 已连接
[2026-03-15 22:20:20] ✅ VPN 已连接
[2026-03-15 22:21:20] ✅ VPN 已连接
[2026-03-15 22:22:20] ✅ VPN 已连接
[2026-03-15 22:23:20] ✅ VPN 已连接
[2026-03-15 22:24:20] ✅ VPN 已连接
[2026-03-15 22:25:20] ✅ VPN 已连接
[2026-03-15 22:26:20] ✅ VPN 已连接
[2026-03-15 22:27:20] ✅ VPN 已连接
[2026-03-15 22:28:20] ✅ VPN 已连接
[2026-03-15 22:29:20] ✅ VPN 已连接
[2026-03-15 22:30:20] ✅ VPN 已连接
[2026-03-15 22:31:20] ✅ VPN 已连接
[2026-03-15 22:32:20] ✅ VPN 已连接
[2026-03-15 22:33:20] ✅ VPN 已连接
[2026-03-15 22:34:20] ✅ VPN 已连接
[2026-03-15 22:35:20] ✅ VPN 已连接
[2026-03-15 22:36:20] ✅ VPN 已连接
[2026-03-15 22:37:21] ✅ VPN 已连接
[2026-03-15 22:38:21] ✅ VPN 已连接
[2026-03-15 22:39:21] ✅ VPN 已连接
[2026-03-15 22:40:21] ✅ VPN 已连接
[2026-03-15 22:41:21] ✅ VPN 已连接
[2026-03-15 22:42:21] ✅ VPN 已连接
[2026-03-15 22:43:21] ✅ VPN 已连接
[2026-03-15 22:44:21] ✅ VPN 已连接
[2026-03-15 22:45:21] ✅ VPN 已连接
[2026-03-15 22:46:21] ✅ VPN 已连接
[2026-03-15 22:47:21] ✅ VPN 已连接
[2026-03-15 22:48:21] ✅ VPN 已连接
[2026-03-15 22:49:21] ✅ VPN 已连接
[2026-03-15 22:50:21] ✅ VPN 已连接
[2026-03-15 22:51:21] ✅ VPN 已连接
[2026-03-15 22:52:21] ✅ VPN 已连接
[2026-03-15 22:53:21] ✅ VPN 已连接
[2026-03-15 22:54:21] ✅ VPN 已连接
[2026-03-15 22:55:22] ✅ VPN 已连接
[2026-03-15 22:56:22] ✅ VPN 已连接
[2026-03-15 22:57:22] ✅ VPN 已连接
[2026-03-15 22:58:22] ✅ VPN 已连接
[2026-03-15 22:59:22] ✅ VPN 已连接
[2026-03-15 23:00:22] ✅ VPN 已连接
[2026-03-15 23:01:22] ✅ VPN 已连接
[2026-03-15 23:02:22] ✅ VPN 已连接
[2026-03-15 23:03:22] ✅ VPN 已连接
[2026-03-15 23:04:22] ✅ VPN 已连接
[2026-03-15 23:05:22] ✅ VPN 已连接
[2026-03-15 23:06:22] ✅ VPN 已连接
[2026-03-15 23:07:22] ✅ VPN 已连接
[2026-03-15 23:08:22] ✅ VPN 已连接
[2026-03-15 23:09:22] ✅ VPN 已连接
[2026-03-15 23:10:22] ✅ VPN 已连接
[2026-03-15 23:11:22] ✅ VPN 已连接
[2026-03-15 23:12:22] ✅ VPN 已连接
[2026-03-15 23:13:22] ✅ VPN 已连接
[2026-03-15 23:14:23] ✅ VPN 已连接
[2026-03-15 23:15:23] ✅ VPN 已连接
[2026-03-15 23:16:23] ✅ VPN 已连接
[2026-03-15 23:17:23] ✅ VPN 已连接
[2026-03-15 23:18:23] ✅ VPN 已连接
[2026-03-15 23:19:23] ✅ VPN 已连接
[2026-03-15 23:20:23] ✅ VPN 已连接
[2026-03-15 23:21:23] ✅ VPN 已连接
[2026-03-15 23:22:23] ✅ VPN 已连接
[2026-03-15 23:23:23] ✅ VPN 已连接
[2026-03-15 23:24:23] ✅ VPN 已连接
[2026-03-15 23:25:23] ✅ VPN 已连接
[2026-03-15 23:26:23] ✅ VPN 已连接
[2026-03-15 23:27:23] ✅ VPN 已连接
[2026-03-15 23:28:23] ✅ VPN 已连接
[2026-03-15 23:29:23] ✅ VPN 已连接
[2026-03-15 23:30:23] ✅ VPN 已连接
[2026-03-15 23:31:24] ✅ VPN 已连接
[2026-03-15 23:32:24] ✅ VPN 已连接
[2026-03-15 23:33:24] ✅ VPN 已连接
[2026-03-15 23:34:24] ✅ VPN 已连接
[2026-03-15 23:35:24] ✅ VPN 已连接
[2026-03-15 23:36:24] ✅ VPN 已连接
[2026-03-15 23:37:24] ✅ VPN 已连接
[2026-03-15 23:38:24] ✅ VPN 已连接
[2026-03-15 23:39:24] ✅ VPN 已连接
[2026-03-15 23:40:24] ✅ VPN 已连接
[2026-03-15 23:41:24] ✅ VPN 已连接
[2026-03-15 23:42:24] ✅ VPN 已连接
[2026-03-15 23:43:24] ✅ VPN 已连接
[2026-03-15 23:44:24] ✅ VPN 已连接
[2026-03-15 23:45:24] ✅ VPN 已连接
[2026-03-15 23:46:24] ✅ VPN 已连接
[2026-03-15 23:47:24] ✅ VPN 已连接
[2026-03-15 23:48:24] ✅ VPN 已连接
[2026-03-15 23:49:24] ✅ VPN 已连接
[2026-03-15 23:50:25] ✅ VPN 已连接
[2026-03-15 23:51:25] ✅ VPN 已连接
[2026-03-15 23:52:25] ✅ VPN 已连接
[2026-03-15 23:53:25] ✅ VPN 已连接
[2026-03-15 23:54:25] ✅ VPN 已连接
[2026-03-15 23:55:25] ✅ VPN 已连接
[2026-03-15 23:56:25] ✅ VPN 已连接
[2026-03-15 23:57:25] ✅ VPN 已连接
[2026-03-15 23:58:25] ✅ VPN 已连接
[2026-03-15 23:59:25] ✅ VPN 已连接
[2026-03-16 00:00:25] ✅ VPN 已连接
[2026-03-16 00:01:25] ✅ VPN 已连接
[2026-03-16 00:02:25] ✅ VPN 已连接
[2026-03-16 00:03:25] ✅ VPN 已连接
[2026-03-16 00:04:25] ✅ VPN 已连接
[2026-03-16 00:05:25] ✅ VPN 已连接
[2026-03-16 00:06:25] ✅ VPN 已连接
[2026-03-16 00:07:25] ✅ VPN 已连接
[2026-03-16 00:08:25] ✅ VPN 已连接
[2026-03-16 00:09:26] ✅ VPN 已连接
[2026-03-16 00:10:26] ✅ VPN 已连接
[2026-03-16 00:11:26] ✅ VPN 已连接
[2026-03-16 00:12:26] ✅ VPN 已连接
[2026-03-16 00:13:26] ✅ VPN 已连接
[2026-03-16 00:14:26] ✅ VPN 已连接
[2026-03-16 00:15:26] ✅ VPN 已连接
[2026-03-16 00:16:26] ✅ VPN 已连接
[2026-03-16 00:17:26] ✅ VPN 已连接
[2026-03-16 00:18:26] ✅ VPN 已连接
[2026-03-16 00:19:26] ✅ VPN 已连接
[2026-03-16 00:20:26] ✅ VPN 已连接
[2026-03-16 00:21:26] ✅ VPN 已连接
[2026-03-16 00:22:26] ✅ VPN 已连接
[2026-03-16 00:23:26] ✅ VPN 已连接
[2026-03-16 00:24:26] ✅ VPN 已连接
[2026-03-16 00:25:26] ✅ VPN 已连接
[2026-03-16 00:26:26] ✅ VPN 已连接
[2026-03-16 00:27:26] ✅ VPN 已连接
[2026-03-16 00:28:27] ✅ VPN 已连接
[2026-03-16 00:29:27] ✅ VPN 已连接
[2026-03-16 00:30:27] ✅ VPN 已连接
[2026-03-16 00:31:27] ✅ VPN 已连接
[2026-03-16 00:32:27] ✅ VPN 已连接
[2026-03-16 00:33:27] ✅ VPN 已连接
[2026-03-16 00:34:27] ✅ VPN 已连接
[2026-03-16 00:35:27] ✅ VPN 已连接
[2026-03-16 00:36:27] ✅ VPN 已连接
[2026-03-16 00:37:27] ✅ VPN 已连接
[2026-03-16 00:38:27] ✅ VPN 已连接
[2026-03-16 00:39:27] ✅ VPN 已连接
[2026-03-16 00:40:27] ✅ VPN 已连接
[2026-03-16 00:41:27] ✅ VPN 已连接
[2026-03-16 00:42:27] ✅ VPN 已连接
[2026-03-16 00:43:28] ✅ VPN 已连接
[2026-03-16 00:44:28] ✅ VPN 已连接
[2026-03-16 00:45:28] ✅ VPN 已连接
[2026-03-16 00:46:28] ✅ VPN 已连接
[2026-03-16 00:47:28] ✅ VPN 已连接
[2026-03-16 00:48:28] ✅ VPN 已连接
[2026-03-16 00:49:28] ✅ VPN 已连接
[2026-03-16 00:50:28] ✅ VPN 已连接
[2026-03-16 00:51:28] ✅ VPN 已连接
[2026-03-16 00:52:28] ✅ VPN 已连接
[2026-03-16 00:53:28] ✅ VPN 已连接
[2026-03-16 00:54:28] ✅ VPN 已连接
[2026-03-16 00:55:28] ✅ VPN 已连接
[2026-03-16 00:56:28] ✅ VPN 已连接
[2026-03-16 00:57:28] ✅ VPN 已连接
[2026-03-16 00:58:28] ✅ VPN 已连接
[2026-03-16 00:59:28] ✅ VPN 已连接
[2026-03-16 01:00:28] ✅ VPN 已连接
[2026-03-16 01:01:28] ✅ VPN 已连接
[2026-03-16 01:02:29] ✅ VPN 已连接
[2026-03-16 01:03:29] ✅ VPN 已连接
[2026-03-16 01:04:29] ✅ VPN 已连接
[2026-03-16 01:05:29] ✅ VPN 已连接
[2026-03-16 01:06:29] ✅ VPN 已连接
[2026-03-16 01:07:29] ✅ VPN 已连接
[2026-03-16 01:08:29] ✅ VPN 已连接
[2026-03-16 01:09:29] ✅ VPN 已连接
[2026-03-16 01:10:29] ✅ VPN 已连接
[2026-03-16 01:11:29] ✅ VPN 已连接
[2026-03-16 01:12:29] ✅ VPN 已连接
[2026-03-16 01:13:29] ✅ VPN 已连接
[2026-03-16 01:14:29] ✅ VPN 已连接
[2026-03-16 01:15:29] ✅ VPN 已连接
[2026-03-16 01:16:29] ✅ VPN 已连接
[2026-03-16 01:17:29] ✅ VPN 已连接
[2026-03-16 01:18:29] ✅ VPN 已连接
[2026-03-16 01:19:29] ✅ VPN 已连接
[2026-03-16 01:20:30] ✅ VPN 已连接
[2026-03-16 01:21:30] ✅ VPN 已连接
[2026-03-16 01:22:30] ✅ VPN 已连接
[2026-03-16 01:23:30] ✅ VPN 已连接
[2026-03-16 01:24:30] ✅ VPN 已连接
[2026-03-16 01:25:30] ✅ VPN 已连接
[2026-03-16 01:26:30] ✅ VPN 已连接
[2026-03-16 01:27:30] ✅ VPN 已连接
[2026-03-16 01:28:30] ✅ VPN 已连接
[2026-03-16 01:29:30] ✅ VPN 已连接
[2026-03-16 01:30:30] ✅ VPN 已连接
[2026-03-16 01:31:30] ✅ VPN 已连接
[2026-03-16 01:32:30] ✅ VPN 已连接
[2026-03-16 01:33:30] ✅ VPN 已连接
[2026-03-16 01:34:30] ✅ VPN 已连接
[2026-03-16 01:35:30] ✅ VPN 已连接
[2026-03-16 01:36:30] ✅ VPN 已连接
[2026-03-16 01:37:30] ✅ VPN 已连接
[2026-03-16 01:38:30] ✅ VPN 已连接
[2026-03-16 01:39:31] ✅ VPN 已连接
[2026-03-16 01:40:31] ✅ VPN 已连接
[2026-03-16 01:41:31] ✅ VPN 已连接
[2026-03-16 01:42:31] ✅ VPN 已连接
[2026-03-16 01:43:31] ✅ VPN 已连接
[2026-03-16 01:44:31] ✅ VPN 已连接
[2026-03-16 01:45:31] ✅ VPN 已连接
[2026-03-16 01:46:31] ✅ VPN 已连接
[2026-03-16 01:47:31] ✅ VPN 已连接
[2026-03-16 01:48:31] ✅ VPN 已连接
[2026-03-16 01:49:31] ✅ VPN 已连接
[2026-03-16 01:50:31] ✅ VPN 已连接
[2026-03-16 01:51:31] ✅ VPN 已连接
[2026-03-16 01:52:31] ✅ VPN 已连接
[2026-03-16 01:53:31] ✅ VPN 已连接
[2026-03-16 01:54:31] ✅ VPN 已连接
[2026-03-16 01:55:31] ✅ VPN 已连接
[2026-03-16 01:56:32] ✅ VPN 已连接
[2026-03-16 01:57:32] ✅ VPN 已连接
[2026-03-16 01:58:32] ✅ VPN 已连接
[2026-03-16 01:59:32] ✅ VPN 已连接
[2026-03-16 02:00:32] ✅ VPN 已连接
[2026-03-16 02:01:32] ✅ VPN 已连接
[2026-03-16 02:02:32] ✅ VPN 已连接
[2026-03-16 02:03:32] ✅ VPN 已连接
[2026-03-16 02:04:32] ✅ VPN 已连接
[2026-03-16 02:05:32] ✅ VPN 已连接
[2026-03-16 02:06:32] ✅ VPN 已连接
[2026-03-16 02:07:32] ✅ VPN 已连接
[2026-03-16 02:08:32] ✅ VPN 已连接
[2026-03-16 02:09:32] ✅ VPN 已连接
[2026-03-16 02:10:32] ✅ VPN 已连接
[2026-03-16 02:11:32] ✅ VPN 已连接
[2026-03-16 02:12:32] ✅ VPN 已连接
[2026-03-16 02:13:32] ✅ VPN 已连接
[2026-03-16 02:14:33] ✅ VPN 已连接
[2026-03-16 02:15:33] ✅ VPN 已连接
[2026-03-16 02:16:33] ✅ VPN 已连接
[2026-03-16 02:17:33] ✅ VPN 已连接
[2026-03-16 02:18:33] ✅ VPN 已连接
[2026-03-16 02:19:33] ✅ VPN 已连接
[2026-03-16 02:20:33] ✅ VPN 已连接
[2026-03-16 02:21:33] ✅ VPN 已连接
[2026-03-16 02:22:33] ✅ VPN 已连接
[2026-03-16 02:23:33] ✅ VPN 已连接
[2026-03-16 02:24:33] ✅ VPN 已连接
[2026-03-16 02:25:33] ✅ VPN 已连接
[2026-03-16 02:26:33] ✅ VPN 已连接
[2026-03-16 02:27:33] ✅ VPN 已连接
[2026-03-16 02:28:33] ✅ VPN 已连接
[2026-03-16 02:29:33] ✅ VPN 已连接
[2026-03-16 02:30:33] ✅ VPN 已连接
[2026-03-16 02:31:33] ✅ VPN 已连接
[2026-03-16 02:32:33] ✅ VPN 已连接
[2026-03-16 02:33:33] ✅ VPN 已连接
[2026-03-16 02:34:34] ✅ VPN 已连接
[2026-03-16 02:35:34] ✅ VPN 已连接
[2026-03-16 02:36:34] ✅ VPN 已连接
[2026-03-16 02:37:34] ✅ VPN 已连接
[2026-03-16 02:38:34] ✅ VPN 已连接
[2026-03-16 02:39:34] ✅ VPN 已连接
[2026-03-16 02:40:34] ✅ VPN 已连接
[2026-03-16 02:41:34] ✅ VPN 已连接
[2026-03-16 02:42:34] ✅ VPN 已连接
[2026-03-16 02:43:34] ✅ VPN 已连接
[2026-03-16 02:44:34] ✅ VPN 已连接
[2026-03-16 02:45:34] ✅ VPN 已连接
[2026-03-16 02:46:34] ✅ VPN 已连接
[2026-03-16 02:47:34] ✅ VPN 已连接
[2026-03-16 02:48:34] ✅ VPN 已连接
[2026-03-16 02:49:34] ✅ VPN 已连接
[2026-03-16 02:50:34] ✅ VPN 已连接
[2026-03-16 02:51:35] ✅ VPN 已连接
[2026-03-16 02:52:35] ✅ VPN 已连接
[2026-03-16 02:53:35] ✅ VPN 已连接
[2026-03-16 02:54:35] ✅ VPN 已连接
[2026-03-16 02:55:35] ✅ VPN 已连接
[2026-03-16 02:56:35] ✅ VPN 已连接
[2026-03-16 02:57:35] ✅ VPN 已连接
[2026-03-16 02:58:35] ✅ VPN 已连接
[2026-03-16 02:59:35] ✅ VPN 已连接
[2026-03-16 03:00:35] ✅ VPN 已连接
[2026-03-16 03:01:35] ✅ VPN 已连接
[2026-03-16 03:02:35] ✅ VPN 已连接
[2026-03-16 03:03:35] ✅ VPN 已连接
[2026-03-16 03:04:35] ✅ VPN 已连接
[2026-03-16 03:05:35] ✅ VPN 已连接
[2026-03-16 03:06:35] ✅ VPN 已连接
[2026-03-16 03:07:35] ✅ VPN 已连接
[2026-03-16 03:08:35] ✅ VPN 已连接
[2026-03-16 03:09:36] ✅ VPN 已连接
[2026-03-16 03:10:36] ✅ VPN 已连接
[2026-03-16 03:11:36] ✅ VPN 已连接
[2026-03-16 03:12:36] ✅ VPN 已连接
[2026-03-16 03:13:36] ✅ VPN 已连接
[2026-03-16 03:14:36] ✅ VPN 已连接
[2026-03-16 03:15:36] ✅ VPN 已连接
[2026-03-16 03:16:36] ✅ VPN 已连接
[2026-03-16 03:17:36] ✅ VPN 已连接
[2026-03-16 03:18:36] ✅ VPN 已连接
[2026-03-16 03:19:36] ✅ VPN 已连接
[2026-03-16 03:20:36] ✅ VPN 已连接
[2026-03-16 03:21:36] ✅ VPN 已连接
[2026-03-16 03:22:36] ✅ VPN 已连接
[2026-03-16 03:23:36] ✅ VPN 已连接
[2026-03-16 03:24:36] ✅ VPN 已连接
[2026-03-16 03:25:36] ✅ VPN 已连接
[2026-03-16 03:26:37] ✅ VPN 已连接
[2026-03-16 03:27:37] ✅ VPN 已连接
[2026-03-16 03:28:37] ✅ VPN 已连接
[2026-03-16 03:29:37] ✅ VPN 已连接
[2026-03-16 03:30:37] ✅ VPN 已连接
[2026-03-16 03:31:37] ✅ VPN 已连接
[2026-03-16 03:32:37] ✅ VPN 已连接
[2026-03-16 03:33:37] ✅ VPN 已连接
[2026-03-16 03:34:37] ✅ VPN 已连接
[2026-03-16 03:35:37] ✅ VPN 已连接
[2026-03-16 03:36:37] ✅ VPN 已连接
[2026-03-16 03:37:37] ✅ VPN 已连接
[2026-03-16 03:38:37] ✅ VPN 已连接
[2026-03-16 03:39:37] ✅ VPN 已连接
[2026-03-16 03:40:37] ✅ VPN 已连接
[2026-03-16 03:41:37] ✅ VPN 已连接
[2026-03-16 03:42:37] ✅ VPN 已连接
[2026-03-16 03:43:37] ✅ VPN 已连接
[2026-03-16 03:44:38] ✅ VPN 已连接
[2026-03-16 03:45:38] ✅ VPN 已连接
[2026-03-16 03:46:38] ✅ VPN 已连接
[2026-03-16 03:47:38] ✅ VPN 已连接
[2026-03-16 03:48:38] ✅ VPN 已连接
[2026-03-16 03:49:38] ✅ VPN 已连接
[2026-03-16 03:50:38] ✅ VPN 已连接
[2026-03-16 03:51:38] ✅ VPN 已连接
[2026-03-16 03:52:38] ✅ VPN 已连接
[2026-03-16 03:53:38] ✅ VPN 已连接
[2026-03-16 03:54:38] ✅ VPN 已连接
[2026-03-16 03:55:38] ✅ VPN 已连接
[2026-03-16 03:56:38] ✅ VPN 已连接
[2026-03-16 03:57:38] ✅ VPN 已连接
[2026-03-16 03:58:38] ✅ VPN 已连接
[2026-03-16 03:59:38] ✅ VPN 已连接
[2026-03-16 04:00:38] ✅ VPN 已连接
[2026-03-16 04:01:38] ✅ VPN 已连接
[2026-03-16 04:02:38] ✅ VPN 已连接
[2026-03-16 04:03:39] ✅ VPN 已连接
[2026-03-16 04:04:39] ✅ VPN 已连接
[2026-03-16 04:05:39] ✅ VPN 已连接
[2026-03-16 04:06:39] ✅ VPN 已连接
[2026-03-16 04:07:39] ✅ VPN 已连接
[2026-03-16 04:08:39] ✅ VPN 已连接
[2026-03-16 04:09:39] ✅ VPN 已连接
[2026-03-16 04:10:39] ✅ VPN 已连接
[2026-03-16 04:11:39] ✅ VPN 已连接
[2026-03-16 04:12:39] ✅ VPN 已连接
[2026-03-16 04:13:39] ✅ VPN 已连接
[2026-03-16 04:14:39] ✅ VPN 已连接
[2026-03-16 04:15:39] ✅ VPN 已连接
[2026-03-16 04:16:39] ✅ VPN 已连接
[2026-03-16 04:17:39] ✅ VPN 已连接
[2026-03-16 04:18:39] ✅ VPN 已连接
[2026-03-16 04:19:39] ✅ VPN 已连接
[2026-03-16 04:20:39] ✅ VPN 已连接
[2026-03-16 04:21:39] ✅ VPN 已连接
[2026-03-16 04:22:40] ✅ VPN 已连接
[2026-03-16 04:23:40] ✅ VPN 已连接
[2026-03-16 04:24:40] ✅ VPN 已连接
[2026-03-16 04:25:40] ✅ VPN 已连接
[2026-03-16 04:26:40] ✅ VPN 已连接
[2026-03-16 04:27:40] ✅ VPN 已连接
[2026-03-16 04:28:40] ✅ VPN 已连接
[2026-03-16 04:29:40] ✅ VPN 已连接
[2026-03-16 04:30:40] ✅ VPN 已连接
[2026-03-16 04:31:40] ✅ VPN 已连接
[2026-03-16 04:32:40] ✅ VPN 已连接
[2026-03-16 04:33:40] ✅ VPN 已连接
[2026-03-16 04:34:40] ✅ VPN 已连接
[2026-03-16 04:35:40] ✅ VPN 已连接
[2026-03-16 04:36:40] ✅ VPN 已连接
[2026-03-16 04:37:40] ✅ VPN 已连接
[2026-03-16 04:38:40] ✅ VPN 已连接
[2026-03-16 04:39:40] ✅ VPN 已连接
[2026-03-16 04:40:40] ✅ VPN 已连接
[2026-03-16 04:41:41] ✅ VPN 已连接
[2026-03-16 04:42:41] ✅ VPN 已连接
[2026-03-16 04:43:41] ✅ VPN 已连接
[2026-03-16 04:44:41] ✅ VPN 已连接
[2026-03-16 04:45:41] ✅ VPN 已连接
[2026-03-16 04:46:41] ✅ VPN 已连接
[2026-03-16 04:47:41] ✅ VPN 已连接
[2026-03-16 04:48:41] ✅ VPN 已连接
[2026-03-16 04:49:41] ✅ VPN 已连接
[2026-03-16 04:50:41] ✅ VPN 已连接
[2026-03-16 04:51:41] ✅ VPN 已连接
[2026-03-16 04:52:41] ✅ VPN 已连接
[2026-03-16 04:53:41] ✅ VPN 已连接
[2026-03-16 04:54:41] ✅ VPN 已连接
[2026-03-16 04:55:41] ✅ VPN 已连接
[2026-03-16 04:56:41] ✅ VPN 已连接
[2026-03-16 04:57:41] ✅ VPN 已连接
[2026-03-16 04:58:41] ✅ VPN 已连接
[2026-03-16 04:59:42] ✅ VPN 已连接
[2026-03-16 05:00:42] ✅ VPN 已连接
[2026-03-16 05:01:42] ✅ VPN 已连接
[2026-03-16 05:02:42] ✅ VPN 已连接
[2026-03-16 05:03:42] ✅ VPN 已连接
[2026-03-16 05:04:42] ✅ VPN 已连接
[2026-03-16 05:05:42] ✅ VPN 已连接
[2026-03-16 05:06:42] ✅ VPN 已连接
[2026-03-16 05:07:42] ✅ VPN 已连接
[2026-03-16 05:08:42] ✅ VPN 已连接
[2026-03-16 05:09:42] ✅ VPN 已连接
[2026-03-16 05:10:42] ✅ VPN 已连接
[2026-03-16 05:11:42] ✅ VPN 已连接
[2026-03-16 05:12:42] ✅ VPN 已连接
[2026-03-16 05:13:42] ✅ VPN 已连接
[2026-03-16 05:14:42] ✅ VPN 已连接
[2026-03-16 05:15:42] ✅ VPN 已连接
[2026-03-16 05:16:42] ✅ VPN 已连接
[2026-03-16 05:17:43] ✅ VPN 已连接
[2026-03-16 05:18:43] ✅ VPN 已连接
[2026-03-16 05:19:43] ✅ VPN 已连接
[2026-03-16 05:20:43] ✅ VPN 已连接
[2026-03-16 05:21:43] ✅ VPN 已连接
[2026-03-16 05:22:43] ✅ VPN 已连接
[2026-03-16 05:23:43] ✅ VPN 已连接
[2026-03-16 05:24:43] ✅ VPN 已连接
[2026-03-16 05:25:43] ✅ VPN 已连接
[2026-03-16 05:26:43] ✅ VPN 已连接
[2026-03-16 05:27:43] ✅ VPN 已连接
[2026-03-16 05:28:43] ✅ VPN 已连接
[2026-03-16 05:29:43] ✅ VPN 已连接
[2026-03-16 05:30:43] ✅ VPN 已连接
[2026-03-16 05:31:43] ✅ VPN 已连接
[2026-03-16 05:32:43] ✅ VPN 已连接
[2026-03-16 05:33:43] ✅ VPN 已连接
[2026-03-16 05:34:44] ✅ VPN 已连接
[2026-03-16 05:35:44] ✅ VPN 已连接
[2026-03-16 05:36:44] ✅ VPN 已连接
[2026-03-16 05:37:44] ✅ VPN 已连接
[2026-03-16 05:38:44] ✅ VPN 已连接
[2026-03-16 05:39:44] ✅ VPN 已连接
[2026-03-16 05:40:44] ✅ VPN 已连接
[2026-03-16 05:41:44] ✅ VPN 已连接
[2026-03-16 05:42:44] ✅ VPN 已连接
[2026-03-16 05:43:44] ✅ VPN 已连接
[2026-03-16 05:44:44] ✅ VPN 已连接
[2026-03-16 05:45:44] ✅ VPN 已连接
[2026-03-16 05:46:44] ✅ VPN 已连接
[2026-03-16 05:47:44] ✅ VPN 已连接
[2026-03-16 05:48:44] ✅ VPN 已连接
[2026-03-16 05:49:44] ✅ VPN 已连接
[2026-03-16 05:50:44] ✅ VPN 已连接
[2026-03-16 05:51:44] ✅ VPN 已连接
[2026-03-16 05:52:45] ✅ VPN 已连接
[2026-03-16 05:53:45] ✅ VPN 已连接
[2026-03-16 05:54:45] ❌ VPN 未连接，触发重连...
[2026-03-16 05:54:45] ========== VPN 重连开始 ==========
[2026-03-16 05:54:45] 尝试 1/3...
[2026-03-16 05:54:45] 启动 FortiClient GUI...
[2026-03-16 05:54:48] ❌ FortiClient GUI 启动失败
[2026-03-16 05:54:48] 重试 1 失败：无法启动 FortiClient
[2026-03-16 05:54:58] 尝试 2/3...
[2026-03-16 05:54:58] 启动 FortiClient GUI...
[2026-03-16 05:55:01] ❌ FortiClient GUI 启动失败
[2026-03-16 05:55:01] 重试 2 失败：无法启动 FortiClient
[2026-03-16 05:55:11] 尝试 3/3...
[2026-03-16 05:55:11] 启动 FortiClient GUI...
[2026-03-16 05:55:14] ❌ FortiClient GUI 启动失败
[2026-03-16 05:55:14] 重试 3 失败：无法启动 FortiClient
[2026-03-16 05:55:24] ❌ VPN 重连失败（已尝试 3 次）
[2026-03-16 05:55:24] ========== VPN 重连失败 ==========
[2026-03-16 05:56:24] ❌ VPN 未连接，触发重连...
[2026-03-16 05:56:24] ========== VPN 重连开始 ==========
[2026-03-16 05:56:24] 尝试 1/3...
[2026-03-16 05:56:24] 启动 FortiClient GUI...
[2026-03-16 05:56:24] FortiClient 已在运行，先关闭...
[2026-03-16 05:56:29] ❌ FortiClient GUI 启动失败
[2026-03-16 05:56:29] 重试 1 失败：无法启动 FortiClient
[2026-03-16 05:56:39] 尝试 2/3...
[2026-03-16 05:56:39] 启动 FortiClient GUI...
[2026-03-16 05:56:42] ❌ FortiClient GUI 启动失败
[2026-03-16 05:56:42] 重试 2 失败：无法启动 FortiClient
[2026-03-16 05:56:52] 尝试 3/3...
[2026-03-16 05:56:52] 启动 FortiClient GUI...
[2026-03-16 05:56:55] ❌ FortiClient GUI 启动失败
[2026-03-16 05:56:55] 重试 3 失败：无法启动 FortiClient
[2026-03-16 05:57:05] ❌ VPN 重连失败（已尝试 3 次）
[2026-03-16 05:57:05] ========== VPN 重连失败 ==========
[2026-03-16 05:58:05] ❌ VPN 未连接，触发重连...
[2026-03-16 05:58:05] ========== VPN 重连开始 ==========
[2026-03-16 05:58:05] 尝试 1/3...
[2026-03-16 05:58:05] 启动 FortiClient GUI...
[2026-03-16 05:58:08] ❌ FortiClient GUI 启动失败
[2026-03-16 05:58:08] 重试 1 失败：无法启动 FortiClient
[2026-03-16 05:58:18] 尝试 2/3...
[2026-03-16 05:58:18] 启动 FortiClient GUI...
[2026-03-16 05:58:21] ❌ FortiClient GUI 启动失败
[2026-03-16 05:58:21] 重试 2 失败：无法启动 FortiClient
[2026-03-16 05:58:31] 尝试 3/3...
[2026-03-16 05:58:31] 启动 FortiClient GUI...
[2026-03-16 05:58:34] ❌ FortiClient GUI 启动失败
[2026-03-16 05:58:34] 重试 3 失败：无法启动 FortiClient
[2026-03-16 05:58:44] ❌ VPN 重连失败（已尝试 3 次）
[2026-03-16 05:58:44] ========== VPN 重连失败 ==========
[2026-03-16 05:59:44] ✅ VPN 已连接
[2026-03-16 06:00:44] ✅ VPN 已连接
[2026-03-16 06:01:44] ✅ VPN 已连接
[2026-03-16 06:02:45] ✅ VPN 已连接
[2026-03-16 06:03:45] ✅ VPN 已连接
[2026-03-16 06:04:45] ✅ VPN 已连接
[2026-03-16 06:05:45] ✅ VPN 已连接
[2026-03-16 06:06:45] ✅ VPN 已连接
[2026-03-16 06:07:45] ✅ VPN 已连接
[2026-03-16 06:08:45] ✅ VPN 已连接
[2026-03-16 06:09:45] ✅ VPN 已连接
[2026-03-16 06:10:45] ✅ VPN 已连接
[2026-03-16 06:11:45] ✅ VPN 已连接
[2026-03-16 06:12:45] ✅ VPN 已连接
[2026-03-16 06:13:45] ✅ VPN 已连接
[2026-03-16 06:14:45] ✅ VPN 已连接
[2026-03-16 06:15:45] ✅ VPN 已连接
[2026-03-16 06:16:45] ✅ VPN 已连接
[2026-03-16 06:17:45] ✅ VPN 已连接
[2026-03-16 06:18:45] ✅ VPN 已连接
[2026-03-16 06:19:45] ✅ VPN 已连接
[2026-03-16 06:20:46] ✅ VPN 已连接
[2026-03-16 06:21:46] ✅ VPN 已连接
[2026-03-16 06:22:46] ✅ VPN 已连接
[2026-03-16 06:23:46] ✅ VPN 已连接
[2026-03-16 06:24:46] ✅ VPN 已连接
[2026-03-16 06:25:46] ✅ VPN 已连接
[2026-03-16 06:26:46] ✅ VPN 已连接
[2026-03-16 06:27:46] ✅ VPN 已连接
[2026-03-16 06:28:46] ✅ VPN 已连接
[2026-03-16 06:29:46] ✅ VPN 已连接
[2026-03-16 06:30:46] ✅ VPN 已连接
[2026-03-16 06:31:46] ✅ VPN 已连接
[2026-03-16 06:32:46] ✅ VPN 已连接
[2026-03-16 06:33:46] ✅ VPN 已连接
[2026-03-16 06:34:46] ✅ VPN 已连接
[2026-03-16 06:35:46] ✅ VPN 已连接
[2026-03-16 06:36:46] ✅ VPN 已连接
[2026-03-16 06:37:46] ✅ VPN 已连接
[2026-03-16 06:38:46] ✅ VPN 已连接
[2026-03-16 06:39:46] ✅ VPN 已连接
[2026-03-16 06:40:47] ✅ VPN 已连接
[2026-03-16 06:41:47] ✅ VPN 已连接
[2026-03-16 06:42:47] ✅ VPN 已连接
[2026-03-16 06:43:47] ✅ VPN 已连接
[2026-03-16 06:44:47] ✅ VPN 已连接
[2026-03-16 06:45:47] ✅ VPN 已连接
[2026-03-16 06:46:47] ✅ VPN 已连接
[2026-03-16 06:47:47] ✅ VPN 已连接
[2026-03-16 06:48:47] ✅ VPN 已连接
[2026-03-16 06:49:47] ✅ VPN 已连接
[2026-03-16 06:50:47] ✅ VPN 已连接
[2026-03-16 06:51:47] ✅ VPN 已连接
[2026-03-16 06:52:47] ✅ VPN 已连接
[2026-03-16 06:53:47] ✅ VPN 已连接
[2026-03-16 06:54:47] ✅ VPN 已连接
[2026-03-16 06:55:47] ✅ VPN 已连接
[2026-03-16 06:56:47] ✅ VPN 已连接
[2026-03-16 06:57:48] ✅ VPN 已连接
[2026-03-16 06:58:48] ✅ VPN 已连接
[2026-03-16 06:59:48] ✅ VPN 已连接
[2026-03-16 07:00:48] ✅ VPN 已连接
[2026-03-16 07:01:48] ✅ VPN 已连接
[2026-03-16 07:02:48] ✅ VPN 已连接
[2026-03-16 07:03:48] ✅ VPN 已连接
[2026-03-16 07:04:48] ✅ VPN 已连接
[2026-03-16 07:05:48] ✅ VPN 已连接
[2026-03-16 07:06:48] ✅ VPN 已连接
[2026-03-16 07:07:48] ✅ VPN 已连接
[2026-03-16 07:08:48] ✅ VPN 已连接
[2026-03-16 07:09:48] ✅ VPN 已连接
[2026-03-16 07:10:48] ✅ VPN 已连接
[2026-03-16 07:11:48] ✅ VPN 已连接
[2026-03-16 07:12:48] ✅ VPN 已连接
[2026-03-16 07:13:48] ✅ VPN 已连接
[2026-03-16 07:14:48] ✅ VPN 已连接
[2026-03-16 07:15:48] ✅ VPN 已连接
[2026-03-16 07:16:49] ✅ VPN 已连接
[2026-03-16 07:17:49] ✅ VPN 已连接
[2026-03-16 07:18:49] ✅ VPN 已连接
[2026-03-16 07:19:49] ✅ VPN 已连接
[2026-03-16 07:20:49] ✅ VPN 已连接
[2026-03-16 07:21:49] ✅ VPN 已连接
[2026-03-16 07:22:49] ✅ VPN 已连接
[2026-03-16 07:23:49] ✅ VPN 已连接
[2026-03-16 07:24:49] ✅ VPN 已连接
[2026-03-16 07:25:49] ✅ VPN 已连接
[2026-03-16 07:26:49] ✅ VPN 已连接
[2026-03-16 07:27:49] ✅ VPN 已连接
[2026-03-16 07:28:49] ✅ VPN 已连接
[2026-03-16 07:29:49] ✅ VPN 已连接
[2026-03-16 07:30:49] ✅ VPN 已连接
[2026-03-16 07:31:49] ✅ VPN 已连接
[2026-03-16 07:32:49] ✅ VPN 已连接
[2026-03-16 07:33:49] ✅ VPN 已连接
[2026-03-16 07:34:50] ✅ VPN 已连接
[2026-03-16 07:35:50] ✅ VPN 已连接
[2026-03-16 07:36:50] ✅ VPN 已连接
[2026-03-16 07:37:50] ✅ VPN 已连接
[2026-03-16 07:38:50] ✅ VPN 已连接
[2026-03-16 07:39:50] ✅ VPN 已连接
[2026-03-16 07:40:50] ✅ VPN 已连接
[2026-03-16 07:41:50] ✅ VPN 已连接
[2026-03-16 07:42:50] ✅ VPN 已连接
[2026-03-16 07:43:50] ✅ VPN 已连接
[2026-03-16 07:44:50] ✅ VPN 已连接
[2026-03-16 07:45:50] ✅ VPN 已连接
[2026-03-16 07:46:50] ✅ VPN 已连接
[2026-03-16 07:47:50] ✅ VPN 已连接
[2026-03-16 07:48:50] ✅ VPN 已连接
[2026-03-16 07:49:50] ✅ VPN 已连接
[2026-03-16 07:50:50] ✅ VPN 已连接
[2026-03-16 07:51:50] ✅ VPN 已连接
[2026-03-16 07:52:50] ✅ VPN 已连接
[2026-03-16 07:53:51] ✅ VPN 已连接
[2026-03-16 07:54:51] ✅ VPN 已连接
[2026-03-16 07:55:51] ✅ VPN 已连接
[2026-03-16 07:56:51] ✅ VPN 已连接
[2026-03-16 07:57:51] ✅ VPN 已连接
[2026-03-16 07:58:51] ✅ VPN 已连接
[2026-03-16 07:59:51] ✅ VPN 已连接
[2026-03-16 08:00:51] ✅ VPN 已连接
[2026-03-16 08:01:51] ✅ VPN 已连接
[2026-03-16 08:02:51] ✅ VPN 已连接
[2026-03-16 08:03:51] ✅ VPN 已连接
[2026-03-16 08:04:51] ✅ VPN 已连接
[2026-03-16 08:05:51] ✅ VPN 已连接
[2026-03-16 08:06:51] ✅ VPN 已连接
[2026-03-16 08:07:51] ✅ VPN 已连接
[2026-03-16 08:08:51] ✅ VPN 已连接
[2026-03-16 08:09:51] ✅ VPN 已连接
[2026-03-16 08:10:51] ✅ VPN 已连接
[2026-03-16 08:11:51] ✅ VPN 已连接
[2026-03-16 08:12:51] ✅ VPN 已连接
[2026-03-16 08:13:52] ✅ VPN 已连接
[2026-03-16 08:14:52] ✅ VPN 已连接
[2026-03-16 08:15:52] ✅ VPN 已连接
[2026-03-16 08:16:52] ✅ VPN 已连接
[2026-03-16 08:17:52] ✅ VPN 已连接
[2026-03-16 08:18:52] ✅ VPN 已连接
[2026-03-16 08:19:52] ✅ VPN 已连接
[2026-03-16 08:20:52] ✅ VPN 已连接
[2026-03-16 08:21:52] ✅ VPN 已连接
[2026-03-16 08:22:52] ✅ VPN 已连接
[2026-03-16 08:23:52] ✅ VPN 已连接
[2026-03-16 08:24:52] ✅ VPN 已连接
[2026-03-16 08:25:52] ✅ VPN 已连接
[2026-03-16 08:26:52] ✅ VPN 已连接
[2026-03-16 08:27:52] ✅ VPN 已连接
[2026-03-16 08:28:52] ✅ VPN 已连接
[2026-03-16 08:29:52] ✅ VPN 已连接
[2026-03-16 08:30:52] ✅ VPN 已连接
[2026-03-16 08:31:52] ✅ VPN 已连接
[2026-03-16 08:32:53] ✅ VPN 已连接
[2026-03-16 08:33:53] ✅ VPN 已连接
[2026-03-16 08:34:53] ✅ VPN 已连接
[2026-03-16 08:35:53] ✅ VPN 已连接
[2026-03-16 08:36:53] ✅ VPN 已连接
[2026-03-16 08:37:53] ✅ VPN 已连接
[2026-03-16 08:38:53] ✅ VPN 已连接
[2026-03-16 08:39:53] ✅ VPN 已连接
[2026-03-16 08:40:53] ✅ VPN 已连接
[2026-03-16 08:41:53] ✅ VPN 已连接
[2026-03-16 08:42:53] ✅ VPN 已连接
[2026-03-16 08:43:53] ✅ VPN 已连接
[2026-03-16 08:44:53] ✅ VPN 已连接
[2026-03-16 08:45:53] ✅ VPN 已连接
[2026-03-16 08:46:53] ✅ VPN 已连接
[2026-03-16 08:47:53] ✅ VPN 已连接
[2026-03-16 08:48:54] ✅ VPN 已连接
[2026-03-16 08:49:54] ✅ VPN 已连接
[2026-03-16 08:50:54] ✅ VPN 已连接
[2026-03-16 08:51:54] ✅ VPN 已连接
[2026-03-16 08:52:54] ✅ VPN 已连接
[2026-03-16 08:53:54] ✅ VPN 已连接
[2026-03-16 08:54:54] ✅ VPN 已连接
[2026-03-16 08:55:54] ✅ VPN 已连接
[2026-03-16 08:56:54] ✅ VPN 已连接
[2026-03-16 08:57:54] ✅ VPN 已连接
[2026-03-16 08:58:54] ✅ VPN 已连接
[2026-03-16 08:59:54] ✅ VPN 已连接
[2026-03-16 09:00:54] ✅ VPN 已连接
[2026-03-16 09:01:54] ✅ VPN 已连接
[2026-03-16 09:02:54] ✅ VPN 已连接
[2026-03-16 09:03:54] ✅ VPN 已连接
[2026-03-16 09:04:55] ✅ VPN 已连接
[2026-03-16 09:05:55] ✅ VPN 已连接
[2026-03-16 09:06:55] ✅ VPN 已连接
[2026-03-16 09:07:55] ✅ VPN 已连接
[2026-03-16 09:08:55] ✅ VPN 已连接
[2026-03-16 09:09:55] ✅ VPN 已连接
[2026-03-16 09:10:55] ✅ VPN 已连接
[2026-03-16 09:11:55] ✅ VPN 已连接
[2026-03-16 09:12:55] ✅ VPN 已连接
[2026-03-16 09:13:55] ✅ VPN 已连接
[2026-03-16 09:14:55] ✅ VPN 已连接
[2026-03-16 09:15:56] ✅ VPN 已连接
[2026-03-16 09:16:56] ✅ VPN 已连接
[2026-03-16 09:17:56] ✅ VPN 已连接
[2026-03-16 09:18:56] ✅ VPN 已连接
[2026-03-16 09:19:56] ✅ VPN 已连接
[2026-03-16 09:20:56] ✅ VPN 已连接
[2026-03-16 09:21:56] ✅ VPN 已连接
[2026-03-16 09:22:56] ✅ VPN 已连接
[2026-03-16 09:23:56] ✅ VPN 已连接
[2026-03-16 09:24:56] ✅ VPN 已连接
[2026-03-16 09:25:56] ✅ VPN 已连接
[2026-03-16 09:26:56] ✅ VPN 已连接
[2026-03-16 09:27:57] ✅ VPN 已连接
[2026-03-16 09:28:57] ✅ VPN 已连接
[2026-03-16 09:29:57] ✅ VPN 已连接
[2026-03-16 09:30:57] ✅ VPN 已连接
[2026-03-16 09:31:57] ✅ VPN 已连接
[2026-03-16 09:32:57] ✅ VPN 已连接
[2026-03-16 09:33:57] ✅ VPN 已连接
[2026-03-16 09:34:57] ✅ VPN 已连接
[2026-03-16 09:35:57] ✅ VPN 已连接
[2026-03-16 09:36:57] ✅ VPN 已连接
[2026-03-16 09:37:57] ✅ VPN 已连接
[2026-03-16 09:38:57] ✅ VPN 已连接
[2026-03-16 09:39:57] ✅ VPN 已连接
[2026-03-16 09:40:57] ✅ VPN 已连接
[2026-03-16 09:41:57] ✅ VPN 已连接
[2026-03-16 09:42:57] ✅ VPN 已连接
[2026-03-16 09:43:57] ✅ VPN 已连接
[2026-03-16 09:44:58] ✅ VPN 已连接
[2026-03-16 09:45:58] ✅ VPN 已连接
[2026-03-16 09:46:58] ✅ VPN 已连接
[2026-03-16 09:47:58] ✅ VPN 已连接
[2026-03-16 09:48:58] ✅ VPN 已连接
[2026-03-16 09:49:58] ✅ VPN 已连接
[2026-03-16 09:50:58] ✅ VPN 已连接
[2026-03-16 09:51:58] ✅ VPN 已连接
[2026-03-16 09:52:58] ✅ VPN 已连接
[2026-03-16 09:53:58] ✅ VPN 已连接
[2026-03-16 09:54:58] ✅ VPN 已连接
[2026-03-16 09:55:58] ✅ VPN 已连接
[2026-03-16 09:56:58] ✅ VPN 已连接
[2026-03-16 09:57:58] ✅ VPN 已连接
[2026-03-16 09:58:58] ✅ VPN 已连接
[2026-03-16 09:59:59] ✅ VPN 已连接
[2026-03-16 10:00:59] ✅ VPN 已连接
[2026-03-16 10:01:59] ✅ VPN 已连接
[2026-03-16 10:02:59] ✅ VPN 已连接
[2026-03-16 10:03:59] ✅ VPN 已连接
[2026-03-16 10:04:59] ✅ VPN 已连接
[2026-03-16 10:05:59] ✅ VPN 已连接
[2026-03-16 10:06:59] ✅ VPN 已连接
[2026-03-16 10:07:59] ✅ VPN 已连接
[2026-03-16 10:08:59] ✅ VPN 已连接
[2026-03-16 10:09:59] ✅ VPN 已连接
[2026-03-16 10:10:59] ✅ VPN 已连接
[2026-03-16 10:11:59] ✅ VPN 已连接
[2026-03-16 10:12:59] ✅ VPN 已连接
[2026-03-16 10:14:00] ✅ VPN 已连接
[2026-03-16 10:15:00] ✅ VPN 已连接
[2026-03-16 10:16:00] ✅ VPN 已连接
[2026-03-16 10:17:00] ✅ VPN 已连接
[2026-03-16 10:18:00] ✅ VPN 已连接
[2026-03-16 10:19:00] ✅ VPN 已连接
[2026-03-16 10:20:00] ✅ VPN 已连接
[2026-03-16 10:21:00] ✅ VPN 已连接
[2026-03-16 10:22:00] ✅ VPN 已连接
[2026-03-16 10:23:00] ✅ VPN 已连接
[2026-03-16 10:24:00] ✅ VPN 已连接
[2026-03-16 10:25:00] ✅ VPN 已连接
[2026-03-16 10:26:00] ✅ VPN 已连接
[2026-03-16 10:27:00] ✅ VPN 已连接
[2026-03-16 10:28:01] ✅ VPN 已连接
[2026-03-16 10:29:01] ✅ VPN 已连接
[2026-03-16 10:30:01] ✅ VPN 已连接
[2026-03-16 10:31:01] ✅ VPN 已连接
[2026-03-16 10:32:01] ✅ VPN 已连接
[2026-03-16 10:33:01] ✅ VPN 已连接
[2026-03-16 10:34:01] ✅ VPN 已连接
[2026-03-16 10:35:01] ✅ VPN 已连接
[2026-03-16 10:36:01] ✅ VPN 已连接
[2026-03-16 10:37:01] ✅ VPN 已连接
[2026-03-16 10:38:01] ✅ VPN 已连接
[2026-03-16 10:39:01] ✅ VPN 已连接
[2026-03-16 10:40:02] ✅ VPN 已连接
[2026-03-16 10:41:02] ✅ VPN 已连接
[2026-03-16 10:42:02] ✅ VPN 已连接
[2026-03-16 10:43:02] ✅ VPN 已连接
[2026-03-16 10:44:02] ✅ VPN 已连接
[2026-03-16 10:45:02] ✅ VPN 已连接
[2026-03-16 10:46:02] ✅ VPN 已连接
[2026-03-16 10:47:02] ✅ VPN 已连接
[2026-03-16 10:48:02] ✅ VPN 已连接
[2026-03-16 10:49:02] ✅ VPN 已连接
[2026-03-16 10:50:02] ✅ VPN 已连接
[2026-03-16 10:51:02] ✅ VPN 已连接
[2026-03-16 10:52:02] ✅ VPN 已连接
[2026-03-16 10:53:02] ✅ VPN 已连接
[2026-03-16 10:54:03] ✅ VPN 已连接
[2026-03-16 10:55:03] ✅ VPN 已连接
[2026-03-16 10:56:03] ✅ VPN 已连接
[2026-03-16 10:57:03] ✅ VPN 已连接
[2026-03-16 10:58:03] ✅ VPN 已连接
[2026-03-16 10:59:03] ✅ VPN 已连接
[2026-03-16 11:00:03] ✅ VPN 已连接
[2026-03-16 11:01:03] ✅ VPN 已连接
[2026-03-16 11:02:03] ✅ VPN 已连接
[2026-03-16 11:03:03] ✅ VPN 已连接
[2026-03-16 11:04:03] ✅ VPN 已连接
[2026-03-16 11:05:03] ✅ VPN 已连接
[2026-03-16 11:06:03] ✅ VPN 已连接
[2026-03-16 11:07:03] ✅ VPN 已连接
[2026-03-16 11:08:03] ✅ VPN 已连接
[2026-03-16 11:09:03] ✅ VPN 已连接
[2026-03-16 11:10:03] ✅ VPN 已连接
[2026-03-16 11:11:04] ✅ VPN 已连接
[2026-03-16 11:12:04] ✅ VPN 已连接
[2026-03-16 11:13:04] ✅ VPN 已连接
[2026-03-16 11:14:04] ✅ VPN 已连接
[2026-03-16 11:15:04] ✅ VPN 已连接
[2026-03-16 11:16:04] ✅ VPN 已连接
[2026-03-16 11:17:04] ✅ VPN 已连接
[2026-03-16 11:18:04] ✅ VPN 已连接
[2026-03-16 11:19:04] ✅ VPN 已连接
[2026-03-16 11:20:04] ✅ VPN 已连接
[2026-03-16 11:21:04] ✅ VPN 已连接
[2026-03-16 11:22:04] ✅ VPN 已连接
[2026-03-16 11:23:04] ✅ VPN 已连接
[2026-03-16 11:24:05] ✅ VPN 已连接
[2026-03-16 11:25:05] ✅ VPN 已连接
[2026-03-16 11:26:05] ✅ VPN 已连接
[2026-03-16 11:27:05] ✅ VPN 已连接
[2026-03-16 11:28:05] ✅ VPN 已连接
[2026-03-16 11:29:05] ✅ VPN 已连接
[2026-03-16 11:30:05] ✅ VPN 已连接
[2026-03-16 11:31:05] ✅ VPN 已连接
[2026-03-16 11:32:05] ✅ VPN 已连接
[2026-03-16 11:33:05] ✅ VPN 已连接
[2026-03-16 11:34:05] ✅ VPN 已连接
[2026-03-16 11:35:05] ✅ VPN 已连接
[2026-03-16 11:36:05] ✅ VPN 已连接
[2026-03-16 11:37:05] ✅ VPN 已连接
[2026-03-16 11:38:05] ✅ VPN 已连接
[2026-03-16 11:39:06] ✅ VPN 已连接
[2026-03-16 11:40:06] ✅ VPN 已连接
[2026-03-16 11:41:06] ✅ VPN 已连接
[2026-03-16 11:42:06] ✅ VPN 已连接
[2026-03-16 11:43:06] ✅ VPN 已连接
[2026-03-16 11:44:06] ✅ VPN 已连接
[2026-03-16 11:45:06] ✅ VPN 已连接
[2026-03-16 11:46:06] ✅ VPN 已连接
[2026-03-16 11:47:06] ✅ VPN 已连接
[2026-03-16 11:48:06] ✅ VPN 已连接
[2026-03-16 11:49:06] ✅ VPN 已连接
[2026-03-16 11:50:06] ✅ VPN 已连接
[2026-03-16 11:51:06] ✅ VPN 已连接
[2026-03-16 11:52:07] ✅ VPN 已连接
[2026-03-16 11:53:07] ✅ VPN 已连接
[2026-03-16 11:54:07] ✅ VPN 已连接
[2026-03-16 11:55:07] ✅ VPN 已连接
[2026-03-16 11:56:07] ✅ VPN 已连接
[2026-03-16 11:57:07] ✅ VPN 已连接
[2026-03-16 11:58:07] ✅ VPN 已连接
[2026-03-16 11:59:07] ✅ VPN 已连接
[2026-03-16 12:00:08] ✅ VPN 已连接
[2026-03-16 12:01:08] ✅ VPN 已连接
[2026-03-16 12:02:08] ✅ VPN 已连接
[2026-03-16 12:03:08] ✅ VPN 已连接
[2026-03-16 12:04:08] ✅ VPN 已连接
[2026-03-16 12:05:08] ✅ VPN 已连接
[2026-03-16 12:06:08] ✅ VPN 已连接
[2026-03-16 12:07:08] ✅ VPN 已连接
[2026-03-16 12:08:08] ✅ VPN 已连接
[2026-03-16 12:09:08] ✅ VPN 已连接
[2026-03-16 12:10:08] ✅ VPN 已连接
[2026-03-16 12:11:08] ✅ VPN 已连接
[2026-03-16 12:12:08] ✅ VPN 已连接
[2026-03-16 12:13:08] ✅ VPN 已连接
[2026-03-16 12:14:08] ✅ VPN 已连接
[2026-03-16 12:15:09] ✅ VPN 已连接
[2026-03-16 12:16:09] ✅ VPN 已连接
[2026-03-16 12:17:09] ✅ VPN 已连接
[2026-03-16 12:18:09] ✅ VPN 已连接
[2026-03-16 12:19:09] ✅ VPN 已连接
[2026-03-16 12:20:09] ✅ VPN 已连接
[2026-03-16 12:21:09] ✅ VPN 已连接
[2026-03-16 12:22:09] ✅ VPN 已连接
[2026-03-16 12:23:09] ✅ VPN 已连接
[2026-03-16 12:24:09] ✅ VPN 已连接
[2026-03-16 12:25:09] ✅ VPN 已连接
[2026-03-16 12:26:09] ✅ VPN 已连接
[2026-03-16 12:27:09] ✅ VPN 已连接
[2026-03-16 12:28:09] ✅ VPN 已连接
[2026-03-16 12:29:09] ✅ VPN 已连接
[2026-03-16 12:30:10] ✅ VPN 已连接
[2026-03-16 12:31:10] ✅ VPN 已连接
[2026-03-16 12:32:10] ✅ VPN 已连接
[2026-03-16 12:33:10] ✅ VPN 已连接
[2026-03-16 12:34:10] ✅ VPN 已连接
[2026-03-16 12:35:10] ✅ VPN 已连接
[2026-03-16 12:36:10] ✅ VPN 已连接
[2026-03-16 12:37:10] ✅ VPN 已连接
[2026-03-16 12:38:10] ✅ VPN 已连接
[2026-03-16 12:39:10] ✅ VPN 已连接
[2026-03-16 12:40:10] ✅ VPN 已连接
[2026-03-16 12:41:10] ✅ VPN 已连接
[2026-03-16 12:42:10] ✅ VPN 已连接
[2026-03-16 12:43:10] ✅ VPN 已连接
[2026-03-16 12:44:10] ✅ VPN 已连接
[2026-03-16 12:45:11] ❌ VPN 未连接，触发重连...
[2026-03-16 12:45:11] ========== VPN 重连开始 ==========
[2026-03-16 12:45:11] 尝试 1/3...
[2026-03-16 12:45:11] 启动 FortiClient GUI...
[2026-03-16 12:45:14] ❌ FortiClient GUI 启动失败
[2026-03-16 12:45:14] 重试 1 失败：无法启动 FortiClient
[2026-03-16 12:45:24] 尝试 2/3...
[2026-03-16 12:45:24] 启动 FortiClient GUI...
[2026-03-16 12:45:27] ❌ FortiClient GUI 启动失败
[2026-03-16 12:45:27] 重试 2 失败：无法启动 FortiClient
[2026-03-16 12:45:37] 尝试 3/3...
[2026-03-16 12:45:37] 启动 FortiClient GUI...
[2026-03-16 12:45:40] ❌ FortiClient GUI 启动失败
[2026-03-16 12:45:40] 重试 3 失败：无法启动 FortiClient
[2026-03-16 12:45:50] ❌ VPN 重连失败（已尝试 3 次）
[2026-03-16 12:45:50] ========== VPN 重连失败 ==========
[2026-03-16 12:46:50] ✅ VPN 已连接
[2026-03-16 12:47:50] ✅ VPN 已连接
[2026-03-16 12:48:50] ✅ VPN 已连接
[2026-03-16 12:49:50] ✅ VPN 已连接
[2026-03-16 12:50:50] ✅ VPN 已连接
[2026-03-16 12:51:50] ✅ VPN 已连接
[2026-03-16 12:52:50] ✅ VPN 已连接
[2026-03-16 12:53:50] ✅ VPN 已连接
[2026-03-16 12:54:50] ✅ VPN 已连接
[2026-03-16 12:55:50] ✅ VPN 已连接
[2026-03-16 12:56:51] ✅ VPN 已连接
[2026-03-16 12:57:51] ✅ VPN 已连接
[2026-03-16 12:58:51] ✅ VPN 已连接
[2026-03-16 12:59:51] ✅ VPN 已连接
[2026-03-16 13:00:51] ✅ VPN 已连接
[2026-03-16 13:01:51] ✅ VPN 已连接
[2026-03-16 13:02:51] ✅ VPN 已连接
[2026-03-16 13:03:51] ✅ VPN 已连接
[2026-03-16 13:04:51] ✅ VPN 已连接
[2026-03-16 13:05:51] ✅ VPN 已连接
[2026-03-16 13:06:51] ✅ VPN 已连接
[2026-03-16 13:07:51] ✅ VPN 已连接
[2026-03-16 13:08:51] ✅ VPN 已连接
[2026-03-16 13:09:51] ✅ VPN 已连接
[2026-03-16 13:10:51] ✅ VPN 已连接
[2026-03-16 13:11:52] ✅ VPN 已连接
[2026-03-16 13:12:52] ✅ VPN 已连接
[2026-03-16 13:13:52] ✅ VPN 已连接
[2026-03-16 13:14:52] ✅ VPN 已连接
[2026-03-16 13:15:52] ✅ VPN 已连接
[2026-03-16 13:16:52] ✅ VPN 已连接
[2026-03-16 13:17:52] ✅ VPN 已连接
[2026-03-16 13:18:52] ✅ VPN 已连接
[2026-03-16 13:19:52] ✅ VPN 已连接
[2026-03-16 13:20:52] ✅ VPN 已连接
[2026-03-16 13:21:52] ✅ VPN 已连接
[2026-03-16 13:22:52] ✅ VPN 已连接
[2026-03-16 13:23:53] ✅ VPN 已连接
[2026-03-16 13:24:53] ✅ VPN 已连接
[2026-03-16 13:25:53] ✅ VPN 已连接
[2026-03-16 13:26:53] ✅ VPN 已连接
[2026-03-16 13:27:53] ✅ VPN 已连接
[2026-03-16 13:28:53] ✅ VPN 已连接
[2026-03-16 13:29:53] ✅ VPN 已连接
[2026-03-16 13:30:53] ✅ VPN 已连接
[2026-03-16 13:31:53] ✅ VPN 已连接
[2026-03-16 13:32:53] ✅ VPN 已连接
[2026-03-16 13:33:53] ✅ VPN 已连接
[2026-03-16 13:34:53] ✅ VPN 已连接
[2026-03-16 13:35:54] ✅ VPN 已连接
[2026-03-16 13:36:54] ✅ VPN 已连接
[2026-03-16 13:37:54] ✅ VPN 已连接
[2026-03-16 13:38:54] ✅ VPN 已连接
[2026-03-16 13:39:54] ✅ VPN 已连接
[2026-03-16 13:40:54] ✅ VPN 已连接
[2026-03-16 13:41:54] ✅ VPN 已连接
[2026-03-16 13:42:54] ✅ VPN 已连接
[2026-03-16 13:43:54] ✅ VPN 已连接
[2026-03-16 13:44:54] ✅ VPN 已连接
[2026-03-16 13:45:54] ✅ VPN 已连接
[2026-03-16 13:46:55] ✅ VPN 已连接
[2026-03-16 13:47:55] ✅ VPN 已连接
[2026-03-16 13:48:55] ✅ VPN 已连接
[2026-03-16 13:49:55] ✅ VPN 已连接
[2026-03-16 13:50:55] ✅ VPN 已连接
[2026-03-16 13:51:55] ✅ VPN 已连接
[2026-03-16 13:52:55] ✅ VPN 已连接
[2026-03-16 13:53:55] ✅ VPN 已连接
[2026-03-16 13:54:55] ✅ VPN 已连接
[2026-03-16 13:55:55] ✅ VPN 已连接
[2026-03-16 13:56:56] ✅ VPN 已连接
[2026-03-16 13:57:56] ✅ VPN 已连接
[2026-03-16 13:58:56] ✅ VPN 已连接
[2026-03-16 13:59:56] ❌ VPN 未连接，触发重连...
[2026-03-16 13:59:56] ========== VPN 重连开始 ==========
[2026-03-16 13:59:56] 尝试 1/3...
[2026-03-16 13:59:56] 启动 FortiClient GUI...
[2026-03-16 13:59:59] ❌ FortiClient GUI 启动失败
[2026-03-16 13:59:59] 重试 1 失败：无法启动 FortiClient
[2026-03-16 14:00:09] 尝试 2/3...
[2026-03-16 14:00:09] 启动 FortiClient GUI...
[2026-03-16 14:00:12] ❌ FortiClient GUI 启动失败
[2026-03-16 14:00:12] 重试 2 失败：无法启动 FortiClient
[2026-03-16 14:00:22] 尝试 3/3...
[2026-03-16 14:00:22] 启动 FortiClient GUI...
[2026-03-16 14:00:25] ❌ FortiClient GUI 启动失败
[2026-03-16 14:00:25] 重试 3 失败：无法启动 FortiClient
[2026-03-16 14:00:35] ❌ VPN 重连失败（已尝试 3 次）
[2026-03-16 14:00:35] ========== VPN 重连失败 ==========
[2026-03-16 14:01:35] ❌ VPN 未连接，触发重连...
[2026-03-16 14:01:35] ========== VPN 重连开始 ==========
[2026-03-16 14:01:35] 尝试 1/3...
[2026-03-16 14:01:35] 启动 FortiClient GUI...
[2026-03-16 14:01:38] ❌ FortiClient GUI 启动失败
[2026-03-16 14:01:38] 重试 1 失败：无法启动 FortiClient
[2026-03-16 14:01:48] 尝试 2/3...
[2026-03-16 14:01:48] 启动 FortiClient GUI...
[2026-03-16 14:01:51] ❌ FortiClient GUI 启动失败
[2026-03-16 14:01:51] 重试 2 失败：无法启动 FortiClient
[2026-03-16 14:02:01] 尝试 3/3...
[2026-03-16 14:02:01] 启动 FortiClient GUI...
[2026-03-16 14:02:04] ❌ FortiClient GUI 启动失败
[2026-03-16 14:02:04] 重试 3 失败：无法启动 FortiClient
[2026-03-16 14:02:14] ❌ VPN 重连失败（已尝试 3 次）
[2026-03-16 14:02:14] ========== VPN 重连失败 ==========
[2026-03-16 14:03:14] ❌ VPN 未连接，触发重连...
[2026-03-16 14:03:14] ========== VPN 重连开始 ==========
[2026-03-16 14:03:14] 尝试 1/3...
[2026-03-16 14:03:14] 启动 FortiClient GUI...
[2026-03-16 14:03:17] ❌ FortiClient GUI 启动失败
[2026-03-16 14:03:17] 重试 1 失败：无法启动 FortiClient
[2026-03-16 14:03:27] 尝试 2/3...
[2026-03-16 14:03:27] 启动 FortiClient GUI...
[2026-03-16 14:03:30] ❌ FortiClient GUI 启动失败
[2026-03-16 14:03:30] 重试 2 失败：无法启动 FortiClient
[2026-03-16 14:03:40] 尝试 3/3...
[2026-03-16 14:03:40] 启动 FortiClient GUI...
[2026-03-16 14:03:43] ❌ FortiClient GUI 启动失败
[2026-03-16 14:03:43] 重试 3 失败：无法启动 FortiClient
[2026-03-16 14:03:53] ❌ VPN 重连失败（已尝试 3 次）
[2026-03-16 14:03:53] ========== VPN 重连失败 ==========
[2026-03-16 14:04:53] ❌ VPN 未连接，触发重连...
[2026-03-16 14:04:53] ========== VPN 重连开始 ==========
[2026-03-16 14:04:53] 尝试 1/3...
[2026-03-16 14:04:53] 启动 FortiClient GUI...
[2026-03-16 14:04:56] ❌ FortiClient GUI 启动失败
[2026-03-16 14:04:56] 重试 1 失败：无法启动 FortiClient
[2026-03-16 14:05:06] 尝试 2/3...
[2026-03-16 14:05:06] 启动 FortiClient GUI...
[2026-03-16 14:05:09] ❌ FortiClient GUI 启动失败
[2026-03-16 14:05:09] 重试 2 失败：无法启动 FortiClient
[2026-03-16 14:05:19] 尝试 3/3...
[2026-03-16 14:05:19] 启动 FortiClient GUI...
[2026-03-16 14:05:22] ❌ FortiClient GUI 启动失败
[2026-03-16 14:05:22] 重试 3 失败：无法启动 FortiClient
[2026-03-16 14:05:33] ❌ VPN 重连失败（已尝试 3 次）
[2026-03-16 14:05:33] ========== VPN 重连失败 ==========
[2026-03-16 14:06:33] ❌ VPN 未连接，触发重连...
[2026-03-16 14:06:33] ========== VPN 重连开始 ==========
[2026-03-16 14:06:33] 尝试 1/3...
[2026-03-16 14:06:33] 启动 FortiClient GUI...
[2026-03-16 14:06:36] ❌ FortiClient GUI 启动失败
[2026-03-16 14:06:36] 重试 1 失败：无法启动 FortiClient
[2026-03-16 14:06:46] 尝试 2/3...
[2026-03-16 14:06:46] 启动 FortiClient GUI...
[2026-03-16 14:06:49] ❌ FortiClient GUI 启动失败
[2026-03-16 14:06:49] 重试 2 失败：无法启动 FortiClient
[2026-03-16 14:06:59] 尝试 3/3...
[2026-03-16 14:06:59] 启动 FortiClient GUI...
[2026-03-16 14:07:02] ❌ FortiClient GUI 启动失败
[2026-03-16 14:07:02] 重试 3 失败：无法启动 FortiClient
[2026-03-16 14:07:12] ❌ VPN 重连失败（已尝试 3 次）
[2026-03-16 14:07:12] ========== VPN 重连失败 ==========
[2026-03-16 14:08:12] ❌ VPN 未连接，触发重连...
[2026-03-16 14:08:12] ========== VPN 重连开始 ==========
[2026-03-16 14:08:12] 尝试 1/3...
[2026-03-16 14:08:12] 启动 FortiClient GUI...
[2026-03-16 14:08:15] ❌ FortiClient GUI 启动失败
[2026-03-16 14:08:15] 重试 1 失败：无法启动 FortiClient
[2026-03-16 14:08:25] 尝试 2/3...
[2026-03-16 14:08:25] 启动 FortiClient GUI...
[2026-03-16 14:08:28] ❌ FortiClient GUI 启动失败
[2026-03-16 14:08:28] 重试 2 失败：无法启动 FortiClient
[2026-03-16 14:08:38] 尝试 3/3...
[2026-03-16 14:08:38] 启动 FortiClient GUI...
[2026-03-16 14:08:41] ❌ FortiClient GUI 启动失败
[2026-03-16 14:08:41] 重试 3 失败：无法启动 FortiClient
[2026-03-16 14:08:51] ❌ VPN 重连失败（已尝试 3 次）
[2026-03-16 14:08:51] ========== VPN 重连失败 ==========
[2026-03-16 14:09:51] ❌ VPN 未连接，触发重连...
[2026-03-16 14:09:51] ========== VPN 重连开始 ==========
[2026-03-16 14:09:51] 尝试 1/3...
[2026-03-16 14:09:51] 启动 FortiClient GUI...
[2026-03-16 14:09:54] ❌ FortiClient GUI 启动失败
[2026-03-16 14:09:54] 重试 1 失败：无法启动 FortiClient
[2026-03-16 14:10:04] 尝试 2/3...
[2026-03-16 14:10:04] 启动 FortiClient GUI...
[2026-03-16 14:10:07] ❌ FortiClient GUI 启动失败
[2026-03-16 14:10:07] 重试 2 失败：无法启动 FortiClient
[2026-03-16 14:10:17] 尝试 3/3...
[2026-03-16 14:10:17] 启动 FortiClient GUI...
[2026-03-16 14:10:20] ❌ FortiClient GUI 启动失败
[2026-03-16 14:10:20] 重试 3 失败：无法启动 FortiClient
[2026-03-16 14:10:30] ❌ VPN 重连失败（已尝试 3 次）
[2026-03-16 14:10:30] ========== VPN 重连失败 ==========
[2026-03-16 14:11:30] ❌ VPN 未连接，触发重连...
[2026-03-16 14:11:30] ========== VPN 重连开始 ==========
[2026-03-16 14:11:30] 尝试 1/3...
[2026-03-16 14:11:30] 启动 FortiClient GUI...
[2026-03-16 14:11:33] ❌ FortiClient GUI 启动失败
[2026-03-16 14:11:33] 重试 1 失败：无法启动 FortiClient
[2026-03-16 14:11:43] 尝试 2/3...
[2026-03-16 14:11:43] 启动 FortiClient GUI...
[2026-03-16 14:11:46] ❌ FortiClient GUI 启动失败
[2026-03-16 14:11:46] 重试 2 失败：无法启动 FortiClient
[2026-03-16 14:11:56] 尝试 3/3...
[2026-03-16 14:11:56] 启动 FortiClient GUI...
[2026-03-16 14:11:59] ❌ FortiClient GUI 启动失败
[2026-03-16 14:11:59] 重试 3 失败：无法启动 FortiClient
[2026-03-16 14:12:09] ❌ VPN 重连失败（已尝试 3 次）
[2026-03-16 14:12:09] ========== VPN 重连失败 ==========
[2026-03-16 14:13:09] ❌ VPN 未连接，触发重连...
[2026-03-16 14:13:09] ========== VPN 重连开始 ==========
[2026-03-16 14:13:09] 尝试 1/3...
[2026-03-16 14:13:09] 启动 FortiClient GUI...
[2026-03-16 14:13:12] ❌ FortiClient GUI 启动失败
[2026-03-16 14:13:12] 重试 1 失败：无法启动 FortiClient
[2026-03-16 14:13:22] 尝试 2/3...
[2026-03-16 14:13:22] 启动 FortiClient GUI...
[2026-03-16 14:13:25] ❌ FortiClient GUI 启动失败
[2026-03-16 14:13:25] 重试 2 失败：无法启动 FortiClient
[2026-03-16 14:13:35] 尝试 3/3...
[2026-03-16 14:13:35] 启动 FortiClient GUI...
[2026-03-16 14:13:38] ❌ FortiClient GUI 启动失败
[2026-03-16 14:13:38] 重试 3 失败：无法启动 FortiClient
[2026-03-16 14:13:48] ❌ VPN 重连失败（已尝试 3 次）
[2026-03-16 14:13:48] ========== VPN 重连失败 ==========
[2026-03-16 14:14:48] ❌ VPN 未连接，触发重连...
[2026-03-16 14:14:48] ========== VPN 重连开始 ==========
[2026-03-16 14:14:48] 尝试 1/3...
[2026-03-16 14:14:48] 启动 FortiClient GUI...
[2026-03-16 14:14:51] ❌ FortiClient GUI 启动失败
[2026-03-16 14:14:51] 重试 1 失败：无法启动 FortiClient
[2026-03-16 14:15:01] 尝试 2/3...
[2026-03-16 14:15:01] 启动 FortiClient GUI...
[2026-03-16 14:15:04] ❌ FortiClient GUI 启动失败
[2026-03-16 14:15:04] 重试 2 失败：无法启动 FortiClient
[2026-03-16 14:15:15] 尝试 3/3...
[2026-03-16 14:15:15] 启动 FortiClient GUI...
[2026-03-16 14:15:18] ❌ FortiClient GUI 启动失败
[2026-03-16 14:15:18] 重试 3 失败：无法启动 FortiClient
[2026-03-16 14:15:28] ❌ VPN 重连失败（已尝试 3 次）
[2026-03-16 14:15:28] ========== VPN 重连失败 ==========
[2026-03-16 14:16:28] ❌ VPN 未连接，触发重连...
[2026-03-16 14:16:28] ========== VPN 重连开始 ==========
[2026-03-16 14:16:28] 尝试 1/3...
[2026-03-16 14:16:28] 启动 FortiClient GUI...
[2026-03-16 14:16:31] ❌ FortiClient GUI 启动失败
[2026-03-16 14:16:31] 重试 1 失败：无法启动 FortiClient
[2026-03-16 14:16:41] 尝试 2/3...
[2026-03-16 14:16:41] 启动 FortiClient GUI...
[2026-03-16 14:16:44] ❌ FortiClient GUI 启动失败
[2026-03-16 14:16:44] 重试 2 失败：无法启动 FortiClient
[2026-03-16 14:16:54] 尝试 3/3...
[2026-03-16 14:16:54] 启动 FortiClient GUI...
[2026-03-16 14:16:57] ❌ FortiClient GUI 启动失败
[2026-03-16 14:16:57] 重试 3 失败：无法启动 FortiClient
[2026-03-16 14:17:07] ❌ VPN 重连失败（已尝试 3 次）
[2026-03-16 14:17:07] ========== VPN 重连失败 ==========
[2026-03-16 14:18:07] ❌ VPN 未连接，触发重连...
[2026-03-16 14:18:07] ========== VPN 重连开始 ==========
[2026-03-16 14:18:07] 尝试 1/3...
[2026-03-16 14:18:07] 启动 FortiClient GUI...
[2026-03-16 14:18:10] ❌ FortiClient GUI 启动失败
[2026-03-16 14:18:10] 重试 1 失败：无法启动 FortiClient
[2026-03-16 14:18:20] 尝试 2/3...
[2026-03-16 14:18:20] 启动 FortiClient GUI...
[2026-03-16 14:18:23] ❌ FortiClient GUI 启动失败
[2026-03-16 14:18:23] 重试 2 失败：无法启动 FortiClient
[2026-03-16 14:18:33] 尝试 3/3...
[2026-03-16 14:18:33] 启动 FortiClient GUI...
[2026-03-16 14:18:36] ❌ FortiClient GUI 启动失败
[2026-03-16 14:18:36] 重试 3 失败：无法启动 FortiClient
[2026-03-16 14:18:46] ❌ VPN 重连失败（已尝试 3 次）
[2026-03-16 14:18:46] ========== VPN 重连失败 ==========
[2026-03-16 14:19:46] ❌ VPN 未连接，触发重连...
[2026-03-16 14:19:46] ========== VPN 重连开始 ==========
[2026-03-16 14:19:46] 尝试 1/3...
[2026-03-16 14:19:46] 启动 FortiClient GUI...
[2026-03-16 14:19:58] ❌ FortiClient GUI 启动失败
[2026-03-16 14:19:58] 重试 1 失败：无法启动 FortiClient
[2026-03-16 14:20:30] 尝试 2/3...
[2026-03-16 14:20:32] 启动 FortiClient GUI...
[2026-03-16 14:21:09] ❌ FortiClient GUI 启动失败
[2026-03-16 14:21:09] 重试 2 失败：无法启动 FortiClient
[2026-03-16 14:21:20] 尝试 3/3...
[2026-03-16 14:21:20] 启动 FortiClient GUI...
[2026-03-16 14:22:45] ❌ FortiClient GUI 启动失败
[2026-03-16 14:22:47] 重试 3 失败：无法启动 FortiClient
[2026-03-16 14:23:01] ❌ VPN 重连失败（已尝试 3 次）
[2026-03-16 14:23:04] ========== VPN 重连失败 ==========
[2026-03-16 14:27:59] ❌ VPN 未连接，触发重连...
[2026-03-16 14:27:59] ========== VPN 重连开始 ==========
[2026-03-16 14:27:59] 尝试 1/3...
[2026-03-16 14:27:59] 启动 FortiClient GUI...
[2026-03-16 14:28:04] ❌ FortiClient GUI 启动失败
[2026-03-16 14:28:04] 重试 1 失败：无法启动 FortiClient
[2026-03-16 14:28:16] 尝试 2/3...
[2026-03-16 14:28:17] 启动 FortiClient GUI...
[2026-03-16 14:29:55] VPN Watchdog 启动
[2026-03-16 14:29:55] ❌ VPN 未连接，触发重连...
[2026-03-16 14:29:55] ========== VPN 重连开始 ==========
[2026-03-16 14:29:55] 尝试 1/3...
[2026-03-16 14:29:55] 启动 FortiClient GUI...
[2026-03-16 14:29:55] FortiClient 已在运行，先关闭...
[2026-03-16 14:30:00] ❌ FortiClient GUI 启动失败
[2026-03-16 14:30:00] 重试 1 失败：无法启动 FortiClient
[2026-03-16 14:30:10] 尝试 2/3...
[2026-03-16 14:30:10] 启动 FortiClient GUI...
[2026-03-16 14:30:13] ❌ FortiClient GUI 启动失败
[2026-03-16 14:30:13] 重试 2 失败：无法启动 FortiClient
[2026-03-16 14:30:23] 尝试 3/3...
[2026-03-16 14:30:23] 启动 FortiClient GUI...
[2026-03-16 14:30:26] ❌ FortiClient GUI 启动失败
[2026-03-16 14:30:26] 重试 3 失败：无法启动 FortiClient
[2026-03-16 14:30:36] ❌ VPN 重连失败（已尝试 3 次）
[2026-03-16 14:30:36] ========== VPN 重连失败 ==========
[2026-03-16 14:31:36] ❌ VPN 未连接，触发重连...
[2026-03-16 14:31:36] ========== VPN 重连开始 ==========
[2026-03-16 14:31:36] 尝试 1/3...
[2026-03-16 14:31:36] 启动 FortiClient GUI...
[2026-03-16 14:31:39] ❌ FortiClient GUI 启动失败
[2026-03-16 14:31:39] 重试 1 失败：无法启动 FortiClient
[2026-03-16 14:31:49] 尝试 2/3...
[2026-03-16 14:31:49] 启动 FortiClient GUI...
[2026-03-16 14:31:52] ❌ FortiClient GUI 启动失败
[2026-03-16 14:31:52] 重试 2 失败：无法启动 FortiClient
[2026-03-16 14:32:02] 尝试 3/3...
[2026-03-16 14:32:02] 启动 FortiClient GUI...
[2026-03-16 14:32:05] ❌ FortiClient GUI 启动失败
[2026-03-16 14:32:05] 重试 3 失败：无法启动 FortiClient
[2026-03-16 14:32:15] ❌ VPN 重连失败（已尝试 3 次）
[2026-03-16 14:32:15] ========== VPN 重连失败 ==========
[2026-03-16 14:33:15] ✅ VPN 已连接
[2026-03-16 14:34:15] ✅ VPN 已连接
[2026-03-16 14:35:15] ✅ VPN 已连接
[2026-03-16 14:36:15] ✅ VPN 已连接
[2026-03-16 14:37:16] ✅ VPN 已连接
[2026-03-16 14:38:16] ✅ VPN 已连接
[2026-03-16 14:39:16] ✅ VPN 已连接
[2026-03-16 14:40:16] ✅ VPN 已连接
[2026-03-16 14:41:16] ✅ VPN 已连接
[2026-03-16 14:42:16] ✅ VPN 已连接
[2026-03-16 14:43:16] ✅ VPN 已连接
[2026-03-16 14:44:16] ✅ VPN 已连接
[2026-03-16 14:45:16] ✅ VPN 已连接
[2026-03-16 14:46:16] ✅ VPN 已连接
[2026-03-16 14:47:16] ✅ VPN 已连接
[2026-03-16 14:48:16] ✅ VPN 已连接
[2026-03-16 14:49:16] ✅ VPN 已连接
[2026-03-16 14:50:16] ✅ VPN 已连接
[2026-03-16 14:51:16] ✅ VPN 已连接
[2026-03-16 14:52:16] ✅ VPN 已连接
[2026-03-16 14:53:16] ✅ VPN 已连接
[2026-03-16 14:54:16] ✅ VPN 已连接
[2026-03-16 14:55:17] ✅ VPN 已连接
[2026-03-16 14:56:17] ✅ VPN 已连接
[2026-03-16 14:57:17] ✅ VPN 已连接
[2026-03-16 14:58:17] ✅ VPN 已连接
[2026-03-16 14:59:17] ✅ VPN 已连接
[2026-03-16 15:00:17] ✅ VPN 已连接
[2026-03-16 15:01:17] ✅ VPN 已连接
[2026-03-16 15:02:17] ✅ VPN 已连接
[2026-03-16 15:03:17] ✅ VPN 已连接
[2026-03-16 15:04:17] ✅ VPN 已连接
[2026-03-16 15:05:17] ✅ VPN 已连接
[2026-03-16 15:06:17] ✅ VPN 已连接
[2026-03-16 15:07:17] ✅ VPN 已连接
[2026-03-16 15:08:17] ✅ VPN 已连接
[2026-03-16 15:09:17] ✅ VPN 已连接
[2026-03-16 15:10:17] ✅ VPN 已连接
[2026-03-16 15:11:17] ✅ VPN 已连接
[2026-03-16 15:12:17] ✅ VPN 已连接
[2026-03-16 15:13:17] ✅ VPN 已连接
[2026-03-16 15:14:18] ✅ VPN 已连接
[2026-03-16 15:15:18] ✅ VPN 已连接
[2026-03-16 15:16:18] ✅ VPN 已连接
[2026-03-16 15:17:18] ✅ VPN 已连接
[2026-03-16 15:18:18] ✅ VPN 已连接
[2026-03-16 15:19:18] ✅ VPN 已连接
[2026-03-16 15:20:18] ✅ VPN 已连接
[2026-03-16 15:21:18] ✅ VPN 已连接
[2026-03-16 15:22:18] ✅ VPN 已连接
[2026-03-16 15:23:18] ✅ VPN 已连接
[2026-03-16 15:24:18] ✅ VPN 已连接
[2026-03-16 15:25:18] ✅ VPN 已连接
[2026-03-16 15:26:18] ✅ VPN 已连接
[2026-03-16 15:27:18] ✅ VPN 已连接
[2026-03-16 15:28:18] ✅ VPN 已连接
[2026-03-16 15:29:18] ✅ VPN 已连接
[2026-03-16 15:30:19] ✅ VPN 已连接
[2026-03-16 15:31:19] ✅ VPN 已连接
[2026-03-16 15:32:19] ✅ VPN 已连接
[2026-03-16 15:33:19] ✅ VPN 已连接
[2026-03-16 15:34:19] ✅ VPN 已连接
[2026-03-16 15:35:19] ✅ VPN 已连接
[2026-03-16 15:36:19] ✅ VPN 已连接
[2026-03-16 15:37:19] ✅ VPN 已连接
[2026-03-16 15:38:19] ✅ VPN 已连接
[2026-03-16 15:39:19] ✅ VPN 已连接
[2026-03-16 15:40:19] ✅ VPN 已连接
[2026-03-16 15:41:19] ✅ VPN 已连接
[2026-03-16 15:42:19] ✅ VPN 已连接
[2026-03-16 15:43:20] ✅ VPN 已连接
[2026-03-16 15:44:20] ✅ VPN 已连接
[2026-03-16 15:45:20] ✅ VPN 已连接
[2026-03-16 15:46:20] ✅ VPN 已连接
[2026-03-16 15:47:20] ✅ VPN 已连接
[2026-03-16 15:48:20] ✅ VPN 已连接
[2026-03-16 15:49:20] ✅ VPN 已连接
[2026-03-16 15:50:20] ✅ VPN 已连接
[2026-03-16 15:51:20] ✅ VPN 已连接
[2026-03-16 15:52:20] ✅ VPN 已连接
[2026-03-16 15:53:20] ✅ VPN 已连接
[2026-03-16 15:54:20] ✅ VPN 已连接
[2026-03-16 15:55:20] ✅ VPN 已连接
[2026-03-16 15:56:20] ✅ VPN 已连接
[2026-03-16 15:57:20] ✅ VPN 已连接
[2026-03-16 15:58:20] ✅ VPN 已连接
[2026-03-16 15:59:20] ✅ VPN 已连接
[2026-03-16 16:00:21] ✅ VPN 已连接
[2026-03-16 16:01:21] ✅ VPN 已连接
[2026-03-16 16:02:21] ✅ VPN 已连接
[2026-03-16 16:03:21] ✅ VPN 已连接
[2026-03-16 16:04:21] ✅ VPN 已连接
[2026-03-16 16:05:21] ✅ VPN 已连接
[2026-03-16 16:06:21] ✅ VPN 已连接
[2026-03-16 16:07:21] ✅ VPN 已连接
[2026-03-16 16:08:21] ✅ VPN 已连接
[2026-03-16 16:09:21] ✅ VPN 已连接
[2026-03-16 16:10:21] ✅ VPN 已连接
[2026-03-16 16:11:21] ✅ VPN 已连接
[2026-03-16 16:12:21] ✅ VPN 已连接
[2026-03-16 16:13:21] ✅ VPN 已连接
[2026-03-16 16:14:21] ✅ VPN 已连接
[2026-03-16 16:15:21] ✅ VPN 已连接
[2026-03-16 16:16:21] ✅ VPN 已连接
[2026-03-16 16:17:22] ✅ VPN 已连接
[2026-03-16 16:18:22] ✅ VPN 已连接
[2026-03-16 16:19:22] ✅ VPN 已连接
[2026-03-16 16:20:22] ✅ VPN 已连接
[2026-03-16 16:21:22] ✅ VPN 已连接
[2026-03-16 16:22:22] ✅ VPN 已连接
[2026-03-16 16:23:22] ✅ VPN 已连接
[2026-03-16 16:24:22] ✅ VPN 已连接
[2026-03-16 16:25:22] ✅ VPN 已连接
[2026-03-16 16:26:22] ✅ VPN 已连接
[2026-03-16 16:27:22] ✅ VPN 已连接
[2026-03-16 16:28:22] ✅ VPN 已连接
[2026-03-16 16:29:22] ✅ VPN 已连接
[2026-03-16 16:30:23] ✅ VPN 已连接
[2026-03-16 16:31:23] ✅ VPN 已连接
[2026-03-16 16:32:23] ✅ VPN 已连接
[2026-03-16 16:33:23] ✅ VPN 已连接
[2026-03-16 16:34:23] ✅ VPN 已连接
[2026-03-16 16:35:23] ✅ VPN 已连接
[2026-03-16 16:36:23] ✅ VPN 已连接
[2026-03-16 16:37:23] ✅ VPN 已连接
[2026-03-16 16:38:23] ✅ VPN 已连接
[2026-03-16 16:39:23] ✅ VPN 已连接
[2026-03-16 16:40:23] ✅ VPN 已连接
[2026-03-16 16:41:23] ✅ VPN 已连接
[2026-03-16 16:42:23] ✅ VPN 已连接
[2026-03-16 16:43:23] ✅ VPN 已连接
[2026-03-16 16:44:23] ✅ VPN 已连接
[2026-03-16 16:45:23] ✅ VPN 已连接
[2026-03-16 16:46:23] ✅ VPN 已连接
[2026-03-16 16:47:24] ✅ VPN 已连接
[2026-03-16 16:48:24] ✅ VPN 已连接
[2026-03-16 16:49:24] ✅ VPN 已连接
[2026-03-16 16:50:24] ✅ VPN 已连接
[2026-03-16 16:51:24] ✅ VPN 已连接
[2026-03-16 16:52:24] ✅ VPN 已连接
[2026-03-16 16:53:24] ✅ VPN 已连接
[2026-03-16 16:54:24] ✅ VPN 已连接
[2026-03-16 16:55:24] ✅ VPN 已连接
[2026-03-16 16:56:24] ✅ VPN 已连接
[2026-03-16 16:57:24] ✅ VPN 已连接
[2026-03-16 16:58:24] ✅ VPN 已连接
[2026-03-16 16:59:24] ✅ VPN 已连接
[2026-03-16 17:00:24] ✅ VPN 已连接
[2026-03-16 17:01:25] ✅ VPN 已连接
[2026-03-16 17:02:25] ✅ VPN 已连接
[2026-03-16 17:03:25] ✅ VPN 已连接
[2026-03-16 17:04:25] ✅ VPN 已连接
[2026-03-16 17:05:25] ✅ VPN 已连接
[2026-03-16 17:06:25] ✅ VPN 已连接
[2026-03-16 17:07:25] ✅ VPN 已连接
[2026-03-16 17:08:25] ✅ VPN 已连接
[2026-03-16 17:09:25] ✅ VPN 已连接
[2026-03-16 17:10:25] ✅ VPN 已连接
[2026-03-16 17:11:25] ✅ VPN 已连接
[2026-03-16 17:12:25] ✅ VPN 已连接
[2026-03-16 17:13:25] ✅ VPN 已连接
[2026-03-16 17:14:25] ✅ VPN 已连接
[2026-03-16 17:15:25] ✅ VPN 已连接
[2026-03-16 17:16:25] ✅ VPN 已连接
[2026-03-16 17:17:26] ✅ VPN 已连接
[2026-03-16 17:18:26] ✅ VPN 已连接
[2026-03-16 17:19:26] ✅ VPN 已连接
[2026-03-16 17:20:26] ✅ VPN 已连接
[2026-03-16 17:21:26] ✅ VPN 已连接
[2026-03-16 17:22:26] ✅ VPN 已连接
[2026-03-16 17:23:26] ✅ VPN 已连接
[2026-03-16 17:24:26] ✅ VPN 已连接
[2026-03-16 17:25:26] ✅ VPN 已连接
[2026-03-16 17:26:26] ✅ VPN 已连接
[2026-03-16 17:27:26] ✅ VPN 已连接
[2026-03-16 17:28:26] ✅ VPN 已连接
[2026-03-16 17:29:26] ✅ VPN 已连接
[2026-03-16 17:30:26] ✅ VPN 已连接
[2026-03-16 17:31:26] ✅ VPN 已连接
[2026-03-16 17:32:26] ✅ VPN 已连接
[2026-03-16 17:33:26] ✅ VPN 已连接
[2026-03-16 17:34:27] ✅ VPN 已连接
[2026-03-16 17:35:27] ✅ VPN 已连接
[2026-03-16 17:36:27] ✅ VPN 已连接
[2026-03-16 17:37:27] ✅ VPN 已连接
[2026-03-16 17:38:27] ✅ VPN 已连接
[2026-03-16 17:39:27] ✅ VPN 已连接
[2026-03-16 17:40:27] ✅ VPN 已连接
[2026-03-16 17:41:27] ✅ VPN 已连接
[2026-03-16 17:42:27] ✅ VPN 已连接
[2026-03-16 17:43:27] ✅ VPN 已连接
[2026-03-16 17:44:27] ✅ VPN 已连接
[2026-03-16 17:45:27] ✅ VPN 已连接
[2026-03-16 17:46:27] ✅ VPN 已连接
[2026-03-16 17:47:27] ✅ VPN 已连接
[2026-03-16 17:48:27] ✅ VPN 已连接
[2026-03-16 17:49:27] ✅ VPN 已连接
[2026-03-16 17:50:27] ✅ VPN 已连接
[2026-03-16 17:51:27] ✅ VPN 已连接
[2026-03-16 17:52:28] ✅ VPN 已连接
[2026-03-16 17:53:28] ✅ VPN 已连接
[2026-03-16 17:54:28] ✅ VPN 已连接
[2026-03-16 17:55:28] ✅ VPN 已连接
[2026-03-16 17:56:28] ✅ VPN 已连接
[2026-03-16 17:57:28] ✅ VPN 已连接
[2026-03-16 17:58:28] ✅ VPN 已连接
[2026-03-16 17:59:28] ✅ VPN 已连接
[2026-03-16 18:00:28] ✅ VPN 已连接
[2026-03-16 18:01:28] ✅ VPN 已连接
[2026-03-16 18:02:28] ✅ VPN 已连接
[2026-03-16 18:03:28] ✅ VPN 已连接
[2026-03-16 18:04:28] ✅ VPN 已连接
[2026-03-16 18:05:28] ✅ VPN 已连接
[2026-03-16 18:06:28] ✅ VPN 已连接
[2026-03-16 18:07:28] ✅ VPN 已连接
[2026-03-16 18:08:29] ✅ VPN 已连接
[2026-03-16 18:09:29] ✅ VPN 已连接
[2026-03-16 18:10:29] ✅ VPN 已连接
[2026-03-16 18:11:29] ✅ VPN 已连接
[2026-03-16 18:12:29] ✅ VPN 已连接
[2026-03-16 18:13:29] ✅ VPN 已连接
[2026-03-16 18:14:29] ✅ VPN 已连接
[2026-03-16 18:15:29] ✅ VPN 已连接
[2026-03-16 18:16:29] ✅ VPN 已连接
[2026-03-16 18:17:29] ✅ VPN 已连接
[2026-03-16 18:18:29] ✅ VPN 已连接
[2026-03-16 18:19:29] ✅ VPN 已连接
[2026-03-16 18:20:29] ✅ VPN 已连接
[2026-03-16 18:21:29] ✅ VPN 已连接
[2026-03-16 18:22:29] ✅ VPN 已连接
[2026-03-16 18:23:29] ✅ VPN 已连接
[2026-03-16 18:24:29] ✅ VPN 已连接
[2026-03-16 18:25:30] ✅ VPN 已连接
[2026-03-16 18:26:30] ✅ VPN 已连接
[2026-03-16 18:27:30] ✅ VPN 已连接
[2026-03-16 18:28:30] ✅ VPN 已连接
[2026-03-16 18:29:30] ✅ VPN 已连接
[2026-03-16 18:30:30] ✅ VPN 已连接
[2026-03-16 18:31:30] ✅ VPN 已连接
[2026-03-16 18:32:30] ✅ VPN 已连接
[2026-03-16 18:33:30] ✅ VPN 已连接
[2026-03-16 18:34:30] ✅ VPN 已连接
[2026-03-16 18:35:30] ✅ VPN 已连接
[2026-03-16 18:36:30] ✅ VPN 已连接
[2026-03-16 18:37:30] ✅ VPN 已连接
[2026-03-16 18:38:30] ✅ VPN 已连接
[2026-03-16 18:39:30] ✅ VPN 已连接
[2026-03-16 18:40:30] ✅ VPN 已连接
[2026-03-16 18:41:31] ✅ VPN 已连接
[2026-03-16 18:42:31] ✅ VPN 已连接
[2026-03-16 18:43:31] ✅ VPN 已连接
[2026-03-16 18:44:31] ✅ VPN 已连接
[2026-03-16 18:45:31] ✅ VPN 已连接
[2026-03-16 18:46:31] ✅ VPN 已连接
[2026-03-16 18:47:31] ✅ VPN 已连接
[2026-03-16 18:48:31] ✅ VPN 已连接
[2026-03-16 18:49:31] ✅ VPN 已连接
[2026-03-16 18:50:31] ✅ VPN 已连接
[2026-03-16 18:51:31] ✅ VPN 已连接
[2026-03-16 18:52:31] ✅ VPN 已连接
[2026-03-16 18:53:31] ✅ VPN 已连接
[2026-03-16 18:54:31] ✅ VPN 已连接
[2026-03-16 18:55:31] ✅ VPN 已连接
[2026-03-16 18:56:31] ✅ VPN 已连接
[2026-03-16 18:57:31] ✅ VPN 已连接
[2026-03-16 18:58:32] ✅ VPN 已连接
[2026-03-16 18:59:32] ✅ VPN 已连接
[2026-03-16 19:00:32] ✅ VPN 已连接
[2026-03-16 19:01:32] ✅ VPN 已连接
[2026-03-16 19:02:32] ✅ VPN 已连接
[2026-03-16 19:03:32] ✅ VPN 已连接
[2026-03-16 19:04:32] ✅ VPN 已连接
[2026-03-16 19:05:32] ✅ VPN 已连接
[2026-03-16 19:06:32] ✅ VPN 已连接
[2026-03-16 19:07:32] ✅ VPN 已连接
[2026-03-16 19:08:32] ✅ VPN 已连接
[2026-03-16 19:09:32] ✅ VPN 已连接
[2026-03-16 19:10:32] ✅ VPN 已连接
[2026-03-16 19:11:33] ✅ VPN 已连接
[2026-03-16 19:12:33] ✅ VPN 已连接
[2026-03-16 19:13:33] ✅ VPN 已连接
[2026-03-16 19:14:33] ✅ VPN 已连接
[2026-03-16 19:15:33] ✅ VPN 已连接
[2026-03-16 19:16:33] ✅ VPN 已连接
[2026-03-16 19:17:33] ✅ VPN 已连接
[2026-03-16 19:18:33] ✅ VPN 已连接
[2026-03-16 19:19:33] ✅ VPN 已连接
[2026-03-16 19:20:33] ✅ VPN 已连接
[2026-03-16 19:21:33] ✅ VPN 已连接
[2026-03-16 19:22:33] ✅ VPN 已连接
[2026-03-16 19:23:33] ✅ VPN 已连接
[2026-03-16 19:24:33] ✅ VPN 已连接
[2026-03-16 19:25:33] ✅ VPN 已连接
[2026-03-16 19:26:33] ✅ VPN 已连接
[2026-03-16 19:27:34] ✅ VPN 已连接
[2026-03-16 19:28:34] ✅ VPN 已连接
[2026-03-16 19:29:34] ✅ VPN 已连接
[2026-03-16 19:30:34] ✅ VPN 已连接
[2026-03-16 19:31:34] ✅ VPN 已连接
[2026-03-16 19:32:34] ✅ VPN 已连接
[2026-03-16 19:33:34] ✅ VPN 已连接
[2026-03-16 19:34:34] ✅ VPN 已连接
[2026-03-16 19:35:34] ✅ VPN 已连接
[2026-03-16 19:36:34] ✅ VPN 已连接
[2026-03-16 19:37:34] ✅ VPN 已连接
[2026-03-16 19:38:34] ✅ VPN 已连接
[2026-03-16 19:39:34] ✅ VPN 已连接
[2026-03-16 19:40:34] ✅ VPN 已连接
[2026-03-16 19:41:34] ✅ VPN 已连接
[2026-03-16 19:42:34] ✅ VPN 已连接
[2026-03-16 19:43:34] ✅ VPN 已连接
[2026-03-16 19:44:35] ✅ VPN 已连接
[2026-03-16 19:45:35] ✅ VPN 已连接
[2026-03-16 19:46:35] ✅ VPN 已连接
[2026-03-16 19:47:35] ✅ VPN 已连接
[2026-03-16 19:48:35] ✅ VPN 已连接
[2026-03-16 19:49:35] ✅ VPN 已连接
[2026-03-16 19:50:35] ✅ VPN 已连接
[2026-03-16 19:51:35] ✅ VPN 已连接
[2026-03-16 19:52:35] ✅ VPN 已连接
[2026-03-16 19:53:35] ✅ VPN 已连接
[2026-03-16 19:54:35] ✅ VPN 已连接
[2026-03-16 19:55:35] ✅ VPN 已连接
[2026-03-16 19:56:35] ✅ VPN 已连接
[2026-03-16 19:57:35] ✅ VPN 已连接
[2026-03-16 19:58:35] ✅ VPN 已连接
[2026-03-16 19:59:35] ✅ VPN 已连接
[2026-03-16 20:00:35] ✅ VPN 已连接
[2026-03-16 20:01:35] ✅ VPN 已连接
[2026-03-16 20:02:36] ✅ VPN 已连接
[2026-03-16 20:03:36] ✅ VPN 已连接
[2026-03-16 20:04:36] ✅ VPN 已连接
[2026-03-16 20:05:36] ✅ VPN 已连接
[2026-03-16 20:06:36] ✅ VPN 已连接
[2026-03-16 20:07:36] ✅ VPN 已连接
[2026-03-16 20:08:36] ✅ VPN 已连接
[2026-03-16 20:09:36] ✅ VPN 已连接
[2026-03-16 20:10:36] ✅ VPN 已连接
[2026-03-16 20:11:36] ✅ VPN 已连接
[2026-03-16 20:12:36] ✅ VPN 已连接
[2026-03-16 20:13:36] ✅ VPN 已连接
[2026-03-16 20:14:36] ✅ VPN 已连接
[2026-03-16 20:15:37] ✅ VPN 已连接
[2026-03-16 20:16:37] ✅ VPN 已连接
[2026-03-16 20:17:37] ✅ VPN 已连接
[2026-03-16 20:18:37] ✅ VPN 已连接
[2026-03-16 20:19:37] ✅ VPN 已连接
[2026-03-16 20:20:37] ✅ VPN 已连接
[2026-03-16 20:21:37] ✅ VPN 已连接
[2026-03-16 20:22:37] ✅ VPN 已连接
[2026-03-16 20:23:37] ✅ VPN 已连接
[2026-03-16 20:24:37] ✅ VPN 已连接
[2026-03-16 20:25:37] ✅ VPN 已连接
[2026-03-16 20:26:37] ✅ VPN 已连接
[2026-03-16 20:27:37] ✅ VPN 已连接
[2026-03-16 20:28:37] ✅ VPN 已连接
[2026-03-16 20:29:37] ✅ VPN 已连接
[2026-03-16 20:30:37] ✅ VPN 已连接
[2026-03-16 20:31:37] ✅ VPN 已连接
[2026-03-16 20:32:37] ✅ VPN 已连接
[2026-03-16 20:33:37] ✅ VPN 已连接
[2026-03-16 20:34:38] ✅ VPN 已连接
[2026-03-16 20:35:38] ✅ VPN 已连接
[2026-03-16 20:36:38] ✅ VPN 已连接
[2026-03-16 20:37:38] ✅ VPN 已连接
[2026-03-16 20:38:38] ✅ VPN 已连接
[2026-03-16 20:39:38] ✅ VPN 已连接
[2026-03-16 20:40:38] ✅ VPN 已连接
[2026-03-16 20:41:38] ✅ VPN 已连接
[2026-03-16 20:42:38] ✅ VPN 已连接
[2026-03-16 20:43:38] ✅ VPN 已连接
[2026-03-16 20:44:38] ✅ VPN 已连接
[2026-03-16 20:45:38] ✅ VPN 已连接
[2026-03-16 20:46:38] ✅ VPN 已连接
[2026-03-16 20:47:38] ✅ VPN 已连接
[2026-03-16 20:48:38] ✅ VPN 已连接
[2026-03-16 20:49:38] ✅ VPN 已连接
[2026-03-16 20:50:38] ✅ VPN 已连接
[2026-03-16 20:51:38] ✅ VPN 已连接
[2026-03-16 20:52:38] ✅ VPN 已连接
[2026-03-16 20:53:39] ✅ VPN 已连接
[2026-03-16 20:54:39] ✅ VPN 已连接
[2026-03-16 20:55:39] ✅ VPN 已连接
[2026-03-16 20:56:39] ✅ VPN 已连接
[2026-03-16 20:57:39] ✅ VPN 已连接
[2026-03-16 20:58:39] ✅ VPN 已连接
[2026-03-16 20:59:39] ✅ VPN 已连接
[2026-03-16 21:00:39] ✅ VPN 已连接
[2026-03-16 21:01:39] ✅ VPN 已连接
[2026-03-16 21:02:39] ✅ VPN 已连接
[2026-03-16 21:03:39] ✅ VPN 已连接
[2026-03-16 21:04:39] ❌ VPN 未连接，触发重连...
[2026-03-16 21:04:39] ========== VPN 重连开始 ==========
[2026-03-16 21:04:39] 尝试 1/3...
[2026-03-16 21:04:39] 启动 FortiClient GUI...
[2026-03-16 21:04:42] ❌ FortiClient GUI 启动失败
[2026-03-16 21:04:42] 重试 1 失败：无法启动 FortiClient
[2026-03-16 21:04:52] 尝试 2/3...
[2026-03-16 21:04:52] 启动 FortiClient GUI...
[2026-03-16 21:04:55] ✅ FortiClient GUI 已启动
[2026-03-16 21:04:55] 触发 VPN 连接（Playwright 自动化）...
[2026-03-16 21:06:06] 重试 2 失败：自动登录失败
[2026-03-16 21:06:16] 尝试 3/3...
[2026-03-16 21:06:16] 启动 FortiClient GUI...
[2026-03-16 21:06:16] FortiClient 已在运行，先关闭...
[2026-03-16 21:06:21] ❌ FortiClient GUI 启动失败
[2026-03-16 21:06:21] 重试 3 失败：无法启动 FortiClient
[2026-03-16 21:06:31] ❌ VPN 重连失败（已尝试 3 次）
[2026-03-16 21:06:31] ========== VPN 重连失败 ==========
[2026-03-16 21:07:31] ❌ VPN 未连接，触发重连...
[2026-03-16 21:07:31] ========== VPN 重连开始 ==========
[2026-03-16 21:07:31] 尝试 1/3...
[2026-03-16 21:07:31] 启动 FortiClient GUI...
[2026-03-16 21:07:31] FortiClient 已在运行，先关闭...
[2026-03-16 21:07:36] ❌ FortiClient GUI 启动失败
[2026-03-16 21:07:36] 重试 1 失败：无法启动 FortiClient
[2026-03-16 21:07:46] 尝试 2/3...
[2026-03-16 21:07:46] 启动 FortiClient GUI...
[2026-03-16 21:07:49] ❌ FortiClient GUI 启动失败
[2026-03-16 21:07:49] 重试 2 失败：无法启动 FortiClient
[2026-03-16 21:07:59] 尝试 3/3...
[2026-03-16 21:07:59] 启动 FortiClient GUI...
[2026-03-16 21:08:02] ❌ FortiClient GUI 启动失败
[2026-03-16 21:08:02] 重试 3 失败：无法启动 FortiClient
[2026-03-16 21:08:12] ❌ VPN 重连失败（已尝试 3 次）
[2026-03-16 21:08:12] ========== VPN 重连失败 ==========
[2026-03-16 21:09:12] ✅ VPN 已连接
[2026-03-16 21:10:12] ✅ VPN 已连接
[2026-03-16 21:11:12] ✅ VPN 已连接
[2026-03-16 21:12:12] ✅ VPN 已连接
[2026-03-16 21:13:12] ✅ VPN 已连接
[2026-03-16 21:14:12] ✅ VPN 已连接
[2026-03-16 21:15:12] ✅ VPN 已连接
[2026-03-16 21:16:12] ✅ VPN 已连接
[2026-03-16 21:17:12] ✅ VPN 已连接
[2026-03-16 21:18:13] ✅ VPN 已连接
[2026-03-16 21:19:13] ✅ VPN 已连接
[2026-03-16 21:20:13] ✅ VPN 已连接
[2026-03-16 21:21:13] ✅ VPN 已连接
[2026-03-16 21:22:13] ✅ VPN 已连接
[2026-03-16 21:23:13] ✅ VPN 已连接
[2026-03-16 21:24:13] ✅ VPN 已连接
[2026-03-16 21:25:13] ✅ VPN 已连接
[2026-03-16 21:26:13] ✅ VPN 已连接
[2026-03-16 21:27:13] ✅ VPN 已连接
[2026-03-16 21:28:13] ✅ VPN 已连接
[2026-03-16 21:29:13] ✅ VPN 已连接
[2026-03-16 21:30:13] ✅ VPN 已连接
[2026-03-16 21:31:13] ✅ VPN 已连接
[2026-03-16 21:32:13] ✅ VPN 已连接
[2026-03-16 21:33:13] ✅ VPN 已连接
[2026-03-16 21:34:13] ✅ VPN 已连接
[2026-03-16 21:35:13] ✅ VPN 已连接
[2026-03-16 21:36:14] ✅ VPN 已连接
[2026-03-16 21:37:14] ✅ VPN 已连接
[2026-03-16 21:38:14] ✅ VPN 已连接
[2026-03-16 21:39:14] ✅ VPN 已连接
[2026-03-16 21:40:14] ✅ VPN 已连接
[2026-03-16 21:41:14] ✅ VPN 已连接
[2026-03-16 21:42:14] ✅ VPN 已连接
[2026-03-16 21:43:14] ✅ VPN 已连接
[2026-03-16 21:44:14] ✅ VPN 已连接
[2026-03-16 21:45:14] ✅ VPN 已连接
[2026-03-16 21:46:14] ✅ VPN 已连接
[2026-03-16 21:47:14] ✅ VPN 已连接
[2026-03-16 21:48:14] ✅ VPN 已连接
[2026-03-16 21:49:14] ✅ VPN 已连接
[2026-03-16 21:50:14] ✅ VPN 已连接
[2026-03-16 21:51:14] ✅ VPN 已连接
[2026-03-16 21:52:14] ✅ VPN 已连接
[2026-03-16 21:53:14] ✅ VPN 已连接
[2026-03-16 21:54:15] ✅ VPN 已连接
[2026-03-16 21:55:15] ✅ VPN 已连接
[2026-03-16 21:56:15] ✅ VPN 已连接
[2026-03-16 21:57:15] ✅ VPN 已连接
[2026-03-16 21:58:15] ✅ VPN 已连接
[2026-03-16 21:59:15] ✅ VPN 已连接
[2026-03-16 22:00:15] ✅ VPN 已连接
[2026-03-16 22:01:15] ✅ VPN 已连接
[2026-03-16 22:02:15] ✅ VPN 已连接
[2026-03-16 22:03:15] ✅ VPN 已连接
[2026-03-16 22:04:15] ✅ VPN 已连接
[2026-03-16 22:05:15] ✅ VPN 已连接
[2026-03-16 22:06:15] ✅ VPN 已连接
[2026-03-16 22:07:15] ✅ VPN 已连接
[2026-03-16 22:08:15] ✅ VPN 已连接
[2026-03-16 22:09:15] ✅ VPN 已连接
[2026-03-16 22:10:15] ✅ VPN 已连接
[2026-03-16 22:11:15] ✅ VPN 已连接
[2026-03-16 22:12:15] ✅ VPN 已连接
[2026-03-16 22:13:16] ✅ VPN 已连接
[2026-03-16 22:14:16] ✅ VPN 已连接
[2026-03-16 22:15:16] ✅ VPN 已连接
[2026-03-16 22:16:16] ✅ VPN 已连接
[2026-03-16 22:17:16] ✅ VPN 已连接
[2026-03-16 22:18:16] ✅ VPN 已连接
[2026-03-16 22:19:16] ✅ VPN 已连接
[2026-03-16 22:20:16] ✅ VPN 已连接
[2026-03-16 22:21:16] ✅ VPN 已连接
[2026-03-16 22:22:16] ✅ VPN 已连接
[2026-03-16 22:23:16] ✅ VPN 已连接
[2026-03-16 22:24:16] ✅ VPN 已连接
[2026-03-16 22:25:16] ✅ VPN 已连接
[2026-03-16 22:26:16] ✅ VPN 已连接
[2026-03-16 22:27:16] ✅ VPN 已连接
[2026-03-16 22:28:16] ✅ VPN 已连接
[2026-03-16 22:29:16] ✅ VPN 已连接
[2026-03-16 22:30:16] ✅ VPN 已连接
[2026-03-16 22:31:16] ✅ VPN 已连接
[2026-03-16 22:32:16] ✅ VPN 已连接
[2026-03-16 22:33:17] ✅ VPN 已连接
[2026-03-16 22:34:17] ✅ VPN 已连接
[2026-03-16 22:35:17] ✅ VPN 已连接
[2026-03-16 22:36:17] ✅ VPN 已连接
[2026-03-16 22:37:17] ✅ VPN 已连接
[2026-03-16 22:38:17] ✅ VPN 已连接
[2026-03-16 22:39:17] ✅ VPN 已连接
[2026-03-16 22:40:17] ✅ VPN 已连接
[2026-03-16 22:41:17] ✅ VPN 已连接
[2026-03-16 22:42:17] ✅ VPN 已连接
[2026-03-16 22:43:17] ✅ VPN 已连接
[2026-03-16 22:44:17] ✅ VPN 已连接
[2026-03-16 22:45:17] ✅ VPN 已连接
[2026-03-16 22:46:17] ✅ VPN 已连接
[2026-03-16 22:47:17] ✅ VPN 已连接
[2026-03-16 22:48:17] ✅ VPN 已连接
[2026-03-16 22:49:17] ✅ VPN 已连接
[2026-03-16 22:50:17] ✅ VPN 已连接
[2026-03-16 22:51:18] ✅ VPN 已连接
[2026-03-16 22:52:18] ✅ VPN 已连接
[2026-03-16 22:53:18] ✅ VPN 已连接
[2026-03-16 22:54:18] ✅ VPN 已连接
[2026-03-16 22:55:18] ✅ VPN 已连接
[2026-03-16 22:56:18] ✅ VPN 已连接
[2026-03-16 22:57:18] ✅ VPN 已连接
[2026-03-16 22:58:18] ✅ VPN 已连接
[2026-03-16 22:59:18] ✅ VPN 已连接
[2026-03-16 23:00:18] ✅ VPN 已连接
[2026-03-16 23:01:18] ✅ VPN 已连接
[2026-03-16 23:02:18] ✅ VPN 已连接
[2026-03-16 23:03:18] ✅ VPN 已连接
[2026-03-16 23:04:18] ✅ VPN 已连接
[2026-03-16 23:05:18] ✅ VPN 已连接
[2026-03-16 23:06:18] ✅ VPN 已连接
[2026-03-16 23:07:18] ✅ VPN 已连接
[2026-03-16 23:08:19] ✅ VPN 已连接
[2026-03-16 23:09:19] ✅ VPN 已连接
[2026-03-16 23:10:19] ✅ VPN 已连接
[2026-03-16 23:11:19] ✅ VPN 已连接
[2026-03-16 23:12:19] ✅ VPN 已连接
[2026-03-16 23:13:19] ✅ VPN 已连接
[2026-03-16 23:14:19] ✅ VPN 已连接
[2026-03-16 23:15:19] ✅ VPN 已连接
[2026-03-16 23:16:19] ✅ VPN 已连接
[2026-03-16 23:17:19] ✅ VPN 已连接
[2026-03-16 23:18:19] ✅ VPN 已连接
[2026-03-16 23:19:19] ✅ VPN 已连接
[2026-03-16 23:20:19] ✅ VPN 已连接
[2026-03-16 23:21:19] ✅ VPN 已连接
[2026-03-16 23:22:19] ✅ VPN 已连接
[2026-03-16 23:23:19] ✅ VPN 已连接
[2026-03-16 23:24:19] ✅ VPN 已连接
[2026-03-16 23:25:19] ✅ VPN 已连接
[2026-03-16 23:26:19] ✅ VPN 已连接
[2026-03-16 23:27:19] ✅ VPN 已连接
[2026-03-16 23:28:20] ✅ VPN 已连接
[2026-03-16 23:29:20] ✅ VPN 已连接
[2026-03-16 23:30:20] ✅ VPN 已连接
[2026-03-16 23:31:20] ✅ VPN 已连接
[2026-03-16 23:32:20] ✅ VPN 已连接
[2026-03-16 23:33:20] ✅ VPN 已连接
[2026-03-16 23:34:20] ✅ VPN 已连接
[2026-03-16 23:35:20] ✅ VPN 已连接
[2026-03-16 23:36:20] ✅ VPN 已连接
[2026-03-16 23:37:20] ✅ VPN 已连接
[2026-03-16 23:38:20] ✅ VPN 已连接
[2026-03-16 23:39:20] ✅ VPN 已连接
[2026-03-16 23:40:20] ✅ VPN 已连接
[2026-03-16 23:41:20] ✅ VPN 已连接
[2026-03-16 23:42:20] ✅ VPN 已连接
[2026-03-16 23:43:20] ✅ VPN 已连接
[2026-03-16 23:44:20] ✅ VPN 已连接
[2026-03-16 23:45:20] ✅ VPN 已连接
[2026-03-16 23:46:20] ✅ VPN 已连接
[2026-03-16 23:47:21] ✅ VPN 已连接
[2026-03-16 23:48:21] ✅ VPN 已连接
[2026-03-16 23:49:21] ✅ VPN 已连接
[2026-03-16 23:50:21] ✅ VPN 已连接
[2026-03-16 23:51:21] ✅ VPN 已连接
[2026-03-16 23:52:21] ✅ VPN 已连接
[2026-03-16 23:53:21] ✅ VPN 已连接
[2026-03-16 23:54:21] ✅ VPN 已连接
[2026-03-16 23:55:21] ✅ VPN 已连接
[2026-03-16 23:56:21] ✅ VPN 已连接
[2026-03-16 23:57:21] ✅ VPN 已连接
[2026-03-16 23:58:21] ✅ VPN 已连接
[2026-03-16 23:59:21] ✅ VPN 已连接
[2026-03-17 00:00:21] ✅ VPN 已连接
[2026-03-17 00:01:21] ✅ VPN 已连接
[2026-03-17 00:02:21] ✅ VPN 已连接
[2026-03-17 00:03:21] ✅ VPN 已连接
[2026-03-17 00:04:21] ✅ VPN 已连接
[2026-03-17 00:05:21] ✅ VPN 已连接
[2026-03-17 00:06:21] ✅ VPN 已连接
[2026-03-17 00:07:22] ✅ VPN 已连接
[2026-03-17 00:08:22] ✅ VPN 已连接
[2026-03-17 00:09:22] ✅ VPN 已连接
[2026-03-17 00:10:22] ✅ VPN 已连接
[2026-03-17 00:11:22] ✅ VPN 已连接
[2026-03-17 00:12:22] ✅ VPN 已连接
[2026-03-17 00:13:22] ✅ VPN 已连接
[2026-03-17 00:14:22] ✅ VPN 已连接
[2026-03-17 00:15:22] ✅ VPN 已连接
[2026-03-17 00:16:22] ✅ VPN 已连接
[2026-03-17 00:17:22] ✅ VPN 已连接
[2026-03-17 00:18:22] ✅ VPN 已连接
[2026-03-17 00:19:22] ✅ VPN 已连接
[2026-03-17 00:20:22] ✅ VPN 已连接
[2026-03-17 00:21:22] ✅ VPN 已连接
[2026-03-17 00:22:22] ✅ VPN 已连接
[2026-03-17 00:23:22] ✅ VPN 已连接
[2026-03-17 00:24:22] ✅ VPN 已连接
[2026-03-17 00:25:22] ✅ VPN 已连接
[2026-03-17 00:26:22] ✅ VPN 已连接
[2026-03-17 00:27:23] ✅ VPN 已连接
[2026-03-17 00:28:23] ✅ VPN 已连接
[2026-03-17 00:29:23] ✅ VPN 已连接
[2026-03-17 00:30:23] ✅ VPN 已连接
[2026-03-17 00:31:23] ✅ VPN 已连接
[2026-03-17 00:32:23] ✅ VPN 已连接
[2026-03-17 00:33:23] ✅ VPN 已连接
[2026-03-17 00:34:23] ✅ VPN 已连接
[2026-03-17 00:35:23] ✅ VPN 已连接
[2026-03-17 00:36:23] ✅ VPN 已连接
[2026-03-17 00:37:23] ✅ VPN 已连接
[2026-03-17 00:38:23] ✅ VPN 已连接
[2026-03-17 00:39:23] ✅ VPN 已连接
[2026-03-17 00:40:23] ✅ VPN 已连接
[2026-03-17 00:41:23] ✅ VPN 已连接
[2026-03-17 00:42:23] ✅ VPN 已连接
[2026-03-17 00:43:23] ✅ VPN 已连接
[2026-03-17 00:44:23] ✅ VPN 已连接
[2026-03-17 00:45:23] ✅ VPN 已连接
[2026-03-17 00:46:23] ✅ VPN 已连接
[2026-03-17 00:47:23] ✅ VPN 已连接
[2026-03-17 00:48:23] ✅ VPN 已连接
[2026-03-17 00:49:24] ✅ VPN 已连接
[2026-03-17 00:50:24] ✅ VPN 已连接
[2026-03-17 00:51:24] ✅ VPN 已连接
[2026-03-17 00:52:24] ✅ VPN 已连接
[2026-03-17 00:53:24] ✅ VPN 已连接
[2026-03-17 00:54:24] ✅ VPN 已连接
[2026-03-17 00:55:24] ✅ VPN 已连接
[2026-03-17 00:56:24] ✅ VPN 已连接
[2026-03-17 00:57:24] ✅ VPN 已连接
[2026-03-17 00:58:24] ✅ VPN 已连接
[2026-03-17 00:59:24] ✅ VPN 已连接
[2026-03-17 01:00:24] ✅ VPN 已连接
[2026-03-17 01:01:24] ✅ VPN 已连接
[2026-03-17 01:02:24] ✅ VPN 已连接
[2026-03-17 01:03:24] ✅ VPN 已连接
[2026-03-17 01:04:24] ✅ VPN 已连接
[2026-03-17 01:05:24] ✅ VPN 已连接
[2026-03-17 01:06:24] ✅ VPN 已连接
[2026-03-17 01:07:24] ✅ VPN 已连接
[2026-03-17 01:08:25] ✅ VPN 已连接
[2026-03-17 01:09:25] ✅ VPN 已连接
[2026-03-17 01:10:25] ✅ VPN 已连接
[2026-03-17 01:11:25] ✅ VPN 已连接
[2026-03-17 01:12:25] ✅ VPN 已连接
[2026-03-17 01:13:25] ✅ VPN 已连接
[2026-03-17 01:14:25] ✅ VPN 已连接
[2026-03-17 01:15:25] ✅ VPN 已连接
[2026-03-17 01:16:25] ✅ VPN 已连接
[2026-03-17 01:17:25] ✅ VPN 已连接
[2026-03-17 01:18:25] ✅ VPN 已连接
[2026-03-17 01:19:25] ✅ VPN 已连接
[2026-03-17 01:20:25] ✅ VPN 已连接
[2026-03-17 01:21:25] ✅ VPN 已连接
[2026-03-17 01:22:25] ✅ VPN 已连接
[2026-03-17 01:23:25] ✅ VPN 已连接
[2026-03-17 01:24:25] ✅ VPN 已连接
[2026-03-17 01:25:25] ✅ VPN 已连接
[2026-03-17 01:26:25] ✅ VPN 已连接
[2026-03-17 01:27:26] ✅ VPN 已连接
[2026-03-17 01:28:26] ✅ VPN 已连接
[2026-03-17 01:29:26] ✅ VPN 已连接
[2026-03-17 01:30:26] ✅ VPN 已连接
[2026-03-17 01:31:26] ✅ VPN 已连接
[2026-03-17 01:32:26] ✅ VPN 已连接
[2026-03-17 01:33:26] ✅ VPN 已连接
[2026-03-17 01:34:26] ✅ VPN 已连接
[2026-03-17 01:35:26] ✅ VPN 已连接
[2026-03-17 01:36:26] ✅ VPN 已连接
[2026-03-17 01:37:26] ✅ VPN 已连接
[2026-03-17 01:38:26] ✅ VPN 已连接
[2026-03-17 01:39:26] ✅ VPN 已连接
[2026-03-17 01:40:26] ✅ VPN 已连接
[2026-03-17 01:41:26] ✅ VPN 已连接
[2026-03-17 01:42:26] ✅ VPN 已连接
[2026-03-17 01:43:26] ✅ VPN 已连接
[2026-03-17 01:44:26] ✅ VPN 已连接
[2026-03-17 01:45:26] ✅ VPN 已连接
[2026-03-17 01:46:26] ✅ VPN 已连接
[2026-03-17 01:47:27] ✅ VPN 已连接
[2026-03-17 01:48:27] ✅ VPN 已连接
[2026-03-17 01:49:27] ✅ VPN 已连接
[2026-03-17 01:50:27] ✅ VPN 已连接
[2026-03-17 01:51:27] ✅ VPN 已连接
[2026-03-17 01:52:27] ✅ VPN 已连接
[2026-03-17 01:53:27] ✅ VPN 已连接
[2026-03-17 01:54:27] ✅ VPN 已连接
[2026-03-17 01:55:27] ✅ VPN 已连接
[2026-03-17 01:56:27] ✅ VPN 已连接
[2026-03-17 01:57:27] ✅ VPN 已连接
[2026-03-17 01:58:27] ✅ VPN 已连接
[2026-03-17 01:59:27] ✅ VPN 已连接
[2026-03-17 02:00:27] ✅ VPN 已连接
[2026-03-17 02:01:27] ✅ VPN 已连接
[2026-03-17 02:02:27] ✅ VPN 已连接
[2026-03-17 02:03:27] ✅ VPN 已连接
[2026-03-17 02:04:27] ✅ VPN 已连接
[2026-03-17 02:05:27] ✅ VPN 已连接
[2026-03-17 02:06:27] ✅ VPN 已连接
[2026-03-17 02:07:27] ✅ VPN 已连接
[2026-03-17 02:08:27] ✅ VPN 已连接
[2026-03-17 02:09:28] ✅ VPN 已连接
[2026-03-17 02:10:28] ✅ VPN 已连接
[2026-03-17 02:11:28] ✅ VPN 已连接
[2026-03-17 02:12:28] ✅ VPN 已连接
[2026-03-17 02:13:28] ✅ VPN 已连接
[2026-03-17 02:14:28] ✅ VPN 已连接
[2026-03-17 02:15:28] ✅ VPN 已连接
[2026-03-17 02:16:28] ✅ VPN 已连接
[2026-03-17 02:17:28] ✅ VPN 已连接
[2026-03-17 02:18:28] ✅ VPN 已连接
[2026-03-17 02:19:28] ✅ VPN 已连接
[2026-03-17 02:20:28] ✅ VPN 已连接
[2026-03-17 02:21:28] ✅ VPN 已连接
[2026-03-17 02:22:28] ✅ VPN 已连接
[2026-03-17 02:23:28] ✅ VPN 已连接
[2026-03-17 02:24:28] ✅ VPN 已连接
[2026-03-17 02:25:28] ✅ VPN 已连接
[2026-03-17 02:26:28] ✅ VPN 已连接
[2026-03-17 02:27:29] ✅ VPN 已连接
[2026-03-17 02:28:29] ✅ VPN 已连接
[2026-03-17 02:29:29] ✅ VPN 已连接
[2026-03-17 02:30:29] ✅ VPN 已连接
[2026-03-17 02:31:29] ✅ VPN 已连接
[2026-03-17 02:32:29] ✅ VPN 已连接
[2026-03-17 02:33:29] ✅ VPN 已连接
[2026-03-17 02:34:29] ✅ VPN 已连接
[2026-03-17 02:35:29] ✅ VPN 已连接
[2026-03-17 02:36:29] ✅ VPN 已连接
[2026-03-17 02:37:29] ✅ VPN 已连接
[2026-03-17 02:38:29] ✅ VPN 已连接
[2026-03-17 02:39:29] ✅ VPN 已连接
[2026-03-17 02:40:29] ✅ VPN 已连接
[2026-03-17 02:41:29] ✅ VPN 已连接
[2026-03-17 02:42:29] ✅ VPN 已连接
[2026-03-17 02:43:29] ✅ VPN 已连接
[2026-03-17 02:44:29] ✅ VPN 已连接
[2026-03-17 02:45:29] ✅ VPN 已连接
[2026-03-17 02:46:29] ✅ VPN 已连接
[2026-03-17 02:47:30] ✅ VPN 已连接
[2026-03-17 02:48:30] ✅ VPN 已连接
[2026-03-17 02:49:30] ✅ VPN 已连接
[2026-03-17 02:50:30] ✅ VPN 已连接
[2026-03-17 02:51:30] ✅ VPN 已连接
[2026-03-17 02:52:30] ✅ VPN 已连接
[2026-03-17 02:53:30] ✅ VPN 已连接
[2026-03-17 02:54:30] ✅ VPN 已连接
[2026-03-17 02:55:30] ✅ VPN 已连接
[2026-03-17 02:56:30] ✅ VPN 已连接
[2026-03-17 02:57:30] ✅ VPN 已连接
[2026-03-17 02:58:30] ✅ VPN 已连接
[2026-03-17 02:59:30] ✅ VPN 已连接
[2026-03-17 03:00:30] ✅ VPN 已连接
[2026-03-17 03:01:30] ✅ VPN 已连接
[2026-03-17 03:02:30] ✅ VPN 已连接
[2026-03-17 03:03:30] ✅ VPN 已连接
[2026-03-17 03:04:30] ✅ VPN 已连接
[2026-03-17 03:05:30] ✅ VPN 已连接
[2026-03-17 03:06:30] ✅ VPN 已连接
[2026-03-17 03:07:31] ✅ VPN 已连接
[2026-03-17 03:08:31] ✅ VPN 已连接
[2026-03-17 03:09:31] ✅ VPN 已连接
[2026-03-17 03:10:31] ✅ VPN 已连接
[2026-03-17 03:11:31] ✅ VPN 已连接
[2026-03-17 03:12:31] ✅ VPN 已连接
[2026-03-17 03:13:31] ✅ VPN 已连接
[2026-03-17 03:14:31] ✅ VPN 已连接
[2026-03-17 03:15:31] ✅ VPN 已连接
[2026-03-17 03:16:31] ✅ VPN 已连接
[2026-03-17 03:17:31] ✅ VPN 已连接
[2026-03-17 03:18:31] ✅ VPN 已连接
[2026-03-17 03:19:31] ✅ VPN 已连接
[2026-03-17 03:20:31] ✅ VPN 已连接
[2026-03-17 03:21:31] ✅ VPN 已连接
[2026-03-17 03:22:31] ✅ VPN 已连接
[2026-03-17 03:23:31] ✅ VPN 已连接
[2026-03-17 03:24:31] ✅ VPN 已连接
[2026-03-17 03:25:31] ✅ VPN 已连接
[2026-03-17 03:26:31] ✅ VPN 已连接
[2026-03-17 03:27:31] ✅ VPN 已连接
[2026-03-17 03:28:32] ✅ VPN 已连接
[2026-03-17 03:29:32] ✅ VPN 已连接
[2026-03-17 03:30:32] ✅ VPN 已连接
[2026-03-17 03:31:32] ✅ VPN 已连接
[2026-03-17 03:32:32] ✅ VPN 已连接
[2026-03-17 03:33:32] ✅ VPN 已连接
[2026-03-17 03:34:32] ✅ VPN 已连接
[2026-03-17 03:35:32] ✅ VPN 已连接
[2026-03-17 03:36:32] ✅ VPN 已连接
[2026-03-17 03:37:32] ✅ VPN 已连接
[2026-03-17 03:38:32] ✅ VPN 已连接
[2026-03-17 03:39:32] ✅ VPN 已连接
[2026-03-17 03:40:32] ✅ VPN 已连接
[2026-03-17 03:41:32] ✅ VPN 已连接
[2026-03-17 03:42:32] ✅ VPN 已连接
[2026-03-17 03:43:32] ✅ VPN 已连接
[2026-03-17 03:44:32] ✅ VPN 已连接
[2026-03-17 03:45:32] ✅ VPN 已连接
[2026-03-17 03:46:32] ✅ VPN 已连接
[2026-03-17 03:47:32] ✅ VPN 已连接
[2026-03-17 03:48:33] ✅ VPN 已连接
[2026-03-17 03:49:33] ✅ VPN 已连接
[2026-03-17 03:50:33] ✅ VPN 已连接
[2026-03-17 03:51:33] ✅ VPN 已连接
[2026-03-17 03:52:33] ✅ VPN 已连接
[2026-03-17 03:53:33] ✅ VPN 已连接
[2026-03-17 03:54:33] ✅ VPN 已连接
[2026-03-17 03:55:33] ✅ VPN 已连接
[2026-03-17 03:56:33] ✅ VPN 已连接
[2026-03-17 03:57:33] ✅ VPN 已连接
[2026-03-17 03:58:33] ✅ VPN 已连接
[2026-03-17 03:59:33] ✅ VPN 已连接
[2026-03-17 04:00:33] ✅ VPN 已连接
[2026-03-17 04:01:33] ✅ VPN 已连接
[2026-03-17 04:02:33] ✅ VPN 已连接
[2026-03-17 04:03:33] ✅ VPN 已连接
[2026-03-17 04:04:33] ✅ VPN 已连接
[2026-03-17 04:05:33] ✅ VPN 已连接
[2026-03-17 04:06:33] ✅ VPN 已连接
[2026-03-17 04:07:33] ✅ VPN 已连接
[2026-03-17 04:08:34] ✅ VPN 已连接
[2026-03-17 04:09:34] ✅ VPN 已连接
[2026-03-17 04:10:34] ✅ VPN 已连接
[2026-03-17 04:11:34] ✅ VPN 已连接
[2026-03-17 04:12:34] ✅ VPN 已连接
[2026-03-17 04:13:34] ✅ VPN 已连接
[2026-03-17 04:14:34] ✅ VPN 已连接
[2026-03-17 04:15:34] ✅ VPN 已连接
[2026-03-17 04:16:34] ✅ VPN 已连接
[2026-03-17 04:17:34] ✅ VPN 已连接
[2026-03-17 04:18:34] ✅ VPN 已连接
[2026-03-17 04:19:34] ✅ VPN 已连接
[2026-03-17 04:20:34] ✅ VPN 已连接
[2026-03-17 04:21:34] ✅ VPN 已连接
[2026-03-17 04:22:34] ✅ VPN 已连接
[2026-03-17 04:23:34] ✅ VPN 已连接
[2026-03-17 04:24:34] ✅ VPN 已连接
[2026-03-17 04:25:34] ✅ VPN 已连接
[2026-03-17 04:26:34] ✅ VPN 已连接
[2026-03-17 04:27:34] ✅ VPN 已连接
[2026-03-17 04:28:34] ✅ VPN 已连接
[2026-03-17 04:29:35] ✅ VPN 已连接
[2026-03-17 04:30:35] ✅ VPN 已连接
[2026-03-17 04:31:35] ✅ VPN 已连接
[2026-03-17 04:32:35] ✅ VPN 已连接
[2026-03-17 04:33:35] ✅ VPN 已连接
[2026-03-17 04:34:35] ✅ VPN 已连接
[2026-03-17 04:35:35] ✅ VPN 已连接
[2026-03-17 04:36:35] ✅ VPN 已连接
[2026-03-17 04:37:35] ✅ VPN 已连接
[2026-03-17 04:38:35] ✅ VPN 已连接
[2026-03-17 04:39:35] ✅ VPN 已连接
[2026-03-17 04:40:35] ✅ VPN 已连接
[2026-03-17 04:41:35] ✅ VPN 已连接
[2026-03-17 04:42:35] ✅ VPN 已连接
[2026-03-17 04:43:35] ✅ VPN 已连接
[2026-03-17 04:44:35] ✅ VPN 已连接
[2026-03-17 04:45:35] ✅ VPN 已连接
[2026-03-17 04:46:35] ✅ VPN 已连接
[2026-03-17 04:47:35] ✅ VPN 已连接
[2026-03-17 04:48:35] ✅ VPN 已连接
[2026-03-17 04:49:35] ✅ VPN 已连接
[2026-03-17 04:50:36] ✅ VPN 已连接
[2026-03-17 04:51:36] ✅ VPN 已连接
[2026-03-17 04:52:36] ✅ VPN 已连接
[2026-03-17 04:53:36] ✅ VPN 已连接
[2026-03-17 04:54:36] ✅ VPN 已连接
[2026-03-17 04:55:36] ✅ VPN 已连接
[2026-03-17 04:56:36] ✅ VPN 已连接
[2026-03-17 04:57:36] ✅ VPN 已连接
[2026-03-17 04:58:36] ✅ VPN 已连接
[2026-03-17 04:59:36] ✅ VPN 已连接
[2026-03-17 05:00:36] ✅ VPN 已连接
[2026-03-17 05:01:36] ✅ VPN 已连接
[2026-03-17 05:02:36] ✅ VPN 已连接
[2026-03-17 05:03:36] ✅ VPN 已连接
[2026-03-17 05:04:36] ✅ VPN 已连接
[2026-03-17 05:05:36] ✅ VPN 已连接
[2026-03-17 05:06:36] ✅ VPN 已连接
[2026-03-17 05:07:36] ✅ VPN 已连接
[2026-03-17 05:08:36] ✅ VPN 已连接
[2026-03-17 05:09:36] ❌ VPN 未连接，触发重连...
[2026-03-17 05:09:36] ========== VPN 重连开始 ==========
[2026-03-17 05:09:36] 尝试 1/3...
[2026-03-17 05:09:36] 启动 FortiClient GUI...
[2026-03-17 05:09:40] ❌ FortiClient GUI 启动失败
[2026-03-17 05:09:40] 重试 1 失败：无法启动 FortiClient
[2026-03-17 05:09:50] 尝试 2/3...
[2026-03-17 05:09:50] 启动 FortiClient GUI...
[2026-03-17 05:09:50] FortiClient 已在运行，先关闭...
[2026-03-17 05:09:55] ❌ FortiClient GUI 启动失败
[2026-03-17 05:09:55] 重试 2 失败：无法启动 FortiClient
[2026-03-17 05:10:05] 尝试 3/3...
[2026-03-17 05:10:05] 启动 FortiClient GUI...
[2026-03-17 05:10:08] ❌ FortiClient GUI 启动失败
[2026-03-17 05:10:08] 重试 3 失败：无法启动 FortiClient
[2026-03-17 05:10:18] ❌ VPN 重连失败（已尝试 3 次）
[2026-03-17 05:10:18] ========== VPN 重连失败 ==========
[2026-03-17 05:11:18] ❌ VPN 未连接，触发重连...
[2026-03-17 05:11:18] ========== VPN 重连开始 ==========
[2026-03-17 05:11:18] 尝试 1/3...
[2026-03-17 05:11:18] 启动 FortiClient GUI...
[2026-03-17 05:11:21] ❌ FortiClient GUI 启动失败
[2026-03-17 05:11:21] 重试 1 失败：无法启动 FortiClient
[2026-03-17 05:11:31] 尝试 2/3...
[2026-03-17 05:11:31] 启动 FortiClient GUI...
[2026-03-17 05:11:34] ✅ FortiClient GUI 已启动
[2026-03-17 05:11:34] 触发 VPN 连接（Playwright 自动化）...
[2026-03-17 05:12:44] 重试 2 失败：自动登录失败
[2026-03-17 05:12:54] 尝试 3/3...
[2026-03-17 05:12:54] 启动 FortiClient GUI...
[2026-03-17 05:12:57] ❌ FortiClient GUI 启动失败
[2026-03-17 05:12:57] 重试 3 失败：无法启动 FortiClient
[2026-03-17 05:13:07] ❌ VPN 重连失败（已尝试 3 次）
[2026-03-17 05:13:07] ========== VPN 重连失败 ==========
[2026-03-17 05:14:07] ✅ VPN 已连接
[2026-03-17 05:15:07] ✅ VPN 已连接
[2026-03-17 05:16:07] ✅ VPN 已连接
[2026-03-17 05:17:07] ✅ VPN 已连接
[2026-03-17 05:18:07] ✅ VPN 已连接
[2026-03-17 05:19:07] ✅ VPN 已连接
[2026-03-17 05:20:07] ✅ VPN 已连接
[2026-03-17 05:21:07] ✅ VPN 已连接
[2026-03-17 05:22:07] ✅ VPN 已连接
[2026-03-17 05:23:07] ✅ VPN 已连接
[2026-03-17 05:24:08] ✅ VPN 已连接
[2026-03-17 05:25:08] ✅ VPN 已连接
[2026-03-17 05:26:08] ✅ VPN 已连接
[2026-03-17 05:27:08] ✅ VPN 已连接
[2026-03-17 05:28:08] ✅ VPN 已连接
[2026-03-17 05:29:08] ✅ VPN 已连接
[2026-03-17 05:30:08] ✅ VPN 已连接
[2026-03-17 05:31:08] ✅ VPN 已连接
[2026-03-17 05:32:08] ✅ VPN 已连接
[2026-03-17 05:33:08] ✅ VPN 已连接
[2026-03-17 05:34:08] ✅ VPN 已连接
[2026-03-17 05:35:08] ✅ VPN 已连接
[2026-03-17 05:36:08] ✅ VPN 已连接
[2026-03-17 05:37:08] ✅ VPN 已连接
[2026-03-17 05:38:08] ✅ VPN 已连接
[2026-03-17 05:39:08] ✅ VPN 已连接
[2026-03-17 05:40:08] ✅ VPN 已连接
[2026-03-17 05:41:08] ✅ VPN 已连接
[2026-03-17 05:42:08] ✅ VPN 已连接
[2026-03-17 05:43:08] ✅ VPN 已连接
[2026-03-17 05:44:08] ✅ VPN 已连接
[2026-03-17 05:45:08] ✅ VPN 已连接
[2026-03-17 05:46:09] ✅ VPN 已连接
[2026-03-17 05:47:09] ✅ VPN 已连接
[2026-03-17 05:48:09] ✅ VPN 已连接
[2026-03-17 05:49:09] ✅ VPN 已连接
[2026-03-17 05:50:09] ✅ VPN 已连接
[2026-03-17 05:51:09] ✅ VPN 已连接
[2026-03-17 05:52:09] ✅ VPN 已连接
[2026-03-17 05:53:09] ✅ VPN 已连接
[2026-03-17 05:54:09] ✅ VPN 已连接
[2026-03-17 05:55:09] ✅ VPN 已连接
[2026-03-17 05:56:09] ✅ VPN 已连接
[2026-03-17 05:57:09] ✅ VPN 已连接
[2026-03-17 05:58:09] ✅ VPN 已连接
[2026-03-17 05:59:09] ✅ VPN 已连接
[2026-03-17 06:00:09] ✅ VPN 已连接
[2026-03-17 06:01:09] ✅ VPN 已连接
[2026-03-17 06:02:09] ✅ VPN 已连接
[2026-03-17 06:03:09] ✅ VPN 已连接
[2026-03-17 06:04:10] ✅ VPN 已连接
[2026-03-17 06:05:10] ✅ VPN 已连接
[2026-03-17 06:06:10] ✅ VPN 已连接
[2026-03-17 06:07:10] ✅ VPN 已连接
[2026-03-17 06:08:10] ✅ VPN 已连接
[2026-03-17 06:09:10] ✅ VPN 已连接
[2026-03-17 06:10:10] ✅ VPN 已连接
[2026-03-17 06:11:10] ✅ VPN 已连接
[2026-03-17 06:12:10] ✅ VPN 已连接
[2026-03-17 06:13:10] ✅ VPN 已连接
[2026-03-17 06:14:10] ✅ VPN 已连接
[2026-03-17 06:15:10] ✅ VPN 已连接
[2026-03-17 06:16:10] ✅ VPN 已连接
[2026-03-17 06:17:10] ✅ VPN 已连接
[2026-03-17 06:18:10] ✅ VPN 已连接
[2026-03-17 06:19:10] ✅ VPN 已连接
[2026-03-17 06:20:10] ✅ VPN 已连接
[2026-03-17 06:21:10] ✅ VPN 已连接
[2026-03-17 06:22:10] ✅ VPN 已连接
[2026-03-17 06:23:11] ✅ VPN 已连接
[2026-03-17 06:24:11] ✅ VPN 已连接
[2026-03-17 06:25:11] ✅ VPN 已连接
[2026-03-17 06:26:11] ✅ VPN 已连接
[2026-03-17 06:27:11] ✅ VPN 已连接
[2026-03-17 06:28:11] ✅ VPN 已连接
[2026-03-17 06:29:11] ✅ VPN 已连接
[2026-03-17 06:30:11] ✅ VPN 已连接
[2026-03-17 06:31:11] ✅ VPN 已连接
[2026-03-17 06:32:11] ✅ VPN 已连接
[2026-03-17 06:33:11] ✅ VPN 已连接
[2026-03-17 06:34:11] ✅ VPN 已连接
[2026-03-17 06:35:11] ✅ VPN 已连接
[2026-03-17 06:36:11] ✅ VPN 已连接
[2026-03-17 06:37:11] ✅ VPN 已连接
[2026-03-17 06:38:11] ✅ VPN 已连接
[2026-03-17 06:39:11] ✅ VPN 已连接
[2026-03-17 06:40:11] ✅ VPN 已连接
[2026-03-17 06:41:11] ✅ VPN 已连接
[2026-03-17 06:42:11] ✅ VPN 已连接
[2026-03-17 06:43:12] ✅ VPN 已连接
[2026-03-17 06:44:12] ✅ VPN 已连接
[2026-03-17 06:45:12] ✅ VPN 已连接
[2026-03-17 06:46:12] ✅ VPN 已连接
[2026-03-17 06:47:12] ✅ VPN 已连接
[2026-03-17 06:48:12] ✅ VPN 已连接
[2026-03-17 06:49:12] ✅ VPN 已连接
[2026-03-17 06:50:12] ✅ VPN 已连接
[2026-03-17 06:51:12] ✅ VPN 已连接
[2026-03-17 06:52:12] ✅ VPN 已连接
[2026-03-17 06:53:12] ✅ VPN 已连接
[2026-03-17 06:54:12] ✅ VPN 已连接
[2026-03-17 06:55:12] ✅ VPN 已连接
[2026-03-17 06:56:12] ✅ VPN 已连接
[2026-03-17 06:57:12] ✅ VPN 已连接
[2026-03-17 06:58:12] ✅ VPN 已连接
[2026-03-17 06:59:12] ✅ VPN 已连接
[2026-03-17 07:00:12] ✅ VPN 已连接
[2026-03-17 07:01:12] ✅ VPN 已连接
[2026-03-17 07:02:12] ✅ VPN 已连接
[2026-03-17 07:03:12] ✅ VPN 已连接
[2026-03-17 07:04:13] ✅ VPN 已连接
[2026-03-17 07:05:13] ✅ VPN 已连接
[2026-03-17 07:06:13] ✅ VPN 已连接
[2026-03-17 07:07:13] ✅ VPN 已连接
[2026-03-17 07:08:13] ✅ VPN 已连接
[2026-03-17 07:09:13] ✅ VPN 已连接
[2026-03-17 07:10:13] ✅ VPN 已连接
[2026-03-17 07:11:13] ✅ VPN 已连接
[2026-03-17 07:12:13] ✅ VPN 已连接
[2026-03-17 07:13:13] ✅ VPN 已连接
[2026-03-17 07:14:13] ✅ VPN 已连接
[2026-03-17 07:15:13] ✅ VPN 已连接
[2026-03-17 07:16:13] ✅ VPN 已连接
[2026-03-17 07:17:13] ✅ VPN 已连接
[2026-03-17 07:18:13] ✅ VPN 已连接
[2026-03-17 07:19:13] ✅ VPN 已连接
[2026-03-17 07:20:13] ✅ VPN 已连接
[2026-03-17 07:21:13] ✅ VPN 已连接
[2026-03-17 07:22:13] ✅ VPN 已连接
[2026-03-17 07:23:13] ✅ VPN 已连接
[2026-03-17 07:24:14] ✅ VPN 已连接
[2026-03-17 07:25:14] ✅ VPN 已连接
[2026-03-17 07:26:14] ✅ VPN 已连接
[2026-03-17 07:27:14] ✅ VPN 已连接
[2026-03-17 07:28:14] ✅ VPN 已连接
[2026-03-17 07:29:14] ✅ VPN 已连接
[2026-03-17 07:30:14] ✅ VPN 已连接
[2026-03-17 07:31:14] ✅ VPN 已连接
[2026-03-17 07:32:14] ✅ VPN 已连接
[2026-03-17 07:33:14] ✅ VPN 已连接
[2026-03-17 07:34:14] ✅ VPN 已连接
[2026-03-17 07:35:14] ✅ VPN 已连接
[2026-03-17 07:36:14] ✅ VPN 已连接
[2026-03-17 07:37:14] ✅ VPN 已连接
[2026-03-17 07:38:14] ✅ VPN 已连接
[2026-03-17 07:39:14] ✅ VPN 已连接
[2026-03-17 07:40:14] ✅ VPN 已连接
[2026-03-17 07:41:14] ✅ VPN 已连接
[2026-03-17 07:42:14] ✅ VPN 已连接
[2026-03-17 07:43:15] ✅ VPN 已连接
[2026-03-17 07:44:15] ✅ VPN 已连接
[2026-03-17 07:45:15] ✅ VPN 已连接
[2026-03-17 07:46:15] ✅ VPN 已连接
[2026-03-17 07:47:15] ✅ VPN 已连接
[2026-03-17 07:48:15] ✅ VPN 已连接
[2026-03-17 07:49:15] ✅ VPN 已连接
[2026-03-17 07:50:15] ✅ VPN 已连接
[2026-03-17 07:51:15] ✅ VPN 已连接
[2026-03-17 07:52:15] ✅ VPN 已连接
[2026-03-17 07:53:15] ✅ VPN 已连接
[2026-03-17 07:54:15] ✅ VPN 已连接
[2026-03-17 07:55:15] ✅ VPN 已连接
[2026-03-17 07:56:15] ✅ VPN 已连接
[2026-03-17 07:57:15] ✅ VPN 已连接
[2026-03-17 07:58:15] ✅ VPN 已连接
[2026-03-17 07:59:15] ✅ VPN 已连接
[2026-03-17 08:00:15] ✅ VPN 已连接
[2026-03-17 08:01:15] ✅ VPN 已连接
[2026-03-17 08:02:15] ✅ VPN 已连接
[2026-03-17 08:03:15] ✅ VPN 已连接
[2026-03-17 08:04:16] ✅ VPN 已连接
[2026-03-17 08:05:16] ✅ VPN 已连接
[2026-03-17 08:06:16] ✅ VPN 已连接
[2026-03-17 08:07:16] ✅ VPN 已连接
[2026-03-17 08:08:16] ✅ VPN 已连接
[2026-03-17 08:09:16] ✅ VPN 已连接
[2026-03-17 08:10:16] ✅ VPN 已连接
[2026-03-17 08:11:16] ✅ VPN 已连接
[2026-03-17 08:12:16] ✅ VPN 已连接
[2026-03-17 08:13:16] ✅ VPN 已连接
[2026-03-17 08:14:16] ✅ VPN 已连接
[2026-03-17 08:15:16] ✅ VPN 已连接
[2026-03-17 08:16:16] ✅ VPN 已连接
[2026-03-17 08:17:16] ✅ VPN 已连接
[2026-03-17 08:18:16] ✅ VPN 已连接
[2026-03-17 08:19:16] ✅ VPN 已连接
[2026-03-17 08:20:16] ✅ VPN 已连接
[2026-03-17 08:21:16] ✅ VPN 已连接
[2026-03-17 08:22:16] ✅ VPN 已连接
[2026-03-17 08:23:17] ✅ VPN 已连接
[2026-03-17 08:24:17] ✅ VPN 已连接
[2026-03-17 08:25:17] ✅ VPN 已连接
[2026-03-17 08:26:17] ✅ VPN 已连接
[2026-03-17 08:27:17] ✅ VPN 已连接
[2026-03-17 08:28:17] ✅ VPN 已连接
[2026-03-17 08:29:17] ✅ VPN 已连接
[2026-03-17 08:30:17] ✅ VPN 已连接
[2026-03-17 08:31:17] ✅ VPN 已连接
[2026-03-17 08:32:17] ✅ VPN 已连接
[2026-03-17 08:33:17] ✅ VPN 已连接
[2026-03-17 08:34:17] ✅ VPN 已连接
[2026-03-17 08:35:17] ✅ VPN 已连接
[2026-03-17 08:36:17] ✅ VPN 已连接
[2026-03-17 08:37:17] ✅ VPN 已连接
[2026-03-17 08:38:17] ✅ VPN 已连接
[2026-03-17 08:39:17] ✅ VPN 已连接
[2026-03-17 08:40:17] ✅ VPN 已连接
[2026-03-17 08:41:17] ✅ VPN 已连接
[2026-03-17 08:42:17] ✅ VPN 已连接
[2026-03-17 08:43:18] ✅ VPN 已连接
[2026-03-17 08:44:18] ✅ VPN 已连接
[2026-03-17 08:45:18] ✅ VPN 已连接
[2026-03-17 08:46:18] ✅ VPN 已连接
[2026-03-17 08:47:18] ✅ VPN 已连接
[2026-03-17 08:48:18] ✅ VPN 已连接
[2026-03-17 08:49:18] ✅ VPN 已连接
[2026-03-17 08:50:18] ✅ VPN 已连接
[2026-03-17 08:51:18] ✅ VPN 已连接
[2026-03-17 08:52:18] ✅ VPN 已连接
[2026-03-17 08:53:18] ✅ VPN 已连接
[2026-03-17 08:54:18] ✅ VPN 已连接
[2026-03-17 08:55:18] ✅ VPN 已连接
[2026-03-17 08:56:18] ✅ VPN 已连接
[2026-03-17 08:57:18] ✅ VPN 已连接
[2026-03-17 08:58:18] ✅ VPN 已连接
[2026-03-17 08:59:19] ✅ VPN 已连接
[2026-03-17 09:00:19] ✅ VPN 已连接
[2026-03-17 09:01:19] ✅ VPN 已连接
[2026-03-17 09:02:19] ✅ VPN 已连接
[2026-03-17 09:03:19] ✅ VPN 已连接
[2026-03-17 09:04:19] ✅ VPN 已连接
[2026-03-17 09:05:19] ✅ VPN 已连接
[2026-03-17 09:06:19] ✅ VPN 已连接
[2026-03-17 09:07:19] ✅ VPN 已连接
[2026-03-17 09:08:19] ✅ VPN 已连接
[2026-03-17 09:09:19] ✅ VPN 已连接
[2026-03-17 09:10:19] ✅ VPN 已连接
[2026-03-17 09:11:19] ✅ VPN 已连接
[2026-03-17 09:12:19] ✅ VPN 已连接
[2026-03-17 09:13:19] ✅ VPN 已连接
[2026-03-17 09:14:19] ✅ VPN 已连接
[2026-03-17 09:15:19] ✅ VPN 已连接
[2026-03-17 09:16:19] ✅ VPN 已连接
[2026-03-17 09:17:19] ✅ VPN 已连接
[2026-03-17 09:18:19] ✅ VPN 已连接
[2026-03-17 09:19:20] ✅ VPN 已连接
[2026-03-17 09:20:20] ✅ VPN 已连接
[2026-03-17 09:21:20] ✅ VPN 已连接
[2026-03-17 09:22:20] ✅ VPN 已连接
[2026-03-17 09:23:20] ✅ VPN 已连接
[2026-03-17 09:24:20] ✅ VPN 已连接
[2026-03-17 09:25:20] ✅ VPN 已连接
[2026-03-17 09:26:20] ✅ VPN 已连接
[2026-03-17 09:27:20] ✅ VPN 已连接
[2026-03-17 09:28:20] ✅ VPN 已连接
[2026-03-17 09:29:20] ✅ VPN 已连接
[2026-03-17 09:30:20] ✅ VPN 已连接
[2026-03-17 09:31:20] ✅ VPN 已连接
[2026-03-17 09:32:20] ✅ VPN 已连接
[2026-03-17 09:33:20] ✅ VPN 已连接
[2026-03-17 09:34:20] ✅ VPN 已连接
[2026-03-17 09:35:20] ✅ VPN 已连接
[2026-03-17 09:36:20] ✅ VPN 已连接
[2026-03-17 09:37:21] ✅ VPN 已连接
[2026-03-17 09:38:21] ✅ VPN 已连接
[2026-03-17 09:39:21] ✅ VPN 已连接
[2026-03-17 09:40:21] ✅ VPN 已连接
[2026-03-17 09:41:21] ✅ VPN 已连接
[2026-03-17 09:42:21] ✅ VPN 已连接
[2026-03-17 09:43:21] ✅ VPN 已连接
[2026-03-17 09:44:21] ✅ VPN 已连接
[2026-03-17 09:45:21] ✅ VPN 已连接
[2026-03-17 09:46:21] ✅ VPN 已连接
[2026-03-17 09:47:21] ✅ VPN 已连接
[2026-03-17 09:48:21] ✅ VPN 已连接
[2026-03-17 09:49:21] ✅ VPN 已连接
[2026-03-17 09:50:21] ✅ VPN 已连接
[2026-03-17 09:51:21] ✅ VPN 已连接
[2026-03-17 09:52:21] ✅ VPN 已连接
[2026-03-17 09:53:21] ✅ VPN 已连接
[2026-03-17 09:54:21] ✅ VPN 已连接
[2026-03-17 09:55:22] ✅ VPN 已连接
[2026-03-17 09:56:22] ✅ VPN 已连接
[2026-03-17 09:57:22] ✅ VPN 已连接
[2026-03-17 09:58:22] ✅ VPN 已连接
[2026-03-17 09:59:22] ✅ VPN 已连接
[2026-03-17 10:00:22] ✅ VPN 已连接
[2026-03-17 10:01:22] ✅ VPN 已连接
[2026-03-17 10:02:22] ✅ VPN 已连接
[2026-03-17 10:03:22] ✅ VPN 已连接
[2026-03-17 10:04:22] ✅ VPN 已连接
[2026-03-17 10:05:22] ✅ VPN 已连接
[2026-03-17 10:06:22] ✅ VPN 已连接
[2026-03-17 10:07:22] ✅ VPN 已连接
[2026-03-17 10:08:22] ✅ VPN 已连接
[2026-03-17 10:09:22] ✅ VPN 已连接
[2026-03-17 10:10:22] ✅ VPN 已连接
[2026-03-17 10:11:22] ✅ VPN 已连接
[2026-03-17 10:12:22] ✅ VPN 已连接
[2026-03-17 10:13:23] ✅ VPN 已连接
[2026-03-17 10:14:23] ✅ VPN 已连接
[2026-03-17 10:15:23] ✅ VPN 已连接
[2026-03-17 10:16:23] ✅ VPN 已连接
[2026-03-17 10:17:23] ✅ VPN 已连接
[2026-03-17 10:18:23] ✅ VPN 已连接
[2026-03-17 10:19:23] ✅ VPN 已连接
[2026-03-17 10:20:23] ✅ VPN 已连接
[2026-03-17 10:21:23] ✅ VPN 已连接
[2026-03-17 10:22:23] ✅ VPN 已连接
[2026-03-17 10:23:23] ✅ VPN 已连接
[2026-03-17 10:24:23] ✅ VPN 已连接
[2026-03-17 10:25:23] ✅ VPN 已连接
[2026-03-17 10:26:23] ✅ VPN 已连接
[2026-03-17 10:27:23] ✅ VPN 已连接
[2026-03-17 10:28:23] ✅ VPN 已连接
[2026-03-17 10:29:23] ✅ VPN 已连接
[2026-03-17 10:30:23] ✅ VPN 已连接
[2026-03-17 10:31:23] ✅ VPN 已连接
[2026-03-17 10:32:24] ✅ VPN 已连接
[2026-03-17 10:33:24] ✅ VPN 已连接
[2026-03-17 10:34:24] ✅ VPN 已连接
[2026-03-17 10:35:24] ✅ VPN 已连接
[2026-03-17 10:36:24] ✅ VPN 已连接
[2026-03-17 10:37:24] ✅ VPN 已连接
[2026-03-17 10:38:24] ✅ VPN 已连接
[2026-03-17 10:39:24] ✅ VPN 已连接
[2026-03-17 10:40:24] ✅ VPN 已连接
[2026-03-17 10:41:24] ✅ VPN 已连接
[2026-03-17 10:42:24] ✅ VPN 已连接
[2026-03-17 10:43:24] ✅ VPN 已连接
[2026-03-17 10:44:24] ✅ VPN 已连接
[2026-03-17 10:45:24] ✅ VPN 已连接
[2026-03-17 10:46:24] ✅ VPN 已连接
[2026-03-17 10:47:24] ✅ VPN 已连接
[2026-03-17 10:48:25] ✅ VPN 已连接
[2026-03-17 10:49:25] ✅ VPN 已连接
[2026-03-17 10:50:25] ✅ VPN 已连接
[2026-03-17 10:51:25] ✅ VPN 已连接
[2026-03-17 10:52:25] ✅ VPN 已连接
[2026-03-17 10:53:25] ✅ VPN 已连接
[2026-03-17 10:54:25] ✅ VPN 已连接
[2026-03-17 10:55:25] ✅ VPN 已连接
[2026-03-17 10:56:25] ✅ VPN 已连接
[2026-03-17 10:57:25] ✅ VPN 已连接
[2026-03-17 10:58:25] ✅ VPN 已连接
[2026-03-17 10:59:25] ✅ VPN 已连接
[2026-03-17 11:00:25] ✅ VPN 已连接
[2026-03-17 11:01:25] ✅ VPN 已连接
[2026-03-17 11:02:25] ✅ VPN 已连接
[2026-03-17 11:03:25] ✅ VPN 已连接
[2026-03-17 11:04:25] ✅ VPN 已连接
[2026-03-17 11:05:26] ✅ VPN 已连接
[2026-03-17 11:06:26] ✅ VPN 已连接
[2026-03-17 11:07:26] ✅ VPN 已连接
[2026-03-17 11:08:26] ✅ VPN 已连接
[2026-03-17 11:09:26] ✅ VPN 已连接
[2026-03-17 11:10:26] ✅ VPN 已连接
[2026-03-17 11:11:26] ✅ VPN 已连接
[2026-03-17 11:12:26] ✅ VPN 已连接
[2026-03-17 11:13:26] ✅ VPN 已连接
[2026-03-17 11:14:26] ✅ VPN 已连接
[2026-03-17 11:15:26] ✅ VPN 已连接
[2026-03-17 11:16:26] ✅ VPN 已连接
[2026-03-17 11:17:26] ✅ VPN 已连接
[2026-03-17 11:18:26] ✅ VPN 已连接
[2026-03-17 11:19:26] ✅ VPN 已连接
[2026-03-17 11:20:26] ✅ VPN 已连接
[2026-03-17 11:21:27] ✅ VPN 已连接
[2026-03-17 11:22:27] ✅ VPN 已连接
[2026-03-17 11:23:27] ✅ VPN 已连接
[2026-03-17 11:24:27] ✅ VPN 已连接
[2026-03-17 11:25:27] ✅ VPN 已连接
[2026-03-17 11:26:27] ✅ VPN 已连接
[2026-03-17 11:27:27] ✅ VPN 已连接
[2026-03-17 11:28:27] ✅ VPN 已连接
[2026-03-17 11:29:27] ✅ VPN 已连接
[2026-03-17 11:30:27] ✅ VPN 已连接
[2026-03-17 11:31:27] ✅ VPN 已连接
[2026-03-17 11:32:27] ✅ VPN 已连接
[2026-03-17 11:33:27] ✅ VPN 已连接
[2026-03-17 11:34:27] ✅ VPN 已连接
[2026-03-17 11:35:27] ✅ VPN 已连接
[2026-03-17 11:36:27] ✅ VPN 已连接
[2026-03-17 11:37:27] ✅ VPN 已连接
[2026-03-17 11:38:27] ✅ VPN 已连接
[2026-03-17 11:39:27] ✅ VPN 已连接
[2026-03-17 11:40:27] ✅ VPN 已连接
[2026-03-17 11:41:28] ✅ VPN 已连接
[2026-03-17 11:42:28] ✅ VPN 已连接
[2026-03-17 11:43:28] ✅ VPN 已连接
[2026-03-17 11:44:28] ✅ VPN 已连接
[2026-03-17 11:45:28] ✅ VPN 已连接
[2026-03-17 11:46:28] ✅ VPN 已连接
[2026-03-17 11:47:28] ✅ VPN 已连接
[2026-03-17 11:48:28] ✅ VPN 已连接
[2026-03-17 11:49:28] ✅ VPN 已连接
[2026-03-17 11:50:28] ✅ VPN 已连接
[2026-03-17 11:51:28] ✅ VPN 已连接
[2026-03-17 11:52:28] ✅ VPN 已连接
[2026-03-17 11:53:28] ✅ VPN 已连接
[2026-03-17 11:54:28] ✅ VPN 已连接
[2026-03-17 11:55:28] ✅ VPN 已连接
[2026-03-17 11:56:29] ✅ VPN 已连接
[2026-03-17 11:57:29] ✅ VPN 已连接
[2026-03-17 11:58:29] ✅ VPN 已连接
[2026-03-17 11:59:29] ✅ VPN 已连接
[2026-03-17 12:00:29] ✅ VPN 已连接
[2026-03-17 12:01:29] ✅ VPN 已连接
[2026-03-17 12:02:29] ✅ VPN 已连接
[2026-03-17 12:03:29] ✅ VPN 已连接
[2026-03-17 12:04:29] ✅ VPN 已连接
[2026-03-17 12:05:29] ✅ VPN 已连接
[2026-03-17 12:06:29] ✅ VPN 已连接
[2026-03-17 12:07:29] ✅ VPN 已连接
[2026-03-17 12:08:29] ✅ VPN 已连接
[2026-03-17 12:09:29] ✅ VPN 已连接
[2026-03-17 12:10:29] ✅ VPN 已连接
[2026-03-17 12:11:29] ✅ VPN 已连接
[2026-03-17 12:12:29] ✅ VPN 已连接
[2026-03-17 12:13:29] ✅ VPN 已连接
[2026-03-17 12:14:29] ✅ VPN 已连接
[2026-03-17 12:15:29] ✅ VPN 已连接
[2026-03-17 12:16:30] ✅ VPN 已连接
[2026-03-17 12:17:30] ✅ VPN 已连接
[2026-03-17 12:18:30] ✅ VPN 已连接
[2026-03-17 12:19:30] ✅ VPN 已连接
[2026-03-17 12:20:30] ✅ VPN 已连接
[2026-03-17 12:21:30] ✅ VPN 已连接
[2026-03-17 12:22:30] ✅ VPN 已连接
[2026-03-17 12:23:30] ✅ VPN 已连接
[2026-03-17 12:24:30] ✅ VPN 已连接
[2026-03-17 12:25:30] ✅ VPN 已连接
[2026-03-17 12:26:30] ✅ VPN 已连接
[2026-03-17 12:27:30] ✅ VPN 已连接
[2026-03-17 12:28:30] ✅ VPN 已连接
[2026-03-17 12:29:30] ✅ VPN 已连接
[2026-03-17 12:30:30] ✅ VPN 已连接
[2026-03-17 12:31:30] ✅ VPN 已连接
[2026-03-17 12:32:31] ✅ VPN 已连接
[2026-03-17 12:33:31] ✅ VPN 已连接
[2026-03-17 12:34:31] ✅ VPN 已连接
[2026-03-17 12:35:31] ✅ VPN 已连接
[2026-03-17 12:36:31] ✅ VPN 已连接
[2026-03-17 12:37:31] ✅ VPN 已连接
[2026-03-17 12:38:31] ✅ VPN 已连接
[2026-03-17 12:39:31] ✅ VPN 已连接
[2026-03-17 12:40:31] ✅ VPN 已连接
[2026-03-17 12:41:31] ✅ VPN 已连接
[2026-03-17 12:42:31] ✅ VPN 已连接
[2026-03-17 12:43:31] ✅ VPN 已连接
[2026-03-17 12:44:31] ✅ VPN 已连接
[2026-03-17 12:45:31] ✅ VPN 已连接
[2026-03-17 12:46:31] ✅ VPN 已连接
[2026-03-17 12:47:31] ✅ VPN 已连接
[2026-03-17 12:48:31] ✅ VPN 已连接
[2026-03-17 12:49:32] ✅ VPN 已连接
[2026-03-17 12:50:32] ✅ VPN 已连接
[2026-03-17 12:51:32] ✅ VPN 已连接
[2026-03-17 12:52:32] ✅ VPN 已连接
[2026-03-17 12:53:32] ✅ VPN 已连接
[2026-03-17 12:54:32] ✅ VPN 已连接
[2026-03-17 12:55:32] ✅ VPN 已连接
[2026-03-17 12:56:32] ✅ VPN 已连接
[2026-03-17 12:57:32] ✅ VPN 已连接
[2026-03-17 12:58:32] ✅ VPN 已连接
[2026-03-17 12:59:32] ✅ VPN 已连接
[2026-03-17 13:00:32] ✅ VPN 已连接
[2026-03-17 13:01:32] ✅ VPN 已连接
[2026-03-17 13:02:32] ✅ VPN 已连接
[2026-03-17 13:03:32] ✅ VPN 已连接
[2026-03-17 13:04:32] ✅ VPN 已连接
[2026-03-17 13:05:32] ✅ VPN 已连接
[2026-03-17 13:06:32] ✅ VPN 已连接
[2026-03-17 13:07:33] ✅ VPN 已连接
[2026-03-17 13:08:33] ✅ VPN 已连接
[2026-03-17 13:09:33] ✅ VPN 已连接
[2026-03-17 13:10:33] ✅ VPN 已连接
[2026-03-17 13:11:33] ✅ VPN 已连接
[2026-03-17 13:12:33] ❌ VPN 未连接，触发重连...
[2026-03-17 13:12:33] ========== VPN 重连开始 ==========
[2026-03-17 13:12:33] 尝试 1/3...
[2026-03-17 13:12:33] 启动 FortiClient GUI...
[2026-03-17 13:12:36] ✅ FortiClient GUI 已启动
[2026-03-17 13:12:36] 触发 VPN 连接（Playwright 自动化）...
[2026-03-17 13:13:46] 重试 1 失败：自动登录失败
[2026-03-17 13:13:56] 尝试 2/3...
[2026-03-17 13:13:56] 启动 FortiClient GUI...
[2026-03-17 13:13:59] ❌ FortiClient GUI 启动失败
[2026-03-17 13:13:59] 重试 2 失败：无法启动 FortiClient
[2026-03-17 13:14:09] 尝试 3/3...
[2026-03-17 13:14:09] 启动 FortiClient GUI...
[2026-03-17 13:14:12] ❌ FortiClient GUI 启动失败
[2026-03-17 13:14:12] 重试 3 失败：无法启动 FortiClient
[2026-03-17 13:14:22] ❌ VPN 重连失败（已尝试 3 次）
[2026-03-17 13:14:22] ========== VPN 重连失败 ==========
[2026-03-17 13:15:22] ✅ VPN 已连接
[2026-03-17 13:16:22] ✅ VPN 已连接
[2026-03-17 13:17:22] ✅ VPN 已连接
[2026-03-17 13:18:22] ✅ VPN 已连接
[2026-03-17 13:19:22] ✅ VPN 已连接
[2026-03-17 13:20:22] ✅ VPN 已连接
[2026-03-17 13:21:22] ✅ VPN 已连接
[2026-03-17 13:22:22] ✅ VPN 已连接
[2026-03-17 13:23:22] ✅ VPN 已连接
[2026-03-17 13:24:22] ✅ VPN 已连接
[2026-03-17 13:25:22] ✅ VPN 已连接
[2026-03-17 13:26:22] ✅ VPN 已连接
[2026-03-17 13:27:23] ✅ VPN 已连接
[2026-03-17 13:28:23] ✅ VPN 已连接
[2026-03-17 13:29:23] ✅ VPN 已连接
[2026-03-17 13:30:23] ✅ VPN 已连接
[2026-03-17 13:31:23] ✅ VPN 已连接
[2026-03-17 13:32:23] ✅ VPN 已连接
[2026-03-17 13:33:23] ✅ VPN 已连接
[2026-03-17 13:34:23] ✅ VPN 已连接
[2026-03-17 13:35:23] ✅ VPN 已连接
[2026-03-17 13:36:23] ✅ VPN 已连接
[2026-03-17 13:37:23] ✅ VPN 已连接
[2026-03-17 13:38:23] ✅ VPN 已连接
[2026-03-17 13:39:23] ✅ VPN 已连接
[2026-03-17 13:40:23] ✅ VPN 已连接
[2026-03-17 13:41:23] ✅ VPN 已连接
[2026-03-17 13:42:24] ✅ VPN 已连接
[2026-03-17 13:43:24] ✅ VPN 已连接
[2026-03-17 13:44:24] ✅ VPN 已连接
[2026-03-17 13:45:24] ✅ VPN 已连接
[2026-03-17 13:46:24] ✅ VPN 已连接
[2026-03-17 13:47:24] ✅ VPN 已连接
[2026-03-17 13:48:24] ✅ VPN 已连接
[2026-03-17 13:49:24] ✅ VPN 已连接
[2026-03-17 13:50:24] ✅ VPN 已连接
[2026-03-17 13:51:24] ✅ VPN 已连接
[2026-03-17 13:52:24] ✅ VPN 已连接
[2026-03-17 13:53:24] ✅ VPN 已连接
[2026-03-17 13:54:24] ✅ VPN 已连接
[2026-03-17 13:55:24] ✅ VPN 已连接
[2026-03-17 13:56:24] ✅ VPN 已连接
[2026-03-17 13:57:25] ✅ VPN 已连接
[2026-03-17 13:58:25] ✅ VPN 已连接
[2026-03-17 13:59:25] ✅ VPN 已连接
[2026-03-17 14:00:25] ✅ VPN 已连接
[2026-03-17 14:01:25] ✅ VPN 已连接
[2026-03-17 14:02:25] ✅ VPN 已连接
[2026-03-17 14:03:25] ✅ VPN 已连接
[2026-03-17 14:04:25] ✅ VPN 已连接
[2026-03-17 14:05:25] ✅ VPN 已连接
[2026-03-17 14:06:25] ✅ VPN 已连接
[2026-03-17 14:07:25] ✅ VPN 已连接
[2026-03-17 14:08:25] ✅ VPN 已连接
[2026-03-17 14:09:25] ✅ VPN 已连接
[2026-03-17 14:10:25] ✅ VPN 已连接
[2026-03-17 14:11:25] ✅ VPN 已连接
[2026-03-17 14:12:26] ✅ VPN 已连接
[2026-03-17 14:13:26] ✅ VPN 已连接
[2026-03-17 14:14:26] ✅ VPN 已连接
[2026-03-17 14:15:26] ✅ VPN 已连接
[2026-03-17 14:16:26] ✅ VPN 已连接
[2026-03-17 14:17:26] ✅ VPN 已连接
[2026-03-17 14:18:26] ✅ VPN 已连接
[2026-03-17 14:19:26] ✅ VPN 已连接
[2026-03-17 14:20:26] ✅ VPN 已连接
[2026-03-17 14:21:26] ✅ VPN 已连接
[2026-03-17 14:22:26] ✅ VPN 已连接
[2026-03-17 14:23:26] ✅ VPN 已连接
[2026-03-17 14:24:26] ✅ VPN 已连接
[2026-03-17 14:25:26] ✅ VPN 已连接
[2026-03-17 14:26:26] ✅ VPN 已连接
[2026-03-17 14:27:26] ✅ VPN 已连接
[2026-03-17 14:28:27] ✅ VPN 已连接
[2026-03-17 14:29:27] ✅ VPN 已连接
[2026-03-17 14:30:27] ✅ VPN 已连接
[2026-03-17 14:31:27] ✅ VPN 已连接
[2026-03-17 14:32:27] ✅ VPN 已连接
[2026-03-17 14:33:27] ✅ VPN 已连接
[2026-03-17 14:34:27] ✅ VPN 已连接
[2026-03-17 14:35:27] ✅ VPN 已连接
[2026-03-17 14:36:27] ✅ VPN 已连接
[2026-03-17 14:37:27] ✅ VPN 已连接
[2026-03-17 14:38:27] ✅ VPN 已连接
[2026-03-17 14:39:27] ✅ VPN 已连接
[2026-03-17 14:40:27] ✅ VPN 已连接
[2026-03-17 14:41:27] ✅ VPN 已连接
[2026-03-17 14:42:27] ✅ VPN 已连接
[2026-03-17 14:43:27] ✅ VPN 已连接
[2026-03-17 14:44:28] ✅ VPN 已连接
[2026-03-17 14:45:28] ✅ VPN 已连接
[2026-03-17 14:46:28] ✅ VPN 已连接
[2026-03-17 14:47:28] ✅ VPN 已连接
[2026-03-17 14:48:28] ✅ VPN 已连接
[2026-03-17 14:49:28] ✅ VPN 已连接
[2026-03-17 14:50:28] ✅ VPN 已连接
[2026-03-17 14:51:28] ✅ VPN 已连接
[2026-03-17 14:52:28] ✅ VPN 已连接
[2026-03-17 14:53:28] ✅ VPN 已连接
[2026-03-17 14:54:28] ✅ VPN 已连接
[2026-03-17 14:55:28] ✅ VPN 已连接
[2026-03-17 14:56:28] ✅ VPN 已连接
[2026-03-17 14:57:28] ✅ VPN 已连接
[2026-03-17 14:58:28] ✅ VPN 已连接
[2026-03-17 14:59:28] ✅ VPN 已连接
[2026-03-17 15:00:29] ✅ VPN 已连接
[2026-03-17 15:01:29] ✅ VPN 已连接
[2026-03-17 15:02:29] ✅ VPN 已连接
[2026-03-17 15:03:29] ✅ VPN 已连接
[2026-03-17 15:04:29] ✅ VPN 已连接
[2026-03-17 15:05:29] ✅ VPN 已连接
[2026-03-17 15:06:29] ✅ VPN 已连接
[2026-03-17 15:07:29] ✅ VPN 已连接
[2026-03-17 15:08:29] ✅ VPN 已连接
[2026-03-17 15:09:29] ✅ VPN 已连接
[2026-03-17 15:10:29] ✅ VPN 已连接
[2026-03-17 15:11:29] ✅ VPN 已连接
[2026-03-17 15:12:29] ✅ VPN 已连接
[2026-03-17 15:13:29] ✅ VPN 已连接
[2026-03-17 15:14:29] ✅ VPN 已连接
[2026-03-17 15:15:29] ✅ VPN 已连接
[2026-03-17 15:16:29] ✅ VPN 已连接
[2026-03-17 15:17:30] ✅ VPN 已连接
[2026-03-17 15:18:30] ✅ VPN 已连接
[2026-03-17 15:19:30] ✅ VPN 已连接
[2026-03-17 15:20:30] ✅ VPN 已连接
[2026-03-17 15:21:30] ✅ VPN 已连接
[2026-03-17 15:22:30] ✅ VPN 已连接
[2026-03-17 15:23:30] ✅ VPN 已连接
[2026-03-17 15:24:30] ✅ VPN 已连接
[2026-03-17 15:25:30] ✅ VPN 已连接
[2026-03-17 15:26:30] ✅ VPN 已连接
[2026-03-17 15:27:30] ✅ VPN 已连接
[2026-03-17 15:28:30] ✅ VPN 已连接
[2026-03-17 15:29:30] ✅ VPN 已连接
[2026-03-17 15:30:31] ✅ VPN 已连接
[2026-03-17 15:31:31] ✅ VPN 已连接
[2026-03-17 15:32:31] ✅ VPN 已连接
[2026-03-17 15:33:31] ✅ VPN 已连接
[2026-03-17 15:34:31] ✅ VPN 已连接
[2026-03-17 15:35:31] ✅ VPN 已连接
[2026-03-17 15:36:31] ✅ VPN 已连接
[2026-03-17 15:37:31] ✅ VPN 已连接
[2026-03-17 15:38:31] ✅ VPN 已连接
[2026-03-17 15:39:31] ✅ VPN 已连接
[2026-03-17 15:40:31] ✅ VPN 已连接
[2026-03-17 15:41:31] ✅ VPN 已连接
[2026-03-17 15:42:31] ✅ VPN 已连接
[2026-03-17 15:43:31] ✅ VPN 已连接
[2026-03-17 15:44:31] ✅ VPN 已连接
[2026-03-17 15:45:31] ✅ VPN 已连接
[2026-03-17 15:46:32] ✅ VPN 已连接
[2026-03-17 15:47:32] ✅ VPN 已连接
[2026-03-17 15:48:32] ✅ VPN 已连接
[2026-03-17 15:49:32] ✅ VPN 已连接
[2026-03-17 15:50:32] ✅ VPN 已连接
[2026-03-17 15:51:32] ✅ VPN 已连接
[2026-03-17 15:52:32] ✅ VPN 已连接
[2026-03-17 15:53:32] ✅ VPN 已连接
[2026-03-17 15:54:32] ✅ VPN 已连接
[2026-03-17 15:55:32] ✅ VPN 已连接
[2026-03-17 15:56:32] ✅ VPN 已连接
[2026-03-17 15:57:32] ✅ VPN 已连接
[2026-03-17 15:58:32] ✅ VPN 已连接
[2026-03-17 15:59:32] ✅ VPN 已连接
[2026-03-17 16:00:33] ✅ VPN 已连接
[2026-03-17 16:01:33] ✅ VPN 已连接
[2026-03-17 16:02:33] ✅ VPN 已连接
[2026-03-17 16:03:33] ✅ VPN 已连接
[2026-03-17 16:04:33] ✅ VPN 已连接
[2026-03-17 16:05:33] ✅ VPN 已连接
[2026-03-17 16:06:33] ✅ VPN 已连接
[2026-03-17 16:07:33] ✅ VPN 已连接
[2026-03-17 16:08:33] ✅ VPN 已连接
[2026-03-17 16:09:33] ✅ VPN 已连接
[2026-03-17 16:10:33] ✅ VPN 已连接
[2026-03-17 16:11:33] ✅ VPN 已连接
[2026-03-17 16:12:33] ✅ VPN 已连接
[2026-03-17 16:13:33] ✅ VPN 已连接
[2026-03-17 16:14:33] ✅ VPN 已连接
[2026-03-17 16:15:34] ✅ VPN 已连接
[2026-03-17 16:16:34] ✅ VPN 已连接
[2026-03-17 16:17:34] ✅ VPN 已连接
[2026-03-17 16:18:34] ✅ VPN 已连接
[2026-03-17 16:19:34] ✅ VPN 已连接
[2026-03-17 16:20:34] ✅ VPN 已连接
[2026-03-17 16:21:34] ✅ VPN 已连接
[2026-03-17 16:22:34] ✅ VPN 已连接
[2026-03-17 16:23:34] ✅ VPN 已连接
[2026-03-17 16:24:34] ✅ VPN 已连接
[2026-03-17 16:25:34] ✅ VPN 已连接
[2026-03-17 16:26:34] ✅ VPN 已连接
[2026-03-17 16:27:35] ✅ VPN 已连接
[2026-03-17 16:28:35] ✅ VPN 已连接
[2026-03-17 16:29:35] ✅ VPN 已连接
[2026-03-17 16:30:35] ✅ VPN 已连接
[2026-03-17 16:31:35] ✅ VPN 已连接
[2026-03-17 16:32:35] ✅ VPN 已连接
[2026-03-17 16:33:35] ✅ VPN 已连接
[2026-03-17 16:34:35] ✅ VPN 已连接
[2026-03-17 16:35:35] ✅ VPN 已连接
[2026-03-17 16:36:35] ✅ VPN 已连接
[2026-03-17 16:37:35] ✅ VPN 已连接
[2026-03-17 16:38:35] ✅ VPN 已连接
[2026-03-17 16:39:35] ✅ VPN 已连接
[2026-03-17 16:40:36] ✅ VPN 已连接
[2026-03-17 16:41:36] ✅ VPN 已连接
[2026-03-17 16:42:36] ✅ VPN 已连接
[2026-03-17 16:43:36] ✅ VPN 已连接
[2026-03-17 16:44:36] ✅ VPN 已连接
[2026-03-17 16:45:36] ✅ VPN 已连接
[2026-03-17 16:46:36] ✅ VPN 已连接
[2026-03-17 16:47:36] ✅ VPN 已连接
[2026-03-17 16:48:36] ✅ VPN 已连接
[2026-03-17 16:49:36] ✅ VPN 已连接
[2026-03-17 16:50:36] ✅ VPN 已连接
[2026-03-17 16:51:36] ✅ VPN 已连接
[2026-03-17 16:52:36] ✅ VPN 已连接
[2026-03-17 16:53:36] ✅ VPN 已连接
[2026-03-17 16:54:36] ✅ VPN 已连接
[2026-03-17 16:55:36] ✅ VPN 已连接
[2026-03-17 16:56:36] ✅ VPN 已连接
[2026-03-17 16:57:36] ✅ VPN 已连接
[2026-03-17 16:58:37] ✅ VPN 已连接
[2026-03-17 16:59:37] ✅ VPN 已连接
[2026-03-17 17:00:37] ✅ VPN 已连接
[2026-03-17 17:01:37] ✅ VPN 已连接
[2026-03-17 17:02:37] ✅ VPN 已连接
[2026-03-17 17:03:37] ✅ VPN 已连接
[2026-03-17 17:04:37] ✅ VPN 已连接
[2026-03-17 17:05:37] ✅ VPN 已连接
[2026-03-17 17:06:37] ✅ VPN 已连接
[2026-03-17 17:07:37] ✅ VPN 已连接
[2026-03-17 17:08:37] ✅ VPN 已连接
[2026-03-17 17:09:37] ✅ VPN 已连接
[2026-03-17 17:10:37] ✅ VPN 已连接
[2026-03-17 17:11:37] ✅ VPN 已连接
[2026-03-17 17:12:37] ✅ VPN 已连接
[2026-03-17 17:13:38] ✅ VPN 已连接
[2026-03-17 17:14:38] ✅ VPN 已连接
[2026-03-17 17:15:38] ✅ VPN 已连接
[2026-03-17 17:16:38] ✅ VPN 已连接
[2026-03-17 17:17:38] ✅ VPN 已连接
[2026-03-17 17:18:38] ✅ VPN 已连接
[2026-03-17 17:19:38] ✅ VPN 已连接
[2026-03-17 17:20:38] ✅ VPN 已连接
[2026-03-17 17:21:38] ✅ VPN 已连接
[2026-03-17 17:22:38] ✅ VPN 已连接
[2026-03-17 17:23:38] ✅ VPN 已连接
[2026-03-17 17:24:38] ✅ VPN 已连接
[2026-03-17 17:25:38] ✅ VPN 已连接
[2026-03-17 17:26:38] ✅ VPN 已连接
[2026-03-17 17:27:39] ✅ VPN 已连接
[2026-03-17 17:28:39] ✅ VPN 已连接
[2026-03-17 17:29:39] ✅ VPN 已连接
[2026-03-17 17:30:39] ✅ VPN 已连接
[2026-03-17 17:31:39] ✅ VPN 已连接
[2026-03-17 17:32:39] ✅ VPN 已连接
[2026-03-17 17:33:39] ✅ VPN 已连接
[2026-03-17 17:34:39] ✅ VPN 已连接
[2026-03-17 17:35:39] ✅ VPN 已连接
[2026-03-17 17:36:39] ✅ VPN 已连接
[2026-03-17 17:37:39] ✅ VPN 已连接
[2026-03-17 17:38:40] ✅ VPN 已连接
[2026-03-17 17:39:40] ✅ VPN 已连接
[2026-03-17 17:40:40] ✅ VPN 已连接
[2026-03-17 17:41:40] ✅ VPN 已连接
[2026-03-17 17:42:40] ✅ VPN 已连接
[2026-03-17 17:43:40] ✅ VPN 已连接
[2026-03-17 17:44:40] ✅ VPN 已连接
[2026-03-17 17:45:40] ✅ VPN 已连接
[2026-03-17 17:46:40] ✅ VPN 已连接
[2026-03-17 17:47:40] ✅ VPN 已连接
[2026-03-17 17:48:40] ✅ VPN 已连接
[2026-03-17 17:49:40] ✅ VPN 已连接
[2026-03-17 17:50:40] ✅ VPN 已连接
[2026-03-17 17:51:40] ✅ VPN 已连接
[2026-03-17 17:52:41] ✅ VPN 已连接
[2026-03-17 17:53:41] ✅ VPN 已连接
[2026-03-17 17:54:41] ✅ VPN 已连接
[2026-03-17 17:55:41] ✅ VPN 已连接
[2026-03-17 17:56:41] ✅ VPN 已连接
[2026-03-17 17:57:41] ✅ VPN 已连接
[2026-03-17 17:58:41] ✅ VPN 已连接
[2026-03-17 17:59:41] ✅ VPN 已连接
[2026-03-17 18:00:41] ✅ VPN 已连接
[2026-03-17 18:01:41] ✅ VPN 已连接
[2026-03-17 18:02:41] ✅ VPN 已连接
[2026-03-17 18:03:41] ✅ VPN 已连接
[2026-03-17 18:04:41] ✅ VPN 已连接
[2026-03-17 18:05:42] ✅ VPN 已连接
[2026-03-17 18:06:42] ✅ VPN 已连接
[2026-03-17 18:07:42] ✅ VPN 已连接
[2026-03-17 18:08:42] ✅ VPN 已连接
[2026-03-17 18:09:42] ✅ VPN 已连接
[2026-03-17 18:10:42] ✅ VPN 已连接
[2026-03-17 18:11:42] ✅ VPN 已连接
[2026-03-17 18:12:42] ✅ VPN 已连接
[2026-03-17 18:13:42] ✅ VPN 已连接
[2026-03-17 18:14:42] ✅ VPN 已连接
[2026-03-17 18:15:42] ✅ VPN 已连接
[2026-03-17 18:16:42] ✅ VPN 已连接
[2026-03-17 18:17:43] ✅ VPN 已连接
[2026-03-17 18:18:43] ✅ VPN 已连接
[2026-03-17 18:19:43] ✅ VPN 已连接
[2026-03-17 18:20:43] ✅ VPN 已连接
[2026-03-17 18:21:43] ✅ VPN 已连接
[2026-03-17 18:22:43] ✅ VPN 已连接
[2026-03-17 18:23:43] ✅ VPN 已连接
[2026-03-17 18:24:43] ✅ VPN 已连接
[2026-03-17 18:25:43] ✅ VPN 已连接
[2026-03-17 18:26:43] ✅ VPN 已连接
[2026-03-17 18:27:43] ✅ VPN 已连接
[2026-03-17 18:28:44] ✅ VPN 已连接
[2026-03-17 18:29:44] ✅ VPN 已连接
[2026-03-17 18:30:44] ✅ VPN 已连接
[2026-03-17 18:31:44] ✅ VPN 已连接
[2026-03-17 18:32:44] ✅ VPN 已连接
[2026-03-17 18:33:44] ✅ VPN 已连接
[2026-03-17 18:34:44] ✅ VPN 已连接
[2026-03-17 18:35:44] ✅ VPN 已连接
[2026-03-17 18:36:44] ✅ VPN 已连接
[2026-03-17 18:37:44] ✅ VPN 已连接
[2026-03-17 18:38:44] ✅ VPN 已连接
[2026-03-17 18:39:44] ✅ VPN 已连接
[2026-03-17 18:40:45] ✅ VPN 已连接
[2026-03-17 18:41:45] ✅ VPN 已连接
[2026-03-17 18:42:45] ✅ VPN 已连接
[2026-03-17 18:43:45] ✅ VPN 已连接
[2026-03-17 18:44:45] ✅ VPN 已连接
[2026-03-17 18:45:45] ✅ VPN 已连接
[2026-03-17 18:46:45] ✅ VPN 已连接
[2026-03-17 18:47:45] ✅ VPN 已连接
[2026-03-17 18:48:45] ✅ VPN 已连接
[2026-03-17 18:49:45] ✅ VPN 已连接
[2026-03-17 18:50:45] ✅ VPN 已连接
[2026-03-17 18:51:45] ✅ VPN 已连接
[2026-03-17 18:52:46] ✅ VPN 已连接
[2026-03-17 18:53:46] ✅ VPN 已连接
[2026-03-17 18:54:46] ✅ VPN 已连接
[2026-03-17 18:55:46] ✅ VPN 已连接
[2026-03-17 18:56:46] ✅ VPN 已连接
[2026-03-17 18:57:46] ✅ VPN 已连接
[2026-03-17 18:58:46] ✅ VPN 已连接
[2026-03-17 18:59:46] ✅ VPN 已连接
[2026-03-17 19:00:46] ✅ VPN 已连接
[2026-03-17 19:01:46] ✅ VPN 已连接
[2026-03-17 19:02:46] ✅ VPN 已连接
[2026-03-17 19:03:46] ✅ VPN 已连接
[2026-03-17 19:04:46] ✅ VPN 已连接
[2026-03-17 19:05:46] ✅ VPN 已连接
[2026-03-17 19:06:46] ✅ VPN 已连接
[2026-03-17 19:07:47] ✅ VPN 已连接
[2026-03-17 19:08:47] ✅ VPN 已连接
[2026-03-17 19:09:47] ✅ VPN 已连接
[2026-03-17 19:10:47] ✅ VPN 已连接
[2026-03-17 19:11:47] ✅ VPN 已连接
[2026-03-17 19:12:47] ✅ VPN 已连接
[2026-03-17 19:13:47] ✅ VPN 已连接
[2026-03-17 19:14:47] ✅ VPN 已连接
[2026-03-17 19:15:47] ✅ VPN 已连接
[2026-03-17 19:16:47] ✅ VPN 已连接
[2026-03-17 19:17:47] ✅ VPN 已连接
[2026-03-17 19:18:47] ✅ VPN 已连接
[2026-03-17 19:25:32] VPN Watchdog 启动
[2026-03-17 19:25:33] ❌ VPN 未连接，触发重连...
[2026-03-17 19:25:33] ========== VPN 重连开始 ==========
[2026-03-17 19:25:33] 尝试 1/3...
[2026-03-17 19:25:33] 启动 FortiClient GUI...
[2026-03-17 19:25:33] FortiClient 已在运行，先关闭...
[2026-03-17 19:25:38] ❌ FortiClient GUI 启动失败
[2026-03-17 19:25:38] 重试 1 失败：无法启动 FortiClient
[2026-03-17 19:25:48] 尝试 2/3...
[2026-03-17 19:25:48] 启动 FortiClient GUI...
[2026-03-17 19:25:51] ❌ FortiClient GUI 启动失败
[2026-03-17 19:25:51] 重试 2 失败：无法启动 FortiClient
[2026-03-17 19:26:01] 尝试 3/3...
[2026-03-17 19:26:01] 启动 FortiClient GUI...
[2026-03-17 19:26:04] ❌ FortiClient GUI 启动失败
[2026-03-17 19:26:04] 重试 3 失败：无法启动 FortiClient
[2026-03-17 19:26:14] ❌ VPN 重连失败（已尝试 3 次）
[2026-03-17 19:26:14] ========== VPN 重连失败 ==========
[2026-03-17 19:27:14] ❌ VPN 未连接，触发重连...
[2026-03-17 19:27:14] ========== VPN 重连开始 ==========
[2026-03-17 19:27:14] 尝试 1/3...
[2026-03-17 19:27:14] 启动 FortiClient GUI...
[2026-03-17 19:27:17] ❌ FortiClient GUI 启动失败
[2026-03-17 19:27:17] 重试 1 失败：无法启动 FortiClient
[2026-03-17 19:27:27] 尝试 2/3...
[2026-03-17 19:27:27] 启动 FortiClient GUI...
[2026-03-17 19:27:30] ❌ FortiClient GUI 启动失败
[2026-03-17 19:27:30] 重试 2 失败：无法启动 FortiClient
[2026-03-17 19:27:40] 尝试 3/3...
[2026-03-17 19:27:40] 启动 FortiClient GUI...
[2026-03-17 19:27:43] ❌ FortiClient GUI 启动失败
[2026-03-17 19:27:43] 重试 3 失败：无法启动 FortiClient
[2026-03-17 19:27:53] ❌ VPN 重连失败（已尝试 3 次）
[2026-03-17 19:27:53] ========== VPN 重连失败 ==========
[2026-03-17 19:28:53] ✅ VPN 已连接
[2026-03-17 19:29:53] ✅ VPN 已连接
[2026-03-17 19:30:53] ✅ VPN 已连接
[2026-03-17 19:31:53] ✅ VPN 已连接
[2026-03-17 19:32:53] ✅ VPN 已连接
[2026-03-17 19:33:53] ✅ VPN 已连接
[2026-03-17 19:34:53] ✅ VPN 已连接
[2026-03-17 19:35:53] ✅ VPN 已连接
[2026-03-17 19:36:53] ✅ VPN 已连接
[2026-03-17 19:37:53] ✅ VPN 已连接
[2026-03-17 19:38:53] ✅ VPN 已连接
[2026-03-17 19:39:54] ✅ VPN 已连接
[2026-03-17 19:40:54] ✅ VPN 已连接
[2026-03-17 19:41:54] ✅ VPN 已连接
[2026-03-17 19:42:54] ✅ VPN 已连接
[2026-03-17 19:43:54] ✅ VPN 已连接
[2026-03-17 19:44:54] ✅ VPN 已连接
[2026-03-17 19:45:54] ✅ VPN 已连接
[2026-03-17 19:46:54] ✅ VPN 已连接
[2026-03-17 19:47:54] ✅ VPN 已连接
[2026-03-17 19:48:54] ✅ VPN 已连接
[2026-03-17 19:49:54] ✅ VPN 已连接
[2026-03-17 19:50:54] ✅ VPN 已连接
[2026-03-17 19:51:54] ✅ VPN 已连接
[2026-03-17 19:52:54] ✅ VPN 已连接
[2026-03-17 19:53:54] ✅ VPN 已连接
[2026-03-17 19:54:54] ✅ VPN 已连接
[2026-03-17 19:55:54] ✅ VPN 已连接
[2026-03-17 19:56:55] ✅ VPN 已连接
[2026-03-17 19:57:55] ✅ VPN 已连接
[2026-03-17 19:58:55] ✅ VPN 已连接
[2026-03-17 19:59:55] ✅ VPN 已连接
[2026-03-17 20:00:55] ✅ VPN 已连接
[2026-03-17 20:01:55] ✅ VPN 已连接
[2026-03-17 20:02:55] ✅ VPN 已连接
[2026-03-17 20:03:55] ✅ VPN 已连接
[2026-03-17 20:04:55] ✅ VPN 已连接
[2026-03-17 20:05:55] ✅ VPN 已连接
[2026-03-17 20:06:55] ✅ VPN 已连接
[2026-03-17 20:07:55] ✅ VPN 已连接
[2026-03-17 20:08:55] ✅ VPN 已连接
[2026-03-17 20:09:55] ✅ VPN 已连接
[2026-03-17 20:10:55] ✅ VPN 已连接
[2026-03-17 20:11:55] ✅ VPN 已连接
[2026-03-17 20:12:55] ✅ VPN 已连接
[2026-03-17 20:13:55] ✅ VPN 已连接
[2026-03-17 20:14:55] ✅ VPN 已连接
[2026-03-17 20:15:55] ✅ VPN 已连接
[2026-03-17 20:16:56] ✅ VPN 已连接
[2026-03-17 20:17:56] ✅ VPN 已连接
[2026-03-17 20:18:56] ✅ VPN 已连接
[2026-03-17 20:19:56] ✅ VPN 已连接
[2026-03-17 20:20:56] ✅ VPN 已连接
[2026-03-17 20:21:56] ✅ VPN 已连接
[2026-03-17 20:22:56] ✅ VPN 已连接
[2026-03-17 20:23:56] ✅ VPN 已连接
[2026-03-17 20:24:56] ✅ VPN 已连接
[2026-03-17 20:25:56] ✅ VPN 已连接
[2026-03-17 20:26:56] ✅ VPN 已连接
[2026-03-17 20:27:56] ✅ VPN 已连接
[2026-03-17 20:28:56] ✅ VPN 已连接
[2026-03-17 20:29:56] ✅ VPN 已连接
[2026-03-17 20:30:56] ✅ VPN 已连接
[2026-03-17 20:31:56] ✅ VPN 已连接
[2026-03-17 20:32:56] ✅ VPN 已连接
[2026-03-17 20:33:56] ✅ VPN 已连接
[2026-03-17 20:34:56] ✅ VPN 已连接
[2026-03-17 20:35:57] ✅ VPN 已连接
[2026-03-17 20:36:57] ✅ VPN 已连接
[2026-03-17 20:37:57] ✅ VPN 已连接
[2026-03-17 20:38:57] ✅ VPN 已连接
[2026-03-17 20:39:57] ✅ VPN 已连接
[2026-03-17 20:40:57] ✅ VPN 已连接
[2026-03-17 20:41:57] ✅ VPN 已连接
[2026-03-17 20:42:57] ✅ VPN 已连接
[2026-03-17 20:43:57] ✅ VPN 已连接
[2026-03-17 20:44:57] ✅ VPN 已连接
[2026-03-17 20:45:57] ✅ VPN 已连接
[2026-03-17 20:46:57] ✅ VPN 已连接
[2026-03-17 20:47:57] ✅ VPN 已连接
[2026-03-17 20:48:57] ✅ VPN 已连接
[2026-03-17 20:49:57] ✅ VPN 已连接
[2026-03-17 20:50:57] ✅ VPN 已连接
[2026-03-17 20:51:57] ✅ VPN 已连接
[2026-03-17 20:52:57] ✅ VPN 已连接
[2026-03-17 20:53:57] ✅ VPN 已连接
[2026-03-17 20:54:57] ✅ VPN 已连接
[2026-03-17 20:55:58] ✅ VPN 已连接
[2026-03-17 20:56:58] ✅ VPN 已连接
[2026-03-17 20:57:58] ✅ VPN 已连接
[2026-03-17 20:58:58] ✅ VPN 已连接
[2026-03-17 20:59:58] ✅ VPN 已连接
[2026-03-17 21:00:58] ✅ VPN 已连接
[2026-03-17 21:01:58] ✅ VPN 已连接
[2026-03-17 21:02:58] ✅ VPN 已连接
[2026-03-17 21:03:58] ✅ VPN 已连接
[2026-03-17 21:04:58] ✅ VPN 已连接
[2026-03-17 21:05:58] ✅ VPN 已连接
[2026-03-17 21:06:58] ✅ VPN 已连接
[2026-03-17 21:07:58] ✅ VPN 已连接
[2026-03-17 21:08:58] ✅ VPN 已连接
[2026-03-17 21:09:58] ✅ VPN 已连接
[2026-03-17 21:10:58] ✅ VPN 已连接
[2026-03-17 21:11:58] ✅ VPN 已连接
[2026-03-17 21:12:58] ✅ VPN 已连接
[2026-03-17 21:13:58] ✅ VPN 已连接
[2026-03-17 21:14:59] ✅ VPN 已连接
[2026-03-17 21:15:59] ✅ VPN 已连接
[2026-03-17 21:16:59] ✅ VPN 已连接
[2026-03-17 21:17:59] ✅ VPN 已连接
[2026-03-17 21:18:59] ✅ VPN 已连接
[2026-03-17 21:19:59] ✅ VPN 已连接
[2026-03-17 21:20:59] ✅ VPN 已连接
[2026-03-17 21:21:59] ✅ VPN 已连接
[2026-03-17 21:22:59] ✅ VPN 已连接
[2026-03-17 21:23:59] ✅ VPN 已连接
[2026-03-17 21:24:59] ✅ VPN 已连接
[2026-03-17 21:25:59] ✅ VPN 已连接
[2026-03-17 21:26:59] ✅ VPN 已连接
[2026-03-17 21:27:59] ✅ VPN 已连接
[2026-03-17 21:28:59] ✅ VPN 已连接
[2026-03-17 21:29:59] ✅ VPN 已连接
[2026-03-17 21:30:59] ✅ VPN 已连接
[2026-03-17 21:31:59] ✅ VPN 已连接
[2026-03-17 21:32:59] ✅ VPN 已连接
[2026-03-17 21:33:59] ✅ VPN 已连接
[2026-03-17 21:35:00] ✅ VPN 已连接
[2026-03-17 21:36:00] ✅ VPN 已连接
[2026-03-17 21:37:00] ✅ VPN 已连接
[2026-03-17 21:38:00] ✅ VPN 已连接
[2026-03-17 21:39:00] ✅ VPN 已连接
[2026-03-17 21:40:00] ✅ VPN 已连接
[2026-03-17 21:41:00] ✅ VPN 已连接
[2026-03-17 21:42:00] ✅ VPN 已连接
[2026-03-17 21:43:00] ✅ VPN 已连接
[2026-03-17 21:44:00] ✅ VPN 已连接
[2026-03-17 21:45:00] ✅ VPN 已连接
[2026-03-17 21:46:00] ✅ VPN 已连接
[2026-03-17 21:47:00] ✅ VPN 已连接
[2026-03-17 21:48:00] ✅ VPN 已连接
[2026-03-17 21:49:00] ✅ VPN 已连接
[2026-03-17 21:50:00] ✅ VPN 已连接
[2026-03-17 21:51:00] ✅ VPN 已连接
[2026-03-17 21:52:00] ✅ VPN 已连接
[2026-03-17 21:53:00] ✅ VPN 已连接
[2026-03-17 21:54:00] ✅ VPN 已连接
[2026-03-17 21:55:01] ✅ VPN 已连接
[2026-03-17 21:56:01] ✅ VPN 已连接
[2026-03-17 21:57:01] ✅ VPN 已连接
[2026-03-17 21:58:01] ✅ VPN 已连接
[2026-03-17 21:59:01] ✅ VPN 已连接
[2026-03-17 22:00:01] ✅ VPN 已连接
[2026-03-17 22:01:01] ✅ VPN 已连接
[2026-03-17 22:02:01] ✅ VPN 已连接
[2026-03-17 22:03:01] ✅ VPN 已连接
[2026-03-17 22:04:01] ✅ VPN 已连接
[2026-03-17 22:05:01] ✅ VPN 已连接
[2026-03-17 22:06:01] ✅ VPN 已连接
[2026-03-17 22:07:01] ✅ VPN 已连接
[2026-03-17 22:08:01] ✅ VPN 已连接
[2026-03-17 22:09:01] ✅ VPN 已连接
[2026-03-17 22:10:01] ✅ VPN 已连接
[2026-03-17 22:11:01] ✅ VPN 已连接
[2026-03-17 22:12:01] ✅ VPN 已连接
[2026-03-17 22:13:01] ✅ VPN 已连接
[2026-03-17 22:14:01] ✅ VPN 已连接
[2026-03-17 22:15:02] ✅ VPN 已连接
[2026-03-17 22:16:02] ✅ VPN 已连接
[2026-03-17 22:17:02] ✅ VPN 已连接
[2026-03-17 22:18:02] ✅ VPN 已连接
[2026-03-17 22:19:02] ✅ VPN 已连接
[2026-03-17 22:20:02] ✅ VPN 已连接
[2026-03-17 22:21:02] ✅ VPN 已连接
[2026-03-17 22:22:02] ✅ VPN 已连接
[2026-03-17 22:23:02] ✅ VPN 已连接
[2026-03-17 22:24:02] ✅ VPN 已连接
[2026-03-17 22:25:02] ✅ VPN 已连接
[2026-03-17 22:26:02] ✅ VPN 已连接
[2026-03-17 22:27:02] ✅ VPN 已连接
[2026-03-17 22:28:02] ✅ VPN 已连接
[2026-03-17 22:29:02] ✅ VPN 已连接
[2026-03-17 22:30:02] ✅ VPN 已连接
[2026-03-17 22:31:02] ✅ VPN 已连接
[2026-03-17 22:32:02] ✅ VPN 已连接
[2026-03-17 22:33:02] ✅ VPN 已连接
[2026-03-17 22:34:02] ✅ VPN 已连接
[2026-03-17 22:35:03] ✅ VPN 已连接
[2026-03-17 22:36:03] ✅ VPN 已连接
[2026-03-17 22:37:03] ✅ VPN 已连接
[2026-03-17 22:38:03] ✅ VPN 已连接
[2026-03-17 22:39:03] ✅ VPN 已连接
[2026-03-17 22:40:03] ✅ VPN 已连接
[2026-03-17 22:41:03] ✅ VPN 已连接
[2026-03-17 22:42:03] ✅ VPN 已连接
[2026-03-17 22:43:03] ✅ VPN 已连接
[2026-03-17 22:44:03] ✅ VPN 已连接
[2026-03-17 22:45:03] ✅ VPN 已连接
[2026-03-17 22:46:03] ✅ VPN 已连接
[2026-03-17 22:47:03] ✅ VPN 已连接
[2026-03-17 22:48:03] ✅ VPN 已连接
[2026-03-17 22:49:03] ✅ VPN 已连接
[2026-03-17 22:50:03] ✅ VPN 已连接
[2026-03-17 22:51:03] ✅ VPN 已连接
[2026-03-17 22:52:03] ✅ VPN 已连接
[2026-03-17 22:53:03] ✅ VPN 已连接
[2026-03-17 22:54:03] ✅ VPN 已连接
[2026-03-17 22:55:03] ✅ VPN 已连接
[2026-03-17 22:56:03] ✅ VPN 已连接
[2026-03-17 22:57:04] ✅ VPN 已连接
[2026-03-17 22:58:04] ✅ VPN 已连接
[2026-03-17 22:59:04] ✅ VPN 已连接
[2026-03-17 23:00:04] ✅ VPN 已连接
[2026-03-17 23:01:04] ✅ VPN 已连接
[2026-03-17 23:02:04] ✅ VPN 已连接
[2026-03-17 23:03:04] ✅ VPN 已连接
[2026-03-17 23:04:04] ✅ VPN 已连接
[2026-03-17 23:05:04] ✅ VPN 已连接
[2026-03-17 23:06:04] ✅ VPN 已连接
[2026-03-17 23:07:04] ✅ VPN 已连接
[2026-03-17 23:08:04] ✅ VPN 已连接
[2026-03-17 23:09:04] ✅ VPN 已连接
[2026-03-17 23:10:04] ✅ VPN 已连接
[2026-03-17 23:11:04] ✅ VPN 已连接
[2026-03-17 23:12:04] ✅ VPN 已连接
[2026-03-17 23:13:04] ✅ VPN 已连接
[2026-03-17 23:14:04] ✅ VPN 已连接
[2026-03-17 23:15:05] ✅ VPN 已连接
[2026-03-17 23:16:05] ✅ VPN 已连接
[2026-03-17 23:17:05] ✅ VPN 已连接
[2026-03-17 23:18:05] ✅ VPN 已连接
[2026-03-17 23:19:05] ✅ VPN 已连接
[2026-03-17 23:20:05] ✅ VPN 已连接
[2026-03-17 23:21:05] ✅ VPN 已连接
[2026-03-17 23:22:05] ✅ VPN 已连接
[2026-03-17 23:23:05] ✅ VPN 已连接
[2026-03-17 23:24:05] ✅ VPN 已连接
[2026-03-17 23:25:05] ✅ VPN 已连接
[2026-03-17 23:26:05] ✅ VPN 已连接
[2026-03-17 23:27:05] ✅ VPN 已连接
[2026-03-17 23:28:05] ✅ VPN 已连接
[2026-03-17 23:29:05] ✅ VPN 已连接
[2026-03-17 23:30:05] ✅ VPN 已连接
[2026-03-17 23:31:05] ✅ VPN 已连接
[2026-03-17 23:32:05] ✅ VPN 已连接
[2026-03-17 23:33:05] ✅ VPN 已连接
[2026-03-17 23:34:05] ✅ VPN 已连接
[2026-03-17 23:35:05] ✅ VPN 已连接
[2026-03-17 23:36:06] ✅ VPN 已连接
[2026-03-17 23:37:06] ✅ VPN 已连接
[2026-03-17 23:38:06] ✅ VPN 已连接
[2026-03-17 23:39:06] ✅ VPN 已连接
[2026-03-17 23:40:06] ✅ VPN 已连接
[2026-03-17 23:41:06] ✅ VPN 已连接
[2026-03-17 23:42:06] ✅ VPN 已连接
[2026-03-17 23:43:06] ✅ VPN 已连接
[2026-03-17 23:44:06] ✅ VPN 已连接
[2026-03-17 23:45:06] ✅ VPN 已连接
[2026-03-17 23:46:06] ✅ VPN 已连接
[2026-03-17 23:47:06] ✅ VPN 已连接
[2026-03-17 23:48:06] ✅ VPN 已连接
[2026-03-17 23:49:06] ✅ VPN 已连接
[2026-03-17 23:50:06] ✅ VPN 已连接
[2026-03-17 23:51:06] ✅ VPN 已连接
[2026-03-17 23:52:06] ✅ VPN 已连接
[2026-03-17 23:53:06] ✅ VPN 已连接
[2026-03-17 23:54:06] ✅ VPN 已连接
[2026-03-17 23:55:06] ✅ VPN 已连接
[2026-03-17 23:56:07] ✅ VPN 已连接
[2026-03-17 23:57:07] ✅ VPN 已连接
[2026-03-17 23:58:07] ✅ VPN 已连接
[2026-03-17 23:59:07] ✅ VPN 已连接
[2026-03-18 00:00:07] ✅ VPN 已连接
[2026-03-18 00:01:07] ✅ VPN 已连接
[2026-03-18 00:02:07] ✅ VPN 已连接
[2026-03-18 00:03:07] ✅ VPN 已连接
[2026-03-18 00:04:07] ✅ VPN 已连接
[2026-03-18 00:05:07] ✅ VPN 已连接
[2026-03-18 00:06:07] ✅ VPN 已连接
[2026-03-18 00:07:07] ✅ VPN 已连接
[2026-03-18 00:08:07] ✅ VPN 已连接
[2026-03-18 00:09:07] ✅ VPN 已连接
[2026-03-18 00:10:07] ✅ VPN 已连接
[2026-03-18 00:11:07] ✅ VPN 已连接
[2026-03-18 00:12:08] ✅ VPN 已连接
[2026-03-18 00:13:08] ✅ VPN 已连接
[2026-03-18 00:14:08] ✅ VPN 已连接
[2026-03-18 00:15:08] ✅ VPN 已连接
[2026-03-18 00:16:08] ✅ VPN 已连接
[2026-03-18 00:17:08] ✅ VPN 已连接
[2026-03-18 00:18:08] ✅ VPN 已连接
[2026-03-18 00:19:08] ✅ VPN 已连接
[2026-03-18 00:20:08] ✅ VPN 已连接
[2026-03-18 00:21:08] ✅ VPN 已连接
[2026-03-18 00:22:08] ✅ VPN 已连接
[2026-03-18 00:23:08] ✅ VPN 已连接
[2026-03-18 00:24:08] ✅ VPN 已连接
[2026-03-18 00:25:08] ✅ VPN 已连接
[2026-03-18 00:26:08] ✅ VPN 已连接
[2026-03-18 00:27:08] ✅ VPN 已连接
[2026-03-18 00:28:08] ✅ VPN 已连接
[2026-03-18 00:29:08] ✅ VPN 已连接
[2026-03-18 00:30:08] ✅ VPN 已连接
[2026-03-18 00:31:08] ✅ VPN 已连接
[2026-03-18 00:32:09] ✅ VPN 已连接
[2026-03-18 00:33:09] ✅ VPN 已连接
[2026-03-18 00:34:09] ✅ VPN 已连接
[2026-03-18 00:35:09] ✅ VPN 已连接
[2026-03-18 00:36:09] ✅ VPN 已连接
[2026-03-18 00:37:09] ✅ VPN 已连接
[2026-03-18 00:38:09] ✅ VPN 已连接
[2026-03-18 00:39:09] ✅ VPN 已连接
[2026-03-18 00:40:09] ✅ VPN 已连接
[2026-03-18 00:41:09] ✅ VPN 已连接
[2026-03-18 00:42:09] ✅ VPN 已连接
[2026-03-18 00:43:09] ✅ VPN 已连接
[2026-03-18 00:44:09] ✅ VPN 已连接
[2026-03-18 00:45:09] ✅ VPN 已连接
[2026-03-18 00:46:09] ✅ VPN 已连接
[2026-03-18 00:47:09] ✅ VPN 已连接
[2026-03-18 00:48:09] ✅ VPN 已连接
[2026-03-18 00:49:09] ✅ VPN 已连接
[2026-03-18 00:50:09] ✅ VPN 已连接
[2026-03-18 00:51:10] ✅ VPN 已连接
[2026-03-18 00:52:10] ✅ VPN 已连接
[2026-03-18 00:53:10] ✅ VPN 已连接
[2026-03-18 00:54:10] ✅ VPN 已连接
[2026-03-18 00:55:10] ✅ VPN 已连接
[2026-03-18 00:56:10] ✅ VPN 已连接
[2026-03-18 00:57:10] ✅ VPN 已连接
[2026-03-18 00:58:10] ✅ VPN 已连接
[2026-03-18 00:59:10] ✅ VPN 已连接
[2026-03-18 01:00:10] ✅ VPN 已连接
[2026-03-18 01:01:10] ✅ VPN 已连接
[2026-03-18 01:02:10] ✅ VPN 已连接
[2026-03-18 01:03:10] ✅ VPN 已连接
[2026-03-18 01:04:10] ✅ VPN 已连接
[2026-03-18 01:05:10] ✅ VPN 已连接
[2026-03-18 01:06:10] ✅ VPN 已连接
[2026-03-18 01:07:10] ✅ VPN 已连接
[2026-03-18 01:08:10] ✅ VPN 已连接
[2026-03-18 01:09:10] ✅ VPN 已连接
[2026-03-18 01:10:11] ✅ VPN 已连接
[2026-03-18 01:11:11] ✅ VPN 已连接
[2026-03-18 01:12:11] ✅ VPN 已连接
[2026-03-18 01:13:11] ✅ VPN 已连接
[2026-03-18 01:14:11] ✅ VPN 已连接
[2026-03-18 01:15:11] ✅ VPN 已连接
[2026-03-18 01:16:11] ✅ VPN 已连接
[2026-03-18 01:17:11] ✅ VPN 已连接
[2026-03-18 01:18:11] ✅ VPN 已连接
[2026-03-18 01:19:11] ✅ VPN 已连接
[2026-03-18 01:20:11] ✅ VPN 已连接
[2026-03-18 01:21:11] ✅ VPN 已连接
[2026-03-18 01:22:11] ✅ VPN 已连接
[2026-03-18 01:23:11] ✅ VPN 已连接
[2026-03-18 01:24:11] ✅ VPN 已连接
[2026-03-18 01:25:11] ✅ VPN 已连接
[2026-03-18 01:26:11] ✅ VPN 已连接
[2026-03-18 01:27:11] ✅ VPN 已连接
[2026-03-18 01:28:11] ✅ VPN 已连接
[2026-03-18 01:29:11] ✅ VPN 已连接
[2026-03-18 01:30:11] ✅ VPN 已连接
[2026-03-18 01:31:12] ✅ VPN 已连接
[2026-03-18 01:32:12] ✅ VPN 已连接
[2026-03-18 01:33:12] ✅ VPN 已连接
[2026-03-18 01:34:12] ✅ VPN 已连接
[2026-03-18 01:35:12] ✅ VPN 已连接
[2026-03-18 01:36:12] ✅ VPN 已连接
[2026-03-18 01:37:12] ✅ VPN 已连接
[2026-03-18 01:38:12] ✅ VPN 已连接
[2026-03-18 01:39:12] ✅ VPN 已连接
[2026-03-18 01:40:12] ✅ VPN 已连接
[2026-03-18 01:41:12] ✅ VPN 已连接
[2026-03-18 01:42:12] ✅ VPN 已连接
[2026-03-18 01:43:12] ✅ VPN 已连接
[2026-03-18 01:44:12] ✅ VPN 已连接
[2026-03-18 01:45:12] ✅ VPN 已连接
[2026-03-18 01:46:12] ✅ VPN 已连接
[2026-03-18 01:47:12] ✅ VPN 已连接
[2026-03-18 01:48:12] ✅ VPN 已连接
[2026-03-18 01:49:12] ✅ VPN 已连接
[2026-03-18 01:50:12] ✅ VPN 已连接
[2026-03-18 01:51:12] ✅ VPN 已连接
[2026-03-18 01:52:13] ✅ VPN 已连接
[2026-03-18 01:53:13] ✅ VPN 已连接
[2026-03-18 01:54:13] ✅ VPN 已连接
[2026-03-18 01:55:13] ✅ VPN 已连接
[2026-03-18 01:56:13] ✅ VPN 已连接
[2026-03-18 01:57:13] ✅ VPN 已连接
[2026-03-18 01:58:13] ✅ VPN 已连接
[2026-03-18 01:59:13] ✅ VPN 已连接
[2026-03-18 02:00:13] ✅ VPN 已连接
[2026-03-18 02:01:13] ✅ VPN 已连接
[2026-03-18 02:02:13] ✅ VPN 已连接
[2026-03-18 02:03:13] ✅ VPN 已连接
[2026-03-18 02:04:13] ✅ VPN 已连接
[2026-03-18 02:05:13] ✅ VPN 已连接
[2026-03-18 02:06:13] ✅ VPN 已连接
[2026-03-18 02:07:13] ✅ VPN 已连接
[2026-03-18 02:08:13] ✅ VPN 已连接
[2026-03-18 02:09:13] ✅ VPN 已连接
[2026-03-18 02:10:13] ✅ VPN 已连接
[2026-03-18 02:11:13] ✅ VPN 已连接
[2026-03-18 02:12:14] ✅ VPN 已连接
[2026-03-18 02:13:14] ✅ VPN 已连接
[2026-03-18 02:14:14] ✅ VPN 已连接
[2026-03-18 02:15:14] ✅ VPN 已连接
[2026-03-18 02:16:14] ✅ VPN 已连接
[2026-03-18 02:17:14] ✅ VPN 已连接
[2026-03-18 02:18:14] ✅ VPN 已连接
[2026-03-18 02:19:14] ✅ VPN 已连接
[2026-03-18 02:20:14] ✅ VPN 已连接
[2026-03-18 02:21:14] ✅ VPN 已连接
[2026-03-18 02:22:14] ✅ VPN 已连接
[2026-03-18 02:23:14] ✅ VPN 已连接
[2026-03-18 02:24:14] ✅ VPN 已连接
[2026-03-18 02:25:14] ✅ VPN 已连接
[2026-03-18 02:26:14] ✅ VPN 已连接
[2026-03-18 02:27:14] ✅ VPN 已连接
[2026-03-18 02:28:14] ✅ VPN 已连接
[2026-03-18 02:29:14] ✅ VPN 已连接
[2026-03-18 02:30:14] ✅ VPN 已连接
[2026-03-18 02:31:14] ✅ VPN 已连接
[2026-03-18 02:32:14] ✅ VPN 已连接
[2026-03-18 02:33:15] ✅ VPN 已连接
[2026-03-18 02:34:15] ✅ VPN 已连接
[2026-03-18 02:35:15] ✅ VPN 已连接
[2026-03-18 02:36:15] ✅ VPN 已连接
[2026-03-18 02:37:15] ✅ VPN 已连接
[2026-03-18 02:38:15] ✅ VPN 已连接
[2026-03-18 02:39:15] ✅ VPN 已连接
[2026-03-18 02:40:15] ✅ VPN 已连接
[2026-03-18 02:41:15] ✅ VPN 已连接
[2026-03-18 02:42:15] ✅ VPN 已连接
[2026-03-18 02:43:15] ✅ VPN 已连接
[2026-03-18 02:44:15] ✅ VPN 已连接
[2026-03-18 02:45:15] ✅ VPN 已连接
[2026-03-18 02:46:15] ✅ VPN 已连接
[2026-03-18 02:47:15] ✅ VPN 已连接
[2026-03-18 02:48:15] ✅ VPN 已连接
[2026-03-18 02:49:15] ✅ VPN 已连接
[2026-03-18 02:50:15] ✅ VPN 已连接
[2026-03-18 02:51:15] ✅ VPN 已连接
[2026-03-18 02:52:15] ✅ VPN 已连接
[2026-03-18 02:53:16] ✅ VPN 已连接
[2026-03-18 02:54:16] ✅ VPN 已连接
[2026-03-18 02:55:16] ✅ VPN 已连接
[2026-03-18 02:56:16] ✅ VPN 已连接
[2026-03-18 02:57:16] ✅ VPN 已连接
[2026-03-18 02:58:16] ✅ VPN 已连接
[2026-03-18 02:59:16] ✅ VPN 已连接
[2026-03-18 03:00:16] ✅ VPN 已连接
[2026-03-18 03:01:16] ✅ VPN 已连接
[2026-03-18 03:02:16] ✅ VPN 已连接
[2026-03-18 03:03:16] ✅ VPN 已连接
[2026-03-18 03:04:16] ✅ VPN 已连接
[2026-03-18 03:05:16] ✅ VPN 已连接
[2026-03-18 03:06:16] ✅ VPN 已连接
[2026-03-18 03:07:16] ✅ VPN 已连接
[2026-03-18 03:08:16] ✅ VPN 已连接
[2026-03-18 03:09:16] ✅ VPN 已连接
[2026-03-18 03:10:16] ✅ VPN 已连接
[2026-03-18 03:11:16] ✅ VPN 已连接
[2026-03-18 03:12:16] ✅ VPN 已连接
[2026-03-18 03:13:16] ✅ VPN 已连接
[2026-03-18 03:14:17] ✅ VPN 已连接
[2026-03-18 03:15:17] ✅ VPN 已连接
[2026-03-18 03:16:17] ✅ VPN 已连接
[2026-03-18 03:17:17] ✅ VPN 已连接
[2026-03-18 03:18:17] ✅ VPN 已连接
[2026-03-18 03:19:17] ✅ VPN 已连接
[2026-03-18 03:20:17] ✅ VPN 已连接
[2026-03-18 03:21:17] ✅ VPN 已连接
[2026-03-18 03:22:17] ✅ VPN 已连接
[2026-03-18 03:23:17] ✅ VPN 已连接
[2026-03-18 03:24:17] ✅ VPN 已连接
[2026-03-18 03:25:17] ✅ VPN 已连接
[2026-03-18 03:26:17] ✅ VPN 已连接
[2026-03-18 03:27:17] ✅ VPN 已连接
[2026-03-18 03:28:17] ❌ VPN 未连接，触发重连...
[2026-03-18 03:28:17] ========== VPN 重连开始 ==========
[2026-03-18 03:28:17] 尝试 1/3...
[2026-03-18 03:28:17] 启动 FortiClient GUI...
[2026-03-18 03:28:20] ❌ FortiClient GUI 启动失败
[2026-03-18 03:28:20] 重试 1 失败：无法启动 FortiClient
[2026-03-18 03:28:30] 尝试 2/3...
[2026-03-18 03:28:30] 启动 FortiClient GUI...
[2026-03-18 03:28:33] ❌ FortiClient GUI 启动失败
[2026-03-18 03:28:33] 重试 2 失败：无法启动 FortiClient
[2026-03-18 03:28:43] 尝试 3/3...
[2026-03-18 03:28:43] 启动 FortiClient GUI...
[2026-03-18 03:28:46] ❌ FortiClient GUI 启动失败
[2026-03-18 03:28:46] 重试 3 失败：无法启动 FortiClient
[2026-03-18 03:28:56] ❌ VPN 重连失败（已尝试 3 次）
[2026-03-18 03:28:56] ========== VPN 重连失败 ==========
[2026-03-18 03:29:56] ❌ VPN 未连接，触发重连...
[2026-03-18 03:29:56] ========== VPN 重连开始 ==========
[2026-03-18 03:29:56] 尝试 1/3...
[2026-03-18 03:29:56] 启动 FortiClient GUI...
[2026-03-18 03:29:59] ❌ FortiClient GUI 启动失败
[2026-03-18 03:29:59] 重试 1 失败：无法启动 FortiClient
[2026-03-18 03:30:09] 尝试 2/3...
[2026-03-18 03:30:09] 启动 FortiClient GUI...
[2026-03-18 03:30:12] ❌ FortiClient GUI 启动失败
[2026-03-18 03:30:13] 重试 2 失败：无法启动 FortiClient
[2026-03-18 03:30:23] 尝试 3/3...
[2026-03-18 03:30:23] 启动 FortiClient GUI...
[2026-03-18 03:30:26] ❌ FortiClient GUI 启动失败
[2026-03-18 03:30:26] 重试 3 失败：无法启动 FortiClient
[2026-03-18 03:30:36] ❌ VPN 重连失败（已尝试 3 次）
[2026-03-18 03:30:36] ========== VPN 重连失败 ==========
[2026-03-18 03:31:36] ✅ VPN 已连接
[2026-03-18 03:32:36] ✅ VPN 已连接
[2026-03-18 03:33:36] ✅ VPN 已连接
[2026-03-18 03:34:36] ✅ VPN 已连接
[2026-03-18 03:35:36] ✅ VPN 已连接
[2026-03-18 03:36:36] ✅ VPN 已连接
[2026-03-18 03:37:36] ✅ VPN 已连接
[2026-03-18 03:38:36] ✅ VPN 已连接
[2026-03-18 03:39:36] ✅ VPN 已连接
[2026-03-18 03:40:36] ✅ VPN 已连接
[2026-03-18 03:41:36] ✅ VPN 已连接
[2026-03-18 03:42:36] ✅ VPN 已连接
[2026-03-18 03:43:36] ✅ VPN 已连接
[2026-03-18 03:44:36] ✅ VPN 已连接
[2026-03-18 03:45:36] ✅ VPN 已连接
[2026-03-18 03:46:36] ✅ VPN 已连接
[2026-03-18 03:47:36] ✅ VPN 已连接
[2026-03-18 03:48:36] ✅ VPN 已连接
[2026-03-18 03:49:36] ✅ VPN 已连接
[2026-03-18 03:50:37] ✅ VPN 已连接
[2026-03-18 03:51:37] ✅ VPN 已连接
[2026-03-18 03:52:37] ✅ VPN 已连接
[2026-03-18 03:53:37] ✅ VPN 已连接
[2026-03-18 03:54:37] ✅ VPN 已连接
[2026-03-18 03:55:37] ✅ VPN 已连接
[2026-03-18 03:56:37] ✅ VPN 已连接
[2026-03-18 03:57:37] ✅ VPN 已连接
[2026-03-18 03:58:37] ✅ VPN 已连接
[2026-03-18 03:59:37] ✅ VPN 已连接
[2026-03-18 04:00:37] ✅ VPN 已连接
[2026-03-18 04:01:37] ✅ VPN 已连接
[2026-03-18 04:02:37] ✅ VPN 已连接
[2026-03-18 04:03:37] ✅ VPN 已连接
[2026-03-18 04:04:37] ✅ VPN 已连接
[2026-03-18 04:05:37] ✅ VPN 已连接
[2026-03-18 04:06:37] ✅ VPN 已连接
[2026-03-18 04:07:37] ✅ VPN 已连接
[2026-03-18 04:08:37] ✅ VPN 已连接
[2026-03-18 04:09:37] ✅ VPN 已连接
[2026-03-18 04:10:38] ✅ VPN 已连接
[2026-03-18 04:11:38] ✅ VPN 已连接
[2026-03-18 04:12:38] ✅ VPN 已连接
[2026-03-18 04:13:38] ✅ VPN 已连接
[2026-03-18 04:14:38] ✅ VPN 已连接
[2026-03-18 04:15:38] ✅ VPN 已连接
[2026-03-18 04:16:38] ✅ VPN 已连接
[2026-03-18 04:17:38] ✅ VPN 已连接
[2026-03-18 04:18:38] ✅ VPN 已连接
[2026-03-18 04:19:38] ✅ VPN 已连接
[2026-03-18 04:20:38] ✅ VPN 已连接
[2026-03-18 04:21:38] ✅ VPN 已连接
[2026-03-18 04:22:38] ✅ VPN 已连接
[2026-03-18 04:23:38] ✅ VPN 已连接
[2026-03-18 04:24:38] ✅ VPN 已连接
[2026-03-18 04:25:38] ✅ VPN 已连接
[2026-03-18 04:26:38] ✅ VPN 已连接
[2026-03-18 04:27:38] ✅ VPN 已连接
[2026-03-18 04:28:38] ✅ VPN 已连接
[2026-03-18 04:29:38] ✅ VPN 已连接
[2026-03-18 04:30:39] ✅ VPN 已连接
[2026-03-18 04:31:39] ✅ VPN 已连接
[2026-03-18 04:32:39] ✅ VPN 已连接
[2026-03-18 04:33:39] ✅ VPN 已连接
[2026-03-18 04:34:39] ✅ VPN 已连接
[2026-03-18 04:35:39] ✅ VPN 已连接
[2026-03-18 04:36:39] ✅ VPN 已连接
[2026-03-18 04:37:39] ✅ VPN 已连接
[2026-03-18 04:38:39] ✅ VPN 已连接
[2026-03-18 04:39:39] ✅ VPN 已连接
[2026-03-18 04:40:39] ✅ VPN 已连接
[2026-03-18 04:41:39] ✅ VPN 已连接
[2026-03-18 04:42:39] ✅ VPN 已连接
[2026-03-18 04:43:39] ✅ VPN 已连接
[2026-03-18 04:44:39] ✅ VPN 已连接
[2026-03-18 04:45:39] ✅ VPN 已连接
[2026-03-18 04:46:39] ✅ VPN 已连接
[2026-03-18 04:47:39] ✅ VPN 已连接
[2026-03-18 04:48:39] ✅ VPN 已连接
[2026-03-18 04:49:39] ✅ VPN 已连接
[2026-03-18 04:50:39] ✅ VPN 已连接
[2026-03-18 04:51:40] ✅ VPN 已连接
[2026-03-18 04:52:40] ✅ VPN 已连接
[2026-03-18 04:53:40] ✅ VPN 已连接
[2026-03-18 04:54:40] ✅ VPN 已连接
[2026-03-18 04:55:40] ✅ VPN 已连接
[2026-03-18 04:56:40] ✅ VPN 已连接
[2026-03-18 04:57:40] ✅ VPN 已连接
[2026-03-18 04:58:40] ✅ VPN 已连接
[2026-03-18 04:59:40] ✅ VPN 已连接
[2026-03-18 05:00:40] ✅ VPN 已连接
[2026-03-18 05:01:40] ✅ VPN 已连接
[2026-03-18 05:02:40] ✅ VPN 已连接
[2026-03-18 05:03:40] ✅ VPN 已连接
[2026-03-18 05:04:40] ✅ VPN 已连接
[2026-03-18 05:05:40] ✅ VPN 已连接
[2026-03-18 05:06:40] ✅ VPN 已连接
[2026-03-18 05:07:40] ✅ VPN 已连接
[2026-03-18 05:08:40] ✅ VPN 已连接
[2026-03-18 05:09:40] ✅ VPN 已连接
[2026-03-18 05:10:40] ✅ VPN 已连接
[2026-03-18 05:11:41] ✅ VPN 已连接
[2026-03-18 05:12:41] ✅ VPN 已连接
[2026-03-18 05:13:41] ✅ VPN 已连接
[2026-03-18 05:14:41] ✅ VPN 已连接
[2026-03-18 05:15:41] ✅ VPN 已连接
[2026-03-18 05:16:41] ✅ VPN 已连接
[2026-03-18 05:17:41] ✅ VPN 已连接
[2026-03-18 05:18:41] ✅ VPN 已连接
[2026-03-18 05:19:41] ✅ VPN 已连接
[2026-03-18 05:20:41] ✅ VPN 已连接
[2026-03-18 05:21:41] ✅ VPN 已连接
[2026-03-18 05:22:41] ✅ VPN 已连接
[2026-03-18 05:23:41] ✅ VPN 已连接
[2026-03-18 05:24:41] ✅ VPN 已连接
[2026-03-18 05:25:41] ✅ VPN 已连接
[2026-03-18 05:26:41] ✅ VPN 已连接
[2026-03-18 05:27:41] ✅ VPN 已连接
[2026-03-18 05:28:41] ✅ VPN 已连接
[2026-03-18 05:29:41] ✅ VPN 已连接
[2026-03-18 05:30:41] ✅ VPN 已连接
[2026-03-18 05:31:41] ✅ VPN 已连接
[2026-03-18 05:32:42] ✅ VPN 已连接
[2026-03-18 05:33:42] ✅ VPN 已连接
[2026-03-18 05:34:42] ✅ VPN 已连接
[2026-03-18 05:35:42] ✅ VPN 已连接
[2026-03-18 05:36:42] ✅ VPN 已连接
[2026-03-18 05:37:42] ✅ VPN 已连接
[2026-03-18 05:38:42] ✅ VPN 已连接
[2026-03-18 05:39:42] ✅ VPN 已连接
[2026-03-18 05:40:42] ✅ VPN 已连接
[2026-03-18 05:41:42] ✅ VPN 已连接
[2026-03-18 05:42:42] ✅ VPN 已连接
[2026-03-18 05:43:42] ✅ VPN 已连接
[2026-03-18 05:44:42] ✅ VPN 已连接
[2026-03-18 05:45:42] ✅ VPN 已连接
[2026-03-18 05:46:42] ✅ VPN 已连接
[2026-03-18 05:47:42] ✅ VPN 已连接
[2026-03-18 05:48:42] ✅ VPN 已连接
[2026-03-18 05:49:42] ✅ VPN 已连接
[2026-03-18 05:50:42] ✅ VPN 已连接
[2026-03-18 05:51:42] ✅ VPN 已连接
[2026-03-18 05:52:42] ✅ VPN 已连接
[2026-03-18 05:53:43] ✅ VPN 已连接
[2026-03-18 05:54:43] ✅ VPN 已连接
[2026-03-18 05:55:43] ✅ VPN 已连接
[2026-03-18 05:56:43] ✅ VPN 已连接
[2026-03-18 05:57:43] ✅ VPN 已连接
[2026-03-18 05:58:43] ✅ VPN 已连接
[2026-03-18 05:59:43] ✅ VPN 已连接
[2026-03-18 06:00:43] ✅ VPN 已连接
[2026-03-18 06:01:43] ✅ VPN 已连接
[2026-03-18 06:02:43] ✅ VPN 已连接
[2026-03-18 06:03:43] ✅ VPN 已连接
[2026-03-18 06:04:43] ✅ VPN 已连接
[2026-03-18 06:05:43] ✅ VPN 已连接
[2026-03-18 06:06:43] ✅ VPN 已连接
[2026-03-18 06:07:43] ✅ VPN 已连接
[2026-03-18 06:08:43] ✅ VPN 已连接
[2026-03-18 06:09:43] ✅ VPN 已连接
[2026-03-18 06:10:43] ✅ VPN 已连接
[2026-03-18 06:11:43] ✅ VPN 已连接
[2026-03-18 06:12:43] ✅ VPN 已连接
[2026-03-18 06:13:43] ✅ VPN 已连接
[2026-03-18 06:14:44] ✅ VPN 已连接
[2026-03-18 06:15:44] ✅ VPN 已连接
[2026-03-18 06:16:44] ✅ VPN 已连接
[2026-03-18 06:17:44] ✅ VPN 已连接
[2026-03-18 06:18:44] ✅ VPN 已连接
[2026-03-18 06:19:44] ✅ VPN 已连接
[2026-03-18 06:20:44] ✅ VPN 已连接
[2026-03-18 06:21:44] ✅ VPN 已连接
[2026-03-18 06:22:44] ✅ VPN 已连接
[2026-03-18 06:23:44] ✅ VPN 已连接
[2026-03-18 06:24:44] ✅ VPN 已连接
[2026-03-18 06:25:44] ✅ VPN 已连接
[2026-03-18 06:26:44] ✅ VPN 已连接
[2026-03-18 06:27:44] ✅ VPN 已连接
[2026-03-18 06:28:44] ✅ VPN 已连接
[2026-03-18 06:29:44] ✅ VPN 已连接
[2026-03-18 06:30:44] ✅ VPN 已连接
[2026-03-18 06:31:44] ✅ VPN 已连接
[2026-03-18 06:32:44] ✅ VPN 已连接
[2026-03-18 06:33:44] ✅ VPN 已连接
[2026-03-18 06:34:44] ✅ VPN 已连接
[2026-03-18 06:35:45] ✅ VPN 已连接
[2026-03-18 06:36:45] ✅ VPN 已连接
[2026-03-18 06:37:45] ✅ VPN 已连接
[2026-03-18 06:38:45] ✅ VPN 已连接
[2026-03-18 06:39:45] ✅ VPN 已连接
[2026-03-18 06:40:45] ✅ VPN 已连接
[2026-03-18 06:41:45] ✅ VPN 已连接
[2026-03-18 06:42:45] ✅ VPN 已连接
[2026-03-18 06:43:45] ✅ VPN 已连接
[2026-03-18 06:44:45] ✅ VPN 已连接
[2026-03-18 06:45:45] ✅ VPN 已连接
[2026-03-18 06:46:45] ✅ VPN 已连接
[2026-03-18 06:47:45] ✅ VPN 已连接
[2026-03-18 06:48:45] ✅ VPN 已连接
[2026-03-18 06:49:45] ✅ VPN 已连接
[2026-03-18 06:50:45] ✅ VPN 已连接
[2026-03-18 06:51:45] ✅ VPN 已连接
[2026-03-18 06:52:45] ✅ VPN 已连接
[2026-03-18 06:53:45] ✅ VPN 已连接
[2026-03-18 06:54:45] ✅ VPN 已连接
[2026-03-18 06:55:45] ✅ VPN 已连接
[2026-03-18 06:56:46] ✅ VPN 已连接
[2026-03-18 06:57:46] ✅ VPN 已连接
[2026-03-18 06:58:46] ✅ VPN 已连接
[2026-03-18 06:59:46] ✅ VPN 已连接
[2026-03-18 07:00:46] ✅ VPN 已连接
[2026-03-18 07:01:46] ✅ VPN 已连接
[2026-03-18 07:02:46] ✅ VPN 已连接
[2026-03-18 07:03:46] ✅ VPN 已连接
[2026-03-18 07:04:46] ✅ VPN 已连接
[2026-03-18 07:05:46] ✅ VPN 已连接
[2026-03-18 07:06:46] ✅ VPN 已连接
[2026-03-18 07:07:46] ✅ VPN 已连接
[2026-03-18 07:08:46] ✅ VPN 已连接
[2026-03-18 07:09:46] ✅ VPN 已连接
[2026-03-18 07:10:46] ✅ VPN 已连接
[2026-03-18 07:11:46] ✅ VPN 已连接
[2026-03-18 07:12:46] ✅ VPN 已连接
[2026-03-18 07:13:46] ✅ VPN 已连接
[2026-03-18 07:14:46] ✅ VPN 已连接
[2026-03-18 07:15:46] ✅ VPN 已连接
[2026-03-18 07:16:47] ✅ VPN 已连接
[2026-03-18 07:17:47] ✅ VPN 已连接
[2026-03-18 07:18:47] ✅ VPN 已连接
[2026-03-18 07:19:47] ✅ VPN 已连接
[2026-03-18 07:20:47] ✅ VPN 已连接
[2026-03-18 07:21:47] ✅ VPN 已连接
[2026-03-18 07:22:47] ✅ VPN 已连接
[2026-03-18 07:23:47] ✅ VPN 已连接
[2026-03-18 07:24:47] ✅ VPN 已连接
[2026-03-18 07:25:47] ✅ VPN 已连接
[2026-03-18 07:26:47] ✅ VPN 已连接
[2026-03-18 07:27:47] ✅ VPN 已连接
[2026-03-18 07:28:47] ✅ VPN 已连接
[2026-03-18 07:29:47] ✅ VPN 已连接
[2026-03-18 07:30:47] ✅ VPN 已连接
[2026-03-18 07:31:47] ✅ VPN 已连接
[2026-03-18 07:32:47] ✅ VPN 已连接
[2026-03-18 07:33:47] ✅ VPN 已连接
[2026-03-18 07:34:47] ✅ VPN 已连接
[2026-03-18 07:35:47] ✅ VPN 已连接
[2026-03-18 07:36:48] ✅ VPN 已连接
[2026-03-18 07:37:48] ✅ VPN 已连接
[2026-03-18 07:38:48] ✅ VPN 已连接
[2026-03-18 07:39:48] ✅ VPN 已连接
[2026-03-18 07:40:48] ✅ VPN 已连接
[2026-03-18 07:41:48] ✅ VPN 已连接
[2026-03-18 07:42:48] ✅ VPN 已连接
[2026-03-18 07:43:48] ✅ VPN 已连接
[2026-03-18 07:44:48] ✅ VPN 已连接
[2026-03-18 07:45:48] ✅ VPN 已连接
[2026-03-18 07:46:48] ✅ VPN 已连接
[2026-03-18 07:47:48] ✅ VPN 已连接
[2026-03-18 07:48:48] ✅ VPN 已连接
[2026-03-18 07:49:48] ✅ VPN 已连接
[2026-03-18 07:50:48] ✅ VPN 已连接
[2026-03-18 07:51:48] ✅ VPN 已连接
[2026-03-18 07:52:48] ✅ VPN 已连接
[2026-03-18 07:53:48] ✅ VPN 已连接
[2026-03-18 07:54:48] ✅ VPN 已连接
[2026-03-18 07:55:48] ✅ VPN 已连接
[2026-03-18 07:56:49] ✅ VPN 已连接
[2026-03-18 07:57:49] ✅ VPN 已连接
[2026-03-18 07:58:49] ✅ VPN 已连接
[2026-03-18 07:59:49] ✅ VPN 已连接
[2026-03-18 08:00:49] ✅ VPN 已连接
[2026-03-18 08:01:49] ✅ VPN 已连接
[2026-03-18 08:02:49] ✅ VPN 已连接
[2026-03-18 08:03:49] ✅ VPN 已连接
[2026-03-18 08:04:49] ✅ VPN 已连接
[2026-03-18 08:05:49] ✅ VPN 已连接
[2026-03-18 08:06:49] ✅ VPN 已连接
[2026-03-18 08:07:49] ✅ VPN 已连接
[2026-03-18 08:08:49] ✅ VPN 已连接
[2026-03-18 08:09:49] ✅ VPN 已连接
[2026-03-18 08:10:49] ✅ VPN 已连接
[2026-03-18 08:11:49] ✅ VPN 已连接
[2026-03-18 08:12:49] ✅ VPN 已连接
[2026-03-18 08:13:50] ✅ VPN 已连接
[2026-03-18 08:14:50] ✅ VPN 已连接
[2026-03-18 08:15:50] ✅ VPN 已连接
[2026-03-18 08:16:50] ✅ VPN 已连接
[2026-03-18 08:17:50] ✅ VPN 已连接
[2026-03-18 08:18:50] ✅ VPN 已连接
[2026-03-18 08:19:50] ✅ VPN 已连接
[2026-03-18 08:20:50] ✅ VPN 已连接
[2026-03-18 08:21:50] ✅ VPN 已连接
[2026-03-18 08:22:50] ✅ VPN 已连接
[2026-03-18 08:23:50] ✅ VPN 已连接
[2026-03-18 08:24:50] ✅ VPN 已连接
[2026-03-18 08:25:50] ✅ VPN 已连接
[2026-03-18 08:26:50] ✅ VPN 已连接
[2026-03-18 08:27:50] ✅ VPN 已连接
[2026-03-18 08:28:50] ✅ VPN 已连接
[2026-03-18 08:29:50] ✅ VPN 已连接
[2026-03-18 08:30:50] ✅ VPN 已连接
[2026-03-18 08:31:50] ✅ VPN 已连接
[2026-03-18 08:32:50] ✅ VPN 已连接
[2026-03-18 08:33:51] ✅ VPN 已连接
[2026-03-18 08:34:51] ✅ VPN 已连接
[2026-03-18 08:35:51] ✅ VPN 已连接
[2026-03-18 08:36:51] ✅ VPN 已连接
[2026-03-18 08:37:51] ✅ VPN 已连接
[2026-03-18 08:38:51] ✅ VPN 已连接
[2026-03-18 08:39:51] ✅ VPN 已连接
[2026-03-18 08:40:51] ✅ VPN 已连接
[2026-03-18 08:41:51] ✅ VPN 已连接
[2026-03-18 08:42:51] ✅ VPN 已连接
[2026-03-18 08:43:51] ✅ VPN 已连接
[2026-03-18 08:44:51] ✅ VPN 已连接
[2026-03-18 08:45:51] ✅ VPN 已连接
[2026-03-18 08:46:51] ✅ VPN 已连接
[2026-03-18 08:47:51] ✅ VPN 已连接
[2026-03-18 08:48:51] ✅ VPN 已连接
[2026-03-18 08:49:51] ✅ VPN 已连接
[2026-03-18 08:50:51] ✅ VPN 已连接
[2026-03-18 08:51:51] ✅ VPN 已连接
[2026-03-18 08:52:51] ✅ VPN 已连接
[2026-03-18 08:53:51] ✅ VPN 已连接
[2026-03-18 08:54:52] ✅ VPN 已连接
[2026-03-18 08:55:52] ✅ VPN 已连接
[2026-03-18 08:56:52] ✅ VPN 已连接
[2026-03-18 08:57:52] ✅ VPN 已连接
[2026-03-18 08:58:52] ✅ VPN 已连接
[2026-03-18 08:59:52] ✅ VPN 已连接
[2026-03-18 09:00:52] ✅ VPN 已连接
[2026-03-18 09:01:52] ✅ VPN 已连接
[2026-03-18 09:02:52] ✅ VPN 已连接
[2026-03-18 09:03:52] ✅ VPN 已连接
[2026-03-18 09:04:52] ✅ VPN 已连接
[2026-03-18 09:05:52] ✅ VPN 已连接
[2026-03-18 09:06:52] ✅ VPN 已连接
[2026-03-18 09:07:52] ✅ VPN 已连接
[2026-03-18 09:08:52] ✅ VPN 已连接
[2026-03-18 09:09:52] ✅ VPN 已连接
[2026-03-18 09:10:52] ✅ VPN 已连接
[2026-03-18 09:11:53] ✅ VPN 已连接
[2026-03-18 09:12:53] ✅ VPN 已连接
[2026-03-18 09:13:53] ✅ VPN 已连接
[2026-03-18 09:14:53] ✅ VPN 已连接
[2026-03-18 09:15:53] ✅ VPN 已连接
[2026-03-18 09:16:53] ✅ VPN 已连接
[2026-03-18 09:17:53] ✅ VPN 已连接
[2026-03-18 09:18:53] ✅ VPN 已连接
[2026-03-18 09:19:53] ✅ VPN 已连接
[2026-03-18 09:20:53] ✅ VPN 已连接
[2026-03-18 09:21:53] ✅ VPN 已连接
[2026-03-18 09:22:53] ✅ VPN 已连接
[2026-03-18 09:23:53] ✅ VPN 已连接
[2026-03-18 09:24:53] ✅ VPN 已连接
[2026-03-18 09:25:53] ✅ VPN 已连接
[2026-03-18 09:26:53] ✅ VPN 已连接
[2026-03-18 09:27:53] ✅ VPN 已连接
[2026-03-18 09:28:53] ✅ VPN 已连接
[2026-03-18 09:29:53] ✅ VPN 已连接
[2026-03-18 09:30:54] ✅ VPN 已连接
[2026-03-18 09:31:54] ✅ VPN 已连接
[2026-03-18 09:32:54] ✅ VPN 已连接
[2026-03-18 09:33:54] ✅ VPN 已连接
[2026-03-18 09:34:54] ✅ VPN 已连接
[2026-03-18 09:35:54] ✅ VPN 已连接
[2026-03-18 09:36:54] ✅ VPN 已连接
[2026-03-18 09:37:54] ✅ VPN 已连接
[2026-03-18 09:38:54] ✅ VPN 已连接
[2026-03-18 09:39:54] ✅ VPN 已连接
[2026-03-18 09:40:54] ✅ VPN 已连接
[2026-03-18 09:41:54] ✅ VPN 已连接
[2026-03-18 09:42:54] ✅ VPN 已连接
[2026-03-18 09:43:54] ✅ VPN 已连接
[2026-03-18 09:44:54] ✅ VPN 已连接
[2026-03-18 09:45:54] ✅ VPN 已连接
[2026-03-18 09:46:54] ✅ VPN 已连接
[2026-03-18 09:47:54] ✅ VPN 已连接
[2026-03-18 09:48:55] ✅ VPN 已连接
[2026-03-18 09:49:55] ✅ VPN 已连接
[2026-03-18 09:50:55] ✅ VPN 已连接
[2026-03-18 09:51:55] ✅ VPN 已连接
[2026-03-18 09:52:55] ✅ VPN 已连接
[2026-03-18 09:53:55] ✅ VPN 已连接
[2026-03-18 09:54:55] ✅ VPN 已连接
[2026-03-18 09:55:55] ✅ VPN 已连接
[2026-03-18 09:56:55] ✅ VPN 已连接
[2026-03-18 09:57:55] ✅ VPN 已连接
[2026-03-18 09:58:55] ✅ VPN 已连接
[2026-03-18 09:59:55] ✅ VPN 已连接
[2026-03-18 10:00:55] ✅ VPN 已连接
[2026-03-18 10:01:55] ✅ VPN 已连接
[2026-03-18 10:02:55] ✅ VPN 已连接
[2026-03-18 10:03:55] ✅ VPN 已连接
[2026-03-18 10:04:55] ✅ VPN 已连接
[2026-03-18 10:05:55] ✅ VPN 已连接
[2026-03-18 10:06:55] ✅ VPN 已连接
[2026-03-18 10:07:55] ✅ VPN 已连接
[2026-03-18 10:08:56] ✅ VPN 已连接
[2026-03-18 10:09:56] ✅ VPN 已连接
[2026-03-18 10:10:56] ✅ VPN 已连接
[2026-03-18 10:11:56] ✅ VPN 已连接
[2026-03-18 10:12:56] ✅ VPN 已连接
[2026-03-18 10:13:56] ✅ VPN 已连接
[2026-03-18 10:14:56] ✅ VPN 已连接
[2026-03-18 10:15:56] ✅ VPN 已连接
[2026-03-18 10:16:56] ✅ VPN 已连接
[2026-03-18 10:17:56] ✅ VPN 已连接
[2026-03-18 10:18:56] ✅ VPN 已连接
[2026-03-18 10:19:56] ✅ VPN 已连接
[2026-03-18 10:20:56] ✅ VPN 已连接
[2026-03-18 10:21:56] ✅ VPN 已连接
[2026-03-18 10:22:56] ✅ VPN 已连接
[2026-03-18 10:23:56] ✅ VPN 已连接
[2026-03-18 10:24:56] ✅ VPN 已连接
[2026-03-18 10:25:56] ✅ VPN 已连接
[2026-03-18 10:26:56] ✅ VPN 已连接
[2026-03-18 10:27:57] ✅ VPN 已连接
[2026-03-18 10:28:57] ✅ VPN 已连接
[2026-03-18 10:29:57] ✅ VPN 已连接
[2026-03-18 10:30:57] ✅ VPN 已连接
[2026-03-18 10:31:57] ✅ VPN 已连接
[2026-03-18 10:32:57] ✅ VPN 已连接
[2026-03-18 10:33:57] ✅ VPN 已连接
[2026-03-18 10:34:57] ✅ VPN 已连接
[2026-03-18 10:35:57] ✅ VPN 已连接
[2026-03-18 10:36:57] ✅ VPN 已连接
[2026-03-18 10:37:57] ✅ VPN 已连接
[2026-03-18 10:38:57] ✅ VPN 已连接
[2026-03-18 10:39:57] ✅ VPN 已连接
[2026-03-18 10:40:57] ✅ VPN 已连接
[2026-03-18 10:41:57] ✅ VPN 已连接
[2026-03-18 10:42:57] ✅ VPN 已连接
[2026-03-18 10:43:57] ✅ VPN 已连接
[2026-03-18 10:44:57] ✅ VPN 已连接
[2026-03-18 10:45:57] ✅ VPN 已连接
[2026-03-18 10:46:58] ✅ VPN 已连接
[2026-03-18 10:47:58] ✅ VPN 已连接
[2026-03-18 10:48:58] ✅ VPN 已连接
[2026-03-18 10:49:58] ✅ VPN 已连接
[2026-03-18 10:50:58] ✅ VPN 已连接
[2026-03-18 10:51:58] ✅ VPN 已连接
[2026-03-18 10:52:58] ✅ VPN 已连接
[2026-03-18 10:53:58] ✅ VPN 已连接
[2026-03-18 10:54:58] ✅ VPN 已连接
[2026-03-18 10:55:58] ✅ VPN 已连接
[2026-03-18 10:56:58] ✅ VPN 已连接
[2026-03-18 10:57:58] ✅ VPN 已连接
[2026-03-18 10:58:58] ✅ VPN 已连接
[2026-03-18 10:59:58] ✅ VPN 已连接
[2026-03-18 11:00:58] ✅ VPN 已连接
[2026-03-18 11:01:58] ✅ VPN 已连接
[2026-03-18 11:02:58] ✅ VPN 已连接
[2026-03-18 11:03:58] ✅ VPN 已连接
[2026-03-18 11:04:59] ✅ VPN 已连接
[2026-03-18 11:05:59] ✅ VPN 已连接
[2026-03-18 11:06:59] ✅ VPN 已连接
[2026-03-18 11:07:59] ✅ VPN 已连接
[2026-03-18 11:08:59] ✅ VPN 已连接
[2026-03-18 11:09:59] ✅ VPN 已连接
[2026-03-18 11:10:59] ✅ VPN 已连接
[2026-03-18 11:11:59] ✅ VPN 已连接
[2026-03-18 11:12:59] ✅ VPN 已连接
[2026-03-18 11:13:59] ✅ VPN 已连接
[2026-03-18 11:14:59] ✅ VPN 已连接
[2026-03-18 11:15:59] ✅ VPN 已连接
[2026-03-18 11:16:59] ✅ VPN 已连接
[2026-03-18 11:17:59] ✅ VPN 已连接
[2026-03-18 11:18:59] ✅ VPN 已连接
[2026-03-18 11:19:59] ✅ VPN 已连接
[2026-03-18 11:20:59] ✅ VPN 已连接
[2026-03-18 11:21:59] ✅ VPN 已连接
[2026-03-18 11:23:00] ✅ VPN 已连接
[2026-03-18 11:24:00] ✅ VPN 已连接
[2026-03-18 11:25:00] ✅ VPN 已连接
[2026-03-18 11:26:00] ✅ VPN 已连接
[2026-03-18 11:27:00] ✅ VPN 已连接
[2026-03-18 11:28:00] ✅ VPN 已连接
[2026-03-18 11:29:00] ✅ VPN 已连接
[2026-03-18 11:30:00] ✅ VPN 已连接
[2026-03-18 11:31:00] ✅ VPN 已连接
[2026-03-18 11:32:00] ❌ VPN 未连接，触发重连...
[2026-03-18 11:32:00] ========== VPN 重连开始 ==========
[2026-03-18 11:32:00] 尝试 1/3...
[2026-03-18 11:32:00] 启动 FortiClient GUI...
[2026-03-18 11:32:03] ❌ FortiClient GUI 启动失败
[2026-03-18 11:32:03] 重试 1 失败：无法启动 FortiClient
[2026-03-18 11:32:13] 尝试 2/3...
[2026-03-18 11:32:13] 启动 FortiClient GUI...
[2026-03-18 11:32:16] ❌ FortiClient GUI 启动失败
[2026-03-18 11:32:16] 重试 2 失败：无法启动 FortiClient
[2026-03-18 11:32:26] 尝试 3/3...
[2026-03-18 11:32:26] 启动 FortiClient GUI...
[2026-03-18 11:32:29] ❌ FortiClient GUI 启动失败
[2026-03-18 11:32:29] 重试 3 失败：无法启动 FortiClient
[2026-03-18 11:32:39] ❌ VPN 重连失败（已尝试 3 次）
[2026-03-18 11:32:39] ========== VPN 重连失败 ==========
[2026-03-18 11:33:39] ❌ VPN 未连接，触发重连...
[2026-03-18 11:33:39] ========== VPN 重连开始 ==========
[2026-03-18 11:33:39] 尝试 1/3...
[2026-03-18 11:33:39] 启动 FortiClient GUI...
[2026-03-18 11:33:39] FortiClient 已在运行，先关闭...
[2026-03-18 11:33:44] ❌ FortiClient GUI 启动失败
[2026-03-18 11:33:44] 重试 1 失败：无法启动 FortiClient
[2026-03-18 11:33:54] 尝试 2/3...
[2026-03-18 11:33:54] 启动 FortiClient GUI...
[2026-03-18 11:33:57] ❌ FortiClient GUI 启动失败
[2026-03-18 11:33:57] 重试 2 失败：无法启动 FortiClient
[2026-03-18 11:34:07] 尝试 3/3...
[2026-03-18 11:34:07] 启动 FortiClient GUI...
[2026-03-18 11:34:10] ❌ FortiClient GUI 启动失败
[2026-03-18 11:34:10] 重试 3 失败：无法启动 FortiClient
[2026-03-18 11:34:20] ❌ VPN 重连失败（已尝试 3 次）
[2026-03-18 11:34:20] ========== VPN 重连失败 ==========
[2026-03-18 11:35:20] ✅ VPN 已连接
[2026-03-18 11:36:20] ✅ VPN 已连接
[2026-03-18 11:37:21] ✅ VPN 已连接
[2026-03-18 11:38:21] ✅ VPN 已连接
[2026-03-18 11:39:21] ✅ VPN 已连接
[2026-03-18 11:40:21] ✅ VPN 已连接
[2026-03-18 11:41:21] ✅ VPN 已连接
[2026-03-18 11:42:21] ✅ VPN 已连接
[2026-03-18 11:43:21] ✅ VPN 已连接
[2026-03-18 11:44:21] ✅ VPN 已连接
[2026-03-18 11:45:21] ✅ VPN 已连接
[2026-03-18 11:46:21] ✅ VPN 已连接
[2026-03-18 11:47:21] ✅ VPN 已连接
[2026-03-18 11:48:21] ✅ VPN 已连接
[2026-03-18 11:49:21] ✅ VPN 已连接
[2026-03-18 11:50:21] ✅ VPN 已连接
[2026-03-18 11:51:21] ✅ VPN 已连接
[2026-03-18 11:52:21] ✅ VPN 已连接
[2026-03-18 11:53:21] ✅ VPN 已连接
[2026-03-18 11:54:22] ✅ VPN 已连接
[2026-03-18 11:55:22] ✅ VPN 已连接
[2026-03-18 11:56:22] ✅ VPN 已连接
[2026-03-18 11:57:22] ✅ VPN 已连接
[2026-03-18 11:58:22] ✅ VPN 已连接
[2026-03-18 11:59:22] ✅ VPN 已连接
[2026-03-18 12:00:22] ✅ VPN 已连接
[2026-03-18 12:01:22] ✅ VPN 已连接
[2026-03-18 12:02:22] ✅ VPN 已连接
[2026-03-18 12:03:22] ✅ VPN 已连接
[2026-03-18 12:04:22] ✅ VPN 已连接
[2026-03-18 12:05:22] ✅ VPN 已连接
[2026-03-18 12:06:22] ✅ VPN 已连接
[2026-03-18 12:07:22] ✅ VPN 已连接
[2026-03-18 12:08:22] ✅ VPN 已连接
[2026-03-18 12:09:22] ✅ VPN 已连接
[2026-03-18 12:10:22] ✅ VPN 已连接
[2026-03-18 12:11:22] ✅ VPN 已连接
[2026-03-18 12:12:22] ✅ VPN 已连接
[2026-03-18 12:13:22] ✅ VPN 已连接
[2026-03-18 12:14:23] ✅ VPN 已连接
[2026-03-18 12:15:23] ✅ VPN 已连接
[2026-03-18 12:16:23] ✅ VPN 已连接
[2026-03-18 12:17:23] ✅ VPN 已连接
[2026-03-18 12:18:23] ✅ VPN 已连接
[2026-03-18 12:19:23] ✅ VPN 已连接
[2026-03-18 12:20:23] ✅ VPN 已连接
[2026-03-18 12:21:23] ✅ VPN 已连接
[2026-03-18 12:22:23] ✅ VPN 已连接
[2026-03-18 12:23:23] ✅ VPN 已连接
[2026-03-18 12:24:23] ✅ VPN 已连接
[2026-03-18 12:25:23] ✅ VPN 已连接
[2026-03-18 12:26:23] ✅ VPN 已连接
[2026-03-18 12:27:23] ✅ VPN 已连接
[2026-03-18 12:28:23] ✅ VPN 已连接
[2026-03-18 12:29:23] ✅ VPN 已连接
[2026-03-18 12:30:23] ✅ VPN 已连接
[2026-03-18 12:31:23] ✅ VPN 已连接
[2026-03-18 12:32:23] ✅ VPN 已连接
[2026-03-18 12:33:23] ✅ VPN 已连接
[2026-03-18 12:34:24] ✅ VPN 已连接
[2026-03-18 12:35:24] ✅ VPN 已连接
[2026-03-18 12:36:24] ✅ VPN 已连接
[2026-03-18 12:37:24] ✅ VPN 已连接
[2026-03-18 12:38:24] ✅ VPN 已连接
[2026-03-18 12:39:24] ✅ VPN 已连接
[2026-03-18 12:40:24] ✅ VPN 已连接
[2026-03-18 12:41:24] ✅ VPN 已连接
[2026-03-18 12:42:24] ✅ VPN 已连接
[2026-03-18 12:43:24] ✅ VPN 已连接
[2026-03-18 12:44:24] ✅ VPN 已连接
[2026-03-18 12:45:24] ✅ VPN 已连接
[2026-03-18 12:46:24] ✅ VPN 已连接
[2026-03-18 12:47:24] ✅ VPN 已连接
[2026-03-18 12:48:24] ✅ VPN 已连接
[2026-03-18 12:49:24] ✅ VPN 已连接
[2026-03-18 12:50:24] ✅ VPN 已连接
[2026-03-18 12:51:24] ✅ VPN 已连接
[2026-03-18 12:52:24] ✅ VPN 已连接
[2026-03-18 12:53:25] ✅ VPN 已连接
[2026-03-18 12:54:25] ✅ VPN 已连接
[2026-03-18 12:55:25] ✅ VPN 已连接
[2026-03-18 12:56:25] ✅ VPN 已连接
[2026-03-18 12:57:25] ✅ VPN 已连接
[2026-03-18 12:58:25] ✅ VPN 已连接
[2026-03-18 12:59:25] ✅ VPN 已连接
[2026-03-18 13:00:25] ✅ VPN 已连接
[2026-03-18 13:01:25] ✅ VPN 已连接
[2026-03-18 13:02:25] ✅ VPN 已连接
[2026-03-18 13:03:25] ✅ VPN 已连接
[2026-03-18 13:04:25] ✅ VPN 已连接
[2026-03-18 13:05:25] ✅ VPN 已连接
[2026-03-18 13:06:25] ✅ VPN 已连接
[2026-03-18 13:07:25] ✅ VPN 已连接
[2026-03-18 13:08:25] ✅ VPN 已连接
[2026-03-18 13:09:25] ✅ VPN 已连接
[2026-03-18 13:10:25] ✅ VPN 已连接
[2026-03-18 13:11:26] ✅ VPN 已连接
[2026-03-18 13:12:26] ✅ VPN 已连接
[2026-03-18 13:13:26] ✅ VPN 已连接
[2026-03-18 13:14:26] ✅ VPN 已连接
[2026-03-18 13:15:26] ✅ VPN 已连接
[2026-03-18 13:16:26] ✅ VPN 已连接
[2026-03-18 13:17:26] ✅ VPN 已连接
[2026-03-18 13:18:26] ✅ VPN 已连接
[2026-03-18 13:19:26] ✅ VPN 已连接
[2026-03-18 13:20:26] ✅ VPN 已连接
[2026-03-18 13:21:26] ✅ VPN 已连接
[2026-03-18 13:22:26] ✅ VPN 已连接
[2026-03-18 13:23:26] ✅ VPN 已连接
[2026-03-18 13:24:26] ✅ VPN 已连接
[2026-03-18 13:25:26] ✅ VPN 已连接
[2026-03-18 13:26:26] ✅ VPN 已连接
[2026-03-18 13:27:26] ✅ VPN 已连接
[2026-03-18 13:28:26] ✅ VPN 已连接
[2026-03-18 13:29:26] ✅ VPN 已连接
[2026-03-18 13:30:27] ✅ VPN 已连接
[2026-03-18 13:31:27] ✅ VPN 已连接
[2026-03-18 13:32:27] ✅ VPN 已连接
[2026-03-18 13:33:27] ✅ VPN 已连接
[2026-03-18 13:34:27] ✅ VPN 已连接
[2026-03-18 13:35:27] ✅ VPN 已连接
[2026-03-18 13:36:27] ✅ VPN 已连接
[2026-03-18 13:37:27] ✅ VPN 已连接
[2026-03-18 13:38:27] ✅ VPN 已连接
[2026-03-18 13:39:27] ✅ VPN 已连接
[2026-03-18 13:40:27] ✅ VPN 已连接
[2026-03-18 13:41:27] ✅ VPN 已连接
[2026-03-18 13:42:27] ✅ VPN 已连接
[2026-03-18 13:43:27] ✅ VPN 已连接
[2026-03-18 13:44:27] ✅ VPN 已连接
[2026-03-18 13:45:27] ✅ VPN 已连接
[2026-03-18 13:46:27] ✅ VPN 已连接
[2026-03-18 13:47:27] ✅ VPN 已连接
[2026-03-18 13:48:27] ✅ VPN 已连接
[2026-03-18 13:49:28] ✅ VPN 已连接
[2026-03-18 13:50:28] ✅ VPN 已连接
[2026-03-18 13:51:28] ✅ VPN 已连接
[2026-03-18 13:52:28] ✅ VPN 已连接
[2026-03-18 13:53:28] ✅ VPN 已连接
[2026-03-18 13:54:28] ✅ VPN 已连接
[2026-03-18 13:55:28] ✅ VPN 已连接
[2026-03-18 13:56:28] ✅ VPN 已连接
[2026-03-18 13:57:28] ✅ VPN 已连接
[2026-03-18 13:58:28] ✅ VPN 已连接
[2026-03-18 13:59:28] ✅ VPN 已连接
[2026-03-18 14:00:28] ✅ VPN 已连接
[2026-03-18 14:01:28] ✅ VPN 已连接
[2026-03-18 14:02:28] ✅ VPN 已连接
[2026-03-18 14:03:28] ✅ VPN 已连接
[2026-03-18 14:04:28] ✅ VPN 已连接
[2026-03-18 14:05:28] ✅ VPN 已连接
[2026-03-18 14:06:28] ✅ VPN 已连接
[2026-03-18 14:07:29] ✅ VPN 已连接
[2026-03-18 14:08:29] ✅ VPN 已连接
[2026-03-18 14:09:29] ✅ VPN 已连接
[2026-03-18 14:10:29] ✅ VPN 已连接
[2026-03-18 14:11:29] ✅ VPN 已连接
[2026-03-18 14:12:29] ✅ VPN 已连接
[2026-03-18 14:13:29] ✅ VPN 已连接
[2026-03-18 14:14:29] ✅ VPN 已连接
[2026-03-18 14:15:29] ✅ VPN 已连接
[2026-03-18 14:16:29] ✅ VPN 已连接
[2026-03-18 14:17:29] ✅ VPN 已连接
[2026-03-18 14:18:29] ✅ VPN 已连接
[2026-03-18 14:19:29] ✅ VPN 已连接
[2026-03-18 14:20:29] ✅ VPN 已连接
[2026-03-18 14:21:29] ✅ VPN 已连接
[2026-03-18 14:22:29] ✅ VPN 已连接
[2026-03-18 14:23:29] ✅ VPN 已连接
[2026-03-18 14:24:29] ✅ VPN 已连接
[2026-03-18 14:25:29] ✅ VPN 已连接
[2026-03-18 14:26:29] ✅ VPN 已连接
[2026-03-18 14:27:30] ✅ VPN 已连接
[2026-03-18 14:28:30] ✅ VPN 已连接
[2026-03-18 14:29:30] ✅ VPN 已连接
[2026-03-18 14:30:30] ✅ VPN 已连接
[2026-03-18 14:31:30] ✅ VPN 已连接
[2026-03-18 14:32:30] ✅ VPN 已连接
[2026-03-18 14:33:30] ✅ VPN 已连接
[2026-03-18 14:34:30] ✅ VPN 已连接
[2026-03-18 14:35:30] ✅ VPN 已连接
[2026-03-18 14:36:30] ✅ VPN 已连接
[2026-03-18 14:37:30] ✅ VPN 已连接
[2026-03-18 14:38:30] ✅ VPN 已连接
[2026-03-18 14:39:30] ✅ VPN 已连接
[2026-03-18 14:40:30] ✅ VPN 已连接
[2026-03-18 14:41:30] ✅ VPN 已连接
[2026-03-18 14:42:31] ✅ VPN 已连接
[2026-03-18 14:43:31] ✅ VPN 已连接
[2026-03-18 14:44:31] ✅ VPN 已连接
[2026-03-18 14:45:31] ✅ VPN 已连接
[2026-03-18 14:46:31] ✅ VPN 已连接
[2026-03-18 14:47:31] ✅ VPN 已连接
[2026-03-18 14:48:31] ✅ VPN 已连接
[2026-03-18 14:49:31] ✅ VPN 已连接
[2026-03-18 14:50:31] ✅ VPN 已连接
[2026-03-18 14:51:31] ✅ VPN 已连接
[2026-03-18 14:52:31] ✅ VPN 已连接
[2026-03-18 14:53:31] ✅ VPN 已连接
[2026-03-18 14:54:31] ✅ VPN 已连接
[2026-03-18 14:55:31] ✅ VPN 已连接
[2026-03-18 14:56:31] ✅ VPN 已连接
[2026-03-18 14:57:31] ✅ VPN 已连接
[2026-03-18 14:58:31] ✅ VPN 已连接
[2026-03-18 14:59:31] ✅ VPN 已连接
[2026-03-18 15:00:32] ✅ VPN 已连接
[2026-03-18 15:01:32] ✅ VPN 已连接
[2026-03-18 15:02:32] ✅ VPN 已连接
[2026-03-18 15:03:32] ✅ VPN 已连接
[2026-03-18 15:04:32] ✅ VPN 已连接
[2026-03-18 15:05:32] ✅ VPN 已连接
[2026-03-18 15:06:32] ✅ VPN 已连接
[2026-03-18 15:07:32] ✅ VPN 已连接
[2026-03-18 15:08:32] ✅ VPN 已连接
[2026-03-18 15:09:32] ✅ VPN 已连接
[2026-03-18 15:10:32] ✅ VPN 已连接
[2026-03-18 15:11:32] ✅ VPN 已连接
[2026-03-18 15:12:32] ✅ VPN 已连接
[2026-03-18 15:13:32] ✅ VPN 已连接
[2026-03-18 15:14:32] ✅ VPN 已连接
[2026-03-18 15:15:32] ✅ VPN 已连接
[2026-03-18 15:16:32] ✅ VPN 已连接
[2026-03-18 15:17:32] ✅ VPN 已连接
[2026-03-18 15:18:32] ✅ VPN 已连接
[2026-03-18 15:19:32] ✅ VPN 已连接
[2026-03-18 15:20:33] ✅ VPN 已连接
[2026-03-18 15:21:33] ✅ VPN 已连接
[2026-03-18 15:22:33] ✅ VPN 已连接
[2026-03-18 15:23:33] ✅ VPN 已连接
[2026-03-18 15:24:33] ✅ VPN 已连接
[2026-03-18 15:25:33] ✅ VPN 已连接
[2026-03-18 15:26:33] ✅ VPN 已连接
[2026-03-18 15:27:33] ✅ VPN 已连接
[2026-03-18 15:28:33] ✅ VPN 已连接
[2026-03-18 15:29:33] ✅ VPN 已连接
[2026-03-18 15:30:33] ✅ VPN 已连接
[2026-03-18 15:31:33] ✅ VPN 已连接
[2026-03-18 15:32:33] ✅ VPN 已连接
[2026-03-18 15:33:33] ✅ VPN 已连接
[2026-03-18 15:34:33] ✅ VPN 已连接
[2026-03-18 15:35:33] ✅ VPN 已连接
[2026-03-18 15:36:33] ✅ VPN 已连接
[2026-03-18 15:37:33] ✅ VPN 已连接
[2026-03-18 15:38:34] ✅ VPN 已连接
[2026-03-18 15:39:34] ✅ VPN 已连接
[2026-03-18 15:40:34] ✅ VPN 已连接
[2026-03-18 15:41:34] ✅ VPN 已连接
[2026-03-18 15:42:34] ✅ VPN 已连接
[2026-03-18 15:43:34] ✅ VPN 已连接
[2026-03-18 15:44:34] ✅ VPN 已连接
[2026-03-18 15:45:34] ✅ VPN 已连接
[2026-03-18 15:46:34] ✅ VPN 已连接
[2026-03-18 15:47:34] ✅ VPN 已连接
[2026-03-18 15:48:34] ✅ VPN 已连接
[2026-03-18 15:49:34] ✅ VPN 已连接
[2026-03-18 15:50:34] ✅ VPN 已连接
[2026-03-18 15:51:34] ✅ VPN 已连接
[2026-03-18 15:52:34] ✅ VPN 已连接
[2026-03-18 15:53:34] ✅ VPN 已连接
[2026-03-18 15:54:34] ✅ VPN 已连接
[2026-03-18 15:55:34] ✅ VPN 已连接
[2026-03-18 15:56:34] ✅ VPN 已连接
[2026-03-18 15:57:35] ✅ VPN 已连接
[2026-03-18 15:58:35] ✅ VPN 已连接
[2026-03-18 15:59:35] ✅ VPN 已连接
[2026-03-18 16:00:35] ✅ VPN 已连接
[2026-03-18 16:01:35] ✅ VPN 已连接
[2026-03-18 16:02:35] ✅ VPN 已连接
[2026-03-18 16:03:35] ✅ VPN 已连接
[2026-03-18 16:04:35] ✅ VPN 已连接
[2026-03-18 16:05:35] ✅ VPN 已连接
[2026-03-18 16:06:35] ✅ VPN 已连接
[2026-03-18 16:07:35] ✅ VPN 已连接
[2026-03-18 16:08:35] ✅ VPN 已连接
[2026-03-18 16:09:35] ✅ VPN 已连接
[2026-03-18 16:10:35] ✅ VPN 已连接
[2026-03-18 16:11:35] ✅ VPN 已连接
[2026-03-18 16:12:35] ✅ VPN 已连接
[2026-03-18 16:13:35] ✅ VPN 已连接
[2026-03-18 16:14:36] ✅ VPN 已连接
[2026-03-18 16:15:36] ✅ VPN 已连接
[2026-03-18 16:16:36] ✅ VPN 已连接
[2026-03-18 16:17:36] ✅ VPN 已连接
[2026-03-18 16:18:36] ✅ VPN 已连接
[2026-03-18 16:19:36] ✅ VPN 已连接
[2026-03-18 16:20:36] ✅ VPN 已连接
[2026-03-18 16:21:36] ✅ VPN 已连接
[2026-03-18 16:22:36] ✅ VPN 已连接
[2026-03-18 16:23:36] ✅ VPN 已连接
[2026-03-18 16:24:36] ✅ VPN 已连接
[2026-03-18 16:25:36] ✅ VPN 已连接
[2026-03-18 16:26:36] ✅ VPN 已连接
[2026-03-18 16:27:36] ✅ VPN 已连接
[2026-03-18 16:28:36] ✅ VPN 已连接
[2026-03-18 16:29:36] ✅ VPN 已连接
[2026-03-18 16:30:36] ✅ VPN 已连接
[2026-03-18 16:31:37] ✅ VPN 已连接
[2026-03-18 16:32:37] ✅ VPN 已连接
[2026-03-18 16:33:37] ✅ VPN 已连接
[2026-03-18 16:34:37] ✅ VPN 已连接
[2026-03-18 16:35:37] ✅ VPN 已连接
[2026-03-18 16:36:37] ✅ VPN 已连接
[2026-03-18 16:37:37] ✅ VPN 已连接
[2026-03-18 16:38:37] ✅ VPN 已连接
[2026-03-18 16:39:37] ✅ VPN 已连接
[2026-03-18 16:40:37] ✅ VPN 已连接
[2026-03-18 16:41:37] ✅ VPN 已连接
[2026-03-18 16:42:37] ✅ VPN 已连接
[2026-03-18 16:43:37] ✅ VPN 已连接
[2026-03-18 16:44:37] ✅ VPN 已连接
[2026-03-18 16:45:37] ✅ VPN 已连接
[2026-03-18 16:46:38] ✅ VPN 已连接
[2026-03-18 16:47:38] ✅ VPN 已连接
[2026-03-18 16:48:38] ✅ VPN 已连接
[2026-03-18 16:49:38] ✅ VPN 已连接
[2026-03-18 16:50:38] ✅ VPN 已连接
[2026-03-18 16:51:38] ✅ VPN 已连接
[2026-03-18 16:52:26] VPN Watchdog 启动
[2026-03-18 16:52:27] ✅ VPN 已连接
[2026-03-18 16:53:27] ✅ VPN 已连接
[2026-03-18 16:54:27] ✅ VPN 已连接
[2026-03-18 16:55:27] ✅ VPN 已连接
[2026-03-18 16:56:27] ✅ VPN 已连接
[2026-03-18 16:57:27] ✅ VPN 已连接
[2026-03-18 16:58:27] ✅ VPN 已连接
[2026-03-18 16:59:27] ✅ VPN 已连接
[2026-03-18 17:00:27] ✅ VPN 已连接
[2026-03-18 17:01:27] ✅ VPN 已连接
[2026-03-18 17:02:27] ✅ VPN 已连接
[2026-03-18 17:03:27] ✅ VPN 已连接
[2026-03-18 17:04:27] ✅ VPN 已连接
[2026-03-18 17:05:27] ✅ VPN 已连接
[2026-03-18 17:06:27] ✅ VPN 已连接
[2026-03-18 17:07:27] ✅ VPN 已连接
[2026-03-18 17:08:28] ✅ VPN 已连接
[2026-03-18 17:09:28] ✅ VPN 已连接
[2026-03-18 17:10:28] ✅ VPN 已连接
[2026-03-18 17:11:28] ✅ VPN 已连接
[2026-03-18 17:12:28] ✅ VPN 已连接
[2026-03-18 17:13:28] ✅ VPN 已连接
[2026-03-18 17:14:28] ✅ VPN 已连接
[2026-03-18 17:15:28] ✅ VPN 已连接
[2026-03-18 17:16:28] ✅ VPN 已连接
[2026-03-18 17:17:28] ✅ VPN 已连接
[2026-03-18 17:18:28] ✅ VPN 已连接
[2026-03-18 17:19:28] ✅ VPN 已连接
[2026-03-18 17:20:28] ✅ VPN 已连接
[2026-03-18 17:21:28] ✅ VPN 已连接
[2026-03-18 17:22:28] ✅ VPN 已连接
[2026-03-18 17:23:28] ✅ VPN 已连接
[2026-03-18 17:24:28] ✅ VPN 已连接
[2026-03-18 17:25:28] ✅ VPN 已连接
[2026-03-18 17:26:29] ✅ VPN 已连接
[2026-03-18 17:27:29] ✅ VPN 已连接
[2026-03-18 17:28:29] ✅ VPN 已连接
[2026-03-18 17:29:29] ✅ VPN 已连接
[2026-03-18 17:30:29] ✅ VPN 已连接
[2026-03-18 17:31:29] ✅ VPN 已连接
[2026-03-18 17:32:29] ✅ VPN 已连接
[2026-03-18 17:33:29] ✅ VPN 已连接
[2026-03-18 17:34:29] ✅ VPN 已连接
[2026-03-18 17:35:29] ✅ VPN 已连接
[2026-03-18 17:36:29] ✅ VPN 已连接
[2026-03-18 17:37:29] ✅ VPN 已连接
[2026-03-18 17:38:29] ✅ VPN 已连接
[2026-03-18 17:39:29] ✅ VPN 已连接
[2026-03-18 17:40:29] ✅ VPN 已连接
[2026-03-18 17:41:29] ✅ VPN 已连接
[2026-03-18 17:42:29] ✅ VPN 已连接
[2026-03-18 17:43:30] ✅ VPN 已连接
[2026-03-18 17:44:30] ✅ VPN 已连接
[2026-03-18 17:45:30] ✅ VPN 已连接
[2026-03-18 17:46:30] ✅ VPN 已连接
[2026-03-18 17:47:30] ✅ VPN 已连接
[2026-03-18 17:48:30] ✅ VPN 已连接
[2026-03-18 17:49:30] ✅ VPN 已连接
[2026-03-18 17:50:30] ✅ VPN 已连接
[2026-03-18 17:51:30] ✅ VPN 已连接
[2026-03-18 17:52:30] ✅ VPN 已连接
[2026-03-18 17:53:30] ✅ VPN 已连接
[2026-03-18 17:54:30] ✅ VPN 已连接
[2026-03-18 17:55:31] ✅ VPN 已连接
[2026-03-18 17:56:31] ✅ VPN 已连接
[2026-03-18 17:57:31] ✅ VPN 已连接
[2026-03-18 17:58:31] ✅ VPN 已连接
[2026-03-18 17:59:31] ✅ VPN 已连接
[2026-03-18 18:00:31] ✅ VPN 已连接
[2026-03-18 18:01:31] ✅ VPN 已连接
[2026-03-18 18:02:31] ✅ VPN 已连接
[2026-03-18 18:03:31] ✅ VPN 已连接
[2026-03-18 18:04:31] ✅ VPN 已连接
[2026-03-18 18:05:31] ✅ VPN 已连接
[2026-03-18 18:06:31] ✅ VPN 已连接
[2026-03-18 18:07:31] ✅ VPN 已连接
[2026-03-18 18:08:32] ✅ VPN 已连接
[2026-03-18 18:09:32] ✅ VPN 已连接
[2026-03-18 18:10:32] ✅ VPN 已连接
[2026-03-18 18:11:32] ✅ VPN 已连接
[2026-03-18 18:12:32] ✅ VPN 已连接
[2026-03-18 18:13:32] ✅ VPN 已连接
[2026-03-18 18:14:32] ✅ VPN 已连接
[2026-03-18 18:15:32] ✅ VPN 已连接
[2026-03-18 18:16:32] ✅ VPN 已连接
[2026-03-18 18:17:32] ✅ VPN 已连接
[2026-03-18 18:18:32] ✅ VPN 已连接
[2026-03-18 18:19:32] ✅ VPN 已连接
[2026-03-18 18:20:32] ✅ VPN 已连接
[2026-03-18 18:21:33] ✅ VPN 已连接
[2026-03-18 18:22:33] ✅ VPN 已连接
[2026-03-18 18:23:33] ✅ VPN 已连接
[2026-03-18 18:24:33] ✅ VPN 已连接
[2026-03-18 18:25:33] ✅ VPN 已连接
[2026-03-18 18:26:33] ✅ VPN 已连接
[2026-03-18 18:27:33] ✅ VPN 已连接
[2026-03-18 18:28:33] ✅ VPN 已连接
[2026-03-18 18:29:33] ✅ VPN 已连接
[2026-03-18 18:30:33] ✅ VPN 已连接
[2026-03-18 18:31:33] ✅ VPN 已连接
[2026-03-18 18:32:34] ✅ VPN 已连接
[2026-03-18 18:33:34] ✅ VPN 已连接
[2026-03-18 18:34:34] ✅ VPN 已连接
[2026-03-18 18:35:34] ✅ VPN 已连接
[2026-03-18 18:36:34] ✅ VPN 已连接
[2026-03-18 18:37:34] ✅ VPN 已连接
[2026-03-18 18:38:34] ✅ VPN 已连接
[2026-03-18 18:39:34] ✅ VPN 已连接
[2026-03-18 18:40:34] ✅ VPN 已连接
[2026-03-18 18:41:34] ✅ VPN 已连接
[2026-03-18 18:42:34] ✅ VPN 已连接
[2026-03-18 18:43:35] ✅ VPN 已连接
[2026-03-18 18:44:35] ✅ VPN 已连接
[2026-03-18 18:45:35] ✅ VPN 已连接
[2026-03-18 18:50:39] VPN Watchdog 启动
[2026-03-18 18:50:39] ❌ VPN 未连接，触发重连...
[2026-03-18 18:50:39] ========== VPN 重连开始 ==========
[2026-03-18 18:50:39] 尝试 1/3...
[2026-03-18 18:50:39] 启动 FortiClient GUI...
[2026-03-18 18:50:39] FortiClient 已在运行，先关闭...
[2026-03-18 18:50:44] ❌ FortiClient GUI 启动失败
[2026-03-18 18:50:44] 重试 1 失败：无法启动 FortiClient
[2026-03-18 18:50:54] 尝试 2/3...
[2026-03-18 18:50:54] 启动 FortiClient GUI...
[2026-03-18 18:50:57] ❌ FortiClient GUI 启动失败
[2026-03-18 18:50:57] 重试 2 失败：无法启动 FortiClient
[2026-03-18 18:51:07] 尝试 3/3...
[2026-03-18 18:51:07] 启动 FortiClient GUI...
[2026-03-18 18:51:10] ❌ FortiClient GUI 启动失败
[2026-03-18 18:51:10] 重试 3 失败：无法启动 FortiClient
[2026-03-18 18:51:20] ❌ VPN 重连失败（已尝试 3 次）
[2026-03-18 18:51:20] ========== VPN 重连失败 ==========
[2026-03-18 18:52:20] ❌ VPN 未连接，触发重连...
[2026-03-18 18:52:20] ========== VPN 重连开始 ==========
[2026-03-18 18:52:20] 尝试 1/3...
[2026-03-18 18:52:20] 启动 FortiClient GUI...
[2026-03-18 18:52:23] ❌ FortiClient GUI 启动失败
[2026-03-18 18:52:23] 重试 1 失败：无法启动 FortiClient
[2026-03-18 18:52:33] 尝试 2/3...
[2026-03-18 18:52:33] 启动 FortiClient GUI...
[2026-03-18 18:52:36] ❌ FortiClient GUI 启动失败
[2026-03-18 18:52:36] 重试 2 失败：无法启动 FortiClient
[2026-03-18 18:52:46] 尝试 3/3...
[2026-03-18 18:52:46] 启动 FortiClient GUI...
[2026-03-18 18:52:49] ❌ FortiClient GUI 启动失败
[2026-03-18 18:52:49] 重试 3 失败：无法启动 FortiClient
[2026-03-18 18:52:59] ❌ VPN 重连失败（已尝试 3 次）
[2026-03-18 18:52:59] ========== VPN 重连失败 ==========
[2026-03-18 18:53:59] ✅ VPN 已连接
[2026-03-18 18:54:59] ✅ VPN 已连接
[2026-03-18 18:55:59] ✅ VPN 已连接
[2026-03-18 18:56:59] ✅ VPN 已连接
[2026-03-18 18:57:59] ✅ VPN 已连接
[2026-03-18 18:59:00] ✅ VPN 已连接
[2026-03-18 19:00:00] ✅ VPN 已连接
[2026-03-18 19:01:00] ✅ VPN 已连接
[2026-03-18 19:02:00] ✅ VPN 已连接
[2026-03-18 19:03:00] ✅ VPN 已连接
[2026-03-18 19:04:00] ✅ VPN 已连接
[2026-03-18 19:05:00] ✅ VPN 已连接
[2026-03-18 19:06:00] ✅ VPN 已连接
[2026-03-18 19:07:00] ✅ VPN 已连接
[2026-03-18 19:08:00] ✅ VPN 已连接
[2026-03-18 19:09:00] ✅ VPN 已连接
[2026-03-18 19:10:00] ✅ VPN 已连接
[2026-03-18 19:11:00] ✅ VPN 已连接
[2026-03-18 19:12:00] ✅ VPN 已连接
[2026-03-18 19:13:01] ✅ VPN 已连接
[2026-03-18 19:14:01] ✅ VPN 已连接
[2026-03-18 19:15:01] ✅ VPN 已连接
[2026-03-18 19:16:01] ✅ VPN 已连接
[2026-03-18 19:17:01] ✅ VPN 已连接
[2026-03-18 19:18:01] ✅ VPN 已连接
[2026-03-18 19:19:01] ✅ VPN 已连接
[2026-03-18 19:20:01] ✅ VPN 已连接
[2026-03-18 19:21:01] ✅ VPN 已连接
[2026-03-18 19:22:01] ✅ VPN 已连接
[2026-03-18 19:23:01] ✅ VPN 已连接
[2026-03-18 19:24:01] ✅ VPN 已连接
[2026-03-18 19:25:01] ✅ VPN 已连接
[2026-03-18 19:26:01] ✅ VPN 已连接
[2026-03-18 19:27:01] ✅ VPN 已连接
[2026-03-18 19:28:01] ✅ VPN 已连接
[2026-03-18 19:29:02] ✅ VPN 已连接
[2026-03-18 19:30:02] ✅ VPN 已连接
[2026-03-18 19:31:02] ✅ VPN 已连接
[2026-03-18 19:32:02] ✅ VPN 已连接
[2026-03-18 19:33:02] ✅ VPN 已连接
[2026-03-18 19:34:02] ✅ VPN 已连接
[2026-03-18 19:35:02] ✅ VPN 已连接
[2026-03-18 19:36:02] ✅ VPN 已连接
[2026-03-18 19:37:02] ✅ VPN 已连接
[2026-03-18 19:38:02] ✅ VPN 已连接
[2026-03-18 19:39:02] ✅ VPN 已连接
[2026-03-18 19:40:02] ✅ VPN 已连接
[2026-03-18 19:41:02] ✅ VPN 已连接
[2026-03-18 19:42:02] ✅ VPN 已连接
[2026-03-18 19:43:02] ✅ VPN 已连接
[2026-03-18 19:44:02] ✅ VPN 已连接
[2026-03-18 19:45:02] ✅ VPN 已连接
[2026-03-18 19:46:03] ✅ VPN 已连接
[2026-03-18 19:47:03] ✅ VPN 已连接
[2026-03-18 19:48:03] ✅ VPN 已连接
[2026-03-18 19:49:03] ✅ VPN 已连接
[2026-03-18 19:50:03] ✅ VPN 已连接
[2026-03-18 19:51:03] ✅ VPN 已连接
[2026-03-18 19:52:03] ✅ VPN 已连接
[2026-03-18 19:53:03] ✅ VPN 已连接
[2026-03-18 19:54:03] ✅ VPN 已连接
[2026-03-18 19:55:03] ✅ VPN 已连接
[2026-03-18 19:56:03] ✅ VPN 已连接
[2026-03-18 19:57:03] ✅ VPN 已连接
[2026-03-18 19:58:04] ✅ VPN 已连接
[2026-03-18 19:59:04] ✅ VPN 已连接
[2026-03-18 20:00:04] ✅ VPN 已连接
[2026-03-18 20:01:04] ✅ VPN 已连接
[2026-03-18 20:02:04] ✅ VPN 已连接
[2026-03-18 20:03:04] ✅ VPN 已连接
[2026-03-18 20:04:05] ✅ VPN 已连接
[2026-03-18 20:06:06] ❌ VPN 未连接，触发重连...
[2026-03-18 20:06:07] ========== VPN 重连开始 ==========
[2026-03-18 20:06:08] 尝试 1/3...
[2026-03-18 20:06:08] 启动 FortiClient GUI...
[2026-03-18 20:06:14] ❌ FortiClient GUI 启动失败
[2026-03-18 20:06:19] 重试 1 失败：无法启动 FortiClient
[2026-03-18 20:06:30] 尝试 2/3...
[2026-03-18 20:06:30] 启动 FortiClient GUI...
[2026-03-18 20:06:34] ❌ FortiClient GUI 启动失败
[2026-03-18 20:06:35] 重试 2 失败：无法启动 FortiClient
[2026-03-18 20:06:53] 尝试 3/3...
[2026-03-18 20:07:23] 启动 FortiClient GUI...
/home/tsl/openclaw/vpn-auto/vpn-reconnect.sh: line 20: 87964 Killed                  nohup /opt/forticlient/fortitray > /dev/null 2>&1
[2026-03-18 20:21:51] ❌ FortiClient GUI 启动失败
[2026-03-18 20:21:51] 重试 3 失败：无法启动 FortiClient
[2026-03-18 20:22:01] ❌ VPN 重连失败（已尝试 3 次）
[2026-03-18 20:22:01] ========== VPN 重连失败 ==========
[2026-03-18 20:23:47] ❌ VPN 未连接，触发重连...
[2026-03-18 20:23:48] ========== VPN 重连开始 ==========
[2026-03-18 20:23:48] 尝试 1/3...
[2026-03-18 20:23:50] 启动 FortiClient GUI...
[2026-03-18 20:23:55] FortiClient 已在运行，先关闭...
[2026-03-18 20:24:07] ✅ FortiClient GUI 已启动
[2026-03-18 20:24:07] 触发 VPN 连接（Playwright 自动化）...
[2026-03-18 20:35:17] 重试 1 失败：自动登录失败
[2026-03-18 20:35:27] 尝试 2/3...
[2026-03-18 20:35:27] 启动 FortiClient GUI...
[2026-03-18 20:35:27] FortiClient 已在运行，先关闭...
[2026-03-18 20:35:32] ❌ FortiClient GUI 启动失败
[2026-03-18 20:35:32] 重试 2 失败：无法启动 FortiClient
[2026-03-18 20:35:42] 尝试 3/3...
[2026-03-18 20:35:42] 启动 FortiClient GUI...
[2026-03-18 20:35:45] ❌ FortiClient GUI 启动失败
[2026-03-18 20:35:45] 重试 3 失败：无法启动 FortiClient
[2026-03-18 20:35:55] ❌ VPN 重连失败（已尝试 3 次）
[2026-03-18 20:35:55] ========== VPN 重连失败 ==========
[2026-03-18 20:36:55] ❌ VPN 未连接，触发重连...
[2026-03-18 20:36:55] ========== VPN 重连开始 ==========
[2026-03-18 20:36:55] 尝试 1/3...
[2026-03-18 20:36:55] 启动 FortiClient GUI...
[2026-03-18 20:36:55] FortiClient 已在运行，先关闭...
[2026-03-18 20:37:00] ❌ FortiClient GUI 启动失败
[2026-03-18 20:37:00] 重试 1 失败：无法启动 FortiClient
[2026-03-18 20:37:10] 尝试 2/3...
[2026-03-18 20:37:10] 启动 FortiClient GUI...
[2026-03-18 20:37:13] ❌ FortiClient GUI 启动失败
[2026-03-18 20:37:13] 重试 2 失败：无法启动 FortiClient
[2026-03-18 20:37:23] 尝试 3/3...
[2026-03-18 20:37:23] 启动 FortiClient GUI...
[2026-03-18 20:37:26] ❌ FortiClient GUI 启动失败
[2026-03-18 20:37:26] 重试 3 失败：无法启动 FortiClient
[2026-03-18 20:37:36] ❌ VPN 重连失败（已尝试 3 次）
[2026-03-18 20:37:36] ========== VPN 重连失败 ==========
[2026-03-18 20:38:36] ❌ VPN 未连接，触发重连...
[2026-03-18 20:38:36] ========== VPN 重连开始 ==========
[2026-03-18 20:38:36] 尝试 1/3...
[2026-03-18 20:38:36] 启动 FortiClient GUI...
[2026-03-18 20:38:40] ❌ FortiClient GUI 启动失败
[2026-03-18 20:38:40] 重试 1 失败：无法启动 FortiClient
[2026-03-18 20:38:50] 尝试 2/3...
[2026-03-18 20:38:50] 启动 FortiClient GUI...
[2026-03-18 20:38:53] ❌ FortiClient GUI 启动失败
[2026-03-18 20:38:53] 重试 2 失败：无法启动 FortiClient
[2026-03-18 20:39:03] 尝试 3/3...
[2026-03-18 20:39:03] 启动 FortiClient GUI...
[2026-03-18 20:39:06] ❌ FortiClient GUI 启动失败
[2026-03-18 20:39:06] 重试 3 失败：无法启动 FortiClient
[2026-03-18 20:39:16] ❌ VPN 重连失败（已尝试 3 次）
[2026-03-18 20:39:16] ========== VPN 重连失败 ==========
[2026-03-18 20:40:16] ✅ VPN 已连接
[2026-03-18 20:41:16] ✅ VPN 已连接
[2026-03-18 20:42:16] ✅ VPN 已连接
[2026-03-18 20:43:16] ✅ VPN 已连接
[2026-03-18 20:44:16] ✅ VPN 已连接
[2026-03-18 20:45:16] ✅ VPN 已连接
[2026-03-18 20:46:16] ✅ VPN 已连接
[2026-03-18 20:47:16] ✅ VPN 已连接
[2026-03-18 20:48:16] ✅ VPN 已连接
[2026-03-18 20:49:17] ✅ VPN 已连接
[2026-03-18 20:50:17] ✅ VPN 已连接
[2026-03-18 20:51:17] ✅ VPN 已连接
[2026-03-18 20:52:17] ✅ VPN 已连接
[2026-03-18 20:53:17] ✅ VPN 已连接
[2026-03-18 20:54:17] ✅ VPN 已连接
[2026-03-18 20:55:17] ✅ VPN 已连接
[2026-03-18 20:56:17] ✅ VPN 已连接
[2026-03-18 20:57:17] ✅ VPN 已连接
[2026-03-18 20:58:17] ✅ VPN 已连接
[2026-03-18 20:59:17] ✅ VPN 已连接
[2026-03-18 21:00:17] ✅ VPN 已连接
[2026-03-18 21:01:17] ✅ VPN 已连接
[2026-03-18 21:02:18] ✅ VPN 已连接
[2026-03-18 21:03:18] ✅ VPN 已连接
[2026-03-18 21:04:18] ✅ VPN 已连接
[2026-03-18 21:05:18] ✅ VPN 已连接
[2026-03-18 21:06:18] ✅ VPN 已连接
[2026-03-18 21:07:18] ✅ VPN 已连接
[2026-03-18 21:08:18] ✅ VPN 已连接
[2026-03-18 21:09:18] ✅ VPN 已连接
[2026-03-18 21:10:18] ✅ VPN 已连接
[2026-03-18 21:11:18] ✅ VPN 已连接
[2026-03-18 21:12:18] ✅ VPN 已连接
[2026-03-18 21:13:18] ✅ VPN 已连接
[2026-03-18 21:14:18] ✅ VPN 已连接
[2026-03-18 21:15:18] ✅ VPN 已连接
[2026-03-18 21:16:19] ✅ VPN 已连接
[2026-03-18 21:17:19] ✅ VPN 已连接
[2026-03-18 21:18:19] ✅ VPN 已连接
[2026-03-18 21:19:19] ✅ VPN 已连接
[2026-03-18 21:20:19] ✅ VPN 已连接
[2026-03-18 21:21:19] ✅ VPN 已连接
[2026-03-18 21:22:19] ✅ VPN 已连接
[2026-03-18 21:23:19] ✅ VPN 已连接
[2026-03-18 21:24:19] ✅ VPN 已连接
[2026-03-18 21:25:19] ✅ VPN 已连接
[2026-03-18 21:26:19] ✅ VPN 已连接
[2026-03-18 21:27:19] ✅ VPN 已连接
[2026-03-18 21:28:19] ✅ VPN 已连接
[2026-03-18 21:29:19] ✅ VPN 已连接
[2026-03-18 21:30:19] ✅ VPN 已连接
[2026-03-18 21:31:20] ✅ VPN 已连接
[2026-03-18 21:32:20] ✅ VPN 已连接
[2026-03-18 21:33:20] ✅ VPN 已连接
[2026-03-18 21:34:20] ✅ VPN 已连接
[2026-03-18 21:35:20] ✅ VPN 已连接
[2026-03-18 21:36:20] ✅ VPN 已连接
[2026-03-18 21:37:20] ✅ VPN 已连接
[2026-03-18 21:38:20] ✅ VPN 已连接
[2026-03-18 21:39:20] ✅ VPN 已连接
[2026-03-18 21:40:20] ✅ VPN 已连接
[2026-03-18 21:41:20] ✅ VPN 已连接
[2026-03-18 21:42:20] ✅ VPN 已连接
[2026-03-18 21:43:20] ✅ VPN 已连接
[2026-03-18 21:44:20] ✅ VPN 已连接
[2026-03-18 21:45:20] ✅ VPN 已连接
[2026-03-18 21:46:21] ✅ VPN 已连接
[2026-03-18 21:47:21] ✅ VPN 已连接
[2026-03-18 21:48:21] ✅ VPN 已连接
[2026-03-18 21:49:21] ✅ VPN 已连接
[2026-03-18 21:50:21] ✅ VPN 已连接
[2026-03-18 21:51:21] ✅ VPN 已连接
[2026-03-18 21:52:21] ✅ VPN 已连接
[2026-03-18 21:53:21] ✅ VPN 已连接
[2026-03-18 21:54:21] ✅ VPN 已连接
[2026-03-18 21:55:21] ✅ VPN 已连接
[2026-03-18 21:56:21] ✅ VPN 已连接
[2026-03-18 21:57:21] ✅ VPN 已连接
[2026-03-18 21:58:21] ✅ VPN 已连接
[2026-03-18 21:59:21] ✅ VPN 已连接
[2026-03-18 22:00:21] ✅ VPN 已连接
[2026-03-18 22:01:22] ✅ VPN 已连接
[2026-03-18 22:02:22] ✅ VPN 已连接
[2026-03-18 22:03:22] ✅ VPN 已连接
[2026-03-18 22:04:22] ✅ VPN 已连接
[2026-03-18 22:05:22] ✅ VPN 已连接
[2026-03-18 22:06:22] ✅ VPN 已连接
[2026-03-18 22:07:22] ✅ VPN 已连接
[2026-03-18 22:08:22] ✅ VPN 已连接
[2026-03-18 22:09:22] ✅ VPN 已连接
[2026-03-18 22:10:22] ✅ VPN 已连接
[2026-03-18 22:11:22] ✅ VPN 已连接
[2026-03-18 22:12:22] ✅ VPN 已连接
[2026-03-18 22:13:22] ✅ VPN 已连接
[2026-03-18 22:14:22] ✅ VPN 已连接
[2026-03-18 22:15:22] ✅ VPN 已连接
[2026-03-18 22:16:23] ✅ VPN 已连接
[2026-03-18 22:17:23] ✅ VPN 已连接
[2026-03-18 22:18:23] ✅ VPN 已连接
[2026-03-18 22:19:23] ✅ VPN 已连接
[2026-03-18 22:20:23] ✅ VPN 已连接
[2026-03-18 22:21:23] ✅ VPN 已连接
[2026-03-18 22:22:23] ✅ VPN 已连接
[2026-03-18 22:23:23] ✅ VPN 已连接
[2026-03-18 22:24:23] ✅ VPN 已连接
[2026-03-18 22:25:23] ✅ VPN 已连接
[2026-03-18 22:26:23] ✅ VPN 已连接
[2026-03-18 22:27:23] ✅ VPN 已连接
[2026-03-18 22:28:23] ✅ VPN 已连接
[2026-03-18 22:29:23] ✅ VPN 已连接
[2026-03-18 22:30:23] ✅ VPN 已连接
[2026-03-18 22:31:24] ✅ VPN 已连接
[2026-03-18 22:32:24] ✅ VPN 已连接
[2026-03-18 22:33:24] ✅ VPN 已连接
[2026-03-18 22:34:24] ✅ VPN 已连接
[2026-03-18 22:35:24] ✅ VPN 已连接
[2026-03-18 22:36:24] ✅ VPN 已连接
[2026-03-18 22:37:24] ✅ VPN 已连接
[2026-03-18 22:38:24] ✅ VPN 已连接
[2026-03-18 22:39:24] ✅ VPN 已连接
[2026-03-18 22:40:24] ✅ VPN 已连接
[2026-03-18 22:41:24] ✅ VPN 已连接
[2026-03-18 22:42:24] ✅ VPN 已连接
[2026-03-18 22:43:24] ✅ VPN 已连接
[2026-03-18 22:44:24] ✅ VPN 已连接
[2026-03-18 22:45:24] ✅ VPN 已连接
[2026-03-18 22:46:25] ✅ VPN 已连接
[2026-03-18 22:47:25] ✅ VPN 已连接
[2026-03-18 22:48:25] ✅ VPN 已连接
[2026-03-18 22:49:25] ✅ VPN 已连接
[2026-03-18 22:50:25] ✅ VPN 已连接
[2026-03-18 22:51:25] ✅ VPN 已连接
[2026-03-18 22:52:25] ✅ VPN 已连接
[2026-03-18 22:53:25] ✅ VPN 已连接
[2026-03-18 22:54:25] ✅ VPN 已连接
[2026-03-18 22:55:25] ✅ VPN 已连接
[2026-03-18 22:56:25] ✅ VPN 已连接
[2026-03-18 22:57:25] ✅ VPN 已连接
[2026-03-18 22:58:25] ✅ VPN 已连接
[2026-03-18 22:59:25] ✅ VPN 已连接
[2026-03-18 23:00:25] ✅ VPN 已连接
[2026-03-18 23:01:25] ✅ VPN 已连接
[2026-03-18 23:02:26] ✅ VPN 已连接
[2026-03-18 23:03:26] ✅ VPN 已连接
[2026-03-18 23:04:26] ✅ VPN 已连接
[2026-03-18 23:05:26] ✅ VPN 已连接
[2026-03-18 23:06:26] ✅ VPN 已连接
[2026-03-18 23:07:26] ✅ VPN 已连接
[2026-03-18 23:08:26] ✅ VPN 已连接
[2026-03-18 23:09:26] ✅ VPN 已连接
[2026-03-18 23:10:26] ✅ VPN 已连接
[2026-03-18 23:11:26] ✅ VPN 已连接
[2026-03-18 23:12:26] ✅ VPN 已连接
[2026-03-18 23:13:26] ✅ VPN 已连接
[2026-03-18 23:14:26] ✅ VPN 已连接
[2026-03-18 23:15:26] ✅ VPN 已连接
[2026-03-18 23:16:26] ✅ VPN 已连接
[2026-03-18 23:17:26] ✅ VPN 已连接
[2026-03-18 23:18:27] ✅ VPN 已连接
[2026-03-18 23:19:27] ✅ VPN 已连接
[2026-03-18 23:20:27] ✅ VPN 已连接
[2026-03-18 23:21:27] ✅ VPN 已连接
[2026-03-18 23:22:27] ✅ VPN 已连接
[2026-03-18 23:23:27] ✅ VPN 已连接
[2026-03-18 23:24:27] ✅ VPN 已连接
[2026-03-18 23:25:27] ✅ VPN 已连接
[2026-03-18 23:26:27] ✅ VPN 已连接
[2026-03-18 23:27:27] ✅ VPN 已连接
[2026-03-18 23:28:27] ✅ VPN 已连接
[2026-03-18 23:29:27] ✅ VPN 已连接
[2026-03-18 23:30:27] ✅ VPN 已连接
[2026-03-18 23:31:27] ✅ VPN 已连接
[2026-03-18 23:32:27] ✅ VPN 已连接
[2026-03-18 23:33:28] ✅ VPN 已连接
[2026-03-18 23:34:28] ✅ VPN 已连接
[2026-03-18 23:35:28] ✅ VPN 已连接
[2026-03-18 23:36:28] ✅ VPN 已连接
[2026-03-18 23:37:28] ✅ VPN 已连接
[2026-03-18 23:38:28] ✅ VPN 已连接
[2026-03-18 23:39:28] ✅ VPN 已连接
[2026-03-18 23:40:28] ✅ VPN 已连接
[2026-03-18 23:41:28] ✅ VPN 已连接
[2026-03-18 23:42:28] ✅ VPN 已连接
[2026-03-18 23:43:28] ✅ VPN 已连接
[2026-03-18 23:44:28] ✅ VPN 已连接
[2026-03-18 23:45:28] ✅ VPN 已连接
[2026-03-18 23:46:28] ✅ VPN 已连接
[2026-03-18 23:47:28] ✅ VPN 已连接
[2026-03-18 23:48:29] ✅ VPN 已连接
[2026-03-18 23:49:29] ✅ VPN 已连接
[2026-03-18 23:50:29] ✅ VPN 已连接
[2026-03-18 23:51:29] ✅ VPN 已连接
[2026-03-18 23:52:29] ✅ VPN 已连接
[2026-03-18 23:53:29] ✅ VPN 已连接
[2026-03-18 23:54:29] ✅ VPN 已连接
[2026-03-18 23:55:29] ✅ VPN 已连接
[2026-03-18 23:56:29] ✅ VPN 已连接
[2026-03-18 23:57:29] ✅ VPN 已连接
[2026-03-18 23:58:29] ✅ VPN 已连接
[2026-03-18 23:59:29] ✅ VPN 已连接
[2026-03-19 00:00:29] ✅ VPN 已连接
[2026-03-19 00:01:29] ✅ VPN 已连接
[2026-03-19 00:02:29] ✅ VPN 已连接
[2026-03-19 00:03:30] ✅ VPN 已连接
[2026-03-19 00:04:30] ✅ VPN 已连接
[2026-03-19 00:05:30] ✅ VPN 已连接
[2026-03-19 00:06:30] ✅ VPN 已连接
[2026-03-19 00:07:30] ✅ VPN 已连接
[2026-03-19 00:08:30] ✅ VPN 已连接
[2026-03-19 00:09:30] ✅ VPN 已连接
[2026-03-19 00:10:30] ✅ VPN 已连接
[2026-03-19 00:11:30] ✅ VPN 已连接
[2026-03-19 00:12:30] ✅ VPN 已连接
[2026-03-19 00:13:30] ✅ VPN 已连接
[2026-03-19 00:14:30] ✅ VPN 已连接
[2026-03-19 00:15:30] ✅ VPN 已连接
[2026-03-19 00:16:30] ✅ VPN 已连接
[2026-03-19 00:17:30] ✅ VPN 已连接
[2026-03-19 00:18:31] ✅ VPN 已连接
[2026-03-19 00:19:31] ✅ VPN 已连接
[2026-03-19 00:20:31] ✅ VPN 已连接
[2026-03-19 00:21:31] ✅ VPN 已连接
[2026-03-19 00:22:31] ✅ VPN 已连接
[2026-03-19 00:23:31] ✅ VPN 已连接
[2026-03-19 00:24:31] ✅ VPN 已连接
[2026-03-19 00:25:31] ✅ VPN 已连接
[2026-03-19 00:26:31] ✅ VPN 已连接
[2026-03-19 00:27:31] ✅ VPN 已连接
[2026-03-19 00:28:31] ✅ VPN 已连接
[2026-03-19 00:29:31] ✅ VPN 已连接
[2026-03-19 00:30:31] ✅ VPN 已连接
[2026-03-19 00:31:31] ✅ VPN 已连接
[2026-03-19 00:32:31] ✅ VPN 已连接
[2026-03-19 00:33:31] ✅ VPN 已连接
[2026-03-19 00:34:32] ✅ VPN 已连接
[2026-03-19 00:35:32] ✅ VPN 已连接
[2026-03-19 00:36:32] ✅ VPN 已连接
[2026-03-19 00:37:32] ✅ VPN 已连接
[2026-03-19 00:38:32] ✅ VPN 已连接
[2026-03-19 00:39:32] ✅ VPN 已连接
[2026-03-19 00:40:32] ✅ VPN 已连接
[2026-03-19 00:41:32] ✅ VPN 已连接
[2026-03-19 00:42:32] ✅ VPN 已连接
[2026-03-19 00:43:32] ✅ VPN 已连接
[2026-03-19 00:44:32] ✅ VPN 已连接
[2026-03-19 00:45:32] ✅ VPN 已连接
[2026-03-19 00:46:32] ✅ VPN 已连接
[2026-03-19 00:47:32] ✅ VPN 已连接
[2026-03-19 00:48:33] ✅ VPN 已连接
[2026-03-19 00:49:33] ✅ VPN 已连接
[2026-03-19 00:50:33] ✅ VPN 已连接
[2026-03-19 00:51:33] ✅ VPN 已连接
[2026-03-19 00:52:33] ✅ VPN 已连接
[2026-03-19 00:53:33] ✅ VPN 已连接
[2026-03-19 00:54:33] ✅ VPN 已连接
[2026-03-19 00:55:33] ✅ VPN 已连接
[2026-03-19 00:56:33] ✅ VPN 已连接
[2026-03-19 00:57:33] ✅ VPN 已连接
[2026-03-19 00:58:33] ✅ VPN 已连接
[2026-03-19 00:59:34] ✅ VPN 已连接
[2026-03-19 01:00:34] ✅ VPN 已连接
[2026-03-19 01:01:34] ✅ VPN 已连接
[2026-03-19 01:02:34] ✅ VPN 已连接
[2026-03-19 01:03:34] ✅ VPN 已连接
[2026-03-19 01:04:34] ✅ VPN 已连接
[2026-03-19 01:05:34] ✅ VPN 已连接
[2026-03-19 01:06:34] ✅ VPN 已连接
[2026-03-19 01:07:34] ✅ VPN 已连接
[2026-03-19 01:08:34] ✅ VPN 已连接
[2026-03-19 01:09:34] ✅ VPN 已连接
[2026-03-19 01:10:34] ✅ VPN 已连接
[2026-03-19 01:11:34] ✅ VPN 已连接
[2026-03-19 01:12:34] ✅ VPN 已连接
[2026-03-19 01:13:35] ✅ VPN 已连接
[2026-03-19 01:14:35] ✅ VPN 已连接
[2026-03-19 01:15:35] ✅ VPN 已连接
[2026-03-19 01:16:35] ✅ VPN 已连接
[2026-03-19 01:17:35] ✅ VPN 已连接
[2026-03-19 01:18:35] ✅ VPN 已连接
[2026-03-19 01:19:35] ✅ VPN 已连接
[2026-03-19 01:20:35] ✅ VPN 已连接
[2026-03-19 01:21:35] ✅ VPN 已连接
[2026-03-19 01:22:35] ✅ VPN 已连接
[2026-03-19 01:23:35] ✅ VPN 已连接
[2026-03-19 01:24:35] ✅ VPN 已连接
[2026-03-19 01:25:35] ✅ VPN 已连接
[2026-03-19 01:26:35] ✅ VPN 已连接
[2026-03-19 01:27:35] ✅ VPN 已连接
[2026-03-19 01:28:35] ✅ VPN 已连接
[2026-03-19 01:29:36] ✅ VPN 已连接
[2026-03-19 01:30:36] ✅ VPN 已连接
[2026-03-19 01:31:36] ✅ VPN 已连接
[2026-03-19 01:32:36] ✅ VPN 已连接
[2026-03-19 01:33:36] ✅ VPN 已连接
[2026-03-19 01:34:36] ✅ VPN 已连接
[2026-03-19 01:35:36] ✅ VPN 已连接
[2026-03-19 01:36:36] ✅ VPN 已连接
[2026-03-19 01:37:36] ✅ VPN 已连接
[2026-03-19 01:38:36] ✅ VPN 已连接
[2026-03-19 01:39:36] ✅ VPN 已连接
[2026-03-19 01:40:36] ✅ VPN 已连接
[2026-03-19 01:41:36] ✅ VPN 已连接
[2026-03-19 01:42:36] ✅ VPN 已连接
[2026-03-19 01:43:36] ✅ VPN 已连接
[2026-03-19 01:44:36] ✅ VPN 已连接
[2026-03-19 01:45:37] ✅ VPN 已连接
[2026-03-19 01:46:37] ✅ VPN 已连接
[2026-03-19 01:47:37] ✅ VPN 已连接
[2026-03-19 01:48:37] ✅ VPN 已连接
[2026-03-19 01:49:37] ✅ VPN 已连接
[2026-03-19 01:50:37] ✅ VPN 已连接
[2026-03-19 01:51:37] ✅ VPN 已连接
[2026-03-19 01:52:37] ✅ VPN 已连接
[2026-03-19 01:53:37] ✅ VPN 已连接
[2026-03-19 01:54:37] ✅ VPN 已连接
[2026-03-19 01:55:37] ✅ VPN 已连接
[2026-03-19 01:56:37] ✅ VPN 已连接
[2026-03-19 01:57:37] ✅ VPN 已连接
[2026-03-19 01:58:37] ✅ VPN 已连接
[2026-03-19 01:59:37] ✅ VPN 已连接
[2026-03-19 02:00:38] ✅ VPN 已连接
[2026-03-19 02:01:38] ✅ VPN 已连接
[2026-03-19 02:02:38] ✅ VPN 已连接
[2026-03-19 02:03:38] ✅ VPN 已连接
[2026-03-19 02:04:38] ✅ VPN 已连接
[2026-03-19 02:05:38] ✅ VPN 已连接
[2026-03-19 02:06:38] ✅ VPN 已连接
[2026-03-19 02:07:38] ✅ VPN 已连接
[2026-03-19 02:08:38] ✅ VPN 已连接
[2026-03-19 02:09:38] ✅ VPN 已连接
[2026-03-19 02:10:38] ✅ VPN 已连接
[2026-03-19 02:11:38] ✅ VPN 已连接
[2026-03-19 02:12:38] ✅ VPN 已连接
[2026-03-19 02:13:38] ✅ VPN 已连接
[2026-03-19 02:14:38] ✅ VPN 已连接
[2026-03-19 02:15:38] ✅ VPN 已连接
[2026-03-19 02:16:39] ✅ VPN 已连接
[2026-03-19 02:17:39] ✅ VPN 已连接
[2026-03-19 02:18:39] ✅ VPN 已连接
[2026-03-19 02:19:39] ✅ VPN 已连接
[2026-03-19 02:20:39] ✅ VPN 已连接
[2026-03-19 02:21:39] ✅ VPN 已连接
[2026-03-19 02:22:39] ✅ VPN 已连接
[2026-03-19 02:23:39] ✅ VPN 已连接
[2026-03-19 02:24:39] ✅ VPN 已连接
[2026-03-19 02:25:39] ✅ VPN 已连接
[2026-03-19 02:26:39] ✅ VPN 已连接
[2026-03-19 02:27:39] ✅ VPN 已连接
[2026-03-19 02:28:39] ✅ VPN 已连接
[2026-03-19 02:29:39] ✅ VPN 已连接
[2026-03-19 02:30:39] ✅ VPN 已连接
[2026-03-19 02:31:39] ✅ VPN 已连接
[2026-03-19 02:32:40] ✅ VPN 已连接
[2026-03-19 02:33:40] ✅ VPN 已连接
[2026-03-19 02:34:40] ✅ VPN 已连接
[2026-03-19 02:35:40] ✅ VPN 已连接
[2026-03-19 02:36:40] ✅ VPN 已连接
[2026-03-19 02:37:40] ✅ VPN 已连接
[2026-03-19 02:38:40] ✅ VPN 已连接
[2026-03-19 02:39:40] ✅ VPN 已连接
[2026-03-19 02:40:40] ✅ VPN 已连接
[2026-03-19 02:41:40] ✅ VPN 已连接
[2026-03-19 02:42:40] ✅ VPN 已连接
[2026-03-19 02:43:40] ✅ VPN 已连接
[2026-03-19 02:44:40] ✅ VPN 已连接
[2026-03-19 02:45:40] ✅ VPN 已连接
[2026-03-19 02:46:40] ✅ VPN 已连接
[2026-03-19 02:47:41] ✅ VPN 已连接
[2026-03-19 02:48:41] ✅ VPN 已连接
[2026-03-19 02:49:41] ✅ VPN 已连接
[2026-03-19 02:50:41] ✅ VPN 已连接
[2026-03-19 02:51:41] ✅ VPN 已连接
[2026-03-19 02:52:41] ✅ VPN 已连接
[2026-03-19 02:53:41] ✅ VPN 已连接
[2026-03-19 02:54:41] ✅ VPN 已连接
[2026-03-19 02:55:41] ✅ VPN 已连接
[2026-03-19 02:56:41] ✅ VPN 已连接
[2026-03-19 02:57:41] ✅ VPN 已连接
[2026-03-19 02:58:41] ✅ VPN 已连接
[2026-03-19 02:59:41] ✅ VPN 已连接
[2026-03-19 03:00:41] ✅ VPN 已连接
[2026-03-19 03:01:41] ✅ VPN 已连接
[2026-03-19 03:02:41] ✅ VPN 已连接
[2026-03-19 03:03:42] ✅ VPN 已连接
[2026-03-19 03:04:42] ✅ VPN 已连接
[2026-03-19 03:05:42] ✅ VPN 已连接
[2026-03-19 03:06:42] ✅ VPN 已连接
[2026-03-19 03:07:42] ✅ VPN 已连接
[2026-03-19 03:08:42] ✅ VPN 已连接
[2026-03-19 03:09:42] ✅ VPN 已连接
[2026-03-19 03:10:42] ✅ VPN 已连接
[2026-03-19 03:11:42] ✅ VPN 已连接
[2026-03-19 03:12:42] ✅ VPN 已连接
[2026-03-19 03:13:42] ✅ VPN 已连接
[2026-03-19 03:14:42] ✅ VPN 已连接
[2026-03-19 03:15:42] ✅ VPN 已连接
[2026-03-19 03:16:42] ✅ VPN 已连接
[2026-03-19 03:17:42] ✅ VPN 已连接
[2026-03-19 03:18:43] ✅ VPN 已连接
[2026-03-19 03:19:43] ✅ VPN 已连接
[2026-03-19 03:20:43] ✅ VPN 已连接
[2026-03-19 03:21:43] ✅ VPN 已连接
[2026-03-19 03:22:43] ✅ VPN 已连接
[2026-03-19 03:23:43] ✅ VPN 已连接
[2026-03-19 03:24:43] ✅ VPN 已连接
[2026-03-19 03:25:43] ✅ VPN 已连接
[2026-03-19 03:26:43] ✅ VPN 已连接
[2026-03-19 03:27:43] ✅ VPN 已连接
[2026-03-19 03:28:43] ✅ VPN 已连接
[2026-03-19 03:29:43] ✅ VPN 已连接
[2026-03-19 03:30:43] ✅ VPN 已连接
[2026-03-19 03:31:43] ✅ VPN 已连接
[2026-03-19 03:32:43] ✅ VPN 已连接
[2026-03-19 03:33:43] ✅ VPN 已连接
[2026-03-19 03:34:44] ✅ VPN 已连接
[2026-03-19 03:35:44] ✅ VPN 已连接
[2026-03-19 03:36:44] ✅ VPN 已连接
[2026-03-19 03:37:44] ✅ VPN 已连接
[2026-03-19 03:38:44] ✅ VPN 已连接
[2026-03-19 03:39:44] ✅ VPN 已连接
[2026-03-19 03:40:44] ✅ VPN 已连接
[2026-03-19 03:41:44] ✅ VPN 已连接
[2026-03-19 03:42:44] ✅ VPN 已连接
[2026-03-19 03:43:44] ✅ VPN 已连接
[2026-03-19 03:44:44] ✅ VPN 已连接
[2026-03-19 03:45:44] ✅ VPN 已连接
[2026-03-19 03:46:44] ✅ VPN 已连接
[2026-03-19 03:47:44] ✅ VPN 已连接
[2026-03-19 03:48:44] ✅ VPN 已连接
[2026-03-19 03:49:44] ✅ VPN 已连接
[2026-03-19 03:50:45] ✅ VPN 已连接
[2026-03-19 03:51:45] ✅ VPN 已连接
[2026-03-19 03:52:45] ✅ VPN 已连接
[2026-03-19 03:53:45] ✅ VPN 已连接
[2026-03-19 03:54:45] ✅ VPN 已连接
[2026-03-19 03:55:45] ✅ VPN 已连接
[2026-03-19 03:56:45] ✅ VPN 已连接
[2026-03-19 03:57:45] ✅ VPN 已连接
[2026-03-19 03:58:45] ✅ VPN 已连接
[2026-03-19 03:59:45] ✅ VPN 已连接
[2026-03-19 04:00:45] ✅ VPN 已连接
[2026-03-19 04:01:45] ✅ VPN 已连接
[2026-03-19 04:02:45] ✅ VPN 已连接
[2026-03-19 04:03:45] ✅ VPN 已连接
[2026-03-19 04:04:45] ✅ VPN 已连接
[2026-03-19 04:05:45] ✅ VPN 已连接
[2026-03-19 04:06:45] ✅ VPN 已连接
[2026-03-19 04:07:46] ✅ VPN 已连接
[2026-03-19 04:08:46] ✅ VPN 已连接
[2026-03-19 04:09:46] ✅ VPN 已连接
[2026-03-19 04:10:46] ✅ VPN 已连接
[2026-03-19 04:11:46] ✅ VPN 已连接
[2026-03-19 04:12:46] ✅ VPN 已连接
[2026-03-19 04:13:46] ✅ VPN 已连接
[2026-03-19 04:14:46] ✅ VPN 已连接
[2026-03-19 04:15:46] ✅ VPN 已连接
[2026-03-19 04:16:46] ✅ VPN 已连接
[2026-03-19 04:17:46] ✅ VPN 已连接
[2026-03-19 04:18:46] ✅ VPN 已连接
[2026-03-19 04:19:46] ✅ VPN 已连接
[2026-03-19 04:20:46] ✅ VPN 已连接
[2026-03-19 04:21:46] ✅ VPN 已连接
[2026-03-19 04:22:46] ✅ VPN 已连接
[2026-03-19 04:23:47] ✅ VPN 已连接
[2026-03-19 04:24:47] ✅ VPN 已连接
[2026-03-19 04:25:47] ✅ VPN 已连接
[2026-03-19 04:26:47] ✅ VPN 已连接
[2026-03-19 04:27:47] ✅ VPN 已连接
[2026-03-19 04:28:47] ✅ VPN 已连接
[2026-03-19 04:29:47] ✅ VPN 已连接
[2026-03-19 04:30:47] ✅ VPN 已连接
[2026-03-19 04:31:47] ✅ VPN 已连接
[2026-03-19 04:32:47] ✅ VPN 已连接
[2026-03-19 04:33:47] ✅ VPN 已连接
[2026-03-19 04:34:47] ✅ VPN 已连接
[2026-03-19 04:35:47] ✅ VPN 已连接
[2026-03-19 04:36:47] ✅ VPN 已连接
[2026-03-19 04:37:47] ✅ VPN 已连接
[2026-03-19 04:38:47] ✅ VPN 已连接
[2026-03-19 04:39:47] ❌ VPN 未连接，触发重连...
[2026-03-19 04:39:47] ========== VPN 重连开始 ==========
[2026-03-19 04:39:47] 尝试 1/3...
[2026-03-19 04:39:47] 启动 FortiClient GUI...
[2026-03-19 04:39:51] ❌ FortiClient GUI 启动失败
[2026-03-19 04:39:51] 重试 1 失败：无法启动 FortiClient
[2026-03-19 04:40:01] 尝试 2/3...
[2026-03-19 04:40:01] 启动 FortiClient GUI...
[2026-03-19 04:40:04] ❌ FortiClient GUI 启动失败
[2026-03-19 04:40:04] 重试 2 失败：无法启动 FortiClient
[2026-03-19 04:40:14] 尝试 3/3...
[2026-03-19 04:40:14] 启动 FortiClient GUI...
[2026-03-19 04:40:14] FortiClient 已在运行，先关闭...
[2026-03-19 04:40:19] ❌ FortiClient GUI 启动失败
[2026-03-19 04:40:19] 重试 3 失败：无法启动 FortiClient
[2026-03-19 04:40:29] ❌ VPN 重连失败（已尝试 3 次）
[2026-03-19 04:40:29] ========== VPN 重连失败 ==========
[2026-03-19 04:41:29] ❌ VPN 未连接，触发重连...
[2026-03-19 04:41:29] ========== VPN 重连开始 ==========
[2026-03-19 04:41:29] 尝试 1/3...
[2026-03-19 04:41:29] 启动 FortiClient GUI...
[2026-03-19 04:41:32] ❌ FortiClient GUI 启动失败
[2026-03-19 04:41:32] 重试 1 失败：无法启动 FortiClient
[2026-03-19 04:41:42] 尝试 2/3...
[2026-03-19 04:41:42] 启动 FortiClient GUI...
[2026-03-19 04:41:45] ❌ FortiClient GUI 启动失败
[2026-03-19 04:41:45] 重试 2 失败：无法启动 FortiClient
[2026-03-19 04:41:55] 尝试 3/3...
[2026-03-19 04:41:55] 启动 FortiClient GUI...
[2026-03-19 04:41:58] ❌ FortiClient GUI 启动失败
[2026-03-19 04:41:58] 重试 3 失败：无法启动 FortiClient
[2026-03-19 04:42:08] ❌ VPN 重连失败（已尝试 3 次）
[2026-03-19 04:42:08] ========== VPN 重连失败 ==========
[2026-03-19 04:43:08] ✅ VPN 已连接
[2026-03-19 04:44:08] ✅ VPN 已连接
[2026-03-19 04:45:08] ✅ VPN 已连接
[2026-03-19 04:46:08] ✅ VPN 已连接
[2026-03-19 04:47:08] ✅ VPN 已连接
[2026-03-19 04:48:08] ✅ VPN 已连接
[2026-03-19 04:49:08] ✅ VPN 已连接
[2026-03-19 04:50:08] ✅ VPN 已连接
[2026-03-19 04:51:08] ✅ VPN 已连接
[2026-03-19 04:52:08] ✅ VPN 已连接
[2026-03-19 04:53:09] ✅ VPN 已连接
[2026-03-19 04:54:09] ✅ VPN 已连接
[2026-03-19 04:55:09] ✅ VPN 已连接
[2026-03-19 04:56:09] ✅ VPN 已连接
[2026-03-19 04:57:09] ✅ VPN 已连接
[2026-03-19 04:58:09] ✅ VPN 已连接
[2026-03-19 04:59:09] ✅ VPN 已连接
[2026-03-19 05:00:09] ✅ VPN 已连接
[2026-03-19 05:01:09] ✅ VPN 已连接
[2026-03-19 05:02:09] ✅ VPN 已连接
[2026-03-19 05:03:09] ✅ VPN 已连接
[2026-03-19 05:04:09] ✅ VPN 已连接
[2026-03-19 05:05:09] ✅ VPN 已连接
[2026-03-19 05:06:09] ✅ VPN 已连接
[2026-03-19 05:07:10] ✅ VPN 已连接
[2026-03-19 05:08:10] ✅ VPN 已连接
[2026-03-19 05:09:10] ✅ VPN 已连接
[2026-03-19 05:10:10] ✅ VPN 已连接
[2026-03-19 05:11:10] ✅ VPN 已连接
[2026-03-19 05:12:10] ✅ VPN 已连接
[2026-03-19 05:13:10] ✅ VPN 已连接
[2026-03-19 05:14:10] ✅ VPN 已连接
[2026-03-19 05:15:10] ✅ VPN 已连接
[2026-03-19 05:16:10] ✅ VPN 已连接
[2026-03-19 05:17:10] ✅ VPN 已连接
[2026-03-19 05:18:10] ✅ VPN 已连接
[2026-03-19 05:19:10] ✅ VPN 已连接
[2026-03-19 05:20:10] ✅ VPN 已连接
[2026-03-19 05:21:11] ✅ VPN 已连接
[2026-03-19 05:22:11] ✅ VPN 已连接
[2026-03-19 05:23:11] ✅ VPN 已连接
[2026-03-19 05:24:11] ✅ VPN 已连接
[2026-03-19 05:25:11] ✅ VPN 已连接
[2026-03-19 05:26:11] ✅ VPN 已连接
[2026-03-19 05:27:11] ✅ VPN 已连接
[2026-03-19 05:28:11] ✅ VPN 已连接
[2026-03-19 05:29:11] ✅ VPN 已连接
[2026-03-19 05:30:11] ✅ VPN 已连接
[2026-03-19 05:31:11] ✅ VPN 已连接
[2026-03-19 05:32:11] ✅ VPN 已连接
[2026-03-19 05:33:11] ✅ VPN 已连接
[2026-03-19 05:34:12] ✅ VPN 已连接
[2026-03-19 05:35:12] ✅ VPN 已连接
[2026-03-19 05:36:12] ✅ VPN 已连接
[2026-03-19 05:37:12] ✅ VPN 已连接
[2026-03-19 05:38:12] ✅ VPN 已连接
[2026-03-19 05:39:12] ✅ VPN 已连接
[2026-03-19 05:40:12] ✅ VPN 已连接
[2026-03-19 05:41:12] ✅ VPN 已连接
[2026-03-19 05:42:12] ✅ VPN 已连接
[2026-03-19 05:43:12] ✅ VPN 已连接
[2026-03-19 05:44:12] ✅ VPN 已连接
[2026-03-19 05:45:12] ✅ VPN 已连接
[2026-03-19 05:46:12] ✅ VPN 已连接
[2026-03-19 05:47:12] ✅ VPN 已连接
[2026-03-19 05:48:12] ✅ VPN 已连接
[2026-03-19 05:49:12] ✅ VPN 已连接
[2026-03-19 05:50:13] ✅ VPN 已连接
[2026-03-19 05:51:13] ✅ VPN 已连接
[2026-03-19 05:52:13] ✅ VPN 已连接
[2026-03-19 05:53:13] ✅ VPN 已连接
[2026-03-19 05:54:13] ✅ VPN 已连接
[2026-03-19 05:55:13] ✅ VPN 已连接
[2026-03-19 05:56:13] ✅ VPN 已连接
[2026-03-19 05:57:13] ✅ VPN 已连接
[2026-03-19 05:58:13] ✅ VPN 已连接
[2026-03-19 05:59:13] ✅ VPN 已连接
[2026-03-19 06:00:13] ✅ VPN 已连接
[2026-03-19 06:01:13] ✅ VPN 已连接
[2026-03-19 06:02:13] ✅ VPN 已连接
[2026-03-19 06:03:13] ✅ VPN 已连接
[2026-03-19 06:04:13] ✅ VPN 已连接
[2026-03-19 06:05:13] ✅ VPN 已连接
[2026-03-19 06:06:13] ✅ VPN 已连接
[2026-03-19 06:07:14] ✅ VPN 已连接
[2026-03-19 06:08:14] ✅ VPN 已连接
[2026-03-19 06:09:14] ✅ VPN 已连接
[2026-03-19 06:10:14] ✅ VPN 已连接
[2026-03-19 06:11:14] ✅ VPN 已连接
[2026-03-19 06:12:14] ✅ VPN 已连接
[2026-03-19 06:13:14] ✅ VPN 已连接
[2026-03-19 06:14:14] ✅ VPN 已连接
[2026-03-19 06:15:14] ✅ VPN 已连接
[2026-03-19 06:16:14] ✅ VPN 已连接
[2026-03-19 06:17:14] ✅ VPN 已连接
[2026-03-19 06:18:14] ✅ VPN 已连接
[2026-03-19 06:19:14] ✅ VPN 已连接
[2026-03-19 06:20:14] ✅ VPN 已连接
[2026-03-19 06:21:14] ✅ VPN 已连接
[2026-03-19 06:22:14] ✅ VPN 已连接
[2026-03-19 06:23:15] ✅ VPN 已连接
[2026-03-19 06:24:15] ✅ VPN 已连接
[2026-03-19 06:25:15] ✅ VPN 已连接
[2026-03-19 06:26:15] ✅ VPN 已连接
[2026-03-19 06:27:15] ✅ VPN 已连接
[2026-03-19 06:28:15] ✅ VPN 已连接
[2026-03-19 06:29:15] ✅ VPN 已连接
[2026-03-19 06:30:15] ✅ VPN 已连接
[2026-03-19 06:31:15] ✅ VPN 已连接
[2026-03-19 06:32:15] ✅ VPN 已连接
[2026-03-19 06:33:15] ✅ VPN 已连接
[2026-03-19 06:34:15] ✅ VPN 已连接
[2026-03-19 06:35:15] ✅ VPN 已连接
[2026-03-19 06:36:15] ✅ VPN 已连接
[2026-03-19 06:37:15] ✅ VPN 已连接
[2026-03-19 06:38:15] ✅ VPN 已连接
[2026-03-19 06:39:16] ✅ VPN 已连接
[2026-03-19 06:40:16] ✅ VPN 已连接
[2026-03-19 06:41:16] ✅ VPN 已连接
[2026-03-19 06:42:16] ✅ VPN 已连接
[2026-03-19 06:43:16] ✅ VPN 已连接
[2026-03-19 06:44:16] ✅ VPN 已连接
[2026-03-19 06:45:16] ✅ VPN 已连接
[2026-03-19 06:46:16] ✅ VPN 已连接
[2026-03-19 06:47:16] ✅ VPN 已连接
[2026-03-19 06:48:16] ✅ VPN 已连接
[2026-03-19 06:49:16] ✅ VPN 已连接
[2026-03-19 06:50:16] ✅ VPN 已连接
[2026-03-19 06:51:16] ✅ VPN 已连接
[2026-03-19 06:52:16] ✅ VPN 已连接
[2026-03-19 06:53:16] ✅ VPN 已连接
[2026-03-19 06:54:16] ✅ VPN 已连接
[2026-03-19 06:55:17] ✅ VPN 已连接
[2026-03-19 06:56:17] ✅ VPN 已连接
[2026-03-19 06:57:17] ✅ VPN 已连接
[2026-03-19 06:58:17] ✅ VPN 已连接
[2026-03-19 06:59:17] ✅ VPN 已连接
[2026-03-19 07:00:17] ✅ VPN 已连接
[2026-03-19 07:01:17] ✅ VPN 已连接
[2026-03-19 07:02:17] ✅ VPN 已连接
[2026-03-19 07:03:17] ✅ VPN 已连接
[2026-03-19 07:04:17] ✅ VPN 已连接
[2026-03-19 07:05:17] ✅ VPN 已连接
[2026-03-19 07:06:17] ✅ VPN 已连接
[2026-03-19 07:07:17] ✅ VPN 已连接
[2026-03-19 07:08:17] ✅ VPN 已连接
[2026-03-19 07:09:17] ✅ VPN 已连接
[2026-03-19 07:10:17] ✅ VPN 已连接
[2026-03-19 07:11:18] ✅ VPN 已连接
[2026-03-19 07:12:18] ✅ VPN 已连接
[2026-03-19 07:13:18] ✅ VPN 已连接
[2026-03-19 07:14:18] ✅ VPN 已连接
[2026-03-19 07:15:18] ✅ VPN 已连接
[2026-03-19 07:16:18] ✅ VPN 已连接
[2026-03-19 07:17:18] ✅ VPN 已连接
[2026-03-19 07:18:18] ✅ VPN 已连接
[2026-03-19 07:19:18] ✅ VPN 已连接
[2026-03-19 07:20:18] ✅ VPN 已连接
[2026-03-19 07:21:18] ✅ VPN 已连接
[2026-03-19 07:22:18] ✅ VPN 已连接
[2026-03-19 07:23:18] ✅ VPN 已连接
[2026-03-19 07:24:18] ✅ VPN 已连接
[2026-03-19 07:25:18] ✅ VPN 已连接
[2026-03-19 07:26:18] ✅ VPN 已连接
[2026-03-19 07:27:19] ✅ VPN 已连接
[2026-03-19 07:28:19] ✅ VPN 已连接
[2026-03-19 07:29:19] ✅ VPN 已连接
[2026-03-19 07:30:19] ✅ VPN 已连接
[2026-03-19 07:31:19] ✅ VPN 已连接
[2026-03-19 07:32:19] ✅ VPN 已连接
[2026-03-19 07:33:19] ✅ VPN 已连接
[2026-03-19 07:34:19] ✅ VPN 已连接
[2026-03-19 07:35:19] ✅ VPN 已连接
[2026-03-19 07:36:19] ✅ VPN 已连接
[2026-03-19 07:37:19] ✅ VPN 已连接
[2026-03-19 07:38:19] ✅ VPN 已连接
[2026-03-19 07:39:19] ✅ VPN 已连接
[2026-03-19 07:40:19] ✅ VPN 已连接
[2026-03-19 07:41:19] ✅ VPN 已连接
[2026-03-19 07:42:19] ✅ VPN 已连接
[2026-03-19 07:43:19] ✅ VPN 已连接
[2026-03-19 07:44:20] ✅ VPN 已连接
[2026-03-19 07:45:20] ✅ VPN 已连接
[2026-03-19 07:46:20] ✅ VPN 已连接
[2026-03-19 07:47:20] ✅ VPN 已连接
[2026-03-19 07:48:20] ✅ VPN 已连接
[2026-03-19 07:49:20] ✅ VPN 已连接
[2026-03-19 07:50:20] ✅ VPN 已连接
[2026-03-19 07:51:20] ✅ VPN 已连接
[2026-03-19 07:52:20] ✅ VPN 已连接
[2026-03-19 07:53:20] ✅ VPN 已连接
[2026-03-19 07:54:20] ✅ VPN 已连接
[2026-03-19 07:55:20] ✅ VPN 已连接
[2026-03-19 07:56:20] ✅ VPN 已连接
[2026-03-19 07:57:20] ✅ VPN 已连接
[2026-03-19 07:58:20] ✅ VPN 已连接
[2026-03-19 07:59:21] ✅ VPN 已连接
[2026-03-19 08:00:21] ✅ VPN 已连接
[2026-03-19 08:01:21] ✅ VPN 已连接
[2026-03-19 08:02:21] ✅ VPN 已连接
[2026-03-19 08:03:21] ✅ VPN 已连接
[2026-03-19 08:04:21] ✅ VPN 已连接
[2026-03-19 08:05:21] ✅ VPN 已连接
[2026-03-19 08:06:21] ✅ VPN 已连接
[2026-03-19 08:07:21] ✅ VPN 已连接
[2026-03-19 08:08:21] ✅ VPN 已连接
[2026-03-19 08:09:21] ✅ VPN 已连接
[2026-03-19 08:10:21] ✅ VPN 已连接
[2026-03-19 08:11:21] ✅ VPN 已连接
[2026-03-19 08:12:21] ✅ VPN 已连接
[2026-03-19 08:13:21] ✅ VPN 已连接
[2026-03-19 08:14:21] ✅ VPN 已连接
[2026-03-19 08:15:22] ✅ VPN 已连接
[2026-03-19 08:16:22] ✅ VPN 已连接
[2026-03-19 08:17:22] ✅ VPN 已连接
[2026-03-19 08:18:22] ✅ VPN 已连接
[2026-03-19 08:19:22] ✅ VPN 已连接
[2026-03-19 08:20:22] ✅ VPN 已连接
[2026-03-19 08:21:22] ✅ VPN 已连接
[2026-03-19 08:22:22] ✅ VPN 已连接
[2026-03-19 08:23:22] ✅ VPN 已连接
[2026-03-19 08:24:22] ✅ VPN 已连接
[2026-03-19 08:25:22] ✅ VPN 已连接
[2026-03-19 08:26:22] ✅ VPN 已连接
[2026-03-19 08:27:22] ✅ VPN 已连接
[2026-03-19 08:28:22] ✅ VPN 已连接
[2026-03-19 08:29:22] ✅ VPN 已连接
[2026-03-19 08:30:22] ✅ VPN 已连接
[2026-03-19 08:31:23] ✅ VPN 已连接
[2026-03-19 08:32:23] ✅ VPN 已连接
[2026-03-19 08:33:23] ✅ VPN 已连接
[2026-03-19 08:34:23] ✅ VPN 已连接
[2026-03-19 08:35:23] ✅ VPN 已连接
[2026-03-19 08:36:23] ✅ VPN 已连接
[2026-03-19 08:37:23] ✅ VPN 已连接
[2026-03-19 08:38:23] ✅ VPN 已连接
[2026-03-19 08:39:23] ✅ VPN 已连接
[2026-03-19 08:40:23] ✅ VPN 已连接
[2026-03-19 08:41:23] ✅ VPN 已连接
[2026-03-19 08:42:23] ✅ VPN 已连接
[2026-03-19 08:43:23] ✅ VPN 已连接
[2026-03-19 08:44:23] ✅ VPN 已连接
[2026-03-19 08:45:23] ✅ VPN 已连接
[2026-03-19 08:46:23] ✅ VPN 已连接
[2026-03-19 08:47:24] ✅ VPN 已连接
[2026-03-19 08:48:24] ✅ VPN 已连接
[2026-03-19 08:49:24] ✅ VPN 已连接
[2026-03-19 08:50:24] ✅ VPN 已连接
[2026-03-19 08:51:24] ✅ VPN 已连接
[2026-03-19 08:52:24] ✅ VPN 已连接
[2026-03-19 08:53:24] ✅ VPN 已连接
[2026-03-19 08:54:24] ✅ VPN 已连接
[2026-03-19 08:55:24] ✅ VPN 已连接
[2026-03-19 08:56:24] ✅ VPN 已连接
[2026-03-19 08:57:24] ✅ VPN 已连接
[2026-03-19 08:58:24] ✅ VPN 已连接
[2026-03-19 08:59:24] ✅ VPN 已连接
[2026-03-19 09:00:24] ✅ VPN 已连接
[2026-03-19 09:01:24] ✅ VPN 已连接
[2026-03-19 09:02:24] ✅ VPN 已连接
[2026-03-19 09:03:25] ✅ VPN 已连接
[2026-03-19 09:04:25] ✅ VPN 已连接
[2026-03-19 09:05:25] ✅ VPN 已连接
[2026-03-19 09:06:25] ✅ VPN 已连接
[2026-03-19 09:07:25] ✅ VPN 已连接
[2026-03-19 09:08:25] ✅ VPN 已连接
[2026-03-19 09:09:26] ✅ VPN 已连接
[2026-03-19 09:10:26] ✅ VPN 已连接
[2026-03-19 09:11:26] ✅ VPN 已连接
[2026-03-19 09:12:26] ✅ VPN 已连接
[2026-03-19 09:13:26] ✅ VPN 已连接
[2026-03-19 09:14:26] ✅ VPN 已连接
[2026-03-19 09:15:26] ✅ VPN 已连接
[2026-03-19 09:16:26] ✅ VPN 已连接
[2026-03-19 09:17:26] ✅ VPN 已连接
[2026-03-19 09:18:26] ✅ VPN 已连接
[2026-03-19 09:19:27] ✅ VPN 已连接
[2026-03-19 09:20:58] ❌ VPN 未连接，触发重连...
[2026-03-19 09:21:24] ========== VPN 重连开始 ==========
[2026-03-19 09:22:12] 尝试 1/3...
[2026-03-19 09:22:13] 启动 FortiClient GUI...
[2026-03-19 09:22:21] ❌ FortiClient GUI 启动失败
[2026-03-19 09:22:25] 重试 1 失败：无法启动 FortiClient
[2026-03-19 09:22:40] 尝试 2/3...
[2026-03-19 09:22:41] 启动 FortiClient GUI...
[2026-03-19 09:22:56] ❌ FortiClient GUI 启动失败
[2026-03-19 09:22:57] 重试 2 失败：无法启动 FortiClient
[2026-03-19 09:23:09] 尝试 3/3...
[2026-03-19 09:23:12] 启动 FortiClient GUI...
[2026-03-19 09:23:34] ❌ FortiClient GUI 启动失败
[2026-03-19 09:23:35] 重试 3 失败：无法启动 FortiClient
[2026-03-19 09:23:48] ❌ VPN 重连失败（已尝试 3 次）
[2026-03-19 09:23:51] ========== VPN 重连失败 ==========
[2026-03-19 09:50:13] ❌ VPN 未连接，触发重连...
[2026-03-19 09:50:13] ========== VPN 重连开始 ==========
[2026-03-19 09:50:13] 尝试 1/3...
[2026-03-19 09:50:13] 启动 FortiClient GUI...
[2026-03-19 09:50:13] FortiClient 已在运行，先关闭...
[2026-03-19 09:50:18] ❌ FortiClient GUI 启动失败
[2026-03-19 09:50:18] 重试 1 失败：无法启动 FortiClient
[2026-03-19 09:50:28] 尝试 2/3...
[2026-03-19 09:50:28] 启动 FortiClient GUI...
[2026-03-19 09:50:31] ✅ FortiClient GUI 已启动
[2026-03-19 09:50:31] 触发 VPN 连接（Playwright 自动化）...
[2026-03-19 09:51:02] 重试 2 失败：自动登录失败
[2026-03-19 09:51:12] 尝试 3/3...
[2026-03-19 09:51:12] 启动 FortiClient GUI...
[2026-03-19 09:51:15] ❌ FortiClient GUI 启动失败
[2026-03-19 09:51:15] 重试 3 失败：无法启动 FortiClient
[2026-03-19 09:51:25] ❌ VPN 重连失败（已尝试 3 次）
[2026-03-19 09:51:25] ========== VPN 重连失败 ==========
[2026-03-19 09:52:25] ✅ VPN 已连接
[2026-03-19 09:53:25] ✅ VPN 已连接
[2026-03-19 09:54:26] ✅ VPN 已连接
[2026-03-19 09:55:26] ✅ VPN 已连接
[2026-03-19 09:56:26] ✅ VPN 已连接
[2026-03-19 09:57:26] ✅ VPN 已连接
[2026-03-19 09:58:26] ✅ VPN 已连接
[2026-03-19 09:59:26] ✅ VPN 已连接
[2026-03-19 10:00:26] ✅ VPN 已连接
[2026-03-19 10:01:26] ✅ VPN 已连接
[2026-03-19 10:02:27] ✅ VPN 已连接
[2026-03-19 10:03:27] ✅ VPN 已连接
[2026-03-19 10:04:27] ✅ VPN 已连接
[2026-03-19 10:05:27] ✅ VPN 已连接
[2026-03-19 10:06:27] ✅ VPN 已连接
[2026-03-19 10:07:27] ✅ VPN 已连接
[2026-03-19 10:08:27] ✅ VPN 已连接
[2026-03-19 10:09:28] ✅ VPN 已连接
[2026-03-19 10:10:28] ✅ VPN 已连接
[2026-03-19 10:11:28] ✅ VPN 已连接
[2026-03-19 10:12:28] ✅ VPN 已连接
[2026-03-19 10:13:28] ✅ VPN 已连接
[2026-03-19 10:14:28] ✅ VPN 已连接
[2026-03-19 10:15:28] ✅ VPN 已连接
[2026-03-19 10:16:29] ✅ VPN 已连接
[2026-03-19 10:17:29] ✅ VPN 已连接
[2026-03-19 10:18:29] ✅ VPN 已连接
[2026-03-19 10:19:29] ✅ VPN 已连接
[2026-03-19 10:20:29] ✅ VPN 已连接
[2026-03-19 10:21:29] ✅ VPN 已连接
[2026-03-19 10:22:30] ✅ VPN 已连接
[2026-03-19 10:32:20] ❌ VPN 未连接，触发重连...
[2026-03-19 10:32:20] ========== VPN 重连开始 ==========
[2026-03-19 10:32:20] 尝试 1/3...
[2026-03-19 10:32:20] 启动 FortiClient GUI...
[2026-03-19 10:32:24] ❌ FortiClient GUI 启动失败
[2026-03-19 10:32:24] 重试 1 失败：无法启动 FortiClient
[2026-03-19 10:32:36] 尝试 2/3...
[2026-03-19 10:32:38] 启动 FortiClient GUI...
[2026-03-19 10:33:06] ❌ FortiClient GUI 启动失败
[2026-03-19 10:33:11] 重试 2 失败：无法启动 FortiClient
[2026-03-19 10:33:32] 尝试 3/3...
[2026-03-19 10:33:45] 启动 FortiClient GUI...
[2026-03-19 10:34:53] ❌ FortiClient GUI 启动失败
[2026-03-19 10:34:55] 重试 3 失败：无法启动 FortiClient
/home/tsl/openclaw/vpn-auto/vpn-reconnect.sh: line 62: 856981 Killed                  nohup /opt/forticlient/fortitray > /dev/null 2>&1
/home/tsl/openclaw/vpn-auto/vpn-reconnect.sh: line 62: 857045 Killed                  nohup /opt/forticlient/fortitray > /dev/null 2>&1
[2026-03-19 10:35:08] ❌ VPN 重连失败（已尝试 3 次）
[2026-03-19 10:35:09] ========== VPN 重连失败 ==========
[2026-03-19 10:35:59] VPN Watchdog 启动
[2026-03-19 10:35:59] ❌ VPN 未连接，触发重连...
[2026-03-19 10:35:59] ========== VPN 重连开始 ==========
[2026-03-19 10:35:59] 尝试 1/3...
[2026-03-19 10:35:59] 启动 FortiClient GUI...
[2026-03-19 10:35:59] FortiClient 已在运行，先关闭...
[2026-03-19 10:36:04] ❌ FortiClient GUI 启动失败
[2026-03-19 10:36:04] 重试 1 失败：无法启动 FortiClient
[2026-03-19 10:36:14] 尝试 2/3...
[2026-03-19 10:36:14] 启动 FortiClient GUI...
[2026-03-19 10:36:17] ❌ FortiClient GUI 启动失败
[2026-03-19 10:36:17] 重试 2 失败：无法启动 FortiClient
[2026-03-19 10:36:27] 尝试 3/3...
[2026-03-19 10:36:27] 启动 FortiClient GUI...
[2026-03-19 10:36:30] ❌ FortiClient GUI 启动失败
[2026-03-19 10:36:30] 重试 3 失败：无法启动 FortiClient
[2026-03-19 10:36:40] ❌ VPN 重连失败（已尝试 3 次）
[2026-03-19 10:36:40] ========== VPN 重连失败 ==========
[2026-03-19 10:37:40] ❌ VPN 未连接，触发重连...
[2026-03-19 10:37:40] ========== VPN 重连开始 ==========
[2026-03-19 10:37:40] 尝试 1/3...
[2026-03-19 10:37:40] 启动 FortiClient GUI...
[2026-03-19 10:37:43] ❌ FortiClient GUI 启动失败
[2026-03-19 10:37:43] 重试 1 失败：无法启动 FortiClient
[2026-03-19 10:37:53] 尝试 2/3...
[2026-03-19 10:37:53] 启动 FortiClient GUI...
[2026-03-19 10:37:56] ❌ FortiClient GUI 启动失败
[2026-03-19 10:37:56] 重试 2 失败：无法启动 FortiClient
[2026-03-19 10:38:06] 尝试 3/3...
[2026-03-19 10:38:06] 启动 FortiClient GUI...
[2026-03-19 10:38:09] ❌ FortiClient GUI 启动失败
[2026-03-19 10:38:09] 重试 3 失败：无法启动 FortiClient
[2026-03-19 10:38:19] ❌ VPN 重连失败（已尝试 3 次）
[2026-03-19 10:38:19] ========== VPN 重连失败 ==========
[2026-03-19 10:39:19] ❌ VPN 未连接，触发重连...
[2026-03-19 10:39:19] ========== VPN 重连开始 ==========
[2026-03-19 10:39:19] 尝试 1/3...
[2026-03-19 10:39:19] 启动 FortiClient GUI...
[2026-03-19 10:39:22] ❌ FortiClient GUI 启动失败
[2026-03-19 10:39:22] 重试 1 失败：无法启动 FortiClient
[2026-03-19 10:39:32] 尝试 2/3...
[2026-03-19 10:39:32] 启动 FortiClient GUI...
[2026-03-19 10:39:35] ❌ FortiClient GUI 启动失败
[2026-03-19 10:39:35] 重试 2 失败：无法启动 FortiClient
[2026-03-19 10:39:45] 尝试 3/3...
[2026-03-19 10:39:45] 启动 FortiClient GUI...
[2026-03-19 10:39:48] ❌ FortiClient GUI 启动失败
[2026-03-19 10:39:48] 重试 3 失败：无法启动 FortiClient
[2026-03-19 10:39:58] ❌ VPN 重连失败（已尝试 3 次）
[2026-03-19 10:39:58] ========== VPN 重连失败 ==========
[2026-03-19 10:40:58] ❌ VPN 未连接，触发重连...
[2026-03-19 10:40:58] ========== VPN 重连开始 ==========
[2026-03-19 10:40:58] 尝试 1/3...
[2026-03-19 10:40:58] 启动 FortiClient GUI...
[2026-03-19 10:41:01] ❌ FortiClient GUI 启动失败
[2026-03-19 10:41:01] 重试 1 失败：无法启动 FortiClient
[2026-03-19 10:41:12] 尝试 2/3...
[2026-03-19 10:41:12] 启动 FortiClient GUI...
[2026-03-19 10:41:15] ❌ FortiClient GUI 启动失败
[2026-03-19 10:41:15] 重试 2 失败：无法启动 FortiClient
[2026-03-19 10:41:25] 尝试 3/3...
[2026-03-19 10:41:25] 启动 FortiClient GUI...
[2026-03-19 10:41:28] ❌ FortiClient GUI 启动失败
[2026-03-19 10:41:28] 重试 3 失败：无法启动 FortiClient
[2026-03-19 10:41:38] ❌ VPN 重连失败（已尝试 3 次）
[2026-03-19 10:41:38] ========== VPN 重连失败 ==========
[2026-03-19 10:42:38] ✅ VPN 已连接
[2026-03-19 10:43:38] ✅ VPN 已连接
[2026-03-19 10:44:38] ✅ VPN 已连接
[2026-03-19 10:45:38] ✅ VPN 已连接
[2026-03-19 10:46:38] ✅ VPN 已连接
[2026-03-19 10:47:38] ✅ VPN 已连接
[2026-03-19 10:48:38] ✅ VPN 已连接
[2026-03-19 10:49:38] ✅ VPN 已连接
[2026-03-19 10:50:38] ✅ VPN 已连接
[2026-03-19 10:51:38] ✅ VPN 已连接
[2026-03-19 10:52:38] ✅ VPN 已连接
[2026-03-19 10:53:38] ✅ VPN 已连接
[2026-03-19 10:54:38] ✅ VPN 已连接
[2026-03-19 10:55:38] ✅ VPN 已连接
[2026-03-19 10:56:38] ✅ VPN 已连接
[2026-03-19 10:57:39] ✅ VPN 已连接
[2026-03-19 10:58:39] ✅ VPN 已连接
[2026-03-19 10:59:39] ✅ VPN 已连接
[2026-03-19 11:00:39] ✅ VPN 已连接
[2026-03-19 11:01:39] ✅ VPN 已连接
[2026-03-19 11:02:39] ✅ VPN 已连接
[2026-03-19 11:03:39] ✅ VPN 已连接
[2026-03-19 11:04:39] ✅ VPN 已连接
[2026-03-19 11:05:39] ✅ VPN 已连接
[2026-03-19 11:06:39] ✅ VPN 已连接
[2026-03-19 11:07:39] ✅ VPN 已连接
[2026-03-19 11:08:39] ✅ VPN 已连接
[2026-03-19 11:09:39] ✅ VPN 已连接
[2026-03-19 11:10:39] ✅ VPN 已连接
[2026-03-19 11:11:40] ✅ VPN 已连接
[2026-03-19 11:12:40] ✅ VPN 已连接
[2026-03-19 11:13:40] ✅ VPN 已连接
[2026-03-19 11:14:40] ✅ VPN 已连接
[2026-03-19 11:15:40] ✅ VPN 已连接
[2026-03-19 11:16:40] ✅ VPN 已连接
[2026-03-19 11:17:40] ✅ VPN 已连接
[2026-03-19 11:18:40] ✅ VPN 已连接
[2026-03-19 11:19:40] ✅ VPN 已连接
[2026-03-19 11:20:40] ✅ VPN 已连接
[2026-03-19 11:21:40] ✅ VPN 已连接
[2026-03-19 11:22:40] ✅ VPN 已连接
[2026-03-19 11:23:40] ✅ VPN 已连接
[2026-03-19 11:24:40] ✅ VPN 已连接
[2026-03-19 11:25:40] ✅ VPN 已连接
[2026-03-19 11:26:40] ✅ VPN 已连接
[2026-03-19 11:27:40] ✅ VPN 已连接
[2026-03-19 11:28:40] ✅ VPN 已连接
[2026-03-19 11:29:40] ✅ VPN 已连接
[2026-03-19 11:30:40] ✅ VPN 已连接
[2026-03-19 11:31:40] ✅ VPN 已连接
[2026-03-19 11:32:41] ✅ VPN 已连接
[2026-03-19 11:33:41] ✅ VPN 已连接
[2026-03-19 11:34:41] ✅ VPN 已连接
[2026-03-19 11:35:41] ✅ VPN 已连接
[2026-03-19 11:36:41] ✅ VPN 已连接
[2026-03-19 11:37:41] ✅ VPN 已连接
[2026-03-19 11:38:41] ✅ VPN 已连接
[2026-03-19 11:39:41] ✅ VPN 已连接
[2026-03-19 11:40:41] ✅ VPN 已连接
[2026-03-19 11:41:41] ✅ VPN 已连接
[2026-03-19 11:42:41] ✅ VPN 已连接
[2026-03-19 11:43:41] ✅ VPN 已连接
[2026-03-19 11:44:41] ✅ VPN 已连接
[2026-03-19 11:45:41] ✅ VPN 已连接
[2026-03-19 11:46:41] ✅ VPN 已连接
[2026-03-19 11:47:41] ✅ VPN 已连接
[2026-03-19 11:48:41] ✅ VPN 已连接
[2026-03-19 11:49:41] ✅ VPN 已连接
[2026-03-19 11:50:42] ✅ VPN 已连接
[2026-03-19 11:51:42] ✅ VPN 已连接
[2026-03-19 11:52:42] ✅ VPN 已连接
[2026-03-19 11:53:42] ❌ VPN 未连接，触发重连...
[2026-03-19 11:53:42] ========== VPN 重连开始 ==========
[2026-03-19 11:53:42] 尝试 1/3...
[2026-03-19 11:53:42] 启动 FortiClient GUI...
[2026-03-19 11:53:45] ❌ FortiClient GUI 启动失败
[2026-03-19 11:53:45] 重试 1 失败：无法启动 FortiClient
[2026-03-19 11:53:55] 尝试 2/3...
[2026-03-19 11:53:55] 启动 FortiClient GUI...
[2026-03-19 11:53:58] ❌ FortiClient GUI 启动失败
[2026-03-19 11:53:58] 重试 2 失败：无法启动 FortiClient
[2026-03-19 11:54:08] 尝试 3/3...
[2026-03-19 11:54:08] 启动 FortiClient GUI...
[2026-03-19 11:54:08] FortiClient 已在运行，先关闭...
[2026-03-19 11:54:13] ❌ FortiClient GUI 启动失败
[2026-03-19 11:54:13] 重试 3 失败：无法启动 FortiClient
[2026-03-19 11:54:23] ❌ VPN 重连失败（已尝试 3 次）
[2026-03-19 11:54:23] ========== VPN 重连失败 ==========
[2026-03-19 11:55:23] ❌ VPN 未连接，触发重连...
[2026-03-19 11:55:23] ========== VPN 重连开始 ==========
[2026-03-19 11:55:23] 尝试 1/3...
[2026-03-19 11:55:23] 启动 FortiClient GUI...
[2026-03-19 11:55:26] ❌ FortiClient GUI 启动失败
[2026-03-19 11:55:26] 重试 1 失败：无法启动 FortiClient
[2026-03-19 11:55:36] 尝试 2/3...
[2026-03-19 11:55:36] 启动 FortiClient GUI...
[2026-03-19 11:55:39] ❌ FortiClient GUI 启动失败
[2026-03-19 11:55:39] 重试 2 失败：无法启动 FortiClient
[2026-03-19 11:55:49] 尝试 3/3...
[2026-03-19 11:55:49] 启动 FortiClient GUI...
[2026-03-19 11:55:52] ❌ FortiClient GUI 启动失败
[2026-03-19 11:55:52] 重试 3 失败：无法启动 FortiClient
[2026-03-19 11:56:02] ❌ VPN 重连失败（已尝试 3 次）
[2026-03-19 11:56:02] ========== VPN 重连失败 ==========
[2026-03-19 11:57:02] ❌ VPN 未连接，触发重连...
[2026-03-19 11:57:02] ========== VPN 重连开始 ==========
[2026-03-19 11:57:02] 尝试 1/3...
[2026-03-19 11:57:02] 启动 FortiClient GUI...
[2026-03-19 11:57:02] FortiClient 已在运行，先关闭...
[2026-03-19 11:57:07] ❌ FortiClient GUI 启动失败
[2026-03-19 11:57:07] 重试 1 失败：无法启动 FortiClient
[2026-03-19 11:57:17] 尝试 2/3...
[2026-03-19 11:57:17] 启动 FortiClient GUI...
[2026-03-19 11:57:20] ❌ FortiClient GUI 启动失败
[2026-03-19 11:57:20] 重试 2 失败：无法启动 FortiClient
[2026-03-19 11:57:30] 尝试 3/3...
[2026-03-19 11:57:30] 启动 FortiClient GUI...
[2026-03-19 11:57:33] ❌ FortiClient GUI 启动失败
[2026-03-19 11:57:33] 重试 3 失败：无法启动 FortiClient
[2026-03-19 11:57:43] ❌ VPN 重连失败（已尝试 3 次）
[2026-03-19 11:57:43] ========== VPN 重连失败 ==========
[2026-03-19 11:58:43] ❌ VPN 未连接，触发重连...
[2026-03-19 11:58:43] ========== VPN 重连开始 ==========
[2026-03-19 11:58:43] 尝试 1/3...
[2026-03-19 11:58:43] 启动 FortiClient GUI...
[2026-03-19 11:58:43] FortiClient 已在运行，先关闭...
[2026-03-19 11:58:48] ❌ FortiClient GUI 启动失败
[2026-03-19 11:58:48] 重试 1 失败：无法启动 FortiClient
[2026-03-19 11:58:58] 尝试 2/3...
[2026-03-19 11:58:58] 启动 FortiClient GUI...
[2026-03-19 11:59:02] ❌ FortiClient GUI 启动失败
[2026-03-19 11:59:02] 重试 2 失败：无法启动 FortiClient
[2026-03-19 11:59:12] 尝试 3/3...
[2026-03-19 11:59:12] 启动 FortiClient GUI...
[2026-03-19 11:59:15] ❌ FortiClient GUI 启动失败
[2026-03-19 11:59:15] 重试 3 失败：无法启动 FortiClient
[2026-03-19 11:59:25] ❌ VPN 重连失败（已尝试 3 次）
[2026-03-19 11:59:25] ========== VPN 重连失败 ==========
[2026-03-19 12:00:25] ❌ VPN 未连接，触发重连...
[2026-03-19 12:00:25] ========== VPN 重连开始 ==========
[2026-03-19 12:00:25] 尝试 1/3...
[2026-03-19 12:00:25] 启动 FortiClient GUI...
[2026-03-19 12:00:25] FortiClient 已在运行，先关闭...
[2026-03-19 12:00:30] ❌ FortiClient GUI 启动失败
[2026-03-19 12:00:30] 重试 1 失败：无法启动 FortiClient
[2026-03-19 12:00:40] 尝试 2/3...
[2026-03-19 12:00:40] 启动 FortiClient GUI...
[2026-03-19 12:00:43] ❌ FortiClient GUI 启动失败
[2026-03-19 12:00:43] 重试 2 失败：无法启动 FortiClient
[2026-03-19 12:00:53] 尝试 3/3...
[2026-03-19 12:00:53] 启动 FortiClient GUI...
[2026-03-19 12:00:56] ❌ FortiClient GUI 启动失败
[2026-03-19 12:00:56] 重试 3 失败：无法启动 FortiClient
[2026-03-19 12:01:06] ❌ VPN 重连失败（已尝试 3 次）
[2026-03-19 12:01:06] ========== VPN 重连失败 ==========
[2026-03-19 12:02:06] ❌ VPN 未连接，触发重连...
[2026-03-19 12:02:06] ========== VPN 重连开始 ==========
[2026-03-19 12:02:06] 尝试 1/3...
[2026-03-19 12:02:06] 启动 FortiClient GUI...
[2026-03-19 12:02:06] FortiClient 已在运行，先关闭...
[2026-03-19 12:02:11] ❌ FortiClient GUI 启动失败
[2026-03-19 12:02:11] 重试 1 失败：无法启动 FortiClient
[2026-03-19 12:02:21] 尝试 2/3...
[2026-03-19 12:02:21] 启动 FortiClient GUI...
[2026-03-19 12:02:24] ❌ FortiClient GUI 启动失败
[2026-03-19 12:02:24] 重试 2 失败：无法启动 FortiClient
[2026-03-19 12:02:34] 尝试 3/3...
[2026-03-19 12:02:34] 启动 FortiClient GUI...
[2026-03-19 12:02:37] ✅ FortiClient GUI 已启动
[2026-03-19 12:02:37] 触发 VPN 连接（Playwright 自动化）...
[2026-03-19 12:03:23] 重试 3 失败：自动登录失败
[2026-03-19 12:03:33] ❌ VPN 重连失败（已尝试 3 次）
[2026-03-19 12:03:33] ========== VPN 重连失败 ==========
[2026-03-19 12:04:33] ❌ VPN 未连接，触发重连...
[2026-03-19 12:04:33] ========== VPN 重连开始 ==========
[2026-03-19 12:04:33] 尝试 1/3...
[2026-03-19 12:04:33] 启动 FortiClient GUI...
[2026-03-19 12:04:33] FortiClient 已在运行，先关闭...
[2026-03-19 12:04:38] ❌ FortiClient GUI 启动失败
[2026-03-19 12:04:38] 重试 1 失败：无法启动 FortiClient
[2026-03-19 12:04:48] 尝试 2/3...
[2026-03-19 12:04:48] 启动 FortiClient GUI...
[2026-03-19 12:04:51] ❌ FortiClient GUI 启动失败
[2026-03-19 12:04:51] 重试 2 失败：无法启动 FortiClient
[2026-03-19 12:05:01] 尝试 3/3...
[2026-03-19 12:05:01] 启动 FortiClient GUI...
[2026-03-19 12:05:04] ❌ FortiClient GUI 启动失败
[2026-03-19 12:05:04] 重试 3 失败：无法启动 FortiClient
[2026-03-19 12:05:14] ❌ VPN 重连失败（已尝试 3 次）
[2026-03-19 12:05:14] ========== VPN 重连失败 ==========
[2026-03-19 12:06:14] ❌ VPN 未连接，触发重连...
[2026-03-19 12:06:14] ========== VPN 重连开始 ==========
[2026-03-19 12:06:14] 尝试 1/3...
[2026-03-19 12:06:14] 启动 FortiClient GUI...
[2026-03-19 12:06:14] FortiClient 已在运行，先关闭...
[2026-03-19 12:06:19] ❌ FortiClient GUI 启动失败
[2026-03-19 12:06:19] 重试 1 失败：无法启动 FortiClient
[2026-03-19 12:06:29] 尝试 2/3...
[2026-03-19 12:06:29] 启动 FortiClient GUI...
[2026-03-19 12:06:32] ❌ FortiClient GUI 启动失败
[2026-03-19 12:06:32] 重试 2 失败：无法启动 FortiClient
[2026-03-19 12:06:42] 尝试 3/3...
[2026-03-19 12:06:42] 启动 FortiClient GUI...
[2026-03-19 12:06:45] ❌ FortiClient GUI 启动失败
[2026-03-19 12:06:45] 重试 3 失败：无法启动 FortiClient
[2026-03-19 12:06:55] ❌ VPN 重连失败（已尝试 3 次）
[2026-03-19 12:06:55] ========== VPN 重连失败 ==========
[2026-03-19 12:07:55] ❌ VPN 未连接，触发重连...
[2026-03-19 12:07:55] ========== VPN 重连开始 ==========
[2026-03-19 12:07:55] 尝试 1/3...
[2026-03-19 12:07:55] 启动 FortiClient GUI...
[2026-03-19 12:07:55] FortiClient 已在运行，先关闭...
[2026-03-19 12:08:00] ❌ FortiClient GUI 启动失败
[2026-03-19 12:08:00] 重试 1 失败：无法启动 FortiClient
[2026-03-19 12:08:10] 尝试 2/3...
[2026-03-19 12:08:10] 启动 FortiClient GUI...
[2026-03-19 12:08:14] ❌ FortiClient GUI 启动失败
[2026-03-19 12:08:14] 重试 2 失败：无法启动 FortiClient
[2026-03-19 12:08:24] 尝试 3/3...
[2026-03-19 12:08:24] 启动 FortiClient GUI...
[2026-03-19 12:08:27] ❌ FortiClient GUI 启动失败
[2026-03-19 12:08:27] 重试 3 失败：无法启动 FortiClient
[2026-03-19 12:08:37] ❌ VPN 重连失败（已尝试 3 次）
[2026-03-19 12:08:37] ========== VPN 重连失败 ==========
[2026-03-19 12:09:37] ❌ VPN 未连接，触发重连...
[2026-03-19 12:09:37] ========== VPN 重连开始 ==========
[2026-03-19 12:09:37] 尝试 1/3...
[2026-03-19 12:09:37] 启动 FortiClient GUI...
[2026-03-19 12:09:37] FortiClient 已在运行，先关闭...
[2026-03-19 12:09:42] ❌ FortiClient GUI 启动失败
[2026-03-19 12:09:42] 重试 1 失败：无法启动 FortiClient
[2026-03-19 12:09:52] 尝试 2/3...
[2026-03-19 12:09:52] 启动 FortiClient GUI...
[2026-03-19 12:09:55] ❌ FortiClient GUI 启动失败
[2026-03-19 12:09:55] 重试 2 失败：无法启动 FortiClient
[2026-03-19 12:10:05] 尝试 3/3...
[2026-03-19 12:10:05] 启动 FortiClient GUI...
[2026-03-19 12:10:08] ❌ FortiClient GUI 启动失败
[2026-03-19 12:10:08] 重试 3 失败：无法启动 FortiClient
[2026-03-19 12:10:18] ❌ VPN 重连失败（已尝试 3 次）
[2026-03-19 12:10:18] ========== VPN 重连失败 ==========
[2026-03-19 12:11:18] ❌ VPN 未连接，触发重连...
[2026-03-19 12:11:18] ========== VPN 重连开始 ==========
[2026-03-19 12:11:18] 尝试 1/3...
[2026-03-19 12:11:18] 启动 FortiClient GUI...
[2026-03-19 12:11:18] FortiClient 已在运行，先关闭...
[2026-03-19 12:11:23] ❌ FortiClient GUI 启动失败
[2026-03-19 12:11:23] 重试 1 失败：无法启动 FortiClient
[2026-03-19 12:11:33] 尝试 2/3...
[2026-03-19 12:11:33] 启动 FortiClient GUI...
[2026-03-19 12:11:36] ❌ FortiClient GUI 启动失败
[2026-03-19 12:11:36] 重试 2 失败：无法启动 FortiClient
[2026-03-19 12:11:46] 尝试 3/3...
[2026-03-19 12:11:46] 启动 FortiClient GUI...
[2026-03-19 12:11:49] ✅ FortiClient GUI 已启动
[2026-03-19 12:11:49] 触发 VPN 连接（Playwright 自动化）...
[2026-03-19 12:12:35] 重试 3 失败：自动登录失败
[2026-03-19 12:12:45] ❌ VPN 重连失败（已尝试 3 次）
[2026-03-19 12:12:45] ========== VPN 重连失败 ==========
[2026-03-19 12:13:45] ❌ VPN 未连接，触发重连...
[2026-03-19 12:13:45] ========== VPN 重连开始 ==========
[2026-03-19 12:13:45] 尝试 1/3...
[2026-03-19 12:13:45] 启动 FortiClient GUI...
[2026-03-19 12:13:45] FortiClient 已在运行，先关闭...
[2026-03-19 12:13:50] ❌ FortiClient GUI 启动失败
[2026-03-19 12:13:50] 重试 1 失败：无法启动 FortiClient
[2026-03-19 12:14:00] 尝试 2/3...
[2026-03-19 12:14:00] 启动 FortiClient GUI...
[2026-03-19 12:14:03] ❌ FortiClient GUI 启动失败
[2026-03-19 12:14:03] 重试 2 失败：无法启动 FortiClient
[2026-03-19 12:14:13] 尝试 3/3...
[2026-03-19 12:14:13] 启动 FortiClient GUI...
[2026-03-19 12:14:16] ❌ FortiClient GUI 启动失败
[2026-03-19 12:14:16] 重试 3 失败：无法启动 FortiClient
[2026-03-19 12:14:26] ❌ VPN 重连失败（已尝试 3 次）
[2026-03-19 12:14:26] ========== VPN 重连失败 ==========
[2026-03-19 12:15:26] ❌ VPN 未连接，触发重连...
[2026-03-19 12:15:26] ========== VPN 重连开始 ==========
[2026-03-19 12:15:26] 尝试 1/3...
[2026-03-19 12:15:26] 启动 FortiClient GUI...
[2026-03-19 12:15:26] FortiClient 已在运行，先关闭...
[2026-03-19 12:15:31] ❌ FortiClient GUI 启动失败
[2026-03-19 12:15:31] 重试 1 失败：无法启动 FortiClient
[2026-03-19 12:15:41] 尝试 2/3...
[2026-03-19 12:15:41] 启动 FortiClient GUI...
[2026-03-19 12:15:44] ❌ FortiClient GUI 启动失败
[2026-03-19 12:15:44] 重试 2 失败：无法启动 FortiClient
[2026-03-19 12:15:54] 尝试 3/3...
[2026-03-19 12:15:54] 启动 FortiClient GUI...
[2026-03-19 12:15:57] ❌ FortiClient GUI 启动失败
[2026-03-19 12:15:57] 重试 3 失败：无法启动 FortiClient
[2026-03-19 12:16:07] ❌ VPN 重连失败（已尝试 3 次）
[2026-03-19 12:16:07] ========== VPN 重连失败 ==========
[2026-03-19 12:17:07] ❌ VPN 未连接，触发重连...
[2026-03-19 12:17:07] ========== VPN 重连开始 ==========
[2026-03-19 12:17:07] 尝试 1/3...
[2026-03-19 12:17:07] 启动 FortiClient GUI...
[2026-03-19 12:17:07] FortiClient 已在运行，先关闭...
[2026-03-19 12:17:12] ❌ FortiClient GUI 启动失败
[2026-03-19 12:17:12] 重试 1 失败：无法启动 FortiClient
[2026-03-19 12:17:22] 尝试 2/3...
[2026-03-19 12:17:22] 启动 FortiClient GUI...
[2026-03-19 12:17:25] ❌ FortiClient GUI 启动失败
[2026-03-19 12:17:25] 重试 2 失败：无法启动 FortiClient
[2026-03-19 12:17:35] 尝试 3/3...
[2026-03-19 12:17:35] 启动 FortiClient GUI...
[2026-03-19 12:17:38] ❌ FortiClient GUI 启动失败
[2026-03-19 12:17:38] 重试 3 失败：无法启动 FortiClient
[2026-03-19 12:17:48] ❌ VPN 重连失败（已尝试 3 次）
[2026-03-19 12:17:48] ========== VPN 重连失败 ==========
[2026-03-19 12:18:48] ❌ VPN 未连接，触发重连...
[2026-03-19 12:18:48] ========== VPN 重连开始 ==========
[2026-03-19 12:18:48] 尝试 1/3...
[2026-03-19 12:18:48] 启动 FortiClient GUI...
[2026-03-19 12:18:48] FortiClient 已在运行，先关闭...
[2026-03-19 12:18:53] ❌ FortiClient GUI 启动失败
[2026-03-19 12:18:53] 重试 1 失败：无法启动 FortiClient
[2026-03-19 12:19:03] 尝试 2/3...
[2026-03-19 12:19:03] 启动 FortiClient GUI...
[2026-03-19 12:19:06] ❌ FortiClient GUI 启动失败
[2026-03-19 12:19:07] 重试 2 失败：无法启动 FortiClient
[2026-03-19 12:19:17] 尝试 3/3...
[2026-03-19 12:19:17] 启动 FortiClient GUI...
[2026-03-19 12:19:20] ❌ FortiClient GUI 启动失败
[2026-03-19 12:19:20] 重试 3 失败：无法启动 FortiClient
[2026-03-19 12:19:30] ❌ VPN 重连失败（已尝试 3 次）
[2026-03-19 12:19:30] ========== VPN 重连失败 ==========
[2026-03-19 12:20:30] ❌ VPN 未连接，触发重连...
[2026-03-19 12:20:30] ========== VPN 重连开始 ==========
[2026-03-19 12:20:30] 尝试 1/3...
[2026-03-19 12:20:30] 启动 FortiClient GUI...
[2026-03-19 12:20:30] FortiClient 已在运行，先关闭...
[2026-03-19 12:20:35] ❌ FortiClient GUI 启动失败
[2026-03-19 12:20:35] 重试 1 失败：无法启动 FortiClient
[2026-03-19 12:20:45] 尝试 2/3...
[2026-03-19 12:20:45] 启动 FortiClient GUI...
[2026-03-19 12:20:48] ❌ FortiClient GUI 启动失败
[2026-03-19 12:20:48] 重试 2 失败：无法启动 FortiClient
[2026-03-19 12:20:58] 尝试 3/3...
[2026-03-19 12:20:58] 启动 FortiClient GUI...
[2026-03-19 12:21:01] ❌ FortiClient GUI 启动失败
[2026-03-19 12:21:01] 重试 3 失败：无法启动 FortiClient
[2026-03-19 12:21:11] ❌ VPN 重连失败（已尝试 3 次）
[2026-03-19 12:21:11] ========== VPN 重连失败 ==========
[2026-03-19 12:22:11] ❌ VPN 未连接，触发重连...
[2026-03-19 12:22:11] ========== VPN 重连开始 ==========
[2026-03-19 12:22:11] 尝试 1/3...
[2026-03-19 12:22:11] 启动 FortiClient GUI...
[2026-03-19 12:22:11] FortiClient 已在运行，先关闭...
[2026-03-19 12:22:16] ❌ FortiClient GUI 启动失败
[2026-03-19 12:22:16] 重试 1 失败：无法启动 FortiClient
[2026-03-19 12:22:26] 尝试 2/3...
[2026-03-19 12:22:26] 启动 FortiClient GUI...
[2026-03-19 12:22:29] ❌ FortiClient GUI 启动失败
[2026-03-19 12:22:29] 重试 2 失败：无法启动 FortiClient
[2026-03-19 12:22:39] 尝试 3/3...
[2026-03-19 12:22:39] 启动 FortiClient GUI...
[2026-03-19 12:22:39] FortiClient 已在运行，先关闭...
[2026-03-19 12:22:44] ❌ FortiClient GUI 启动失败
[2026-03-19 12:22:44] 重试 3 失败：无法启动 FortiClient
[2026-03-19 12:22:54] ❌ VPN 重连失败（已尝试 3 次）
[2026-03-19 12:22:54] ========== VPN 重连失败 ==========
[2026-03-19 12:23:54] ❌ VPN 未连接，触发重连...
[2026-03-19 12:23:54] ========== VPN 重连开始 ==========
[2026-03-19 12:23:54] 尝试 1/3...
[2026-03-19 12:23:54] 启动 FortiClient GUI...
[2026-03-19 12:23:57] ❌ FortiClient GUI 启动失败
[2026-03-19 12:23:57] 重试 1 失败：无法启动 FortiClient
[2026-03-19 12:24:07] 尝试 2/3...
[2026-03-19 12:24:07] 启动 FortiClient GUI...
[2026-03-19 12:24:07] FortiClient 已在运行，先关闭...
[2026-03-19 12:24:12] ❌ FortiClient GUI 启动失败
[2026-03-19 12:24:12] 重试 2 失败：无法启动 FortiClient
[2026-03-19 12:24:22] 尝试 3/3...
[2026-03-19 12:24:22] 启动 FortiClient GUI...
[2026-03-19 12:24:25] ❌ FortiClient GUI 启动失败
[2026-03-19 12:24:25] 重试 3 失败：无法启动 FortiClient
[2026-03-19 12:24:35] ❌ VPN 重连失败（已尝试 3 次）
[2026-03-19 12:24:35] ========== VPN 重连失败 ==========
[2026-03-19 12:25:35] ❌ VPN 未连接，触发重连...
[2026-03-19 12:25:35] ========== VPN 重连开始 ==========
[2026-03-19 12:25:35] 尝试 1/3...
[2026-03-19 12:25:35] 启动 FortiClient GUI...
[2026-03-19 12:25:35] FortiClient 已在运行，先关闭...
[2026-03-19 12:25:40] ❌ FortiClient GUI 启动失败
[2026-03-19 12:25:40] 重试 1 失败：无法启动 FortiClient
[2026-03-19 12:25:50] 尝试 2/3...
[2026-03-19 12:25:50] 启动 FortiClient GUI...
[2026-03-19 12:25:54] ❌ FortiClient GUI 启动失败
[2026-03-19 12:25:54] 重试 2 失败：无法启动 FortiClient
[2026-03-19 12:26:04] 尝试 3/3...
[2026-03-19 12:26:04] 启动 FortiClient GUI...
[2026-03-19 12:26:07] ❌ FortiClient GUI 启动失败
[2026-03-19 12:26:07] 重试 3 失败：无法启动 FortiClient
[2026-03-19 12:26:17] ❌ VPN 重连失败（已尝试 3 次）
[2026-03-19 12:26:17] ========== VPN 重连失败 ==========
[2026-03-19 12:27:17] ❌ VPN 未连接，触发重连...
[2026-03-19 12:27:17] ========== VPN 重连开始 ==========
[2026-03-19 12:27:17] 尝试 1/3...
[2026-03-19 12:27:17] 启动 FortiClient GUI...
[2026-03-19 12:27:17] FortiClient 已在运行，先关闭...
[2026-03-19 12:27:22] ❌ FortiClient GUI 启动失败
[2026-03-19 12:27:22] 重试 1 失败：无法启动 FortiClient
[2026-03-19 12:27:32] 尝试 2/3...
[2026-03-19 12:27:32] 启动 FortiClient GUI...
[2026-03-19 12:27:35] ❌ FortiClient GUI 启动失败
[2026-03-19 12:27:35] 重试 2 失败：无法启动 FortiClient
[2026-03-19 12:27:45] 尝试 3/3...
[2026-03-19 12:27:45] 启动 FortiClient GUI...
[2026-03-19 12:27:48] ✅ FortiClient GUI 已启动
[2026-03-19 12:27:48] 触发 VPN 连接（Playwright 自动化）...
[2026-03-19 12:28:33] 重试 3 失败：自动登录失败
[2026-03-19 12:28:43] ❌ VPN 重连失败（已尝试 3 次）
[2026-03-19 12:28:43] ========== VPN 重连失败 ==========
[2026-03-19 12:29:43] ❌ VPN 未连接，触发重连...
[2026-03-19 12:29:43] ========== VPN 重连开始 ==========
[2026-03-19 12:29:43] 尝试 1/3...
[2026-03-19 12:29:43] 启动 FortiClient GUI...
[2026-03-19 12:29:43] FortiClient 已在运行，先关闭...
[2026-03-19 12:29:48] ❌ FortiClient GUI 启动失败
[2026-03-19 12:29:48] 重试 1 失败：无法启动 FortiClient
[2026-03-19 12:29:58] 尝试 2/3...
[2026-03-19 12:29:58] 启动 FortiClient GUI...
[2026-03-19 12:30:01] ❌ FortiClient GUI 启动失败
[2026-03-19 12:30:01] 重试 2 失败：无法启动 FortiClient
[2026-03-19 12:30:12] 尝试 3/3...
[2026-03-19 12:30:12] 启动 FortiClient GUI...
[2026-03-19 12:30:15] ❌ FortiClient GUI 启动失败
[2026-03-19 12:30:15] 重试 3 失败：无法启动 FortiClient
[2026-03-19 12:30:25] ❌ VPN 重连失败（已尝试 3 次）
[2026-03-19 12:30:25] ========== VPN 重连失败 ==========
[2026-03-19 12:31:25] ❌ VPN 未连接，触发重连...
[2026-03-19 12:31:25] ========== VPN 重连开始 ==========
[2026-03-19 12:31:25] 尝试 1/3...
[2026-03-19 12:31:25] 启动 FortiClient GUI...
[2026-03-19 12:31:25] FortiClient 已在运行，先关闭...
[2026-03-19 12:31:30] ❌ FortiClient GUI 启动失败
[2026-03-19 12:31:30] 重试 1 失败：无法启动 FortiClient
[2026-03-19 12:31:40] 尝试 2/3...
[2026-03-19 12:31:40] 启动 FortiClient GUI...
[2026-03-19 12:31:43] ❌ FortiClient GUI 启动失败
[2026-03-19 12:31:43] 重试 2 失败：无法启动 FortiClient
[2026-03-19 12:31:53] 尝试 3/3...
[2026-03-19 12:31:53] 启动 FortiClient GUI...
[2026-03-19 12:31:56] ❌ FortiClient GUI 启动失败
[2026-03-19 12:31:56] 重试 3 失败：无法启动 FortiClient
[2026-03-19 12:32:06] ❌ VPN 重连失败（已尝试 3 次）
[2026-03-19 12:32:06] ========== VPN 重连失败 ==========
[2026-03-19 12:33:06] ❌ VPN 未连接，触发重连...
[2026-03-19 12:33:06] ========== VPN 重连开始 ==========
[2026-03-19 12:33:06] 尝试 1/3...
[2026-03-19 12:33:06] 启动 FortiClient GUI...
[2026-03-19 12:33:06] FortiClient 已在运行，先关闭...
[2026-03-19 12:33:11] ❌ FortiClient GUI 启动失败
[2026-03-19 12:33:11] 重试 1 失败：无法启动 FortiClient
[2026-03-19 12:33:21] 尝试 2/3...
[2026-03-19 12:33:21] 启动 FortiClient GUI...
[2026-03-19 12:33:24] ❌ FortiClient GUI 启动失败
[2026-03-19 12:33:24] 重试 2 失败：无法启动 FortiClient
[2026-03-19 12:33:34] 尝试 3/3...
[2026-03-19 12:33:34] 启动 FortiClient GUI...
[2026-03-19 12:33:37] ❌ FortiClient GUI 启动失败
[2026-03-19 12:33:37] 重试 3 失败：无法启动 FortiClient
[2026-03-19 12:33:47] ❌ VPN 重连失败（已尝试 3 次）
[2026-03-19 12:33:47] ========== VPN 重连失败 ==========
[2026-03-19 12:34:47] ❌ VPN 未连接，触发重连...
[2026-03-19 12:34:47] ========== VPN 重连开始 ==========
[2026-03-19 12:34:47] 尝试 1/3...
[2026-03-19 12:34:47] 启动 FortiClient GUI...
[2026-03-19 12:34:47] FortiClient 已在运行，先关闭...
[2026-03-19 12:34:52] ❌ FortiClient GUI 启动失败
[2026-03-19 12:34:52] 重试 1 失败：无法启动 FortiClient
[2026-03-19 12:35:02] 尝试 2/3...
[2026-03-19 12:35:02] 启动 FortiClient GUI...
[2026-03-19 12:35:05] ❌ FortiClient GUI 启动失败
[2026-03-19 12:35:05] 重试 2 失败：无法启动 FortiClient
[2026-03-19 12:35:15] 尝试 3/3...
[2026-03-19 12:35:15] 启动 FortiClient GUI...
[2026-03-19 12:35:18] ❌ FortiClient GUI 启动失败
[2026-03-19 12:35:18] 重试 3 失败：无法启动 FortiClient
[2026-03-19 12:35:28] ❌ VPN 重连失败（已尝试 3 次）
[2026-03-19 12:35:28] ========== VPN 重连失败 ==========
[2026-03-19 12:36:28] ❌ VPN 未连接，触发重连...
[2026-03-19 12:36:28] ========== VPN 重连开始 ==========
[2026-03-19 12:36:28] 尝试 1/3...
[2026-03-19 12:36:28] 启动 FortiClient GUI...
[2026-03-19 12:36:28] FortiClient 已在运行，先关闭...
[2026-03-19 12:36:33] ❌ FortiClient GUI 启动失败
[2026-03-19 12:36:33] 重试 1 失败：无法启动 FortiClient
[2026-03-19 12:36:43] 尝试 2/3...
[2026-03-19 12:36:43] 启动 FortiClient GUI...
[2026-03-19 12:36:46] ❌ FortiClient GUI 启动失败
[2026-03-19 12:36:46] 重试 2 失败：无法启动 FortiClient
[2026-03-19 12:36:56] 尝试 3/3...
[2026-03-19 12:36:56] 启动 FortiClient GUI...
[2026-03-19 12:36:59] ✅ FortiClient GUI 已启动
[2026-03-19 12:36:59] 触发 VPN 连接（Playwright 自动化）...
[2026-03-19 12:37:45] 重试 3 失败：自动登录失败
[2026-03-19 12:37:55] ❌ VPN 重连失败（已尝试 3 次）
[2026-03-19 12:37:55] ========== VPN 重连失败 ==========
[2026-03-19 12:38:55] ❌ VPN 未连接，触发重连...
[2026-03-19 12:38:55] ========== VPN 重连开始 ==========
[2026-03-19 12:38:55] 尝试 1/3...
[2026-03-19 12:38:55] 启动 FortiClient GUI...
[2026-03-19 12:38:55] FortiClient 已在运行，先关闭...
[2026-03-19 12:39:00] ❌ FortiClient GUI 启动失败
[2026-03-19 12:39:00] 重试 1 失败：无法启动 FortiClient
[2026-03-19 12:39:10] 尝试 2/3...
[2026-03-19 12:39:10] 启动 FortiClient GUI...
[2026-03-19 12:39:13] ❌ FortiClient GUI 启动失败
[2026-03-19 12:39:13] 重试 2 失败：无法启动 FortiClient
[2026-03-19 12:39:23] 尝试 3/3...
[2026-03-19 12:39:23] 启动 FortiClient GUI...
[2026-03-19 12:39:26] ❌ FortiClient GUI 启动失败
[2026-03-19 12:39:26] 重试 3 失败：无法启动 FortiClient
[2026-03-19 12:39:36] ❌ VPN 重连失败（已尝试 3 次）
[2026-03-19 12:39:36] ========== VPN 重连失败 ==========
[2026-03-19 12:40:36] ❌ VPN 未连接，触发重连...
[2026-03-19 12:40:36] ========== VPN 重连开始 ==========
[2026-03-19 12:40:36] 尝试 1/3...
[2026-03-19 12:40:36] 启动 FortiClient GUI...
[2026-03-19 12:40:36] FortiClient 已在运行，先关闭...
[2026-03-19 12:40:41] ❌ FortiClient GUI 启动失败
[2026-03-19 12:40:41] 重试 1 失败：无法启动 FortiClient
[2026-03-19 12:40:51] 尝试 2/3...
[2026-03-19 12:40:51] 启动 FortiClient GUI...
[2026-03-19 12:40:54] ❌ FortiClient GUI 启动失败
[2026-03-19 12:40:54] 重试 2 失败：无法启动 FortiClient
[2026-03-19 12:41:04] 尝试 3/3...
[2026-03-19 12:41:04] 启动 FortiClient GUI...
[2026-03-19 12:41:07] ❌ FortiClient GUI 启动失败
[2026-03-19 12:41:07] 重试 3 失败：无法启动 FortiClient
[2026-03-19 12:41:17] ❌ VPN 重连失败（已尝试 3 次）
[2026-03-19 12:41:17] ========== VPN 重连失败 ==========
[2026-03-19 12:42:17] ❌ VPN 未连接，触发重连...
[2026-03-19 12:42:17] ========== VPN 重连开始 ==========
[2026-03-19 12:42:17] 尝试 1/3...
[2026-03-19 12:42:17] 启动 FortiClient GUI...
[2026-03-19 12:42:17] FortiClient 已在运行，先关闭...
[2026-03-19 12:42:22] ❌ FortiClient GUI 启动失败
[2026-03-19 12:42:22] 重试 1 失败：无法启动 FortiClient
[2026-03-19 12:42:32] 尝试 2/3...
[2026-03-19 12:42:32] 启动 FortiClient GUI...
[2026-03-19 12:42:35] ❌ FortiClient GUI 启动失败
[2026-03-19 12:42:35] 重试 2 失败：无法启动 FortiClient
[2026-03-19 12:42:45] 尝试 3/3...
[2026-03-19 12:42:45] 启动 FortiClient GUI...
[2026-03-19 12:42:48] ❌ FortiClient GUI 启动失败
[2026-03-19 12:42:48] 重试 3 失败：无法启动 FortiClient
[2026-03-19 12:42:58] ❌ VPN 重连失败（已尝试 3 次）
[2026-03-19 12:42:58] ========== VPN 重连失败 ==========
[2026-03-19 12:43:58] ❌ VPN 未连接，触发重连...
[2026-03-19 12:43:58] ========== VPN 重连开始 ==========
[2026-03-19 12:43:58] 尝试 1/3...
[2026-03-19 12:43:58] 启动 FortiClient GUI...
[2026-03-19 12:43:58] FortiClient 已在运行，先关闭...
[2026-03-19 12:44:03] ❌ FortiClient GUI 启动失败
[2026-03-19 12:44:03] 重试 1 失败：无法启动 FortiClient
[2026-03-19 12:44:13] 尝试 2/3...
[2026-03-19 12:44:13] 启动 FortiClient GUI...
[2026-03-19 12:44:16] ❌ FortiClient GUI 启动失败
[2026-03-19 12:44:16] 重试 2 失败：无法启动 FortiClient
[2026-03-19 12:44:26] 尝试 3/3...
[2026-03-19 12:44:26] 启动 FortiClient GUI...
[2026-03-19 12:44:30] ❌ FortiClient GUI 启动失败
[2026-03-19 12:44:30] 重试 3 失败：无法启动 FortiClient
[2026-03-19 12:44:40] ❌ VPN 重连失败（已尝试 3 次）
[2026-03-19 12:44:40] ========== VPN 重连失败 ==========
[2026-03-19 12:45:40] ❌ VPN 未连接，触发重连...
[2026-03-19 12:45:40] ========== VPN 重连开始 ==========
[2026-03-19 12:45:40] 尝试 1/3...
[2026-03-19 12:45:40] 启动 FortiClient GUI...
[2026-03-19 12:45:40] FortiClient 已在运行，先关闭...
[2026-03-19 12:45:45] ❌ FortiClient GUI 启动失败
[2026-03-19 12:45:45] 重试 1 失败：无法启动 FortiClient
[2026-03-19 12:45:55] 尝试 2/3...
[2026-03-19 12:45:55] 启动 FortiClient GUI...
[2026-03-19 12:45:58] ❌ FortiClient GUI 启动失败
[2026-03-19 12:45:58] 重试 2 失败：无法启动 FortiClient
[2026-03-19 12:46:08] 尝试 3/3...
[2026-03-19 12:46:08] 启动 FortiClient GUI...
[2026-03-19 12:46:11] ❌ FortiClient GUI 启动失败
[2026-03-19 12:46:11] 重试 3 失败：无法启动 FortiClient
[2026-03-19 12:46:21] ❌ VPN 重连失败（已尝试 3 次）
[2026-03-19 12:46:21] ========== VPN 重连失败 ==========
[2026-03-19 12:47:21] ❌ VPN 未连接，触发重连...
[2026-03-19 12:47:21] ========== VPN 重连开始 ==========
[2026-03-19 12:47:21] 尝试 1/3...
[2026-03-19 12:47:21] 启动 FortiClient GUI...
[2026-03-19 12:47:21] FortiClient 已在运行，先关闭...
[2026-03-19 12:47:26] ❌ FortiClient GUI 启动失败
[2026-03-19 12:47:26] 重试 1 失败：无法启动 FortiClient
[2026-03-19 12:47:36] 尝试 2/3...
[2026-03-19 12:47:36] 启动 FortiClient GUI...
[2026-03-19 12:47:39] ❌ FortiClient GUI 启动失败
[2026-03-19 12:47:39] 重试 2 失败：无法启动 FortiClient
[2026-03-19 12:47:49] 尝试 3/3...
[2026-03-19 12:47:49] 启动 FortiClient GUI...
[2026-03-19 12:47:49] FortiClient 已在运行，先关闭...
[2026-03-19 12:47:54] ❌ FortiClient GUI 启动失败
[2026-03-19 12:47:54] 重试 3 失败：无法启动 FortiClient
[2026-03-19 12:48:04] ❌ VPN 重连失败（已尝试 3 次）
[2026-03-19 12:48:04] ========== VPN 重连失败 ==========
[2026-03-19 12:49:04] ❌ VPN 未连接，触发重连...
[2026-03-19 12:49:04] ========== VPN 重连开始 ==========
[2026-03-19 12:49:04] 尝试 1/3...
[2026-03-19 12:49:04] 启动 FortiClient GUI...
[2026-03-19 12:49:07] ❌ FortiClient GUI 启动失败
[2026-03-19 12:49:07] 重试 1 失败：无法启动 FortiClient
[2026-03-19 12:49:17] 尝试 2/3...
[2026-03-19 12:49:17] 启动 FortiClient GUI...
[2026-03-19 12:49:17] FortiClient 已在运行，先关闭...
[2026-03-19 12:49:22] ❌ FortiClient GUI 启动失败
[2026-03-19 12:49:22] 重试 2 失败：无法启动 FortiClient
[2026-03-19 12:49:32] 尝试 3/3...
[2026-03-19 12:49:32] 启动 FortiClient GUI...
[2026-03-19 12:49:35] ❌ FortiClient GUI 启动失败
[2026-03-19 12:49:35] 重试 3 失败：无法启动 FortiClient
[2026-03-19 12:49:45] ❌ VPN 重连失败（已尝试 3 次）
[2026-03-19 12:49:45] ========== VPN 重连失败 ==========
[2026-03-19 12:50:45] ❌ VPN 未连接，触发重连...
[2026-03-19 12:50:45] ========== VPN 重连开始 ==========
[2026-03-19 12:50:45] 尝试 1/3...
[2026-03-19 12:50:45] 启动 FortiClient GUI...
[2026-03-19 12:50:45] FortiClient 已在运行，先关闭...
[2026-03-19 12:50:50] ❌ FortiClient GUI 启动失败
[2026-03-19 12:50:50] 重试 1 失败：无法启动 FortiClient
[2026-03-19 12:51:00] 尝试 2/3...
[2026-03-19 12:51:00] 启动 FortiClient GUI...
[2026-03-19 12:51:03] ❌ FortiClient GUI 启动失败
[2026-03-19 12:51:03] 重试 2 失败：无法启动 FortiClient
[2026-03-19 12:51:13] 尝试 3/3...
[2026-03-19 12:51:13] 启动 FortiClient GUI...
[2026-03-19 12:51:16] ❌ FortiClient GUI 启动失败
[2026-03-19 12:51:16] 重试 3 失败：无法启动 FortiClient
[2026-03-19 13:36:08] VPN Watchdog 启动
[2026-03-19 13:36:08] ❌ VPN 未连接，触发重连...
[2026-03-19 13:36:08] ========== VPN 重连开始 ==========
[2026-03-19 13:36:08] 尝试 1/3...
[2026-03-19 13:36:08] 启动 FortiClient GUI...
[2026-03-19 13:36:11] ❌ FortiClient GUI 启动失败
[2026-03-19 13:36:11] 重试 1 失败：无法启动 FortiClient
[2026-03-19 13:36:21] 尝试 2/3...
[2026-03-19 13:36:21] 启动 FortiClient GUI...
[2026-03-19 13:36:24] ❌ FortiClient GUI 启动失败
[2026-03-19 13:36:24] 重试 2 失败：无法启动 FortiClient
[2026-03-19 13:36:34] 尝试 3/3...
[2026-03-19 13:36:34] 启动 FortiClient GUI...
[2026-03-19 13:36:37] ❌ FortiClient GUI 启动失败
[2026-03-19 13:36:37] 重试 3 失败：无法启动 FortiClient
[2026-03-19 13:36:47] ❌ VPN 重连失败（已尝试 3 次）
[2026-03-19 13:36:47] ========== VPN 重连失败 ==========
[2026-03-19 13:37:47] ❌ VPN 未连接，触发重连...
[2026-03-19 13:37:47] ========== VPN 重连开始 ==========
[2026-03-19 13:37:47] 尝试 1/3...
[2026-03-19 13:37:47] 启动 FortiClient GUI...
[2026-03-19 13:37:50] ❌ FortiClient GUI 启动失败
[2026-03-19 13:37:50] 重试 1 失败：无法启动 FortiClient
[2026-03-19 13:39:10] VPN Watchdog 启动
[2026-03-19 13:39:11] ❌ VPN 未连接，触发重连...
[2026-03-19 13:39:11] ========== VPN 重连开始 ==========
[2026-03-19 13:39:11] 尝试 1/3...
[2026-03-19 13:39:11] 启动 FortiClient GUI...
[2026-03-19 13:39:14] ❌ FortiClient GUI 启动失败
[2026-03-19 13:39:14] 重试 1 失败：无法启动 FortiClient
[2026-03-19 13:39:24] 尝试 2/3...
[2026-03-19 13:39:24] 启动 FortiClient GUI...
[2026-03-19 13:39:27] ❌ FortiClient GUI 启动失败
[2026-03-19 13:39:27] 重试 2 失败：无法启动 FortiClient
[2026-03-19 13:39:37] 尝试 3/3...
[2026-03-19 13:39:37] 启动 FortiClient GUI...
[2026-03-19 13:39:40] ❌ FortiClient GUI 启动失败
[2026-03-19 13:39:40] 重试 3 失败：无法启动 FortiClient
[2026-03-19 13:39:50] ❌ VPN 重连失败（已尝试 3 次）
[2026-03-19 13:39:50] ========== VPN 重连失败 ==========
[2026-03-19 13:40:50] ❌ VPN 未连接，触发重连...
[2026-03-19 13:40:50] ========== VPN 重连开始 ==========
[2026-03-19 13:40:50] 尝试 1/3...
[2026-03-19 13:40:50] 启动 FortiClient GUI...
[2026-03-19 13:40:53] ❌ FortiClient GUI 启动失败
[2026-03-19 13:40:53] 重试 1 失败：无法启动 FortiClient
[2026-03-19 13:41:03] 尝试 2/3...
[2026-03-19 13:41:03] 启动 FortiClient GUI...
[2026-03-19 13:41:06] ❌ FortiClient GUI 启动失败
[2026-03-19 13:41:06] 重试 2 失败：无法启动 FortiClient
[2026-03-19 13:41:16] 尝试 3/3...
[2026-03-19 13:41:16] 启动 FortiClient GUI...
[2026-03-19 13:41:19] ❌ FortiClient GUI 启动失败
tee: /home/tsl/openclaw/vpn-auto/reconnect.log: No space left on device
[2026-03-19 13:41:19] 重试 3 失败：无法启动 FortiClient
tee: /home/tsl/openclaw/vpn-auto/reconnect.log: No space left on device
[2026-03-19 13:41:29] ❌ VPN 重连失败（已尝试 3 次）
tee: /home/tsl/openclaw/vpn-auto/reconnect.log: No space left on device
[2026-03-19 13:41:29] ========== VPN 重连失败 ==========
tee: /home/tsl/openclaw/vpn-auto/reconnect.log: No space left on device
[2026-03-19 13:42:29] ❌ VPN 未连接，触发重连...
[2026-03-19 13:42:29] ========== VPN 重连开始 ==========
tee: /home/tsl/openclaw/vpn-auto/reconnect.log: No space left on device
[2026-03[2026-03-19 14:57:44] VPN Watchdog 启动
[2026-03-19 14:57:44] ❌ VPN 未连接，触发重连...
[2026-03-19 14:57:44] ========== VPN 重连开始 ==========
[2026-03-19 14:57:44] 尝试 1/3...
[2026-03-19 14:57:44] 启动 FortiClient GUI...
[2026-03-19 14:57:44] FortiClient 已在运行，先关闭...
[2026-03-19 14:57:50] ❌ FortiClient GUI 启动失败
[2026-03-19 14:57:50] 重试 1 失败：无法启动 FortiClient
[2026-03-19 14:58:00] 尝试 2/3...
[2026-03-19 14:58:00] 启动 FortiClient GUI...
[2026-03-19 14:58:03] ❌ FortiClient GUI 启动失败
[2026-03-19 14:58:03] 重试 2 失败：无法启动 FortiClient
[2026-03-19 14:58:13] 尝试 3/3...
[2026-03-19 14:58:13] 启动 FortiClient GUI...
[2026-03-19 14:58:16] ❌ FortiClient GUI 启动失败
[2026-03-19 14:58:16] 重试 3 失败：无法启动 FortiClient
[2026-03-19 14:58:26] ❌ VPN 重连失败（已尝试 3 次）
[2026-03-19 14:58:26] ========== VPN 重连失败 ==========
[2026-03-19 14:59:26] ❌ VPN 未连接，触发重连...
[2026-03-19 14:59:26] ========== VPN 重连开始 ==========
[2026-03-19 14:59:26] 尝试 1/3...
[2026-03-19 14:59:26] 启动 FortiClient GUI...
[2026-03-19 14:59:29] ❌ FortiClient GUI 启动失败
[2026-03-19 14:59:29] 重试 1 失败：无法启动 FortiClient
[2026-03-19 14:59:39] 尝试 2/3...
[2026-03-19 14:59:39] 启动 FortiClient GUI...
[2026-03-19 14:59:42] ❌ FortiClient GUI 启动失败
[2026-03-19 14:59:42] 重试 2 失败：无法启动 FortiClient
[2026-03-19 14:59:52] 尝试 3/3...
[2026-03-19 14:59:52] 启动 FortiClient GUI...
[2026-03-19 14:59:55] ❌ FortiClient GUI 启动失败
[2026-03-19 14:59:55] 重试 3 失败：无法启动 FortiClient
[2026-03-19 15:00:05] ❌ VPN 重连失败（已尝试 3 次）
[2026-03-19 15:00:05] ========== VPN 重连失败 ==========
[2026-03-19 15:01:05] ✅ VPN 已连接
[2026-03-19 15:02:05] ✅ VPN 已连接
[2026-03-19 15:03:05] ✅ VPN 已连接
[2026-03-19 15:04:05] ✅ VPN 已连接
[2026-03-19 15:05:05] ✅ VPN 已连接
[2026-03-19 15:06:05] ✅ VPN 已连接
[2026-03-19 15:07:05] ✅ VPN 已连接
[2026-03-19 15:08:05] ✅ VPN 已连接
[2026-03-19 15:09:05] ✅ VPN 已连接
[2026-03-19 15:10:05] ✅ VPN 已连接
[2026-03-19 15:11:06] ✅ VPN 已连接
[2026-03-19 15:12:06] ✅ VPN 已连接
[2026-03-19 15:13:06] ✅ VPN 已连接
[2026-03-19 15:14:06] ✅ VPN 已连接
[2026-03-19 15:15:06] ✅ VPN 已连接
[2026-03-19 15:16:06] ✅ VPN 已连接
[2026-03-19 15:17:06] ✅ VPN 已连接
[2026-03-19 15:18:06] ✅ VPN 已连接
[2026-03-19 15:19:06] ✅ VPN 已连接
[2026-03-19 15:20:06] ✅ VPN 已连接
[2026-03-19 15:21:06] ✅ VPN 已连接
[2026-03-19 15:22:06] ✅ VPN 已连接
[2026-03-19 15:23:06] ✅ VPN 已连接
[2026-03-19 15:24:06] ✅ VPN 已连接
[2026-03-19 15:25:06] ✅ VPN 已连接
[2026-03-19 15:26:06] ✅ VPN 已连接
[2026-03-19 15:27:06] ✅ VPN 已连接
[2026-03-19 15:28:07] ✅ VPN 已连接
[2026-03-19 15:29:07] ✅ VPN 已连接
[2026-03-19 15:30:07] ✅ VPN 已连接
[2026-03-19 15:31:07] ✅ VPN 已连接
[2026-03-19 15:32:07] ✅ VPN 已连接
[2026-03-19 15:33:07] ✅ VPN 已连接
[2026-03-19 15:34:07] ✅ VPN 已连接
[2026-03-19 15:35:07] ✅ VPN 已连接
[2026-03-19 15:36:07] ✅ VPN 已连接
[2026-03-19 15:37:07] ✅ VPN 已连接
[2026-03-19 15:38:07] ✅ VPN 已连接
[2026-03-19 15:39:07] ✅ VPN 已连接
[2026-03-19 15:40:07] ✅ VPN 已连接
[2026-03-19 15:41:07] ✅ VPN 已连接
[2026-03-19 15:42:08] ✅ VPN 已连接
[2026-03-19 15:43:08] ✅ VPN 已连接
[2026-03-19 15:44:08] ✅ VPN 已连接
[2026-03-19 15:45:08] ✅ VPN 已连接
[2026-03-19 15:46:08] ✅ VPN 已连接
[2026-03-19 15:47:08] ✅ VPN 已连接
[2026-03-19 15:48:08] ✅ VPN 已连接
[2026-03-19 15:49:08] ✅ VPN 已连接
[2026-03-19 15:50:08] ✅ VPN 已连接
[2026-03-19 15:51:08] ✅ VPN 已连接
[2026-03-19 15:52:08] ✅ VPN 已连接
[2026-03-19 15:53:08] ✅ VPN 已连接
[2026-03-19 15:54:08] ✅ VPN 已连接
[2026-03-19 15:55:08] ✅ VPN 已连接
[2026-03-19 15:56:09] ✅ VPN 已连接
[2026-03-19 15:57:09] ✅ VPN 已连接
[2026-03-19 15:58:09] ✅ VPN 已连接
[2026-03-19 15:59:09] ✅ VPN 已连接
[2026-03-19 16:00:09] ✅ VPN 已连接
[2026-03-19 16:01:09] ✅ VPN 已连接
[2026-03-19 16:02:09] ✅ VPN 已连接
[2026-03-19 16:03:09] ✅ VPN 已连接
[2026-03-19 16:04:09] ✅ VPN 已连接
[2026-03-19 16:05:09] ✅ VPN 已连接
[2026-03-19 16:06:09] ✅ VPN 已连接
[2026-03-19 16:07:09] ✅ VPN 已连接
[2026-03-19 16:08:10] ✅ VPN 已连接
[2026-03-19 16:09:10] ✅ VPN 已连接
[2026-03-19 16:10:10] ✅ VPN 已连接
[2026-03-19 16:11:10] ✅ VPN 已连接
[2026-03-19 16:12:10] ✅ VPN 已连接
[2026-03-19 16:13:10] ✅ VPN 已连接
[2026-03-19 16:14:10] ✅ VPN 已连接
[2026-03-19 16:15:10] ✅ VPN 已连接
[2026-03-19 16:16:10] ✅ VPN 已连接
[2026-03-19 16:17:10] ✅ VPN 已连接
[2026-03-19 16:18:10] ✅ VPN 已连接
[2026-03-19 16:19:12] ✅ VPN 已连接
[2026-03-19 16:20:13] ✅ VPN 已连接
[2026-03-19 16:21:13] ✅ VPN 已连接
[2026-03-19 16:22:13] ✅ VPN 已连接
[2026-03-19 16:23:13] ✅ VPN 已连接
[2026-03-19 16:24:13] ✅ VPN 已连接
[2026-03-19 16:25:13] ✅ VPN 已连接
[2026-03-19 16:26:13] ✅ VPN 已连接
[2026-03-19 16:27:13] ✅ VPN 已连接
[2026-03-19 16:28:14] ✅ VPN 已连接
[2026-03-19 16:29:14] ✅ VPN 已连接
[2026-03-19 16:30:14] ✅ VPN 已连接
[2026-03-19 16:31:14] ✅ VPN 已连接
[2026-03-19 16:32:14] ✅ VPN 已连接
[2026-03-19 16:33:14] ✅ VPN 已连接
[2026-03-19 16:34:14] ✅ VPN 已连接
[2026-03-19 16:35:43] ❌ VPN 未连接，触发重连...
[2026-03-19 16:35:45] ========== VPN 重连开始 ==========
[2026-03-19 16:35:46] 尝试 1/3...
[2026-03-19 16:35:47] 启动 FortiClient GUI...
[2026-03-19 16:35:48] FortiClient 已在运行，先关闭...
[2026-03-19 16:35:56] ✅ FortiClient GUI 已启动
[2026-03-19 16:35:57] 触发 VPN 连接（Playwright 自动化）...
[2026-03-19 16:59:48] 重试 1 失败：自动登录失败
[2026-03-19 16:59:58] 尝试 2/3...
[2026-03-19 16:59:58] 启动 FortiClient GUI...
[2026-03-19 17:00:01] ❌ FortiClient GUI 启动失败
[2026-03-19 17:00:01] 重试 2 失败：无法启动 FortiClient
[2026-03-19 17:00:11] 尝试 3/3...
[2026-03-19 17:00:11] 启动 FortiClient GUI...
[2026-03-19 17:00:14] ❌ FortiClient GUI 启动失败
[2026-03-19 17:00:14] 重试 3 失败：无法启动 FortiClient
[2026-03-19 17:00:24] ❌ VPN 重连失败（已尝试 3 次）
[2026-03-19 17:00:24] ========== VPN 重连失败 ==========
[2026-03-19 17:01:24] ✅ VPN 已连接
[2026-03-19 17:02:24] ✅ VPN 已连接
[2026-03-19 17:03:24] ✅ VPN 已连接
[2026-03-19 17:04:24] ✅ VPN 已连接
[2026-03-19 17:05:24] ✅ VPN 已连接
[2026-03-19 17:06:25] ✅ VPN 已连接
[2026-03-19 17:07:25] ✅ VPN 已连接
[2026-03-19 17:08:25] ✅ VPN 已连接
[2026-03-19 17:09:25] ✅ VPN 已连接
[2026-03-19 17:10:25] ✅ VPN 已连接
[2026-03-19 17:11:25] ✅ VPN 已连接
[2026-03-19 17:12:25] ✅ VPN 已连接
[2026-03-19 17:13:25] ✅ VPN 已连接
[2026-03-19 17:14:25] ✅ VPN 已连接
[2026-03-19 17:15:25] ✅ VPN 已连接
[2026-03-19 17:16:25] ✅ VPN 已连接
[2026-03-19 17:17:25] ✅ VPN 已连接
[2026-03-19 17:18:25] ✅ VPN 已连接
[2026-03-19 17:19:25] ✅ VPN 已连接
[2026-03-19 17:20:25] ✅ VPN 已连接
[2026-03-19 17:21:25] ✅ VPN 已连接
[2026-03-19 17:22:26] ✅ VPN 已连接
[2026-03-19 17:23:26] ✅ VPN 已连接
[2026-03-19 17:24:26] ✅ VPN 已连接
[2026-03-19 17:25:26] ✅ VPN 已连接
[2026-03-19 17:26:27] ✅ VPN 已连接
[2026-03-19 17:27:27] ✅ VPN 已连接
[2026-03-19 17:28:27] ✅ VPN 已连接
[2026-03-19 17:29:27] ✅ VPN 已连接
[2026-03-19 17:30:27] ✅ VPN 已连接
[2026-03-19 17:31:27] ✅ VPN 已连接
[2026-03-19 17:32:27] ✅ VPN 已连接
[2026-03-19 17:33:27] ✅ VPN 已连接
[2026-03-19 17:34:27] ✅ VPN 已连接
[2026-03-19 17:35:27] ✅ VPN 已连接
[2026-03-19 17:36:28] ✅ VPN 已连接
[2026-03-19 17:37:28] ✅ VPN 已连接
[2026-03-19 17:38:28] ✅ VPN 已连接
[2026-03-19 17:41:28] ❌ VPN 未连接，触发重连...
[2026-03-19 17:41:28] ========== VPN 重连开始 ==========
[2026-03-19 17:41:28] 尝试 1/3...
[2026-03-19 17:41:28] 启动 FortiClient GUI...
[2026-03-19 17:41:31] ❌ FortiClient GUI 启动失败
[2026-03-19 17:41:31] 重试 1 失败：无法启动 FortiClient
[2026-03-19 17:41:41] 尝试 2/3...
[2026-03-19 17:41:41] 启动 FortiClient GUI...
[2026-03-19 17:41:44] ❌ FortiClient GUI 启动失败
[2026-03-19 17:41:44] 重试 2 失败：无法启动 FortiClient
[2026-03-19 17:41:54] 尝试 3/3...
[2026-03-19 17:41:54] 启动 FortiClient GUI...
[2026-03-19 17:41:57] ❌ FortiClient GUI 启动失败
[2026-03-19 17:41:57] 重试 3 失败：无法启动 FortiClient
[2026-03-19 17:42:07] ❌ VPN 重连失败（已尝试 3 次）
[2026-03-19 17:42:07] ========== VPN 重连失败 ==========
[2026-03-19 17:43:07] ❌ VPN 未连接，触发重连...
[2026-03-19 17:43:07] ========== VPN 重连开始 ==========
[2026-03-19 17:43:07] 尝试 1/3...
[2026-03-19 17:43:07] 启动 FortiClient GUI...
[2026-03-19 17:43:07] FortiClient 已在运行，先关闭...
[2026-03-19 17:43:12] ❌ FortiClient GUI 启动失败
[2026-03-19 17:43:12] 重试 1 失败：无法启动 FortiClient
[2026-03-19 17:43:22] 尝试 2/3...
[2026-03-19 17:43:22] 启动 FortiClient GUI...
[2026-03-19 17:43:25] ❌ FortiClient GUI 启动失败
[2026-03-19 17:43:25] 重试 2 失败：无法启动 FortiClient
[2026-03-19 17:43:35] 尝试 3/3...
[2026-03-19 17:43:35] 启动 FortiClient GUI...
[2026-03-19 17:43:38] ❌ FortiClient GUI 启动失败
[2026-03-19 17:43:38] 重试 3 失败：无法启动 FortiClient
[2026-03-19 17:43:48] ❌ VPN 重连失败（已尝试 3 次）
[2026-03-19 17:43:48] ========== VPN 重连失败 ==========
[2026-03-19 17:44:49] ✅ VPN 已连接
[2026-03-19 17:45:49] ✅ VPN 已连接
[2026-03-19 17:46:49] ✅ VPN 已连接
[2026-03-19 17:47:49] ✅ VPN 已连接
[2026-03-19 17:48:49] ✅ VPN 已连接
[2026-03-19 17:49:49] ✅ VPN 已连接
[2026-03-19 17:50:49] ✅ VPN 已连接
[2026-03-19 17:51:49] ✅ VPN 已连接
[2026-03-19 17:52:49] ✅ VPN 已连接
[2026-03-19 17:53:49] ✅ VPN 已连接
[2026-03-19 17:54:49] ✅ VPN 已连接
[2026-03-19 17:55:49] ✅ VPN 已连接
[2026-03-19 17:56:50] ✅ VPN 已连接
[2026-03-19 17:57:50] ✅ VPN 已连接
[2026-03-19 17:58:50] ✅ VPN 已连接
[2026-03-19 17:59:50] ✅ VPN 已连接
[2026-03-19 18:00:50] ✅ VPN 已连接
[2026-03-19 18:01:50] ✅ VPN 已连接
[2026-03-19 18:02:50] ✅ VPN 已连接
[2026-03-19 18:03:50] ✅ VPN 已连接
[2026-03-19 18:04:50] ✅ VPN 已连接
[2026-03-19 18:05:50] ✅ VPN 已连接
[2026-03-19 18:06:50] ✅ VPN 已连接
[2026-03-19 18:07:50] ✅ VPN 已连接
[2026-03-19 18:08:50] ✅ VPN 已连接
[2026-03-19 18:09:50] ✅ VPN 已连接
[2026-03-19 18:10:51] ✅ VPN 已连接
[2026-03-19 18:11:51] ✅ VPN 已连接
[2026-03-19 18:12:51] ✅ VPN 已连接
[2026-03-19 18:13:51] ✅ VPN 已连接
[2026-03-19 18:14:51] ✅ VPN 已连接
[2026-03-19 18:15:51] ✅ VPN 已连接
[2026-03-19 18:16:51] ✅ VPN 已连接
[2026-03-19 18:25:49] ❌ VPN 未连接，触发重连...
[2026-03-19 18:25:50] ========== VPN 重连开始 ==========
[2026-03-19 18:25:50] 尝试 1/3...
[2026-03-19 18:25:50] 启动 FortiClient GUI...
[2026-03-19 18:25:54] ❌ FortiClient GUI 启动失败
[2026-03-19 18:25:54] 重试 1 失败：无法启动 FortiClient
[2026-03-19 18:26:04] 尝试 2/3...
[2026-03-19 18:26:04] 启动 FortiClient GUI...
[2026-03-19 18:26:07] ❌ FortiClient GUI 启动失败
[2026-03-19 18:26:07] 重试 2 失败：无法启动 FortiClient
[2026-03-19 18:26:17] 尝试 3/3...
[2026-03-19 18:26:17] 启动 FortiClient GUI...
[2026-03-19 18:26:17] FortiClient 已在运行，先关闭...
[2026-03-19 18:26:23] ❌ FortiClient GUI 启动失败
[2026-03-19 18:26:23] 重试 3 失败：无法启动 FortiClient
[2026-03-19 18:26:33] ❌ VPN 重连失败（已尝试 3 次）
[2026-03-19 18:26:33] ========== VPN 重连失败 ==========
[2026-03-19 19:01:09] VPN Watchdog 启动
[2026-03-19 19:01:09] ❌ VPN 未连接，触发重连...
[2026-03-19 19:01:09] ========== VPN 重连开始 ==========
[2026-03-19 19:01:09] 尝试 1/3...
[2026-03-19 19:01:09] 启动 FortiClient GUI...
[2026-03-19 19:01:09] FortiClient 已在运行，先关闭...
[2026-03-19 19:01:14] ❌ FortiClient GUI 启动失败
[2026-03-19 19:01:14] 重试 1 失败：无法启动 FortiClient
[2026-03-19 19:01:24] 尝试 2/3...
[2026-03-19 19:01:24] 启动 FortiClient GUI...
[2026-03-19 19:01:27] ❌ FortiClient GUI 启动失败
[2026-03-19 19:01:27] 重试 2 失败：无法启动 FortiClient
[2026-03-19 19:01:37] 尝试 3/3...
[2026-03-19 19:01:37] 启动 FortiClient GUI...
[2026-03-19 19:01:40] ❌ FortiClient GUI 启动失败
[2026-03-19 19:01:40] 重试 3 失败：无法启动 FortiClient
[2026-03-19 19:01:50] ❌ VPN 重连失败（已尝试 3 次）
[2026-03-19 19:01:50] ========== VPN 重连失败 ==========
[2026-03-19 19:02:50] ❌ VPN 未连接，触发重连...
[2026-03-19 19:02:50] ========== VPN 重连开始 ==========
[2026-03-19 19:02:50] 尝试 1/3...
[2026-03-19 19:02:50] 启动 FortiClient GUI...
[2026-03-19 19:02:53] ❌ FortiClient GUI 启动失败
[2026-03-19 19:02:53] 重试 1 失败：无法启动 FortiClient
[2026-03-19 19:03:03] 尝试 2/3...
[2026-03-19 19:03:03] 启动 FortiClient GUI...
[2026-03-19 19:03:06] ❌ FortiClient GUI 启动失败
[2026-03-19 19:03:06] 重试 2 失败：无法启动 FortiClient
[2026-03-19 19:03:16] 尝试 3/3...
[2026-03-19 19:03:16] 启动 FortiClient GUI...
[2026-03-19 19:03:19] ❌ FortiClient GUI 启动失败
[2026-03-19 19:03:19] 重试 3 失败：无法启动 FortiClient
[2026-03-19 19:03:29] ❌ VPN 重连失败（已尝试 3 次）
[2026-03-19 19:03:29] ========== VPN 重连失败 ==========
[2026-03-19 19:04:29] ✅ VPN 已连接
[2026-03-19 19:05:29] ✅ VPN 已连接
[2026-03-19 19:06:29] ✅ VPN 已连接
[2026-03-19 19:07:29] ✅ VPN 已连接
[2026-03-19 19:08:29] ✅ VPN 已连接
[2026-03-19 19:09:29] ✅ VPN 已连接
[2026-03-19 19:10:29] ✅ VPN 已连接
[2026-03-19 19:11:29] ✅ VPN 已连接
[2026-03-19 19:12:30] ✅ VPN 已连接
[2026-03-19 19:13:30] ✅ VPN 已连接
[2026-03-19 19:14:30] ✅ VPN 已连接
[2026-03-19 19:15:30] ✅ VPN 已连接
[2026-03-19 19:16:30] ✅ VPN 已连接
[2026-03-19 19:17:30] ✅ VPN 已连接
[2026-03-19 19:18:30] ✅ VPN 已连接
[2026-03-19 19:19:30] ✅ VPN 已连接
[2026-03-19 19:20:30] ✅ VPN 已连接
[2026-03-19 19:21:30] ✅ VPN 已连接
[2026-03-19 19:22:30] ✅ VPN 已连接
[2026-03-19 19:23:30] ✅ VPN 已连接
[2026-03-19 19:24:30] ✅ VPN 已连接
[2026-03-19 19:25:30] ✅ VPN 已连接
[2026-03-19 19:26:30] ✅ VPN 已连接
[2026-03-19 19:27:31] ✅ VPN 已连接
[2026-03-19 19:28:31] ✅ VPN 已连接
[2026-03-19 19:29:31] ✅ VPN 已连接
[2026-03-19 19:30:31] ✅ VPN 已连接
[2026-03-19 19:31:31] ✅ VPN 已连接
[2026-03-19 19:32:31] ✅ VPN 已连接
[2026-03-19 19:33:31] ✅ VPN 已连接
[2026-03-19 19:34:31] ✅ VPN 已连接
[2026-03-19 19:35:31] ✅ VPN 已连接
[2026-03-19 19:36:31] ✅ VPN 已连接
[2026-03-19 19:37:31] ✅ VPN 已连接
[2026-03-19 19:38:31] ✅ VPN 已连接
[2026-03-19 19:39:31] ✅ VPN 已连接
[2026-03-19 19:40:31] ✅ VPN 已连接
[2026-03-19 19:41:31] ✅ VPN 已连接
[2026-03-19 19:42:31] ✅ VPN 已连接
[2026-03-19 19:43:32] ✅ VPN 已连接
[2026-03-19 19:44:32] ✅ VPN 已连接
[2026-03-19 19:45:32] ✅ VPN 已连接
[2026-03-19 19:46:32] ✅ VPN 已连接
[2026-03-19 19:47:32] ✅ VPN 已连接
[2026-03-19 19:48:32] ✅ VPN 已连接
[2026-03-19 19:49:32] ✅ VPN 已连接
[2026-03-19 19:50:32] ✅ VPN 已连接
[2026-03-19 19:51:32] ✅ VPN 已连接
[2026-03-19 19:52:32] ✅ VPN 已连接
[2026-03-19 19:53:32] ✅ VPN 已连接
[2026-03-19 19:54:32] ✅ VPN 已连接
[2026-03-19 19:55:33] ✅ VPN 已连接
[2026-03-19 19:56:33] ✅ VPN 已连接
[2026-03-19 19:57:33] ✅ VPN 已连接
[2026-03-19 19:58:33] ✅ VPN 已连接
[2026-03-19 19:59:33] ✅ VPN 已连接
[2026-03-19 20:00:33] ✅ VPN 已连接
[2026-03-19 20:01:33] ✅ VPN 已连接
[2026-03-19 20:02:33] ✅ VPN 已连接
[2026-03-19 20:03:33] ✅ VPN 已连接
[2026-03-19 20:04:33] ✅ VPN 已连接
[2026-03-19 20:05:33] ✅ VPN 已连接
[2026-03-19 20:06:33] ✅ VPN 已连接
[2026-03-19 20:07:33] ✅ VPN 已连接
[2026-03-19 20:08:33] ✅ VPN 已连接
[2026-03-19 20:09:34] ✅ VPN 已连接
[2026-03-19 20:10:34] ✅ VPN 已连接
[2026-03-19 20:11:34] ✅ VPN 已连接
[2026-03-19 20:12:34] ✅ VPN 已连接
[2026-03-19 20:13:34] ✅ VPN 已连接
[2026-03-19 20:14:34] ✅ VPN 已连接
[2026-03-19 20:15:34] ✅ VPN 已连接
[2026-03-19 20:16:35] ✅ VPN 已连接
[2026-03-19 20:17:35] ✅ VPN 已连接
[2026-03-19 20:18:35] ✅ VPN 已连接
[2026-03-19 20:19:35] ✅ VPN 已连接
[2026-03-19 20:20:35] ✅ VPN 已连接
[2026-03-19 20:21:35] ✅ VPN 已连接
[2026-03-19 20:22:35] ✅ VPN 已连接
[2026-03-19 20:23:35] ✅ VPN 已连接
[2026-03-19 20:24:35] ✅ VPN 已连接
[2026-03-19 20:25:35] ✅ VPN 已连接
[2026-03-19 20:26:35] ✅ VPN 已连接
[2026-03-19 20:27:35] ✅ VPN 已连接
[2026-03-19 20:28:35] ✅ VPN 已连接
[2026-03-19 20:29:35] ✅ VPN 已连接
[2026-03-19 20:30:35] ✅ VPN 已连接
[2026-03-19 20:31:36] ✅ VPN 已连接
[2026-03-19 20:32:36] ✅ VPN 已连接
[2026-03-19 20:33:36] ✅ VPN 已连接
[2026-03-19 20:34:36] ✅ VPN 已连接
[2026-03-19 20:35:36] ✅ VPN 已连接
[2026-03-19 20:36:36] ✅ VPN 已连接
[2026-03-19 20:37:36] ✅ VPN 已连接
[2026-03-19 20:38:36] ✅ VPN 已连接
[2026-03-19 20:39:36] ✅ VPN 已连接
[2026-03-19 20:40:36] ✅ VPN 已连接
[2026-03-19 20:41:36] ✅ VPN 已连接
[2026-03-19 20:42:36] ✅ VPN 已连接
[2026-03-19 20:43:36] ✅ VPN 已连接
[2026-03-19 20:44:36] ✅ VPN 已连接
[2026-03-19 20:45:36] ✅ VPN 已连接
[2026-03-19 20:46:36] ✅ VPN 已连接
[2026-03-19 20:47:36] ✅ VPN 已连接
[2026-03-19 20:48:37] ✅ VPN 已连接
[2026-03-19 20:49:37] ✅ VPN 已连接
[2026-03-19 20:50:37] ✅ VPN 已连接
[2026-03-19 20:51:37] ✅ VPN 已连接
[2026-03-19 20:52:37] ✅ VPN 已连接
[2026-03-19 20:53:37] ✅ VPN 已连接
[2026-03-19 20:54:37] ✅ VPN 已连接
[2026-03-19 20:55:37] ✅ VPN 已连接
[2026-03-19 20:56:37] ✅ VPN 已连接
[2026-03-19 20:57:37] ✅ VPN 已连接
[2026-03-19 20:58:37] ✅ VPN 已连接
[2026-03-19 20:59:37] ✅ VPN 已连接
[2026-03-19 21:00:37] ✅ VPN 已连接
[2026-03-19 21:01:37] ✅ VPN 已连接
[2026-03-19 21:02:37] ✅ VPN 已连接
[2026-03-19 21:03:37] ✅ VPN 已连接
[2026-03-19 21:04:38] ✅ VPN 已连接
[2026-03-19 21:05:38] ✅ VPN 已连接
[2026-03-19 21:06:38] ✅ VPN 已连接
[2026-03-19 21:07:38] ✅ VPN 已连接
[2026-03-19 21:08:38] ✅ VPN 已连接
[2026-03-19 21:09:38] ✅ VPN 已连接
[2026-03-19 21:10:38] ✅ VPN 已连接
[2026-03-19 21:11:38] ✅ VPN 已连接
[2026-03-19 21:12:38] ✅ VPN 已连接
[2026-03-19 21:13:38] ✅ VPN 已连接
[2026-03-19 21:14:38] ✅ VPN 已连接
[2026-03-19 21:15:38] ✅ VPN 已连接
[2026-03-19 21:16:38] ✅ VPN 已连接
[2026-03-19 21:17:38] ✅ VPN 已连接
[2026-03-19 21:18:38] ✅ VPN 已连接
[2026-03-19 21:19:38] ✅ VPN 已连接
[2026-03-19 21:20:39] ✅ VPN 已连接
[2026-03-19 21:21:39] ✅ VPN 已连接
[2026-03-19 21:22:39] ✅ VPN 已连接
[2026-03-19 21:23:39] ✅ VPN 已连接
[2026-03-19 21:24:39] ✅ VPN 已连接
[2026-03-19 21:25:39] ✅ VPN 已连接
[2026-03-19 21:26:39] ✅ VPN 已连接
[2026-03-19 21:27:39] ✅ VPN 已连接
[2026-03-19 21:28:39] ✅ VPN 已连接
[2026-03-19 21:29:39] ✅ VPN 已连接
[2026-03-19 21:30:39] ✅ VPN 已连接
[2026-03-19 21:31:39] ✅ VPN 已连接
[2026-03-19 21:32:39] ✅ VPN 已连接
[2026-03-19 21:33:39] ✅ VPN 已连接
[2026-03-19 21:34:39] ✅ VPN 已连接
[2026-03-19 21:35:40] ✅ VPN 已连接
[2026-03-19 21:36:40] ✅ VPN 已连接
[2026-03-19 21:37:40] ✅ VPN 已连接
[2026-03-19 21:38:40] ✅ VPN 已连接
[2026-03-19 21:39:40] ✅ VPN 已连接
[2026-03-19 21:40:40] ✅ VPN 已连接
[2026-03-19 21:41:40] ✅ VPN 已连接
[2026-03-19 21:42:40] ✅ VPN 已连接
[2026-03-19 21:43:40] ✅ VPN 已连接
[2026-03-19 21:44:40] ✅ VPN 已连接
[2026-03-19 21:45:40] ✅ VPN 已连接
[2026-03-19 21:46:40] ✅ VPN 已连接
[2026-03-19 21:47:40] ✅ VPN 已连接
[2026-03-19 21:48:40] ✅ VPN 已连接
[2026-03-19 21:49:40] ✅ VPN 已连接
[2026-03-19 21:50:40] ✅ VPN 已连接
[2026-03-19 21:51:40] ✅ VPN 已连接
[2026-03-19 21:52:41] ✅ VPN 已连接
[2026-03-19 21:53:41] ✅ VPN 已连接
[2026-03-19 21:54:41] ✅ VPN 已连接
[2026-03-19 21:55:41] ✅ VPN 已连接
[2026-03-19 21:56:41] ✅ VPN 已连接
[2026-03-19 21:57:41] ✅ VPN 已连接
[2026-03-19 21:58:41] ✅ VPN 已连接
[2026-03-19 21:59:41] ✅ VPN 已连接
[2026-03-19 22:00:41] ✅ VPN 已连接
[2026-03-19 22:01:41] ✅ VPN 已连接
[2026-03-19 22:02:41] ✅ VPN 已连接
[2026-03-19 22:03:41] ✅ VPN 已连接
[2026-03-19 22:04:41] ✅ VPN 已连接
[2026-03-19 22:05:41] ✅ VPN 已连接
[2026-03-19 22:06:41] ✅ VPN 已连接
[2026-03-19 22:07:41] ✅ VPN 已连接
[2026-03-19 22:08:42] ✅ VPN 已连接
[2026-03-19 22:09:42] ✅ VPN 已连接
[2026-03-19 22:10:42] ✅ VPN 已连接
[2026-03-19 22:11:42] ✅ VPN 已连接
[2026-03-19 22:12:42] ✅ VPN 已连接
[2026-03-19 22:13:42] ✅ VPN 已连接
[2026-03-19 22:14:42] ✅ VPN 已连接
[2026-03-19 22:15:42] ✅ VPN 已连接
[2026-03-19 22:16:42] ✅ VPN 已连接
[2026-03-19 22:17:42] ✅ VPN 已连接
[2026-03-19 22:18:42] ✅ VPN 已连接
[2026-03-19 22:19:42] ✅ VPN 已连接
[2026-03-19 22:20:42] ✅ VPN 已连接
[2026-03-19 22:21:42] ✅ VPN 已连接
[2026-03-19 22:22:42] ✅ VPN 已连接
[2026-03-19 22:23:42] ✅ VPN 已连接
[2026-03-19 22:24:43] ✅ VPN 已连接
[2026-03-19 22:25:43] ✅ VPN 已连接
[2026-03-19 22:26:43] ✅ VPN 已连接
[2026-03-19 22:27:43] ✅ VPN 已连接
[2026-03-19 22:28:43] ✅ VPN 已连接
[2026-03-19 22:29:43] ✅ VPN 已连接
[2026-03-19 22:30:43] ✅ VPN 已连接
[2026-03-19 22:31:43] ✅ VPN 已连接
[2026-03-19 22:32:43] ✅ VPN 已连接
[2026-03-19 22:33:43] ✅ VPN 已连接
[2026-03-19 22:34:43] ✅ VPN 已连接
[2026-03-19 22:35:43] ✅ VPN 已连接
[2026-03-19 22:36:43] ✅ VPN 已连接
[2026-03-19 22:37:43] ✅ VPN 已连接
[2026-03-19 22:38:43] ✅ VPN 已连接
[2026-03-19 22:39:43] ✅ VPN 已连接
[2026-03-19 22:40:44] ✅ VPN 已连接
[2026-03-19 22:41:44] ✅ VPN 已连接
[2026-03-19 22:42:44] ✅ VPN 已连接
[2026-03-19 22:43:44] ✅ VPN 已连接
[2026-03-19 22:44:44] ✅ VPN 已连接
[2026-03-19 22:45:44] ✅ VPN 已连接
[2026-03-19 22:46:44] ✅ VPN 已连接
[2026-03-19 22:47:44] ✅ VPN 已连接
[2026-03-19 22:48:44] ✅ VPN 已连接
[2026-03-19 22:49:44] ✅ VPN 已连接
[2026-03-19 22:50:44] ✅ VPN 已连接
[2026-03-19 22:51:44] ✅ VPN 已连接
[2026-03-19 22:52:44] ✅ VPN 已连接
[2026-03-19 22:53:44] ✅ VPN 已连接
[2026-03-19 22:54:44] ✅ VPN 已连接
[2026-03-19 22:55:45] ✅ VPN 已连接
[2026-03-19 22:56:45] ✅ VPN 已连接
[2026-03-19 22:57:45] ✅ VPN 已连接
[2026-03-19 22:58:45] ✅ VPN 已连接
[2026-03-19 22:59:45] ✅ VPN 已连接
[2026-03-19 23:00:45] ✅ VPN 已连接
[2026-03-19 23:01:45] ✅ VPN 已连接
[2026-03-19 23:02:45] ✅ VPN 已连接
[2026-03-19 23:03:45] ✅ VPN 已连接
[2026-03-19 23:04:45] ✅ VPN 已连接
[2026-03-19 23:05:45] ✅ VPN 已连接
[2026-03-19 23:06:45] ✅ VPN 已连接
[2026-03-19 23:07:45] ✅ VPN 已连接
[2026-03-19 23:08:45] ✅ VPN 已连接
[2026-03-19 23:09:45] ✅ VPN 已连接
[2026-03-19 23:10:46] ✅ VPN 已连接
[2026-03-19 23:11:46] ✅ VPN 已连接
[2026-03-19 23:12:46] ✅ VPN 已连接
[2026-03-19 23:13:46] ✅ VPN 已连接
[2026-03-19 23:14:46] ✅ VPN 已连接
[2026-03-19 23:15:46] ✅ VPN 已连接
[2026-03-19 23:16:46] ✅ VPN 已连接
[2026-03-19 23:17:46] ✅ VPN 已连接
[2026-03-19 23:18:46] ✅ VPN 已连接
[2026-03-19 23:19:46] ✅ VPN 已连接
[2026-03-19 23:20:46] ✅ VPN 已连接
[2026-03-19 23:21:46] ✅ VPN 已连接
[2026-03-19 23:22:46] ✅ VPN 已连接
[2026-03-19 23:23:46] ✅ VPN 已连接
[2026-03-19 23:24:46] ✅ VPN 已连接
[2026-03-19 23:25:47] ✅ VPN 已连接
[2026-03-19 23:26:47] ✅ VPN 已连接
[2026-03-19 23:27:47] ✅ VPN 已连接
[2026-03-19 23:28:47] ✅ VPN 已连接
[2026-03-19 23:29:47] ✅ VPN 已连接
[2026-03-19 23:30:47] ✅ VPN 已连接
[2026-03-19 23:31:47] ✅ VPN 已连接
[2026-03-19 23:32:47] ✅ VPN 已连接
[2026-03-19 23:33:47] ✅ VPN 已连接
[2026-03-19 23:34:47] ✅ VPN 已连接
[2026-03-19 23:35:47] ✅ VPN 已连接
[2026-03-19 23:36:47] ✅ VPN 已连接
[2026-03-19 23:37:47] ✅ VPN 已连接
[2026-03-19 23:38:47] ✅ VPN 已连接
[2026-03-19 23:39:47] ✅ VPN 已连接
[2026-03-19 23:40:47] ✅ VPN 已连接
[2026-03-19 23:41:47] ✅ VPN 已连接
[2026-03-19 23:42:48] ✅ VPN 已连接
[2026-03-19 23:43:48] ✅ VPN 已连接
[2026-03-19 23:44:48] ✅ VPN 已连接
[2026-03-19 23:45:48] ✅ VPN 已连接
[2026-03-19 23:46:48] ✅ VPN 已连接
[2026-03-19 23:47:48] ✅ VPN 已连接
[2026-03-19 23:48:48] ✅ VPN 已连接
[2026-03-19 23:49:48] ✅ VPN 已连接
[2026-03-19 23:50:48] ✅ VPN 已连接
[2026-03-19 23:51:48] ✅ VPN 已连接
[2026-03-19 23:52:48] ✅ VPN 已连接
[2026-03-19 23:53:48] ✅ VPN 已连接
[2026-03-19 23:54:48] ✅ VPN 已连接
[2026-03-19 23:55:48] ✅ VPN 已连接
[2026-03-19 23:56:48] ✅ VPN 已连接
[2026-03-19 23:57:48] ✅ VPN 已连接
[2026-03-19 23:58:48] ✅ VPN 已连接
[2026-03-19 23:59:49] ✅ VPN 已连接
